ISO-10303-21;
HEADER;
/* Generated by software containing ST-Developer
 * from STEP Tools, Inc. (www.steptools.com) 
 */
/* OPTION: using custom renumber hook */

FILE_DESCRIPTION(
/* description */ ('STEP AP242 Edition 2',
'CAx-IF Rec.Pracs.---Representation and Presentation of Product Manufa
cturing Information (PMI)---4.0---2014-10-13',
'CAx-IF Rec.Pracs.---3D Tessellated Geometry---0.4---2014-09-14','2;1',
'CAx-IF Rec.Pracs.---User Defined Attributes---1.5---2016-08-15'),
/* implementation_level */ '2;1');

FILE_NAME(
/* name */ 'KnowledgeBoard',
/* time_stamp */ '2026-10-02T19:42:37Z',
/* author */ (''),
/* organization */ (''),
/* preprocessor_version */ 'ST-DEVELOPER v20',
/* originating_system */ 'ONSHAPE BY PTC INC, 1.221',
/* authorisation */ '  ');

FILE_SCHEMA (('AP242_MANAGED_MODEL_BASED_3D_ENGINEERING_MIM_LF { 1 0 10303 442 3 1 4 }'));
ENDSEC;

DATA;
#10=TOROIDAL_SURFACE('',#3869,0.0065000005062,0.003);
#11=TOROIDAL_SURFACE('',#3873,0.0065000005061983,0.003);
#12=TOROIDAL_SURFACE('',#3874,0.00650000050625,0.003);
#13=TOROIDAL_SURFACE('',#3877,0.00650000050619818,0.003);
#14=B_SPLINE_CURVE_WITH_KNOTS('',3,(#5224,#5225,#5226,#5227),
 .UNSPECIFIED.,.F.,.F.,(4,4),(0.,0.000654146223382307),.UNSPECIFIED.);
#15=B_SPLINE_CURVE_WITH_KNOTS('',3,(#5232,#5233,#5234,#5235),
 .UNSPECIFIED.,.F.,.F.,(4,4),(0.,0.00334958680053753),.UNSPECIFIED.);
#16=B_SPLINE_CURVE_WITH_KNOTS('',3,(#5239,#5240,#5241,#5242,#5243),
 .UNSPECIFIED.,.F.,.F.,(4,1,4),(0.,0.00234343053765947,0.00468686107531895),
 .UNSPECIFIED.);
#17=B_SPLINE_CURVE_WITH_KNOTS('',3,(#5911,#5912,#5913,#5914,#5915),
 .UNSPECIFIED.,.F.,.F.,(4,1,4),(0.,0.00234343053765946,0.00468686107531891),
 .UNSPECIFIED.);
#18=B_SPLINE_CURVE_WITH_KNOTS('',3,(#5917,#5918,#5919,#5920),
 .UNSPECIFIED.,.F.,.F.,(4,4),(0.,0.00335010172682202),.UNSPECIFIED.);
#19=B_SPLINE_CURVE_WITH_KNOTS('',3,(#5924,#5925,#5926,#5927),
 .UNSPECIFIED.,.F.,.F.,(4,4),(0.,0.000654146417138448),.UNSPECIFIED.);
#20=B_SPLINE_CURVE_WITH_KNOTS('',3,(#5928,#5929,#5930,#5931,#5932),
 .UNSPECIFIED.,.F.,.F.,(4,1,4),(0.,0.00234343053765947,0.00468686107531894),
 .UNSPECIFIED.);
#21=B_SPLINE_CURVE_WITH_KNOTS('',3,(#5934,#5935,#5936,#5937,#5938),
 .UNSPECIFIED.,.F.,.F.,(4,1,4),(0.,0.00234343053765946,0.00468686107531892),
 .UNSPECIFIED.);
#22=B_SPLINE_CURVE_WITH_KNOTS('',3,(#5940,#5941,#5942,#5943,#5944),
 .UNSPECIFIED.,.F.,.F.,(4,1,4),(0.,0.00234343053765946,0.00468686107531891),
 .UNSPECIFIED.);
#23=B_SPLINE_CURVE_WITH_KNOTS('',3,(#5946,#5947,#5948,#5949,#5950),
 .UNSPECIFIED.,.F.,.F.,(4,1,4),(0.,0.00234343053765943,0.00468686107531886),
 .UNSPECIFIED.);
#24=B_SPLINE_CURVE_WITH_KNOTS('',3,(#5952,#5953,#5954,#5955,#5956),
 .UNSPECIFIED.,.F.,.F.,(4,1,4),(0.,0.00234343053765948,0.00468686107531896),
 .UNSPECIFIED.);
#25=B_SPLINE_CURVE_WITH_KNOTS('',3,(#5958,#5959,#5960,#5961,#5962),
 .UNSPECIFIED.,.F.,.F.,(4,1,4),(0.,0.00234343053765944,0.00468686107531889),
 .UNSPECIFIED.);
#26=SHAPE_REPRESENTATION_RELATIONSHIP('','',#3560,#28);
#27=SHAPE_REPRESENTATION_RELATIONSHIP('','',#3561,#29);
#28=ADVANCED_BREP_SHAPE_REPRESENTATION('',(#3556),#6068);
#29=ADVANCED_BREP_SHAPE_REPRESENTATION('',(#3557),#6069);
#30=CYLINDRICAL_SURFACE('',#3587,0.0097000005061982);
#31=CYLINDRICAL_SURFACE('',#3590,0.00970000050625001);
#32=CYLINDRICAL_SURFACE('',#3593,0.00970000050619999);
#33=CYLINDRICAL_SURFACE('',#3596,0.00970000050619832);
#34=CYLINDRICAL_SURFACE('',#3603,0.00420000101241018);
#35=CYLINDRICAL_SURFACE('',#3605,0.00419999999999326);
#36=CYLINDRICAL_SURFACE('',#3608,0.0041999999999483);
#37=CYLINDRICAL_SURFACE('',#3610,0.00420000101239998);
#38=CYLINDRICAL_SURFACE('',#3618,0.002999998945104);
#39=CYLINDRICAL_SURFACE('',#3619,0.002999998353496);
#40=CYLINDRICAL_SURFACE('',#3620,0.002997744922155);
#41=CYLINDRICAL_SURFACE('',#3621,0.002999999145104);
#42=CYLINDRICAL_SURFACE('',#3622,0.00145);
#43=CYLINDRICAL_SURFACE('',#3624,0.00145);
#44=CYLINDRICAL_SURFACE('',#3626,0.00145);
#45=CYLINDRICAL_SURFACE('',#3628,0.00145);
#46=CYLINDRICAL_SURFACE('',#3630,0.0025);
#47=CYLINDRICAL_SURFACE('',#3633,0.0025);
#48=CYLINDRICAL_SURFACE('',#3636,0.0025);
#49=CYLINDRICAL_SURFACE('',#3639,0.0025);
#50=CYLINDRICAL_SURFACE('',#3647,0.003);
#51=CYLINDRICAL_SURFACE('',#3726,0.0095000005061983);
#52=CYLINDRICAL_SURFACE('',#3729,0.00950000050619818);
#53=CYLINDRICAL_SURFACE('',#3732,0.00950000050625);
#54=CYLINDRICAL_SURFACE('',#3735,0.0005);
#55=CYLINDRICAL_SURFACE('',#3738,0.000499999999999994);
#56=CYLINDRICAL_SURFACE('',#3741,0.0005);
#57=CYLINDRICAL_SURFACE('',#3744,0.000500000000000006);
#58=CYLINDRICAL_SURFACE('',#3746,0.0005);
#59=CYLINDRICAL_SURFACE('',#3749,0.0005);
#60=CYLINDRICAL_SURFACE('',#3752,0.0005);
#61=CYLINDRICAL_SURFACE('',#3755,0.0005);
#62=CYLINDRICAL_SURFACE('',#3757,0.0005);
#63=CYLINDRICAL_SURFACE('',#3760,0.000499999999999991);
#64=CYLINDRICAL_SURFACE('',#3763,0.0005);
#65=CYLINDRICAL_SURFACE('',#3766,0.0005);
#66=CYLINDRICAL_SURFACE('',#3768,0.0005);
#67=CYLINDRICAL_SURFACE('',#3771,0.000499999999999994);
#68=CYLINDRICAL_SURFACE('',#3774,0.0005);
#69=CYLINDRICAL_SURFACE('',#3777,0.0005);
#70=CYLINDRICAL_SURFACE('',#3779,0.0005);
#71=CYLINDRICAL_SURFACE('',#3782,0.000499999999999994);
#72=CYLINDRICAL_SURFACE('',#3785,0.0005);
#73=CYLINDRICAL_SURFACE('',#3788,0.0005);
#74=CYLINDRICAL_SURFACE('',#3790,0.0005);
#75=CYLINDRICAL_SURFACE('',#3793,0.000499999999999991);
#76=CYLINDRICAL_SURFACE('',#3796,0.0005);
#77=CYLINDRICAL_SURFACE('',#3799,0.0005);
#78=CYLINDRICAL_SURFACE('',#3801,0.0005);
#79=CYLINDRICAL_SURFACE('',#3804,0.00049999999999999);
#80=CYLINDRICAL_SURFACE('',#3807,0.0005);
#81=CYLINDRICAL_SURFACE('',#3810,0.0005);
#82=CYLINDRICAL_SURFACE('',#3812,0.0005);
#83=CYLINDRICAL_SURFACE('',#3815,0.0005);
#84=CYLINDRICAL_SURFACE('',#3818,0.0005);
#85=CYLINDRICAL_SURFACE('',#3821,0.0005);
#86=CYLINDRICAL_SURFACE('',#3823,0.0005);
#87=CYLINDRICAL_SURFACE('',#3826,0.000499999999999994);
#88=CYLINDRICAL_SURFACE('',#3829,0.0005);
#89=CYLINDRICAL_SURFACE('',#3832,0.0005);
#90=CYLINDRICAL_SURFACE('',#3834,0.0005);
#91=CYLINDRICAL_SURFACE('',#3837,0.000499999999999994);
#92=CYLINDRICAL_SURFACE('',#3840,0.0005);
#93=CYLINDRICAL_SURFACE('',#3843,0.0005);
#94=CYLINDRICAL_SURFACE('',#3845,0.0005);
#95=CYLINDRICAL_SURFACE('',#3848,0.000499999999999994);
#96=CYLINDRICAL_SURFACE('',#3851,0.0005);
#97=CYLINDRICAL_SURFACE('',#3854,0.0005);
#98=CYLINDRICAL_SURFACE('',#3867,0.0095000005062);
#99=CYLINDRICAL_SURFACE('',#3870,0.003);
#100=CYLINDRICAL_SURFACE('',#3872,0.003);
#101=CYLINDRICAL_SURFACE('',#3875,0.003);
#102=CYLINDRICAL_SURFACE('',#3876,0.003);
#103=CYLINDRICAL_SURFACE('',#3879,0.00570000050620499);
#104=CYLINDRICAL_SURFACE('',#3882,0.00570000050619995);
#105=CYLINDRICAL_SURFACE('',#3884,0.00570000050619998);
#106=CYLINDRICAL_SURFACE('',#3887,0.00570000050619819);
#107=CYLINDRICAL_SURFACE('',#3899,0.00258000000000233);
#108=CYLINDRICAL_SURFACE('',#3902,0.00257999999999921);
#109=CYLINDRICAL_SURFACE('',#3903,0.00258);
#110=CYLINDRICAL_SURFACE('',#3908,0.00257999999999878);
#111=CYLINDRICAL_SURFACE('',#3911,0.00253504464285714);
#112=CYLINDRICAL_SURFACE('',#3914,0.002535);
#113=CYLINDRICAL_SURFACE('',#3915,0.00253504464285714);
#114=CYLINDRICAL_SURFACE('',#3916,0.002535);
#115=CYLINDRICAL_SURFACE('',#3917,0.002999998945104);
#116=CYLINDRICAL_SURFACE('',#3918,0.002999998353496);
#117=CYLINDRICAL_SURFACE('',#3919,0.002997744922155);
#118=CYLINDRICAL_SURFACE('',#3920,0.002999999145104);
#119=CYLINDRICAL_SURFACE('',#3921,0.00145);
#120=CYLINDRICAL_SURFACE('',#3924,0.00145);
#121=CYLINDRICAL_SURFACE('',#3927,0.00145);
#122=CYLINDRICAL_SURFACE('',#3930,0.00145);
#123=CIRCLE('',#3570,0.00145);
#124=CIRCLE('',#3571,0.00145);
#125=CIRCLE('',#3572,0.00145);
#126=CIRCLE('',#3573,0.00145);
#127=CIRCLE('',#3574,0.002999999145104);
#128=CIRCLE('',#3575,0.002997744922155);
#129=CIRCLE('',#3576,0.00420000101239998);
#130=CIRCLE('',#3577,0.00420000101241018);
#131=CIRCLE('',#3578,0.002999998353496);
#132=CIRCLE('',#3579,0.002999998945104);
#133=CIRCLE('',#3580,0.00419999999999326);
#134=CIRCLE('',#3581,0.0041999999999483);
#135=CIRCLE('',#3582,0.0097000005061982);
#136=CIRCLE('',#3583,0.00970000050625001);
#137=CIRCLE('',#3584,0.00970000050619999);
#138=CIRCLE('',#3585,0.00970000050619832);
#139=CIRCLE('',#3588,0.0097000005061982);
#140=CIRCLE('',#3591,0.00970000050625001);
#141=CIRCLE('',#3594,0.00970000050619999);
#142=CIRCLE('',#3597,0.00970000050619832);
#143=CIRCLE('',#3599,0.0025);
#144=CIRCLE('',#3600,0.0025);
#145=CIRCLE('',#3601,0.0025);
#146=CIRCLE('',#3602,0.0025);
#147=CIRCLE('',#3604,0.00420000101241018);
#148=CIRCLE('',#3606,0.00419999999999326);
#149=CIRCLE('',#3609,0.0041999999999483);
#150=CIRCLE('',#3611,0.00420000101239998);
#151=CIRCLE('',#3614,0.002999999145104);
#152=CIRCLE('',#3615,0.002999998945104);
#153=CIRCLE('',#3616,0.002999998353496);
#154=CIRCLE('',#3617,0.002997744922155);
#155=CIRCLE('',#3623,0.00145);
#156=CIRCLE('',#3625,0.00145);
#157=CIRCLE('',#3627,0.00145);
#158=CIRCLE('',#3629,0.00145);
#159=CIRCLE('',#3631,0.0025);
#160=CIRCLE('',#3634,0.0025);
#161=CIRCLE('',#3637,0.0025);
#162=CIRCLE('',#3640,0.0025);
#163=CIRCLE('',#3648,0.003);
#164=CIRCLE('',#3650,0.00253504464285714);
#165=CIRCLE('',#3651,0.00253504464285714);
#166=CIRCLE('',#3653,0.00258);
#167=CIRCLE('',#3654,0.00258000000000233);
#168=CIRCLE('',#3655,0.00257999999999921);
#169=CIRCLE('',#3656,0.00257999999999878);
#170=CIRCLE('',#3657,0.0065000005061983);
#171=CIRCLE('',#3658,0.00650000050619818);
#172=CIRCLE('',#3659,0.00650000050625);
#173=CIRCLE('',#3660,0.0065000005062);
#174=CIRCLE('',#3661,0.0005);
#175=CIRCLE('',#3662,0.000499999999999994);
#176=CIRCLE('',#3663,0.0005);
#177=CIRCLE('',#3664,0.000500000000000006);
#178=CIRCLE('',#3665,0.0005);
#179=CIRCLE('',#3666,0.0005);
#180=CIRCLE('',#3667,0.0005);
#181=CIRCLE('',#3668,0.0005);
#182=CIRCLE('',#3669,0.0005);
#183=CIRCLE('',#3670,0.000499999999999991);
#184=CIRCLE('',#3671,0.0005);
#185=CIRCLE('',#3672,0.0005);
#186=CIRCLE('',#3673,0.0005);
#187=CIRCLE('',#3674,0.000499999999999994);
#188=CIRCLE('',#3675,0.0005);
#189=CIRCLE('',#3676,0.0005);
#190=CIRCLE('',#3677,0.0005);
#191=CIRCLE('',#3678,0.000499999999999994);
#192=CIRCLE('',#3679,0.0005);
#193=CIRCLE('',#3680,0.0005);
#194=CIRCLE('',#3681,0.0005);
#195=CIRCLE('',#3682,0.000499999999999991);
#196=CIRCLE('',#3683,0.0005);
#197=CIRCLE('',#3684,0.0005);
#198=CIRCLE('',#3685,0.0005);
#199=CIRCLE('',#3686,0.00049999999999999);
#200=CIRCLE('',#3687,0.0005);
#201=CIRCLE('',#3688,0.0005);
#202=CIRCLE('',#3689,0.0005);
#203=CIRCLE('',#3690,0.0005);
#204=CIRCLE('',#3691,0.0005);
#205=CIRCLE('',#3692,0.0005);
#206=CIRCLE('',#3693,0.0005);
#207=CIRCLE('',#3694,0.000499999999999994);
#208=CIRCLE('',#3695,0.0005);
#209=CIRCLE('',#3696,0.0005);
#210=CIRCLE('',#3697,0.0005);
#211=CIRCLE('',#3698,0.000499999999999994);
#212=CIRCLE('',#3699,0.0005);
#213=CIRCLE('',#3700,0.0005);
#214=CIRCLE('',#3701,0.0005);
#215=CIRCLE('',#3702,0.000499999999999994);
#216=CIRCLE('',#3703,0.0005);
#217=CIRCLE('',#3704,0.0005);
#218=CIRCLE('',#3707,0.00145);
#219=CIRCLE('',#3708,0.00145);
#220=CIRCLE('',#3709,0.00145);
#221=CIRCLE('',#3710,0.00145);
#222=CIRCLE('',#3711,0.0095000005062);
#223=CIRCLE('',#3712,0.00950000050625);
#224=CIRCLE('',#3713,0.00950000050619818);
#225=CIRCLE('',#3714,0.0095000005061983);
#226=CIRCLE('',#3715,0.00570000050620499);
#227=CIRCLE('',#3716,0.00570000050619995);
#228=CIRCLE('',#3717,0.002997744922155);
#229=CIRCLE('',#3718,0.002999999145104);
#230=CIRCLE('',#3719,0.00570000050619998);
#231=CIRCLE('',#3720,0.00570000050619819);
#232=CIRCLE('',#3721,0.002999998945104);
#233=CIRCLE('',#3722,0.002999998353496);
#234=CIRCLE('',#3724,0.00253504464285714);
#235=CIRCLE('',#3725,0.002535);
#236=CIRCLE('',#3727,0.0095000005061983);
#237=CIRCLE('',#3730,0.00950000050619818);
#238=CIRCLE('',#3733,0.00950000050625);
#239=CIRCLE('',#3736,0.0005);
#240=CIRCLE('',#3739,0.000499999999999994);
#241=CIRCLE('',#3742,0.0005);
#242=CIRCLE('',#3745,0.0005);
#243=CIRCLE('',#3747,0.0005);
#244=CIRCLE('',#3750,0.000499999999999994);
#245=CIRCLE('',#3753,0.0005);
#246=CIRCLE('',#3756,0.0005);
#247=CIRCLE('',#3758,0.0005);
#248=CIRCLE('',#3761,0.000499999999999994);
#249=CIRCLE('',#3764,0.0005);
#250=CIRCLE('',#3767,0.0005);
#251=CIRCLE('',#3769,0.0005);
#252=CIRCLE('',#3772,0.000499999999999994);
#253=CIRCLE('',#3775,0.0005);
#254=CIRCLE('',#3778,0.0005);
#255=CIRCLE('',#3780,0.0005);
#256=CIRCLE('',#3783,0.000499999999999994);
#257=CIRCLE('',#3786,0.0005);
#258=CIRCLE('',#3789,0.0005);
#259=CIRCLE('',#3791,0.0005);
#260=CIRCLE('',#3794,0.000499999999999994);
#261=CIRCLE('',#3797,0.0005);
#262=CIRCLE('',#3800,0.0005);
#263=CIRCLE('',#3802,0.0005);
#264=CIRCLE('',#3805,0.0005);
#265=CIRCLE('',#3808,0.0005);
#266=CIRCLE('',#3811,0.0005);
#267=CIRCLE('',#3813,0.0005);
#268=CIRCLE('',#3816,0.000499999999999994);
#269=CIRCLE('',#3819,0.0005);
#270=CIRCLE('',#3822,0.0005);
#271=CIRCLE('',#3824,0.0005);
#272=CIRCLE('',#3827,0.0005);
#273=CIRCLE('',#3830,0.0005);
#274=CIRCLE('',#3833,0.0005);
#275=CIRCLE('',#3835,0.0005);
#276=CIRCLE('',#3838,0.000499999999999994);
#277=CIRCLE('',#3841,0.0005);
#278=CIRCLE('',#3844,0.0005);
#279=CIRCLE('',#3846,0.0005);
#280=CIRCLE('',#3849,0.0005);
#281=CIRCLE('',#3852,0.0005);
#282=CIRCLE('',#3855,0.0005);
#283=CIRCLE('',#3868,0.0095000005062);
#284=CIRCLE('',#3871,0.003);
#285=CIRCLE('',#3880,0.00570000050620499);
#286=CIRCLE('',#3883,0.00570000050619995);
#287=CIRCLE('',#3885,0.00570000050619998);
#288=CIRCLE('',#3888,0.00570000050619819);
#289=CIRCLE('',#3890,0.002999999145104);
#290=CIRCLE('',#3891,0.00257999999999878);
#291=CIRCLE('',#3892,0.00257999999999921);
#292=CIRCLE('',#3893,0.00258000000000233);
#293=CIRCLE('',#3894,0.00258);
#294=CIRCLE('',#3895,0.002997744922155);
#295=CIRCLE('',#3896,0.002999998353496);
#296=CIRCLE('',#3897,0.002999998945104);
#297=CIRCLE('',#3904,0.00258);
#298=CIRCLE('',#3906,0.002535);
#299=CIRCLE('',#3907,0.002535);
#300=CIRCLE('',#3909,0.00257999999999878);
#301=CIRCLE('',#3922,0.00145);
#302=CIRCLE('',#3925,0.00145);
#303=CIRCLE('',#3928,0.00145);
#304=CIRCLE('',#3931,0.00145);
#305=ORIENTED_EDGE('',*,*,#1315,.F.);
#306=ORIENTED_EDGE('',*,*,#1316,.T.);
#307=ORIENTED_EDGE('',*,*,#1317,.F.);
#308=ORIENTED_EDGE('',*,*,#1318,.F.);
#309=ORIENTED_EDGE('',*,*,#1319,.F.);
#310=ORIENTED_EDGE('',*,*,#1320,.F.);
#311=ORIENTED_EDGE('',*,*,#1321,.T.);
#312=ORIENTED_EDGE('',*,*,#1322,.T.);
#313=ORIENTED_EDGE('',*,*,#1323,.F.);
#314=ORIENTED_EDGE('',*,*,#1324,.T.);
#315=ORIENTED_EDGE('',*,*,#1325,.F.);
#316=ORIENTED_EDGE('',*,*,#1326,.F.);
#317=ORIENTED_EDGE('',*,*,#1327,.F.);
#318=ORIENTED_EDGE('',*,*,#1328,.T.);
#319=ORIENTED_EDGE('',*,*,#1329,.F.);
#320=ORIENTED_EDGE('',*,*,#1330,.F.);
#321=ORIENTED_EDGE('',*,*,#1331,.F.);
#322=ORIENTED_EDGE('',*,*,#1332,.F.);
#323=ORIENTED_EDGE('',*,*,#1333,.T.);
#324=ORIENTED_EDGE('',*,*,#1334,.T.);
#325=ORIENTED_EDGE('',*,*,#1335,.F.);
#326=ORIENTED_EDGE('',*,*,#1336,.T.);
#327=ORIENTED_EDGE('',*,*,#1337,.F.);
#328=ORIENTED_EDGE('',*,*,#1338,.F.);
#329=ORIENTED_EDGE('',*,*,#1339,.T.);
#330=ORIENTED_EDGE('',*,*,#1340,.T.);
#331=ORIENTED_EDGE('',*,*,#1341,.T.);
#332=ORIENTED_EDGE('',*,*,#1342,.T.);
#333=ORIENTED_EDGE('',*,*,#1332,.T.);
#334=ORIENTED_EDGE('',*,*,#1343,.T.);
#335=ORIENTED_EDGE('',*,*,#1330,.T.);
#336=ORIENTED_EDGE('',*,*,#1344,.T.);
#337=ORIENTED_EDGE('',*,*,#1338,.T.);
#338=ORIENTED_EDGE('',*,*,#1345,.F.);
#339=ORIENTED_EDGE('',*,*,#1346,.T.);
#340=ORIENTED_EDGE('',*,*,#1347,.F.);
#341=ORIENTED_EDGE('',*,*,#1320,.T.);
#342=ORIENTED_EDGE('',*,*,#1348,.T.);
#343=ORIENTED_EDGE('',*,*,#1318,.T.);
#344=ORIENTED_EDGE('',*,*,#1349,.T.);
#345=ORIENTED_EDGE('',*,*,#1326,.T.);
#346=ORIENTED_EDGE('',*,*,#1350,.F.);
#347=ORIENTED_EDGE('',*,*,#1351,.T.);
#348=ORIENTED_EDGE('',*,*,#1352,.F.);
#349=ORIENTED_EDGE('',*,*,#1353,.F.);
#350=ORIENTED_EDGE('',*,*,#1354,.T.);
#351=ORIENTED_EDGE('',*,*,#1355,.F.);
#352=ORIENTED_EDGE('',*,*,#1356,.T.);
#353=ORIENTED_EDGE('',*,*,#1357,.F.);
#354=ORIENTED_EDGE('',*,*,#1358,.T.);
#355=ORIENTED_EDGE('',*,*,#1359,.F.);
#356=ORIENTED_EDGE('',*,*,#1360,.T.);
#357=ORIENTED_EDGE('',*,*,#1361,.F.);
#358=ORIENTED_EDGE('',*,*,#1362,.F.);
#359=ORIENTED_EDGE('',*,*,#1353,.T.);
#360=ORIENTED_EDGE('',*,*,#1363,.T.);
#361=ORIENTED_EDGE('',*,*,#1364,.T.);
#362=ORIENTED_EDGE('',*,*,#1365,.F.);
#363=ORIENTED_EDGE('',*,*,#1354,.F.);
#364=ORIENTED_EDGE('',*,*,#1362,.T.);
#365=ORIENTED_EDGE('',*,*,#1366,.F.);
#366=ORIENTED_EDGE('',*,*,#1367,.F.);
#367=ORIENTED_EDGE('',*,*,#1355,.T.);
#368=ORIENTED_EDGE('',*,*,#1365,.T.);
#369=ORIENTED_EDGE('',*,*,#1368,.T.);
#370=ORIENTED_EDGE('',*,*,#1369,.F.);
#371=ORIENTED_EDGE('',*,*,#1356,.F.);
#372=ORIENTED_EDGE('',*,*,#1367,.T.);
#373=ORIENTED_EDGE('',*,*,#1370,.F.);
#374=ORIENTED_EDGE('',*,*,#1371,.F.);
#375=ORIENTED_EDGE('',*,*,#1357,.T.);
#376=ORIENTED_EDGE('',*,*,#1369,.T.);
#377=ORIENTED_EDGE('',*,*,#1372,.T.);
#378=ORIENTED_EDGE('',*,*,#1373,.F.);
#379=ORIENTED_EDGE('',*,*,#1358,.F.);
#380=ORIENTED_EDGE('',*,*,#1371,.T.);
#381=ORIENTED_EDGE('',*,*,#1374,.F.);
#382=ORIENTED_EDGE('',*,*,#1375,.F.);
#383=ORIENTED_EDGE('',*,*,#1359,.T.);
#384=ORIENTED_EDGE('',*,*,#1373,.T.);
#385=ORIENTED_EDGE('',*,*,#1376,.T.);
#386=ORIENTED_EDGE('',*,*,#1363,.F.);
#387=ORIENTED_EDGE('',*,*,#1360,.F.);
#388=ORIENTED_EDGE('',*,*,#1375,.T.);
#389=ORIENTED_EDGE('',*,*,#1377,.F.);
#390=ORIENTED_EDGE('',*,*,#1378,.F.);
#391=ORIENTED_EDGE('',*,*,#1379,.F.);
#392=ORIENTED_EDGE('',*,*,#1380,.F.);
#393=ORIENTED_EDGE('',*,*,#1361,.T.);
#394=ORIENTED_EDGE('',*,*,#1376,.F.);
#395=ORIENTED_EDGE('',*,*,#1374,.T.);
#396=ORIENTED_EDGE('',*,*,#1372,.F.);
#397=ORIENTED_EDGE('',*,*,#1370,.T.);
#398=ORIENTED_EDGE('',*,*,#1368,.F.);
#399=ORIENTED_EDGE('',*,*,#1366,.T.);
#400=ORIENTED_EDGE('',*,*,#1364,.F.);
#401=ORIENTED_EDGE('',*,*,#1381,.F.);
#402=ORIENTED_EDGE('',*,*,#1321,.F.);
#403=ORIENTED_EDGE('',*,*,#1347,.T.);
#404=ORIENTED_EDGE('',*,*,#1382,.T.);
#405=ORIENTED_EDGE('',*,*,#1383,.F.);
#406=ORIENTED_EDGE('',*,*,#1384,.F.);
#407=ORIENTED_EDGE('',*,*,#1350,.T.);
#408=ORIENTED_EDGE('',*,*,#1325,.T.);
#409=ORIENTED_EDGE('',*,*,#1385,.T.);
#410=ORIENTED_EDGE('',*,*,#1386,.F.);
#411=ORIENTED_EDGE('',*,*,#1351,.F.);
#412=ORIENTED_EDGE('',*,*,#1384,.T.);
#413=ORIENTED_EDGE('',*,*,#1387,.F.);
#414=ORIENTED_EDGE('',*,*,#1333,.F.);
#415=ORIENTED_EDGE('',*,*,#1352,.T.);
#416=ORIENTED_EDGE('',*,*,#1386,.T.);
#417=ORIENTED_EDGE('',*,*,#1388,.F.);
#418=ORIENTED_EDGE('',*,*,#1389,.F.);
#419=ORIENTED_EDGE('',*,*,#1345,.T.);
#420=ORIENTED_EDGE('',*,*,#1337,.T.);
#421=ORIENTED_EDGE('',*,*,#1390,.T.);
#422=ORIENTED_EDGE('',*,*,#1382,.F.);
#423=ORIENTED_EDGE('',*,*,#1346,.F.);
#424=ORIENTED_EDGE('',*,*,#1389,.T.);
#425=ORIENTED_EDGE('',*,*,#1328,.F.);
#426=ORIENTED_EDGE('',*,*,#1391,.T.);
#427=ORIENTED_EDGE('',*,*,#1334,.F.);
#428=ORIENTED_EDGE('',*,*,#1387,.T.);
#429=ORIENTED_EDGE('',*,*,#1385,.F.);
#430=ORIENTED_EDGE('',*,*,#1383,.T.);
#431=ORIENTED_EDGE('',*,*,#1324,.F.);
#432=ORIENTED_EDGE('',*,*,#1392,.T.);
#433=ORIENTED_EDGE('',*,*,#1316,.F.);
#434=ORIENTED_EDGE('',*,*,#1393,.T.);
#435=ORIENTED_EDGE('',*,*,#1322,.F.);
#436=ORIENTED_EDGE('',*,*,#1381,.T.);
#437=ORIENTED_EDGE('',*,*,#1390,.F.);
#438=ORIENTED_EDGE('',*,*,#1388,.T.);
#439=ORIENTED_EDGE('',*,*,#1336,.F.);
#440=ORIENTED_EDGE('',*,*,#1394,.T.);
#441=ORIENTED_EDGE('',*,*,#1392,.F.);
#442=ORIENTED_EDGE('',*,*,#1323,.T.);
#443=ORIENTED_EDGE('',*,*,#1349,.F.);
#444=ORIENTED_EDGE('',*,*,#1317,.T.);
#445=ORIENTED_EDGE('',*,*,#1393,.F.);
#446=ORIENTED_EDGE('',*,*,#1315,.T.);
#447=ORIENTED_EDGE('',*,*,#1348,.F.);
#448=ORIENTED_EDGE('',*,*,#1319,.T.);
#449=ORIENTED_EDGE('',*,*,#1394,.F.);
#450=ORIENTED_EDGE('',*,*,#1335,.T.);
#451=ORIENTED_EDGE('',*,*,#1344,.F.);
#452=ORIENTED_EDGE('',*,*,#1329,.T.);
#453=ORIENTED_EDGE('',*,*,#1391,.F.);
#454=ORIENTED_EDGE('',*,*,#1327,.T.);
#455=ORIENTED_EDGE('',*,*,#1343,.F.);
#456=ORIENTED_EDGE('',*,*,#1331,.T.);
#457=ORIENTED_EDGE('',*,*,#1395,.F.);
#458=ORIENTED_EDGE('',*,*,#1342,.F.);
#459=ORIENTED_EDGE('',*,*,#1396,.F.);
#460=ORIENTED_EDGE('',*,*,#1341,.F.);
#461=ORIENTED_EDGE('',*,*,#1397,.F.);
#462=ORIENTED_EDGE('',*,*,#1340,.F.);
#463=ORIENTED_EDGE('',*,*,#1398,.F.);
#464=ORIENTED_EDGE('',*,*,#1339,.F.);
#465=ORIENTED_EDGE('',*,*,#1399,.T.);
#466=ORIENTED_EDGE('',*,*,#1377,.T.);
#467=ORIENTED_EDGE('',*,*,#1398,.T.);
#468=ORIENTED_EDGE('',*,*,#1399,.F.);
#469=ORIENTED_EDGE('',*,*,#1400,.T.);
#470=ORIENTED_EDGE('',*,*,#1378,.T.);
#471=ORIENTED_EDGE('',*,*,#1397,.T.);
#472=ORIENTED_EDGE('',*,*,#1400,.F.);
#473=ORIENTED_EDGE('',*,*,#1401,.T.);
#474=ORIENTED_EDGE('',*,*,#1379,.T.);
#475=ORIENTED_EDGE('',*,*,#1396,.T.);
#476=ORIENTED_EDGE('',*,*,#1401,.F.);
#477=ORIENTED_EDGE('',*,*,#1402,.T.);
#478=ORIENTED_EDGE('',*,*,#1380,.T.);
#479=ORIENTED_EDGE('',*,*,#1395,.T.);
#480=ORIENTED_EDGE('',*,*,#1402,.F.);
#481=ORIENTED_EDGE('',*,*,#1403,.F.);
#482=ORIENTED_EDGE('',*,*,#1404,.T.);
#483=ORIENTED_EDGE('',*,*,#1405,.T.);
#484=ORIENTED_EDGE('',*,*,#1406,.F.);
#485=ORIENTED_EDGE('',*,*,#1407,.F.);
#486=ORIENTED_EDGE('',*,*,#1408,.T.);
#487=ORIENTED_EDGE('',*,*,#1409,.T.);
#488=ORIENTED_EDGE('',*,*,#1410,.T.);
#489=ORIENTED_EDGE('',*,*,#1411,.F.);
#490=ORIENTED_EDGE('',*,*,#1412,.T.);
#491=ORIENTED_EDGE('',*,*,#1413,.T.);
#492=ORIENTED_EDGE('',*,*,#1414,.F.);
#493=ORIENTED_EDGE('',*,*,#1415,.F.);
#494=ORIENTED_EDGE('',*,*,#1416,.T.);
#495=ORIENTED_EDGE('',*,*,#1417,.T.);
#496=ORIENTED_EDGE('',*,*,#1418,.T.);
#497=ORIENTED_EDGE('',*,*,#1419,.F.);
#498=ORIENTED_EDGE('',*,*,#1420,.T.);
#499=ORIENTED_EDGE('',*,*,#1421,.T.);
#500=ORIENTED_EDGE('',*,*,#1422,.T.);
#501=ORIENTED_EDGE('',*,*,#1423,.F.);
#502=ORIENTED_EDGE('',*,*,#1424,.T.);
#503=ORIENTED_EDGE('',*,*,#1425,.F.);
#504=ORIENTED_EDGE('',*,*,#1426,.F.);
#505=ORIENTED_EDGE('',*,*,#1427,.T.);
#506=ORIENTED_EDGE('',*,*,#1428,.F.);
#507=ORIENTED_EDGE('',*,*,#1429,.F.);
#508=ORIENTED_EDGE('',*,*,#1430,.T.);
#509=ORIENTED_EDGE('',*,*,#1431,.T.);
#510=ORIENTED_EDGE('',*,*,#1432,.F.);
#511=ORIENTED_EDGE('',*,*,#1433,.T.);
#512=ORIENTED_EDGE('',*,*,#1434,.T.);
#513=ORIENTED_EDGE('',*,*,#1435,.F.);
#514=ORIENTED_EDGE('',*,*,#1433,.F.);
#515=ORIENTED_EDGE('',*,*,#1436,.T.);
#516=ORIENTED_EDGE('',*,*,#1437,.F.);
#517=ORIENTED_EDGE('',*,*,#1438,.T.);
#518=ORIENTED_EDGE('',*,*,#1439,.F.);
#519=ORIENTED_EDGE('',*,*,#1440,.T.);
#520=ORIENTED_EDGE('',*,*,#1441,.T.);
#521=ORIENTED_EDGE('',*,*,#1442,.T.);
#522=ORIENTED_EDGE('',*,*,#1443,.F.);
#523=ORIENTED_EDGE('',*,*,#1444,.F.);
#524=ORIENTED_EDGE('',*,*,#1445,.T.);
#525=ORIENTED_EDGE('',*,*,#1446,.T.);
#526=ORIENTED_EDGE('',*,*,#1447,.T.);
#527=ORIENTED_EDGE('',*,*,#1448,.T.);
#528=ORIENTED_EDGE('',*,*,#1449,.T.);
#529=ORIENTED_EDGE('',*,*,#1450,.T.);
#530=ORIENTED_EDGE('',*,*,#1451,.T.);
#531=ORIENTED_EDGE('',*,*,#1452,.T.);
#532=ORIENTED_EDGE('',*,*,#1426,.T.);
#533=ORIENTED_EDGE('',*,*,#1453,.F.);
#534=ORIENTED_EDGE('',*,*,#1454,.F.);
#535=ORIENTED_EDGE('',*,*,#1455,.F.);
#536=ORIENTED_EDGE('',*,*,#1456,.T.);
#537=ORIENTED_EDGE('',*,*,#1457,.F.);
#538=ORIENTED_EDGE('',*,*,#1458,.T.);
#539=ORIENTED_EDGE('',*,*,#1459,.F.);
#540=ORIENTED_EDGE('',*,*,#1460,.F.);
#541=ORIENTED_EDGE('',*,*,#1461,.F.);
#542=ORIENTED_EDGE('',*,*,#1462,.F.);
#543=ORIENTED_EDGE('',*,*,#1463,.F.);
#544=ORIENTED_EDGE('',*,*,#1464,.T.);
#545=ORIENTED_EDGE('',*,*,#1465,.F.);
#546=ORIENTED_EDGE('',*,*,#1466,.T.);
#547=ORIENTED_EDGE('',*,*,#1467,.F.);
#548=ORIENTED_EDGE('',*,*,#1468,.F.);
#549=ORIENTED_EDGE('',*,*,#1469,.F.);
#550=ORIENTED_EDGE('',*,*,#1470,.F.);
#551=ORIENTED_EDGE('',*,*,#1471,.F.);
#552=ORIENTED_EDGE('',*,*,#1472,.T.);
#553=ORIENTED_EDGE('',*,*,#1473,.F.);
#554=ORIENTED_EDGE('',*,*,#1474,.T.);
#555=ORIENTED_EDGE('',*,*,#1475,.F.);
#556=ORIENTED_EDGE('',*,*,#1476,.F.);
#557=ORIENTED_EDGE('',*,*,#1477,.F.);
#558=ORIENTED_EDGE('',*,*,#1478,.F.);
#559=ORIENTED_EDGE('',*,*,#1479,.F.);
#560=ORIENTED_EDGE('',*,*,#1480,.T.);
#561=ORIENTED_EDGE('',*,*,#1481,.F.);
#562=ORIENTED_EDGE('',*,*,#1482,.T.);
#563=ORIENTED_EDGE('',*,*,#1483,.F.);
#564=ORIENTED_EDGE('',*,*,#1484,.F.);
#565=ORIENTED_EDGE('',*,*,#1485,.F.);
#566=ORIENTED_EDGE('',*,*,#1486,.F.);
#567=ORIENTED_EDGE('',*,*,#1487,.F.);
#568=ORIENTED_EDGE('',*,*,#1488,.T.);
#569=ORIENTED_EDGE('',*,*,#1489,.F.);
#570=ORIENTED_EDGE('',*,*,#1490,.T.);
#571=ORIENTED_EDGE('',*,*,#1491,.F.);
#572=ORIENTED_EDGE('',*,*,#1492,.F.);
#573=ORIENTED_EDGE('',*,*,#1493,.F.);
#574=ORIENTED_EDGE('',*,*,#1494,.F.);
#575=ORIENTED_EDGE('',*,*,#1495,.F.);
#576=ORIENTED_EDGE('',*,*,#1496,.T.);
#577=ORIENTED_EDGE('',*,*,#1497,.F.);
#578=ORIENTED_EDGE('',*,*,#1498,.T.);
#579=ORIENTED_EDGE('',*,*,#1499,.F.);
#580=ORIENTED_EDGE('',*,*,#1500,.F.);
#581=ORIENTED_EDGE('',*,*,#1501,.F.);
#582=ORIENTED_EDGE('',*,*,#1502,.F.);
#583=ORIENTED_EDGE('',*,*,#1503,.F.);
#584=ORIENTED_EDGE('',*,*,#1504,.T.);
#585=ORIENTED_EDGE('',*,*,#1505,.F.);
#586=ORIENTED_EDGE('',*,*,#1506,.T.);
#587=ORIENTED_EDGE('',*,*,#1507,.F.);
#588=ORIENTED_EDGE('',*,*,#1508,.F.);
#589=ORIENTED_EDGE('',*,*,#1509,.F.);
#590=ORIENTED_EDGE('',*,*,#1510,.F.);
#591=ORIENTED_EDGE('',*,*,#1511,.F.);
#592=ORIENTED_EDGE('',*,*,#1512,.T.);
#593=ORIENTED_EDGE('',*,*,#1513,.F.);
#594=ORIENTED_EDGE('',*,*,#1514,.T.);
#595=ORIENTED_EDGE('',*,*,#1515,.F.);
#596=ORIENTED_EDGE('',*,*,#1516,.F.);
#597=ORIENTED_EDGE('',*,*,#1517,.F.);
#598=ORIENTED_EDGE('',*,*,#1518,.F.);
#599=ORIENTED_EDGE('',*,*,#1519,.F.);
#600=ORIENTED_EDGE('',*,*,#1520,.T.);
#601=ORIENTED_EDGE('',*,*,#1521,.F.);
#602=ORIENTED_EDGE('',*,*,#1522,.T.);
#603=ORIENTED_EDGE('',*,*,#1523,.F.);
#604=ORIENTED_EDGE('',*,*,#1524,.F.);
#605=ORIENTED_EDGE('',*,*,#1525,.F.);
#606=ORIENTED_EDGE('',*,*,#1526,.F.);
#607=ORIENTED_EDGE('',*,*,#1527,.F.);
#608=ORIENTED_EDGE('',*,*,#1528,.T.);
#609=ORIENTED_EDGE('',*,*,#1529,.F.);
#610=ORIENTED_EDGE('',*,*,#1530,.T.);
#611=ORIENTED_EDGE('',*,*,#1531,.F.);
#612=ORIENTED_EDGE('',*,*,#1532,.F.);
#613=ORIENTED_EDGE('',*,*,#1533,.F.);
#614=ORIENTED_EDGE('',*,*,#1534,.F.);
#615=ORIENTED_EDGE('',*,*,#1535,.F.);
#616=ORIENTED_EDGE('',*,*,#1536,.T.);
#617=ORIENTED_EDGE('',*,*,#1537,.F.);
#618=ORIENTED_EDGE('',*,*,#1538,.T.);
#619=ORIENTED_EDGE('',*,*,#1539,.F.);
#620=ORIENTED_EDGE('',*,*,#1540,.F.);
#621=ORIENTED_EDGE('',*,*,#1541,.F.);
#622=ORIENTED_EDGE('',*,*,#1542,.F.);
#623=ORIENTED_EDGE('',*,*,#1543,.F.);
#624=ORIENTED_EDGE('',*,*,#1544,.T.);
#625=ORIENTED_EDGE('',*,*,#1545,.F.);
#626=ORIENTED_EDGE('',*,*,#1546,.F.);
#627=ORIENTED_EDGE('',*,*,#1547,.F.);
#628=ORIENTED_EDGE('',*,*,#1548,.F.);
#629=ORIENTED_EDGE('',*,*,#1549,.T.);
#630=ORIENTED_EDGE('',*,*,#1550,.F.);
#631=ORIENTED_EDGE('',*,*,#1551,.T.);
#632=ORIENTED_EDGE('',*,*,#1552,.F.);
#633=ORIENTED_EDGE('',*,*,#1553,.T.);
#634=ORIENTED_EDGE('',*,*,#1554,.F.);
#635=ORIENTED_EDGE('',*,*,#1555,.T.);
#636=ORIENTED_EDGE('',*,*,#1556,.F.);
#637=ORIENTED_EDGE('',*,*,#1557,.F.);
#638=ORIENTED_EDGE('',*,*,#1558,.T.);
#639=ORIENTED_EDGE('',*,*,#1559,.F.);
#640=ORIENTED_EDGE('',*,*,#1560,.T.);
#641=ORIENTED_EDGE('',*,*,#1421,.F.);
#642=ORIENTED_EDGE('',*,*,#1561,.F.);
#643=ORIENTED_EDGE('',*,*,#1413,.F.);
#644=ORIENTED_EDGE('',*,*,#1562,.F.);
#645=ORIENTED_EDGE('',*,*,#1544,.F.);
#646=ORIENTED_EDGE('',*,*,#1563,.T.);
#647=ORIENTED_EDGE('',*,*,#1564,.F.);
#648=ORIENTED_EDGE('',*,*,#1565,.T.);
#649=ORIENTED_EDGE('',*,*,#1409,.F.);
#650=ORIENTED_EDGE('',*,*,#1566,.F.);
#651=ORIENTED_EDGE('',*,*,#1405,.F.);
#652=ORIENTED_EDGE('',*,*,#1567,.F.);
#653=ORIENTED_EDGE('',*,*,#1568,.F.);
#654=ORIENTED_EDGE('',*,*,#1428,.T.);
#655=ORIENTED_EDGE('',*,*,#1569,.T.);
#656=ORIENTED_EDGE('',*,*,#1549,.F.);
#657=ORIENTED_EDGE('',*,*,#1570,.F.);
#658=ORIENTED_EDGE('',*,*,#1571,.T.);
#659=ORIENTED_EDGE('',*,*,#1572,.F.);
#660=ORIENTED_EDGE('',*,*,#1573,.T.);
#661=ORIENTED_EDGE('',*,*,#1574,.F.);
#662=ORIENTED_EDGE('',*,*,#1575,.T.);
#663=ORIENTED_EDGE('',*,*,#1570,.T.);
#664=ORIENTED_EDGE('',*,*,#1556,.T.);
#665=ORIENTED_EDGE('',*,*,#1576,.F.);
#666=ORIENTED_EDGE('',*,*,#1577,.T.);
#667=ORIENTED_EDGE('',*,*,#1574,.T.);
#668=ORIENTED_EDGE('',*,*,#1555,.F.);
#669=ORIENTED_EDGE('',*,*,#1578,.F.);
#670=ORIENTED_EDGE('',*,*,#1579,.T.);
#671=ORIENTED_EDGE('',*,*,#1576,.T.);
#672=ORIENTED_EDGE('',*,*,#1554,.T.);
#673=ORIENTED_EDGE('',*,*,#1580,.F.);
#674=ORIENTED_EDGE('',*,*,#1581,.T.);
#675=ORIENTED_EDGE('',*,*,#1578,.T.);
#676=ORIENTED_EDGE('',*,*,#1553,.F.);
#677=ORIENTED_EDGE('',*,*,#1582,.F.);
#678=ORIENTED_EDGE('',*,*,#1583,.T.);
#679=ORIENTED_EDGE('',*,*,#1580,.T.);
#680=ORIENTED_EDGE('',*,*,#1552,.T.);
#681=ORIENTED_EDGE('',*,*,#1584,.F.);
#682=ORIENTED_EDGE('',*,*,#1585,.T.);
#683=ORIENTED_EDGE('',*,*,#1582,.T.);
#684=ORIENTED_EDGE('',*,*,#1551,.F.);
#685=ORIENTED_EDGE('',*,*,#1586,.F.);
#686=ORIENTED_EDGE('',*,*,#1587,.F.);
#687=ORIENTED_EDGE('',*,*,#1453,.T.);
#688=ORIENTED_EDGE('',*,*,#1588,.T.);
#689=ORIENTED_EDGE('',*,*,#1589,.F.);
#690=ORIENTED_EDGE('',*,*,#1590,.F.);
#691=ORIENTED_EDGE('',*,*,#1454,.T.);
#692=ORIENTED_EDGE('',*,*,#1587,.T.);
#693=ORIENTED_EDGE('',*,*,#1591,.F.);
#694=ORIENTED_EDGE('',*,*,#1592,.F.);
#695=ORIENTED_EDGE('',*,*,#1455,.T.);
#696=ORIENTED_EDGE('',*,*,#1590,.T.);
#697=ORIENTED_EDGE('',*,*,#1592,.T.);
#698=ORIENTED_EDGE('',*,*,#1593,.T.);
#699=ORIENTED_EDGE('',*,*,#1594,.F.);
#700=ORIENTED_EDGE('',*,*,#1456,.F.);
#701=ORIENTED_EDGE('',*,*,#1595,.F.);
#702=ORIENTED_EDGE('',*,*,#1596,.F.);
#703=ORIENTED_EDGE('',*,*,#1457,.T.);
#704=ORIENTED_EDGE('',*,*,#1594,.T.);
#705=ORIENTED_EDGE('',*,*,#1596,.T.);
#706=ORIENTED_EDGE('',*,*,#1597,.T.);
#707=ORIENTED_EDGE('',*,*,#1598,.F.);
#708=ORIENTED_EDGE('',*,*,#1458,.F.);
#709=ORIENTED_EDGE('',*,*,#1599,.F.);
#710=ORIENTED_EDGE('',*,*,#1600,.F.);
#711=ORIENTED_EDGE('',*,*,#1459,.T.);
#712=ORIENTED_EDGE('',*,*,#1598,.T.);
#713=ORIENTED_EDGE('',*,*,#1601,.F.);
#714=ORIENTED_EDGE('',*,*,#1602,.F.);
#715=ORIENTED_EDGE('',*,*,#1461,.T.);
#716=ORIENTED_EDGE('',*,*,#1603,.T.);
#717=ORIENTED_EDGE('',*,*,#1604,.F.);
#718=ORIENTED_EDGE('',*,*,#1605,.F.);
#719=ORIENTED_EDGE('',*,*,#1462,.T.);
#720=ORIENTED_EDGE('',*,*,#1602,.T.);
#721=ORIENTED_EDGE('',*,*,#1606,.F.);
#722=ORIENTED_EDGE('',*,*,#1607,.F.);
#723=ORIENTED_EDGE('',*,*,#1463,.T.);
#724=ORIENTED_EDGE('',*,*,#1605,.T.);
#725=ORIENTED_EDGE('',*,*,#1607,.T.);
#726=ORIENTED_EDGE('',*,*,#1608,.T.);
#727=ORIENTED_EDGE('',*,*,#1609,.F.);
#728=ORIENTED_EDGE('',*,*,#1464,.F.);
#729=ORIENTED_EDGE('',*,*,#1610,.F.);
#730=ORIENTED_EDGE('',*,*,#1611,.F.);
#731=ORIENTED_EDGE('',*,*,#1465,.T.);
#732=ORIENTED_EDGE('',*,*,#1609,.T.);
#733=ORIENTED_EDGE('',*,*,#1611,.T.);
#734=ORIENTED_EDGE('',*,*,#1612,.T.);
#735=ORIENTED_EDGE('',*,*,#1613,.F.);
#736=ORIENTED_EDGE('',*,*,#1466,.F.);
#737=ORIENTED_EDGE('',*,*,#1614,.F.);
#738=ORIENTED_EDGE('',*,*,#1615,.F.);
#739=ORIENTED_EDGE('',*,*,#1467,.T.);
#740=ORIENTED_EDGE('',*,*,#1613,.T.);
#741=ORIENTED_EDGE('',*,*,#1616,.F.);
#742=ORIENTED_EDGE('',*,*,#1617,.F.);
#743=ORIENTED_EDGE('',*,*,#1469,.T.);
#744=ORIENTED_EDGE('',*,*,#1618,.T.);
#745=ORIENTED_EDGE('',*,*,#1619,.F.);
#746=ORIENTED_EDGE('',*,*,#1620,.F.);
#747=ORIENTED_EDGE('',*,*,#1470,.T.);
#748=ORIENTED_EDGE('',*,*,#1617,.T.);
#749=ORIENTED_EDGE('',*,*,#1621,.F.);
#750=ORIENTED_EDGE('',*,*,#1622,.F.);
#751=ORIENTED_EDGE('',*,*,#1471,.T.);
#752=ORIENTED_EDGE('',*,*,#1620,.T.);
#753=ORIENTED_EDGE('',*,*,#1622,.T.);
#754=ORIENTED_EDGE('',*,*,#1623,.T.);
#755=ORIENTED_EDGE('',*,*,#1624,.F.);
#756=ORIENTED_EDGE('',*,*,#1472,.F.);
#757=ORIENTED_EDGE('',*,*,#1625,.F.);
#758=ORIENTED_EDGE('',*,*,#1626,.F.);
#759=ORIENTED_EDGE('',*,*,#1473,.T.);
#760=ORIENTED_EDGE('',*,*,#1624,.T.);
#761=ORIENTED_EDGE('',*,*,#1626,.T.);
#762=ORIENTED_EDGE('',*,*,#1627,.T.);
#763=ORIENTED_EDGE('',*,*,#1628,.F.);
#764=ORIENTED_EDGE('',*,*,#1474,.F.);
#765=ORIENTED_EDGE('',*,*,#1629,.F.);
#766=ORIENTED_EDGE('',*,*,#1630,.F.);
#767=ORIENTED_EDGE('',*,*,#1475,.T.);
#768=ORIENTED_EDGE('',*,*,#1628,.T.);
#769=ORIENTED_EDGE('',*,*,#1631,.F.);
#770=ORIENTED_EDGE('',*,*,#1632,.F.);
#771=ORIENTED_EDGE('',*,*,#1477,.T.);
#772=ORIENTED_EDGE('',*,*,#1633,.T.);
#773=ORIENTED_EDGE('',*,*,#1634,.F.);
#774=ORIENTED_EDGE('',*,*,#1635,.F.);
#775=ORIENTED_EDGE('',*,*,#1478,.T.);
#776=ORIENTED_EDGE('',*,*,#1632,.T.);
#777=ORIENTED_EDGE('',*,*,#1636,.F.);
#778=ORIENTED_EDGE('',*,*,#1637,.F.);
#779=ORIENTED_EDGE('',*,*,#1479,.T.);
#780=ORIENTED_EDGE('',*,*,#1635,.T.);
#781=ORIENTED_EDGE('',*,*,#1637,.T.);
#782=ORIENTED_EDGE('',*,*,#1638,.T.);
#783=ORIENTED_EDGE('',*,*,#1639,.F.);
#784=ORIENTED_EDGE('',*,*,#1480,.F.);
#785=ORIENTED_EDGE('',*,*,#1640,.F.);
#786=ORIENTED_EDGE('',*,*,#1641,.F.);
#787=ORIENTED_EDGE('',*,*,#1481,.T.);
#788=ORIENTED_EDGE('',*,*,#1639,.T.);
#789=ORIENTED_EDGE('',*,*,#1641,.T.);
#790=ORIENTED_EDGE('',*,*,#1642,.T.);
#791=ORIENTED_EDGE('',*,*,#1643,.F.);
#792=ORIENTED_EDGE('',*,*,#1482,.F.);
#793=ORIENTED_EDGE('',*,*,#1644,.F.);
#794=ORIENTED_EDGE('',*,*,#1645,.F.);
#795=ORIENTED_EDGE('',*,*,#1483,.T.);
#796=ORIENTED_EDGE('',*,*,#1643,.T.);
#797=ORIENTED_EDGE('',*,*,#1646,.F.);
#798=ORIENTED_EDGE('',*,*,#1647,.F.);
#799=ORIENTED_EDGE('',*,*,#1485,.T.);
#800=ORIENTED_EDGE('',*,*,#1648,.T.);
#801=ORIENTED_EDGE('',*,*,#1649,.F.);
#802=ORIENTED_EDGE('',*,*,#1650,.F.);
#803=ORIENTED_EDGE('',*,*,#1486,.T.);
#804=ORIENTED_EDGE('',*,*,#1647,.T.);
#805=ORIENTED_EDGE('',*,*,#1651,.F.);
#806=ORIENTED_EDGE('',*,*,#1652,.F.);
#807=ORIENTED_EDGE('',*,*,#1487,.T.);
#808=ORIENTED_EDGE('',*,*,#1650,.T.);
#809=ORIENTED_EDGE('',*,*,#1652,.T.);
#810=ORIENTED_EDGE('',*,*,#1653,.T.);
#811=ORIENTED_EDGE('',*,*,#1654,.F.);
#812=ORIENTED_EDGE('',*,*,#1488,.F.);
#813=ORIENTED_EDGE('',*,*,#1655,.F.);
#814=ORIENTED_EDGE('',*,*,#1656,.F.);
#815=ORIENTED_EDGE('',*,*,#1489,.T.);
#816=ORIENTED_EDGE('',*,*,#1654,.T.);
#817=ORIENTED_EDGE('',*,*,#1656,.T.);
#818=ORIENTED_EDGE('',*,*,#1657,.T.);
#819=ORIENTED_EDGE('',*,*,#1658,.F.);
#820=ORIENTED_EDGE('',*,*,#1490,.F.);
#821=ORIENTED_EDGE('',*,*,#1659,.F.);
#822=ORIENTED_EDGE('',*,*,#1660,.F.);
#823=ORIENTED_EDGE('',*,*,#1491,.T.);
#824=ORIENTED_EDGE('',*,*,#1658,.T.);
#825=ORIENTED_EDGE('',*,*,#1661,.F.);
#826=ORIENTED_EDGE('',*,*,#1662,.F.);
#827=ORIENTED_EDGE('',*,*,#1493,.T.);
#828=ORIENTED_EDGE('',*,*,#1663,.T.);
#829=ORIENTED_EDGE('',*,*,#1664,.F.);
#830=ORIENTED_EDGE('',*,*,#1665,.F.);
#831=ORIENTED_EDGE('',*,*,#1494,.T.);
#832=ORIENTED_EDGE('',*,*,#1662,.T.);
#833=ORIENTED_EDGE('',*,*,#1666,.F.);
#834=ORIENTED_EDGE('',*,*,#1667,.F.);
#835=ORIENTED_EDGE('',*,*,#1495,.T.);
#836=ORIENTED_EDGE('',*,*,#1665,.T.);
#837=ORIENTED_EDGE('',*,*,#1667,.T.);
#838=ORIENTED_EDGE('',*,*,#1668,.T.);
#839=ORIENTED_EDGE('',*,*,#1669,.F.);
#840=ORIENTED_EDGE('',*,*,#1496,.F.);
#841=ORIENTED_EDGE('',*,*,#1670,.F.);
#842=ORIENTED_EDGE('',*,*,#1671,.F.);
#843=ORIENTED_EDGE('',*,*,#1497,.T.);
#844=ORIENTED_EDGE('',*,*,#1669,.T.);
#845=ORIENTED_EDGE('',*,*,#1671,.T.);
#846=ORIENTED_EDGE('',*,*,#1672,.T.);
#847=ORIENTED_EDGE('',*,*,#1673,.F.);
#848=ORIENTED_EDGE('',*,*,#1498,.F.);
#849=ORIENTED_EDGE('',*,*,#1674,.F.);
#850=ORIENTED_EDGE('',*,*,#1675,.F.);
#851=ORIENTED_EDGE('',*,*,#1499,.T.);
#852=ORIENTED_EDGE('',*,*,#1673,.T.);
#853=ORIENTED_EDGE('',*,*,#1676,.F.);
#854=ORIENTED_EDGE('',*,*,#1677,.F.);
#855=ORIENTED_EDGE('',*,*,#1501,.T.);
#856=ORIENTED_EDGE('',*,*,#1678,.T.);
#857=ORIENTED_EDGE('',*,*,#1679,.F.);
#858=ORIENTED_EDGE('',*,*,#1680,.F.);
#859=ORIENTED_EDGE('',*,*,#1502,.T.);
#860=ORIENTED_EDGE('',*,*,#1677,.T.);
#861=ORIENTED_EDGE('',*,*,#1681,.F.);
#862=ORIENTED_EDGE('',*,*,#1682,.F.);
#863=ORIENTED_EDGE('',*,*,#1503,.T.);
#864=ORIENTED_EDGE('',*,*,#1680,.T.);
#865=ORIENTED_EDGE('',*,*,#1682,.T.);
#866=ORIENTED_EDGE('',*,*,#1683,.T.);
#867=ORIENTED_EDGE('',*,*,#1684,.F.);
#868=ORIENTED_EDGE('',*,*,#1504,.F.);
#869=ORIENTED_EDGE('',*,*,#1685,.F.);
#870=ORIENTED_EDGE('',*,*,#1686,.F.);
#871=ORIENTED_EDGE('',*,*,#1505,.T.);
#872=ORIENTED_EDGE('',*,*,#1684,.T.);
#873=ORIENTED_EDGE('',*,*,#1686,.T.);
#874=ORIENTED_EDGE('',*,*,#1687,.T.);
#875=ORIENTED_EDGE('',*,*,#1688,.F.);
#876=ORIENTED_EDGE('',*,*,#1506,.F.);
#877=ORIENTED_EDGE('',*,*,#1689,.F.);
#878=ORIENTED_EDGE('',*,*,#1690,.F.);
#879=ORIENTED_EDGE('',*,*,#1507,.T.);
#880=ORIENTED_EDGE('',*,*,#1688,.T.);
#881=ORIENTED_EDGE('',*,*,#1691,.F.);
#882=ORIENTED_EDGE('',*,*,#1692,.F.);
#883=ORIENTED_EDGE('',*,*,#1509,.T.);
#884=ORIENTED_EDGE('',*,*,#1693,.T.);
#885=ORIENTED_EDGE('',*,*,#1694,.F.);
#886=ORIENTED_EDGE('',*,*,#1695,.F.);
#887=ORIENTED_EDGE('',*,*,#1510,.T.);
#888=ORIENTED_EDGE('',*,*,#1692,.T.);
#889=ORIENTED_EDGE('',*,*,#1696,.F.);
#890=ORIENTED_EDGE('',*,*,#1697,.F.);
#891=ORIENTED_EDGE('',*,*,#1511,.T.);
#892=ORIENTED_EDGE('',*,*,#1695,.T.);
#893=ORIENTED_EDGE('',*,*,#1697,.T.);
#894=ORIENTED_EDGE('',*,*,#1698,.T.);
#895=ORIENTED_EDGE('',*,*,#1699,.F.);
#896=ORIENTED_EDGE('',*,*,#1512,.F.);
#897=ORIENTED_EDGE('',*,*,#1700,.F.);
#898=ORIENTED_EDGE('',*,*,#1701,.F.);
#899=ORIENTED_EDGE('',*,*,#1513,.T.);
#900=ORIENTED_EDGE('',*,*,#1699,.T.);
#901=ORIENTED_EDGE('',*,*,#1701,.T.);
#902=ORIENTED_EDGE('',*,*,#1702,.T.);
#903=ORIENTED_EDGE('',*,*,#1703,.F.);
#904=ORIENTED_EDGE('',*,*,#1514,.F.);
#905=ORIENTED_EDGE('',*,*,#1704,.F.);
#906=ORIENTED_EDGE('',*,*,#1705,.F.);
#907=ORIENTED_EDGE('',*,*,#1515,.T.);
#908=ORIENTED_EDGE('',*,*,#1703,.T.);
#909=ORIENTED_EDGE('',*,*,#1706,.F.);
#910=ORIENTED_EDGE('',*,*,#1707,.F.);
#911=ORIENTED_EDGE('',*,*,#1517,.T.);
#912=ORIENTED_EDGE('',*,*,#1708,.T.);
#913=ORIENTED_EDGE('',*,*,#1709,.F.);
#914=ORIENTED_EDGE('',*,*,#1710,.F.);
#915=ORIENTED_EDGE('',*,*,#1518,.T.);
#916=ORIENTED_EDGE('',*,*,#1707,.T.);
#917=ORIENTED_EDGE('',*,*,#1711,.F.);
#918=ORIENTED_EDGE('',*,*,#1712,.F.);
#919=ORIENTED_EDGE('',*,*,#1519,.T.);
#920=ORIENTED_EDGE('',*,*,#1710,.T.);
#921=ORIENTED_EDGE('',*,*,#1712,.T.);
#922=ORIENTED_EDGE('',*,*,#1713,.T.);
#923=ORIENTED_EDGE('',*,*,#1714,.F.);
#924=ORIENTED_EDGE('',*,*,#1520,.F.);
#925=ORIENTED_EDGE('',*,*,#1715,.F.);
#926=ORIENTED_EDGE('',*,*,#1716,.F.);
#927=ORIENTED_EDGE('',*,*,#1521,.T.);
#928=ORIENTED_EDGE('',*,*,#1714,.T.);
#929=ORIENTED_EDGE('',*,*,#1716,.T.);
#930=ORIENTED_EDGE('',*,*,#1717,.T.);
#931=ORIENTED_EDGE('',*,*,#1718,.F.);
#932=ORIENTED_EDGE('',*,*,#1522,.F.);
#933=ORIENTED_EDGE('',*,*,#1719,.F.);
#934=ORIENTED_EDGE('',*,*,#1720,.F.);
#935=ORIENTED_EDGE('',*,*,#1523,.T.);
#936=ORIENTED_EDGE('',*,*,#1718,.T.);
#937=ORIENTED_EDGE('',*,*,#1721,.F.);
#938=ORIENTED_EDGE('',*,*,#1722,.F.);
#939=ORIENTED_EDGE('',*,*,#1525,.T.);
#940=ORIENTED_EDGE('',*,*,#1723,.T.);
#941=ORIENTED_EDGE('',*,*,#1724,.F.);
#942=ORIENTED_EDGE('',*,*,#1725,.F.);
#943=ORIENTED_EDGE('',*,*,#1526,.T.);
#944=ORIENTED_EDGE('',*,*,#1722,.T.);
#945=ORIENTED_EDGE('',*,*,#1726,.F.);
#946=ORIENTED_EDGE('',*,*,#1727,.F.);
#947=ORIENTED_EDGE('',*,*,#1527,.T.);
#948=ORIENTED_EDGE('',*,*,#1725,.T.);
#949=ORIENTED_EDGE('',*,*,#1727,.T.);
#950=ORIENTED_EDGE('',*,*,#1728,.T.);
#951=ORIENTED_EDGE('',*,*,#1729,.F.);
#952=ORIENTED_EDGE('',*,*,#1528,.F.);
#953=ORIENTED_EDGE('',*,*,#1730,.F.);
#954=ORIENTED_EDGE('',*,*,#1731,.F.);
#955=ORIENTED_EDGE('',*,*,#1529,.T.);
#956=ORIENTED_EDGE('',*,*,#1729,.T.);
#957=ORIENTED_EDGE('',*,*,#1731,.T.);
#958=ORIENTED_EDGE('',*,*,#1732,.T.);
#959=ORIENTED_EDGE('',*,*,#1733,.F.);
#960=ORIENTED_EDGE('',*,*,#1530,.F.);
#961=ORIENTED_EDGE('',*,*,#1734,.F.);
#962=ORIENTED_EDGE('',*,*,#1735,.F.);
#963=ORIENTED_EDGE('',*,*,#1531,.T.);
#964=ORIENTED_EDGE('',*,*,#1733,.T.);
#965=ORIENTED_EDGE('',*,*,#1736,.F.);
#966=ORIENTED_EDGE('',*,*,#1737,.F.);
#967=ORIENTED_EDGE('',*,*,#1533,.T.);
#968=ORIENTED_EDGE('',*,*,#1738,.T.);
#969=ORIENTED_EDGE('',*,*,#1739,.F.);
#970=ORIENTED_EDGE('',*,*,#1740,.F.);
#971=ORIENTED_EDGE('',*,*,#1534,.T.);
#972=ORIENTED_EDGE('',*,*,#1737,.T.);
#973=ORIENTED_EDGE('',*,*,#1741,.F.);
#974=ORIENTED_EDGE('',*,*,#1742,.F.);
#975=ORIENTED_EDGE('',*,*,#1535,.T.);
#976=ORIENTED_EDGE('',*,*,#1740,.T.);
#977=ORIENTED_EDGE('',*,*,#1742,.T.);
#978=ORIENTED_EDGE('',*,*,#1743,.T.);
#979=ORIENTED_EDGE('',*,*,#1744,.F.);
#980=ORIENTED_EDGE('',*,*,#1536,.F.);
#981=ORIENTED_EDGE('',*,*,#1745,.F.);
#982=ORIENTED_EDGE('',*,*,#1746,.F.);
#983=ORIENTED_EDGE('',*,*,#1537,.T.);
#984=ORIENTED_EDGE('',*,*,#1744,.T.);
#985=ORIENTED_EDGE('',*,*,#1746,.T.);
#986=ORIENTED_EDGE('',*,*,#1747,.T.);
#987=ORIENTED_EDGE('',*,*,#1748,.F.);
#988=ORIENTED_EDGE('',*,*,#1538,.F.);
#989=ORIENTED_EDGE('',*,*,#1749,.F.);
#990=ORIENTED_EDGE('',*,*,#1750,.F.);
#991=ORIENTED_EDGE('',*,*,#1539,.T.);
#992=ORIENTED_EDGE('',*,*,#1748,.T.);
#993=ORIENTED_EDGE('',*,*,#1751,.F.);
#994=ORIENTED_EDGE('',*,*,#1588,.F.);
#995=ORIENTED_EDGE('',*,*,#1460,.T.);
#996=ORIENTED_EDGE('',*,*,#1600,.T.);
#997=ORIENTED_EDGE('',*,*,#1752,.F.);
#998=ORIENTED_EDGE('',*,*,#1603,.F.);
#999=ORIENTED_EDGE('',*,*,#1468,.T.);
#1000=ORIENTED_EDGE('',*,*,#1615,.T.);
#1001=ORIENTED_EDGE('',*,*,#1753,.F.);
#1002=ORIENTED_EDGE('',*,*,#1618,.F.);
#1003=ORIENTED_EDGE('',*,*,#1476,.T.);
#1004=ORIENTED_EDGE('',*,*,#1630,.T.);
#1005=ORIENTED_EDGE('',*,*,#1754,.F.);
#1006=ORIENTED_EDGE('',*,*,#1633,.F.);
#1007=ORIENTED_EDGE('',*,*,#1484,.T.);
#1008=ORIENTED_EDGE('',*,*,#1645,.T.);
#1009=ORIENTED_EDGE('',*,*,#1755,.F.);
#1010=ORIENTED_EDGE('',*,*,#1648,.F.);
#1011=ORIENTED_EDGE('',*,*,#1492,.T.);
#1012=ORIENTED_EDGE('',*,*,#1660,.T.);
#1013=ORIENTED_EDGE('',*,*,#1756,.F.);
#1014=ORIENTED_EDGE('',*,*,#1663,.F.);
#1015=ORIENTED_EDGE('',*,*,#1500,.T.);
#1016=ORIENTED_EDGE('',*,*,#1675,.T.);
#1017=ORIENTED_EDGE('',*,*,#1757,.F.);
#1018=ORIENTED_EDGE('',*,*,#1678,.F.);
#1019=ORIENTED_EDGE('',*,*,#1508,.T.);
#1020=ORIENTED_EDGE('',*,*,#1690,.T.);
#1021=ORIENTED_EDGE('',*,*,#1758,.F.);
#1022=ORIENTED_EDGE('',*,*,#1693,.F.);
#1023=ORIENTED_EDGE('',*,*,#1516,.T.);
#1024=ORIENTED_EDGE('',*,*,#1705,.T.);
#1025=ORIENTED_EDGE('',*,*,#1759,.F.);
#1026=ORIENTED_EDGE('',*,*,#1708,.F.);
#1027=ORIENTED_EDGE('',*,*,#1524,.T.);
#1028=ORIENTED_EDGE('',*,*,#1720,.T.);
#1029=ORIENTED_EDGE('',*,*,#1760,.F.);
#1030=ORIENTED_EDGE('',*,*,#1723,.F.);
#1031=ORIENTED_EDGE('',*,*,#1532,.T.);
#1032=ORIENTED_EDGE('',*,*,#1735,.T.);
#1033=ORIENTED_EDGE('',*,*,#1761,.F.);
#1034=ORIENTED_EDGE('',*,*,#1738,.F.);
#1035=ORIENTED_EDGE('',*,*,#1540,.T.);
#1036=ORIENTED_EDGE('',*,*,#1750,.T.);
#1037=ORIENTED_EDGE('',*,*,#1569,.F.);
#1038=ORIENTED_EDGE('',*,*,#1762,.T.);
#1039=ORIENTED_EDGE('',*,*,#1584,.T.);
#1040=ORIENTED_EDGE('',*,*,#1550,.T.);
#1041=ORIENTED_EDGE('',*,*,#1763,.F.);
#1042=ORIENTED_EDGE('',*,*,#1762,.F.);
#1043=ORIENTED_EDGE('',*,*,#1427,.F.);
#1044=ORIENTED_EDGE('',*,*,#1452,.F.);
#1045=ORIENTED_EDGE('',*,*,#1764,.F.);
#1046=ORIENTED_EDGE('',*,*,#1765,.F.);
#1047=ORIENTED_EDGE('',*,*,#1766,.F.);
#1048=ORIENTED_EDGE('',*,*,#1571,.F.);
#1049=ORIENTED_EDGE('',*,*,#1767,.F.);
#1050=ORIENTED_EDGE('',*,*,#1445,.F.);
#1051=ORIENTED_EDGE('',*,*,#1763,.T.);
#1052=ORIENTED_EDGE('',*,*,#1451,.F.);
#1053=ORIENTED_EDGE('',*,*,#1768,.F.);
#1054=ORIENTED_EDGE('',*,*,#1585,.F.);
#1055=ORIENTED_EDGE('',*,*,#1767,.T.);
#1056=ORIENTED_EDGE('',*,*,#1575,.F.);
#1057=ORIENTED_EDGE('',*,*,#1769,.F.);
#1058=ORIENTED_EDGE('',*,*,#1446,.F.);
#1059=ORIENTED_EDGE('',*,*,#1768,.T.);
#1060=ORIENTED_EDGE('',*,*,#1450,.F.);
#1061=ORIENTED_EDGE('',*,*,#1770,.F.);
#1062=ORIENTED_EDGE('',*,*,#1583,.F.);
#1063=ORIENTED_EDGE('',*,*,#1769,.T.);
#1064=ORIENTED_EDGE('',*,*,#1577,.F.);
#1065=ORIENTED_EDGE('',*,*,#1771,.F.);
#1066=ORIENTED_EDGE('',*,*,#1447,.F.);
#1067=ORIENTED_EDGE('',*,*,#1770,.T.);
#1068=ORIENTED_EDGE('',*,*,#1449,.F.);
#1069=ORIENTED_EDGE('',*,*,#1772,.F.);
#1070=ORIENTED_EDGE('',*,*,#1581,.F.);
#1071=ORIENTED_EDGE('',*,*,#1771,.T.);
#1072=ORIENTED_EDGE('',*,*,#1579,.F.);
#1073=ORIENTED_EDGE('',*,*,#1772,.T.);
#1074=ORIENTED_EDGE('',*,*,#1448,.F.);
#1075=ORIENTED_EDGE('',*,*,#1773,.F.);
#1076=ORIENTED_EDGE('',*,*,#1774,.F.);
#1077=ORIENTED_EDGE('',*,*,#1775,.F.);
#1078=ORIENTED_EDGE('',*,*,#1557,.T.);
#1079=ORIENTED_EDGE('',*,*,#1775,.T.);
#1080=ORIENTED_EDGE('',*,*,#1776,.T.);
#1081=ORIENTED_EDGE('',*,*,#1777,.F.);
#1082=ORIENTED_EDGE('',*,*,#1558,.F.);
#1083=ORIENTED_EDGE('',*,*,#1559,.T.);
#1084=ORIENTED_EDGE('',*,*,#1777,.T.);
#1085=ORIENTED_EDGE('',*,*,#1778,.F.);
#1086=ORIENTED_EDGE('',*,*,#1779,.F.);
#1087=ORIENTED_EDGE('',*,*,#1779,.T.);
#1088=ORIENTED_EDGE('',*,*,#1780,.T.);
#1089=ORIENTED_EDGE('',*,*,#1422,.F.);
#1090=ORIENTED_EDGE('',*,*,#1560,.F.);
#1091=ORIENTED_EDGE('',*,*,#1543,.T.);
#1092=ORIENTED_EDGE('',*,*,#1781,.T.);
#1093=ORIENTED_EDGE('',*,*,#1782,.F.);
#1094=ORIENTED_EDGE('',*,*,#1563,.F.);
#1095=ORIENTED_EDGE('',*,*,#1564,.T.);
#1096=ORIENTED_EDGE('',*,*,#1782,.T.);
#1097=ORIENTED_EDGE('',*,*,#1783,.F.);
#1098=ORIENTED_EDGE('',*,*,#1784,.F.);
#1099=ORIENTED_EDGE('',*,*,#1784,.T.);
#1100=ORIENTED_EDGE('',*,*,#1785,.T.);
#1101=ORIENTED_EDGE('',*,*,#1410,.F.);
#1102=ORIENTED_EDGE('',*,*,#1565,.F.);
#1103=ORIENTED_EDGE('',*,*,#1786,.F.);
#1104=ORIENTED_EDGE('',*,*,#1411,.T.);
#1105=ORIENTED_EDGE('',*,*,#1787,.F.);
#1106=ORIENTED_EDGE('',*,*,#1788,.F.);
#1107=ORIENTED_EDGE('',*,*,#1789,.F.);
#1108=ORIENTED_EDGE('',*,*,#1790,.T.);
#1109=ORIENTED_EDGE('',*,*,#1791,.F.);
#1110=ORIENTED_EDGE('',*,*,#1792,.T.);
#1111=ORIENTED_EDGE('',*,*,#1793,.F.);
#1112=ORIENTED_EDGE('',*,*,#1415,.T.);
#1113=ORIENTED_EDGE('',*,*,#1794,.F.);
#1114=ORIENTED_EDGE('',*,*,#1419,.T.);
#1115=ORIENTED_EDGE('',*,*,#1780,.F.);
#1116=ORIENTED_EDGE('',*,*,#1778,.T.);
#1117=ORIENTED_EDGE('',*,*,#1776,.F.);
#1118=ORIENTED_EDGE('',*,*,#1774,.T.);
#1119=ORIENTED_EDGE('',*,*,#1795,.F.);
#1120=ORIENTED_EDGE('',*,*,#1403,.T.);
#1121=ORIENTED_EDGE('',*,*,#1796,.F.);
#1122=ORIENTED_EDGE('',*,*,#1407,.T.);
#1123=ORIENTED_EDGE('',*,*,#1785,.F.);
#1124=ORIENTED_EDGE('',*,*,#1783,.T.);
#1125=ORIENTED_EDGE('',*,*,#1781,.F.);
#1126=ORIENTED_EDGE('',*,*,#1542,.T.);
#1127=ORIENTED_EDGE('',*,*,#1736,.T.);
#1128=ORIENTED_EDGE('',*,*,#1761,.T.);
#1129=ORIENTED_EDGE('',*,*,#1749,.T.);
#1130=ORIENTED_EDGE('',*,*,#1747,.F.);
#1131=ORIENTED_EDGE('',*,*,#1745,.T.);
#1132=ORIENTED_EDGE('',*,*,#1743,.F.);
#1133=ORIENTED_EDGE('',*,*,#1741,.T.);
#1134=ORIENTED_EDGE('',*,*,#1739,.T.);
#1135=ORIENTED_EDGE('',*,*,#1721,.T.);
#1136=ORIENTED_EDGE('',*,*,#1760,.T.);
#1137=ORIENTED_EDGE('',*,*,#1734,.T.);
#1138=ORIENTED_EDGE('',*,*,#1732,.F.);
#1139=ORIENTED_EDGE('',*,*,#1730,.T.);
#1140=ORIENTED_EDGE('',*,*,#1728,.F.);
#1141=ORIENTED_EDGE('',*,*,#1726,.T.);
#1142=ORIENTED_EDGE('',*,*,#1724,.T.);
#1143=ORIENTED_EDGE('',*,*,#1706,.T.);
#1144=ORIENTED_EDGE('',*,*,#1759,.T.);
#1145=ORIENTED_EDGE('',*,*,#1719,.T.);
#1146=ORIENTED_EDGE('',*,*,#1717,.F.);
#1147=ORIENTED_EDGE('',*,*,#1715,.T.);
#1148=ORIENTED_EDGE('',*,*,#1713,.F.);
#1149=ORIENTED_EDGE('',*,*,#1711,.T.);
#1150=ORIENTED_EDGE('',*,*,#1709,.T.);
#1151=ORIENTED_EDGE('',*,*,#1691,.T.);
#1152=ORIENTED_EDGE('',*,*,#1758,.T.);
#1153=ORIENTED_EDGE('',*,*,#1704,.T.);
#1154=ORIENTED_EDGE('',*,*,#1702,.F.);
#1155=ORIENTED_EDGE('',*,*,#1700,.T.);
#1156=ORIENTED_EDGE('',*,*,#1698,.F.);
#1157=ORIENTED_EDGE('',*,*,#1696,.T.);
#1158=ORIENTED_EDGE('',*,*,#1694,.T.);
#1159=ORIENTED_EDGE('',*,*,#1676,.T.);
#1160=ORIENTED_EDGE('',*,*,#1757,.T.);
#1161=ORIENTED_EDGE('',*,*,#1689,.T.);
#1162=ORIENTED_EDGE('',*,*,#1687,.F.);
#1163=ORIENTED_EDGE('',*,*,#1685,.T.);
#1164=ORIENTED_EDGE('',*,*,#1683,.F.);
#1165=ORIENTED_EDGE('',*,*,#1681,.T.);
#1166=ORIENTED_EDGE('',*,*,#1679,.T.);
#1167=ORIENTED_EDGE('',*,*,#1661,.T.);
#1168=ORIENTED_EDGE('',*,*,#1756,.T.);
#1169=ORIENTED_EDGE('',*,*,#1674,.T.);
#1170=ORIENTED_EDGE('',*,*,#1672,.F.);
#1171=ORIENTED_EDGE('',*,*,#1670,.T.);
#1172=ORIENTED_EDGE('',*,*,#1668,.F.);
#1173=ORIENTED_EDGE('',*,*,#1666,.T.);
#1174=ORIENTED_EDGE('',*,*,#1664,.T.);
#1175=ORIENTED_EDGE('',*,*,#1646,.T.);
#1176=ORIENTED_EDGE('',*,*,#1755,.T.);
#1177=ORIENTED_EDGE('',*,*,#1659,.T.);
#1178=ORIENTED_EDGE('',*,*,#1657,.F.);
#1179=ORIENTED_EDGE('',*,*,#1655,.T.);
#1180=ORIENTED_EDGE('',*,*,#1653,.F.);
#1181=ORIENTED_EDGE('',*,*,#1651,.T.);
#1182=ORIENTED_EDGE('',*,*,#1649,.T.);
#1183=ORIENTED_EDGE('',*,*,#1631,.T.);
#1184=ORIENTED_EDGE('',*,*,#1754,.T.);
#1185=ORIENTED_EDGE('',*,*,#1644,.T.);
#1186=ORIENTED_EDGE('',*,*,#1642,.F.);
#1187=ORIENTED_EDGE('',*,*,#1640,.T.);
#1188=ORIENTED_EDGE('',*,*,#1638,.F.);
#1189=ORIENTED_EDGE('',*,*,#1636,.T.);
#1190=ORIENTED_EDGE('',*,*,#1634,.T.);
#1191=ORIENTED_EDGE('',*,*,#1616,.T.);
#1192=ORIENTED_EDGE('',*,*,#1753,.T.);
#1193=ORIENTED_EDGE('',*,*,#1629,.T.);
#1194=ORIENTED_EDGE('',*,*,#1627,.F.);
#1195=ORIENTED_EDGE('',*,*,#1625,.T.);
#1196=ORIENTED_EDGE('',*,*,#1623,.F.);
#1197=ORIENTED_EDGE('',*,*,#1621,.T.);
#1198=ORIENTED_EDGE('',*,*,#1619,.T.);
#1199=ORIENTED_EDGE('',*,*,#1601,.T.);
#1200=ORIENTED_EDGE('',*,*,#1752,.T.);
#1201=ORIENTED_EDGE('',*,*,#1614,.T.);
#1202=ORIENTED_EDGE('',*,*,#1612,.F.);
#1203=ORIENTED_EDGE('',*,*,#1610,.T.);
#1204=ORIENTED_EDGE('',*,*,#1608,.F.);
#1205=ORIENTED_EDGE('',*,*,#1606,.T.);
#1206=ORIENTED_EDGE('',*,*,#1604,.T.);
#1207=ORIENTED_EDGE('',*,*,#1586,.T.);
#1208=ORIENTED_EDGE('',*,*,#1751,.T.);
#1209=ORIENTED_EDGE('',*,*,#1599,.T.);
#1210=ORIENTED_EDGE('',*,*,#1597,.F.);
#1211=ORIENTED_EDGE('',*,*,#1595,.T.);
#1212=ORIENTED_EDGE('',*,*,#1593,.F.);
#1213=ORIENTED_EDGE('',*,*,#1591,.T.);
#1214=ORIENTED_EDGE('',*,*,#1589,.T.);
#1215=ORIENTED_EDGE('',*,*,#1439,.T.);
#1216=ORIENTED_EDGE('',*,*,#1797,.T.);
#1217=ORIENTED_EDGE('',*,*,#1790,.F.);
#1218=ORIENTED_EDGE('',*,*,#1798,.F.);
#1219=ORIENTED_EDGE('',*,*,#1799,.T.);
#1220=ORIENTED_EDGE('',*,*,#1791,.T.);
#1221=ORIENTED_EDGE('',*,*,#1797,.F.);
#1222=ORIENTED_EDGE('',*,*,#1438,.F.);
#1223=ORIENTED_EDGE('',*,*,#1437,.T.);
#1224=ORIENTED_EDGE('',*,*,#1800,.T.);
#1225=ORIENTED_EDGE('',*,*,#1792,.F.);
#1226=ORIENTED_EDGE('',*,*,#1799,.F.);
#1227=ORIENTED_EDGE('',*,*,#1801,.T.);
#1228=ORIENTED_EDGE('',*,*,#1788,.T.);
#1229=ORIENTED_EDGE('',*,*,#1802,.F.);
#1230=ORIENTED_EDGE('',*,*,#1441,.F.);
#1231=ORIENTED_EDGE('',*,*,#1798,.T.);
#1232=ORIENTED_EDGE('',*,*,#1789,.T.);
#1233=ORIENTED_EDGE('',*,*,#1801,.F.);
#1234=ORIENTED_EDGE('',*,*,#1440,.F.);
#1235=ORIENTED_EDGE('',*,*,#1432,.T.);
#1236=ORIENTED_EDGE('',*,*,#1803,.F.);
#1237=ORIENTED_EDGE('',*,*,#1416,.F.);
#1238=ORIENTED_EDGE('',*,*,#1793,.T.);
#1239=ORIENTED_EDGE('',*,*,#1800,.F.);
#1240=ORIENTED_EDGE('',*,*,#1436,.F.);
#1241=ORIENTED_EDGE('',*,*,#1804,.T.);
#1242=ORIENTED_EDGE('',*,*,#1805,.T.);
#1243=ORIENTED_EDGE('',*,*,#1443,.T.);
#1244=ORIENTED_EDGE('',*,*,#1806,.T.);
#1245=ORIENTED_EDGE('',*,*,#1807,.T.);
#1246=ORIENTED_EDGE('',*,*,#1808,.T.);
#1247=ORIENTED_EDGE('',*,*,#1802,.T.);
#1248=ORIENTED_EDGE('',*,*,#1787,.T.);
#1249=ORIENTED_EDGE('',*,*,#1418,.F.);
#1250=ORIENTED_EDGE('',*,*,#1809,.F.);
#1251=ORIENTED_EDGE('',*,*,#1806,.F.);
#1252=ORIENTED_EDGE('',*,*,#1442,.F.);
#1253=ORIENTED_EDGE('',*,*,#1809,.T.);
#1254=ORIENTED_EDGE('',*,*,#1417,.F.);
#1255=ORIENTED_EDGE('',*,*,#1803,.T.);
#1256=ORIENTED_EDGE('',*,*,#1431,.F.);
#1257=ORIENTED_EDGE('',*,*,#1810,.F.);
#1258=ORIENTED_EDGE('',*,*,#1573,.F.);
#1259=ORIENTED_EDGE('',*,*,#1811,.T.);
#1260=ORIENTED_EDGE('',*,*,#1807,.F.);
#1261=ORIENTED_EDGE('',*,*,#1568,.T.);
#1262=ORIENTED_EDGE('',*,*,#1810,.T.);
#1263=ORIENTED_EDGE('',*,*,#1430,.F.);
#1264=ORIENTED_EDGE('',*,*,#1812,.F.);
#1265=ORIENTED_EDGE('',*,*,#1423,.T.);
#1266=ORIENTED_EDGE('',*,*,#1812,.T.);
#1267=ORIENTED_EDGE('',*,*,#1429,.T.);
#1268=ORIENTED_EDGE('',*,*,#1813,.F.);
#1269=ORIENTED_EDGE('',*,*,#1424,.F.);
#1270=ORIENTED_EDGE('',*,*,#1765,.T.);
#1271=ORIENTED_EDGE('',*,*,#1814,.T.);
#1272=ORIENTED_EDGE('',*,*,#1804,.F.);
#1273=ORIENTED_EDGE('',*,*,#1815,.F.);
#1274=ORIENTED_EDGE('',*,*,#1572,.T.);
#1275=ORIENTED_EDGE('',*,*,#1766,.T.);
#1276=ORIENTED_EDGE('',*,*,#1815,.T.);
#1277=ORIENTED_EDGE('',*,*,#1808,.F.);
#1278=ORIENTED_EDGE('',*,*,#1811,.F.);
#1279=ORIENTED_EDGE('',*,*,#1425,.T.);
#1280=ORIENTED_EDGE('',*,*,#1813,.T.);
#1281=ORIENTED_EDGE('',*,*,#1434,.F.);
#1282=ORIENTED_EDGE('',*,*,#1435,.T.);
#1283=ORIENTED_EDGE('',*,*,#1764,.T.);
#1284=ORIENTED_EDGE('',*,*,#1444,.T.);
#1285=ORIENTED_EDGE('',*,*,#1805,.F.);
#1286=ORIENTED_EDGE('',*,*,#1814,.F.);
#1287=ORIENTED_EDGE('',*,*,#1408,.F.);
#1288=ORIENTED_EDGE('',*,*,#1796,.T.);
#1289=ORIENTED_EDGE('',*,*,#1406,.T.);
#1290=ORIENTED_EDGE('',*,*,#1566,.T.);
#1291=ORIENTED_EDGE('',*,*,#1404,.F.);
#1292=ORIENTED_EDGE('',*,*,#1795,.T.);
#1293=ORIENTED_EDGE('',*,*,#1773,.T.);
#1294=ORIENTED_EDGE('',*,*,#1567,.T.);
#1295=ORIENTED_EDGE('',*,*,#1420,.F.);
#1296=ORIENTED_EDGE('',*,*,#1794,.T.);
#1297=ORIENTED_EDGE('',*,*,#1414,.T.);
#1298=ORIENTED_EDGE('',*,*,#1561,.T.);
#1299=ORIENTED_EDGE('',*,*,#1412,.F.);
#1300=ORIENTED_EDGE('',*,*,#1786,.T.);
#1301=ORIENTED_EDGE('',*,*,#1541,.T.);
#1302=ORIENTED_EDGE('',*,*,#1562,.T.);
#1303=ORIENTED_EDGE('',*,*,#1816,.T.);
#1304=ORIENTED_EDGE('',*,*,#1548,.T.);
#1305=ORIENTED_EDGE('',*,*,#1816,.F.);
#1306=ORIENTED_EDGE('',*,*,#1817,.T.);
#1307=ORIENTED_EDGE('',*,*,#1547,.T.);
#1308=ORIENTED_EDGE('',*,*,#1817,.F.);
#1309=ORIENTED_EDGE('',*,*,#1818,.T.);
#1310=ORIENTED_EDGE('',*,*,#1546,.T.);
#1311=ORIENTED_EDGE('',*,*,#1818,.F.);
#1312=ORIENTED_EDGE('',*,*,#1819,.T.);
#1313=ORIENTED_EDGE('',*,*,#1545,.T.);
#1314=ORIENTED_EDGE('',*,*,#1819,.F.);
#1315=EDGE_CURVE('',#1820,#1821,#2162,.F.);
#1316=EDGE_CURVE('',#1820,#1822,#2163,.T.);
#1317=EDGE_CURVE('',#1823,#1822,#2164,.T.);
#1318=EDGE_CURVE('',#1821,#1823,#2165,.T.);
#1319=EDGE_CURVE('',#1824,#1825,#2166,.T.);
#1320=EDGE_CURVE('',#1826,#1824,#2167,.T.);
#1321=EDGE_CURVE('',#1826,#1827,#2168,.T.);
#1322=EDGE_CURVE('',#1827,#1825,#2169,.T.);
#1323=EDGE_CURVE('',#1828,#1829,#2170,.F.);
#1324=EDGE_CURVE('',#1828,#1830,#2171,.T.);
#1325=EDGE_CURVE('',#1831,#1830,#2172,.T.);
#1326=EDGE_CURVE('',#1829,#1831,#2173,.T.);
#1327=EDGE_CURVE('',#1832,#1833,#2174,.F.);
#1328=EDGE_CURVE('',#1832,#1834,#2175,.T.);
#1329=EDGE_CURVE('',#1835,#1834,#2176,.T.);
#1330=EDGE_CURVE('',#1833,#1835,#2177,.T.);
#1331=EDGE_CURVE('',#1836,#1837,#2178,.T.);
#1332=EDGE_CURVE('',#1838,#1836,#2179,.T.);
#1333=EDGE_CURVE('',#1838,#1839,#2180,.T.);
#1334=EDGE_CURVE('',#1839,#1837,#2181,.T.);
#1335=EDGE_CURVE('',#1840,#1841,#2182,.F.);
#1336=EDGE_CURVE('',#1840,#1842,#2183,.T.);
#1337=EDGE_CURVE('',#1843,#1842,#2184,.T.);
#1338=EDGE_CURVE('',#1841,#1843,#2185,.T.);
#1339=EDGE_CURVE('',#1844,#1844,#123,.F.);
#1340=EDGE_CURVE('',#1845,#1845,#124,.F.);
#1341=EDGE_CURVE('',#1846,#1846,#125,.F.);
#1342=EDGE_CURVE('',#1847,#1847,#126,.F.);
#1343=EDGE_CURVE('',#1836,#1833,#127,.T.);
#1344=EDGE_CURVE('',#1835,#1841,#128,.T.);
#1345=EDGE_CURVE('',#1848,#1843,#129,.T.);
#1346=EDGE_CURVE('',#1848,#1849,#2186,.T.);
#1347=EDGE_CURVE('',#1826,#1849,#130,.T.);
#1348=EDGE_CURVE('',#1824,#1821,#131,.T.);
#1349=EDGE_CURVE('',#1823,#1829,#132,.T.);
#1350=EDGE_CURVE('',#1850,#1831,#133,.T.);
#1351=EDGE_CURVE('',#1850,#1851,#2187,.T.);
#1352=EDGE_CURVE('',#1838,#1851,#134,.T.);
#1353=EDGE_CURVE('',#1852,#1853,#2188,.T.);
#1354=EDGE_CURVE('',#1852,#1854,#135,.T.);
#1355=EDGE_CURVE('',#1855,#1854,#2189,.T.);
#1356=EDGE_CURVE('',#1855,#1856,#136,.T.);
#1357=EDGE_CURVE('',#1857,#1856,#2190,.T.);
#1358=EDGE_CURVE('',#1857,#1858,#137,.T.);
#1359=EDGE_CURVE('',#1859,#1858,#2191,.T.);
#1360=EDGE_CURVE('',#1859,#1853,#138,.T.);
#1361=EDGE_CURVE('',#1860,#1861,#2192,.T.);
#1362=EDGE_CURVE('',#1852,#1860,#2193,.T.);
#1363=EDGE_CURVE('',#1853,#1861,#2194,.T.);
#1364=EDGE_CURVE('',#1860,#1862,#139,.T.);
#1365=EDGE_CURVE('',#1854,#1862,#2195,.T.);
#1366=EDGE_CURVE('',#1863,#1862,#2196,.T.);
#1367=EDGE_CURVE('',#1855,#1863,#2197,.T.);
#1368=EDGE_CURVE('',#1863,#1864,#140,.T.);
#1369=EDGE_CURVE('',#1856,#1864,#2198,.T.);
#1370=EDGE_CURVE('',#1865,#1864,#2199,.T.);
#1371=EDGE_CURVE('',#1857,#1865,#2200,.T.);
#1372=EDGE_CURVE('',#1865,#1866,#141,.T.);
#1373=EDGE_CURVE('',#1858,#1866,#2201,.T.);
#1374=EDGE_CURVE('',#1867,#1866,#2202,.T.);
#1375=EDGE_CURVE('',#1859,#1867,#2203,.T.);
#1376=EDGE_CURVE('',#1867,#1861,#142,.T.);
#1377=EDGE_CURVE('',#1868,#1868,#143,.F.);
#1378=EDGE_CURVE('',#1869,#1869,#144,.F.);
#1379=EDGE_CURVE('',#1870,#1870,#145,.F.);
#1380=EDGE_CURVE('',#1871,#1871,#146,.F.);
#1381=EDGE_CURVE('',#1827,#1872,#147,.T.);
#1382=EDGE_CURVE('',#1849,#1872,#2204,.T.);
#1383=EDGE_CURVE('',#1873,#1830,#148,.T.);
#1384=EDGE_CURVE('',#1850,#1873,#2205,.T.);
#1385=EDGE_CURVE('',#1873,#1874,#2206,.T.);
#1386=EDGE_CURVE('',#1851,#1874,#2207,.T.);
#1387=EDGE_CURVE('',#1839,#1874,#149,.T.);
#1388=EDGE_CURVE('',#1875,#1842,#150,.T.);
#1389=EDGE_CURVE('',#1848,#1875,#2208,.T.);
#1390=EDGE_CURVE('',#1875,#1872,#2209,.T.);
#1391=EDGE_CURVE('',#1832,#1837,#151,.F.);
#1392=EDGE_CURVE('',#1828,#1822,#152,.F.);
#1393=EDGE_CURVE('',#1820,#1825,#153,.F.);
#1394=EDGE_CURVE('',#1840,#1834,#154,.F.);
#1395=EDGE_CURVE('',#1876,#1876,#155,.T.);
#1396=EDGE_CURVE('',#1877,#1877,#156,.T.);
#1397=EDGE_CURVE('',#1878,#1878,#157,.T.);
#1398=EDGE_CURVE('',#1879,#1879,#158,.T.);
#1399=EDGE_CURVE('',#1880,#1880,#159,.T.);
#1400=EDGE_CURVE('',#1881,#1881,#160,.T.);
#1401=EDGE_CURVE('',#1882,#1882,#161,.T.);
#1402=EDGE_CURVE('',#1883,#1883,#162,.T.);
#1403=EDGE_CURVE('',#1884,#1885,#2210,.T.);
#1404=EDGE_CURVE('',#1884,#1886,#2211,.T.);
#1405=EDGE_CURVE('',#1886,#1887,#2212,.T.);
#1406=EDGE_CURVE('',#1885,#1887,#2213,.T.);
#1407=EDGE_CURVE('',#1888,#1889,#2214,.T.);
#1408=EDGE_CURVE('',#1888,#1890,#2215,.T.);
#1409=EDGE_CURVE('',#1890,#1891,#2216,.T.);
#1410=EDGE_CURVE('',#1891,#1889,#2217,.T.);
#1411=EDGE_CURVE('',#1892,#1893,#2218,.T.);
#1412=EDGE_CURVE('',#1892,#1894,#2219,.T.);
#1413=EDGE_CURVE('',#1894,#1895,#2220,.T.);
#1414=EDGE_CURVE('',#1896,#1895,#2221,.T.);
#1415=EDGE_CURVE('',#1897,#1896,#2222,.T.);
#1416=EDGE_CURVE('',#1897,#1898,#2223,.T.);
#1417=EDGE_CURVE('',#1898,#1899,#2224,.T.);
#1418=EDGE_CURVE('',#1899,#1893,#2225,.F.);
#1419=EDGE_CURVE('',#1900,#1901,#2226,.T.);
#1420=EDGE_CURVE('',#1900,#1902,#2227,.T.);
#1421=EDGE_CURVE('',#1902,#1903,#2228,.T.);
#1422=EDGE_CURVE('',#1903,#1901,#2229,.T.);
#1423=EDGE_CURVE('',#1904,#1905,#14,.T.);
#1424=EDGE_CURVE('',#1904,#1906,#163,.F.);
#1425=EDGE_CURVE('',#1907,#1906,#15,.T.);
#1426=EDGE_CURVE('',#1908,#1907,#2230,.F.);
#1427=EDGE_CURVE('',#1908,#1909,#16,.F.);
#1428=EDGE_CURVE('',#1905,#1909,#2231,.T.);
#1429=EDGE_CURVE('',#1910,#1911,#2232,.T.);
#1430=EDGE_CURVE('',#1910,#1912,#164,.T.);
#1431=EDGE_CURVE('',#1912,#1913,#2233,.T.);
#1432=EDGE_CURVE('',#1914,#1913,#2234,.T.);
#1433=EDGE_CURVE('',#1914,#1915,#2235,.T.);
#1434=EDGE_CURVE('',#1915,#1911,#165,.T.);
#1435=EDGE_CURVE('',#1915,#1907,#2236,.F.);
#1436=EDGE_CURVE('',#1914,#1916,#166,.F.);
#1437=EDGE_CURVE('',#1917,#1916,#2237,.T.);
#1438=EDGE_CURVE('',#1917,#1918,#167,.F.);
#1439=EDGE_CURVE('',#1919,#1918,#2238,.T.);
#1440=EDGE_CURVE('',#1919,#1920,#168,.F.);
#1441=EDGE_CURVE('',#1920,#1921,#2239,.T.);
#1442=EDGE_CURVE('',#1921,#1922,#169,.F.);
#1443=EDGE_CURVE('',#1923,#1922,#2240,.T.);
#1444=EDGE_CURVE('',#1924,#1923,#2241,.T.);
#1445=EDGE_CURVE('',#1924,#1925,#2242,.F.);
#1446=EDGE_CURVE('',#1925,#1926,#170,.T.);
#1447=EDGE_CURVE('',#1926,#1927,#2243,.F.);
#1448=EDGE_CURVE('',#1927,#1928,#171,.T.);
#1449=EDGE_CURVE('',#1928,#1929,#2244,.F.);
#1450=EDGE_CURVE('',#1929,#1930,#172,.T.);
#1451=EDGE_CURVE('',#1930,#1931,#2245,.F.);
#1452=EDGE_CURVE('',#1931,#1908,#173,.T.);
#1453=EDGE_CURVE('',#1932,#1933,#174,.T.);
#1454=EDGE_CURVE('',#1934,#1932,#2246,.T.);
#1455=EDGE_CURVE('',#1935,#1934,#175,.T.);
#1456=EDGE_CURVE('',#1935,#1936,#2247,.T.);
#1457=EDGE_CURVE('',#1937,#1936,#176,.T.);
#1458=EDGE_CURVE('',#1937,#1938,#2248,.T.);
#1459=EDGE_CURVE('',#1939,#1938,#177,.T.);
#1460=EDGE_CURVE('',#1933,#1939,#2249,.T.);
#1461=EDGE_CURVE('',#1940,#1941,#178,.T.);
#1462=EDGE_CURVE('',#1942,#1940,#2250,.T.);
#1463=EDGE_CURVE('',#1943,#1942,#179,.T.);
#1464=EDGE_CURVE('',#1943,#1944,#2251,.T.);
#1465=EDGE_CURVE('',#1945,#1944,#180,.T.);
#1466=EDGE_CURVE('',#1945,#1946,#2252,.T.);
#1467=EDGE_CURVE('',#1947,#1946,#181,.T.);
#1468=EDGE_CURVE('',#1941,#1947,#2253,.T.);
#1469=EDGE_CURVE('',#1948,#1949,#182,.T.);
#1470=EDGE_CURVE('',#1950,#1948,#2254,.T.);
#1471=EDGE_CURVE('',#1951,#1950,#183,.T.);
#1472=EDGE_CURVE('',#1951,#1952,#2255,.T.);
#1473=EDGE_CURVE('',#1953,#1952,#184,.T.);
#1474=EDGE_CURVE('',#1953,#1954,#2256,.T.);
#1475=EDGE_CURVE('',#1955,#1954,#185,.T.);
#1476=EDGE_CURVE('',#1949,#1955,#2257,.T.);
#1477=EDGE_CURVE('',#1956,#1957,#186,.T.);
#1478=EDGE_CURVE('',#1958,#1956,#2258,.T.);
#1479=EDGE_CURVE('',#1959,#1958,#187,.T.);
#1480=EDGE_CURVE('',#1959,#1960,#2259,.T.);
#1481=EDGE_CURVE('',#1961,#1960,#188,.T.);
#1482=EDGE_CURVE('',#1961,#1962,#2260,.T.);
#1483=EDGE_CURVE('',#1963,#1962,#189,.T.);
#1484=EDGE_CURVE('',#1957,#1963,#2261,.T.);
#1485=EDGE_CURVE('',#1964,#1965,#190,.T.);
#1486=EDGE_CURVE('',#1966,#1964,#2262,.T.);
#1487=EDGE_CURVE('',#1967,#1966,#191,.T.);
#1488=EDGE_CURVE('',#1967,#1968,#2263,.T.);
#1489=EDGE_CURVE('',#1969,#1968,#192,.T.);
#1490=EDGE_CURVE('',#1969,#1970,#2264,.T.);
#1491=EDGE_CURVE('',#1971,#1970,#193,.T.);
#1492=EDGE_CURVE('',#1965,#1971,#2265,.T.);
#1493=EDGE_CURVE('',#1972,#1973,#194,.T.);
#1494=EDGE_CURVE('',#1974,#1972,#2266,.T.);
#1495=EDGE_CURVE('',#1975,#1974,#195,.T.);
#1496=EDGE_CURVE('',#1975,#1976,#2267,.T.);
#1497=EDGE_CURVE('',#1977,#1976,#196,.T.);
#1498=EDGE_CURVE('',#1977,#1978,#2268,.T.);
#1499=EDGE_CURVE('',#1979,#1978,#197,.T.);
#1500=EDGE_CURVE('',#1973,#1979,#2269,.T.);
#1501=EDGE_CURVE('',#1980,#1981,#198,.T.);
#1502=EDGE_CURVE('',#1982,#1980,#2270,.T.);
#1503=EDGE_CURVE('',#1983,#1982,#199,.T.);
#1504=EDGE_CURVE('',#1983,#1984,#2271,.T.);
#1505=EDGE_CURVE('',#1985,#1984,#200,.T.);
#1506=EDGE_CURVE('',#1985,#1986,#2272,.T.);
#1507=EDGE_CURVE('',#1987,#1986,#201,.T.);
#1508=EDGE_CURVE('',#1981,#1987,#2273,.T.);
#1509=EDGE_CURVE('',#1988,#1989,#202,.T.);
#1510=EDGE_CURVE('',#1990,#1988,#2274,.T.);
#1511=EDGE_CURVE('',#1991,#1990,#203,.T.);
#1512=EDGE_CURVE('',#1991,#1992,#2275,.T.);
#1513=EDGE_CURVE('',#1993,#1992,#204,.T.);
#1514=EDGE_CURVE('',#1993,#1994,#2276,.T.);
#1515=EDGE_CURVE('',#1995,#1994,#205,.T.);
#1516=EDGE_CURVE('',#1989,#1995,#2277,.T.);
#1517=EDGE_CURVE('',#1996,#1997,#206,.T.);
#1518=EDGE_CURVE('',#1998,#1996,#2278,.T.);
#1519=EDGE_CURVE('',#1999,#1998,#207,.T.);
#1520=EDGE_CURVE('',#1999,#2000,#2279,.T.);
#1521=EDGE_CURVE('',#2001,#2000,#208,.T.);
#1522=EDGE_CURVE('',#2001,#2002,#2280,.T.);
#1523=EDGE_CURVE('',#2003,#2002,#209,.T.);
#1524=EDGE_CURVE('',#1997,#2003,#2281,.T.);
#1525=EDGE_CURVE('',#2004,#2005,#210,.T.);
#1526=EDGE_CURVE('',#2006,#2004,#2282,.T.);
#1527=EDGE_CURVE('',#2007,#2006,#211,.T.);
#1528=EDGE_CURVE('',#2007,#2008,#2283,.T.);
#1529=EDGE_CURVE('',#2009,#2008,#212,.T.);
#1530=EDGE_CURVE('',#2009,#2010,#2284,.T.);
#1531=EDGE_CURVE('',#2011,#2010,#213,.T.);
#1532=EDGE_CURVE('',#2005,#2011,#2285,.T.);
#1533=EDGE_CURVE('',#2012,#2013,#214,.T.);
#1534=EDGE_CURVE('',#2014,#2012,#2286,.T.);
#1535=EDGE_CURVE('',#2015,#2014,#215,.T.);
#1536=EDGE_CURVE('',#2015,#2016,#2287,.T.);
#1537=EDGE_CURVE('',#2017,#2016,#216,.T.);
#1538=EDGE_CURVE('',#2017,#2018,#2288,.T.);
#1539=EDGE_CURVE('',#2019,#2018,#217,.T.);
#1540=EDGE_CURVE('',#2013,#2019,#2289,.T.);
#1541=EDGE_CURVE('',#2020,#2021,#2290,.T.);
#1542=EDGE_CURVE('',#2022,#2020,#2291,.T.);
#1543=EDGE_CURVE('',#2023,#2022,#2292,.T.);
#1544=EDGE_CURVE('',#2023,#2021,#2293,.T.);
#1545=EDGE_CURVE('',#2024,#2024,#218,.F.);
#1546=EDGE_CURVE('',#2025,#2025,#219,.F.);
#1547=EDGE_CURVE('',#2026,#2026,#220,.F.);
#1548=EDGE_CURVE('',#2027,#2027,#221,.F.);
#1549=EDGE_CURVE('',#2028,#2029,#2294,.T.);
#1550=EDGE_CURVE('',#2030,#2029,#222,.T.);
#1551=EDGE_CURVE('',#2030,#2031,#2295,.T.);
#1552=EDGE_CURVE('',#2032,#2031,#223,.T.);
#1553=EDGE_CURVE('',#2032,#2033,#2296,.T.);
#1554=EDGE_CURVE('',#2034,#2033,#224,.T.);
#1555=EDGE_CURVE('',#2034,#2035,#2297,.T.);
#1556=EDGE_CURVE('',#2028,#2035,#225,.T.);
#1557=EDGE_CURVE('',#2036,#2037,#2298,.T.);
#1558=EDGE_CURVE('',#2036,#2038,#226,.T.);
#1559=EDGE_CURVE('',#2039,#2038,#2299,.T.);
#1560=EDGE_CURVE('',#2039,#1903,#227,.T.);
#1561=EDGE_CURVE('',#1895,#1902,#228,.T.);
#1562=EDGE_CURVE('',#2021,#1894,#229,.T.);
#1563=EDGE_CURVE('',#2023,#2040,#230,.T.);
#1564=EDGE_CURVE('',#2041,#2040,#2300,.T.);
#1565=EDGE_CURVE('',#2041,#1891,#231,.T.);
#1566=EDGE_CURVE('',#1887,#1890,#232,.T.);
#1567=EDGE_CURVE('',#2037,#1886,#233,.T.);
#1568=EDGE_CURVE('',#1905,#2042,#234,.T.);
#1569=EDGE_CURVE('',#1909,#2029,#2301,.T.);
#1570=EDGE_CURVE('',#2043,#2028,#2302,.T.);
#1571=EDGE_CURVE('',#2043,#2044,#2303,.T.);
#1572=EDGE_CURVE('',#2045,#2044,#235,.T.);
#1573=EDGE_CURVE('',#2045,#2042,#2304,.T.);
#1574=EDGE_CURVE('',#2046,#2035,#2305,.T.);
#1575=EDGE_CURVE('',#2046,#2043,#236,.F.);
#1576=EDGE_CURVE('',#2047,#2034,#2306,.T.);
#1577=EDGE_CURVE('',#2047,#2046,#2307,.T.);
#1578=EDGE_CURVE('',#2048,#2033,#2308,.T.);
#1579=EDGE_CURVE('',#2048,#2047,#237,.F.);
#1580=EDGE_CURVE('',#2049,#2032,#2309,.T.);
#1581=EDGE_CURVE('',#2049,#2048,#2310,.T.);
#1582=EDGE_CURVE('',#2050,#2031,#2311,.T.);
#1583=EDGE_CURVE('',#2050,#2049,#238,.F.);
#1584=EDGE_CURVE('',#2051,#2030,#2312,.T.);
#1585=EDGE_CURVE('',#2051,#2050,#2313,.T.);
#1586=EDGE_CURVE('',#2052,#2053,#239,.T.);
#1587=EDGE_CURVE('',#1932,#2052,#2314,.T.);
#1588=EDGE_CURVE('',#1933,#2053,#2315,.T.);
#1589=EDGE_CURVE('',#2054,#2052,#2316,.T.);
#1590=EDGE_CURVE('',#1934,#2054,#2317,.T.);
#1591=EDGE_CURVE('',#2055,#2054,#240,.T.);
#1592=EDGE_CURVE('',#1935,#2055,#2318,.T.);
#1593=EDGE_CURVE('',#2055,#2056,#2319,.T.);
#1594=EDGE_CURVE('',#1936,#2056,#2320,.T.);
#1595=EDGE_CURVE('',#2057,#2056,#241,.T.);
#1596=EDGE_CURVE('',#1937,#2057,#2321,.T.);
#1597=EDGE_CURVE('',#2057,#2058,#2322,.T.);
#1598=EDGE_CURVE('',#1938,#2058,#2323,.T.);
#1599=EDGE_CURVE('',#2059,#2058,#242,.T.);
#1600=EDGE_CURVE('',#1939,#2059,#2324,.T.);
#1601=EDGE_CURVE('',#2060,#2061,#243,.T.);
#1602=EDGE_CURVE('',#1940,#2060,#2325,.T.);
#1603=EDGE_CURVE('',#1941,#2061,#2326,.T.);
#1604=EDGE_CURVE('',#2062,#2060,#2327,.T.);
#1605=EDGE_CURVE('',#1942,#2062,#2328,.T.);
#1606=EDGE_CURVE('',#2063,#2062,#244,.T.);
#1607=EDGE_CURVE('',#1943,#2063,#2329,.T.);
#1608=EDGE_CURVE('',#2063,#2064,#2330,.T.);
#1609=EDGE_CURVE('',#1944,#2064,#2331,.T.);
#1610=EDGE_CURVE('',#2065,#2064,#245,.T.);
#1611=EDGE_CURVE('',#1945,#2065,#2332,.T.);
#1612=EDGE_CURVE('',#2065,#2066,#2333,.T.);
#1613=EDGE_CURVE('',#1946,#2066,#2334,.T.);
#1614=EDGE_CURVE('',#2067,#2066,#246,.T.);
#1615=EDGE_CURVE('',#1947,#2067,#2335,.T.);
#1616=EDGE_CURVE('',#2068,#2069,#247,.T.);
#1617=EDGE_CURVE('',#1948,#2068,#2336,.T.);
#1618=EDGE_CURVE('',#1949,#2069,#2337,.T.);
#1619=EDGE_CURVE('',#2070,#2068,#2338,.T.);
#1620=EDGE_CURVE('',#1950,#2070,#2339,.T.);
#1621=EDGE_CURVE('',#2071,#2070,#248,.T.);
#1622=EDGE_CURVE('',#1951,#2071,#2340,.T.);
#1623=EDGE_CURVE('',#2071,#2072,#2341,.T.);
#1624=EDGE_CURVE('',#1952,#2072,#2342,.T.);
#1625=EDGE_CURVE('',#2073,#2072,#249,.T.);
#1626=EDGE_CURVE('',#1953,#2073,#2343,.T.);
#1627=EDGE_CURVE('',#2073,#2074,#2344,.T.);
#1628=EDGE_CURVE('',#1954,#2074,#2345,.T.);
#1629=EDGE_CURVE('',#2075,#2074,#250,.T.);
#1630=EDGE_CURVE('',#1955,#2075,#2346,.T.);
#1631=EDGE_CURVE('',#2076,#2077,#251,.T.);
#1632=EDGE_CURVE('',#1956,#2076,#2347,.T.);
#1633=EDGE_CURVE('',#1957,#2077,#2348,.T.);
#1634=EDGE_CURVE('',#2078,#2076,#2349,.T.);
#1635=EDGE_CURVE('',#1958,#2078,#2350,.T.);
#1636=EDGE_CURVE('',#2079,#2078,#252,.T.);
#1637=EDGE_CURVE('',#1959,#2079,#2351,.T.);
#1638=EDGE_CURVE('',#2079,#2080,#2352,.T.);
#1639=EDGE_CURVE('',#1960,#2080,#2353,.T.);
#1640=EDGE_CURVE('',#2081,#2080,#253,.T.);
#1641=EDGE_CURVE('',#1961,#2081,#2354,.T.);
#1642=EDGE_CURVE('',#2081,#2082,#2355,.T.);
#1643=EDGE_CURVE('',#1962,#2082,#2356,.T.);
#1644=EDGE_CURVE('',#2083,#2082,#254,.T.);
#1645=EDGE_CURVE('',#1963,#2083,#2357,.T.);
#1646=EDGE_CURVE('',#2084,#2085,#255,.T.);
#1647=EDGE_CURVE('',#1964,#2084,#2358,.T.);
#1648=EDGE_CURVE('',#1965,#2085,#2359,.T.);
#1649=EDGE_CURVE('',#2086,#2084,#2360,.T.);
#1650=EDGE_CURVE('',#1966,#2086,#2361,.T.);
#1651=EDGE_CURVE('',#2087,#2086,#256,.T.);
#1652=EDGE_CURVE('',#1967,#2087,#2362,.T.);
#1653=EDGE_CURVE('',#2087,#2088,#2363,.T.);
#1654=EDGE_CURVE('',#1968,#2088,#2364,.T.);
#1655=EDGE_CURVE('',#2089,#2088,#257,.T.);
#1656=EDGE_CURVE('',#1969,#2089,#2365,.T.);
#1657=EDGE_CURVE('',#2089,#2090,#2366,.T.);
#1658=EDGE_CURVE('',#1970,#2090,#2367,.T.);
#1659=EDGE_CURVE('',#2091,#2090,#258,.T.);
#1660=EDGE_CURVE('',#1971,#2091,#2368,.T.);
#1661=EDGE_CURVE('',#2092,#2093,#259,.T.);
#1662=EDGE_CURVE('',#1972,#2092,#2369,.T.);
#1663=EDGE_CURVE('',#1973,#2093,#2370,.T.);
#1664=EDGE_CURVE('',#2094,#2092,#2371,.T.);
#1665=EDGE_CURVE('',#1974,#2094,#2372,.T.);
#1666=EDGE_CURVE('',#2095,#2094,#260,.T.);
#1667=EDGE_CURVE('',#1975,#2095,#2373,.T.);
#1668=EDGE_CURVE('',#2095,#2096,#2374,.T.);
#1669=EDGE_CURVE('',#1976,#2096,#2375,.T.);
#1670=EDGE_CURVE('',#2097,#2096,#261,.T.);
#1671=EDGE_CURVE('',#1977,#2097,#2376,.T.);
#1672=EDGE_CURVE('',#2097,#2098,#2377,.T.);
#1673=EDGE_CURVE('',#1978,#2098,#2378,.T.);
#1674=EDGE_CURVE('',#2099,#2098,#262,.T.);
#1675=EDGE_CURVE('',#1979,#2099,#2379,.T.);
#1676=EDGE_CURVE('',#2100,#2101,#263,.T.);
#1677=EDGE_CURVE('',#1980,#2100,#2380,.T.);
#1678=EDGE_CURVE('',#1981,#2101,#2381,.T.);
#1679=EDGE_CURVE('',#2102,#2100,#2382,.T.);
#1680=EDGE_CURVE('',#1982,#2102,#2383,.T.);
#1681=EDGE_CURVE('',#2103,#2102,#264,.T.);
#1682=EDGE_CURVE('',#1983,#2103,#2384,.T.);
#1683=EDGE_CURVE('',#2103,#2104,#2385,.T.);
#1684=EDGE_CURVE('',#1984,#2104,#2386,.T.);
#1685=EDGE_CURVE('',#2105,#2104,#265,.T.);
#1686=EDGE_CURVE('',#1985,#2105,#2387,.T.);
#1687=EDGE_CURVE('',#2105,#2106,#2388,.T.);
#1688=EDGE_CURVE('',#1986,#2106,#2389,.T.);
#1689=EDGE_CURVE('',#2107,#2106,#266,.T.);
#1690=EDGE_CURVE('',#1987,#2107,#2390,.T.);
#1691=EDGE_CURVE('',#2108,#2109,#267,.T.);
#1692=EDGE_CURVE('',#1988,#2108,#2391,.T.);
#1693=EDGE_CURVE('',#1989,#2109,#2392,.T.);
#1694=EDGE_CURVE('',#2110,#2108,#2393,.T.);
#1695=EDGE_CURVE('',#1990,#2110,#2394,.T.);
#1696=EDGE_CURVE('',#2111,#2110,#268,.T.);
#1697=EDGE_CURVE('',#1991,#2111,#2395,.T.);
#1698=EDGE_CURVE('',#2111,#2112,#2396,.T.);
#1699=EDGE_CURVE('',#1992,#2112,#2397,.T.);
#1700=EDGE_CURVE('',#2113,#2112,#269,.T.);
#1701=EDGE_CURVE('',#1993,#2113,#2398,.T.);
#1702=EDGE_CURVE('',#2113,#2114,#2399,.T.);
#1703=EDGE_CURVE('',#1994,#2114,#2400,.T.);
#1704=EDGE_CURVE('',#2115,#2114,#270,.T.);
#1705=EDGE_CURVE('',#1995,#2115,#2401,.T.);
#1706=EDGE_CURVE('',#2116,#2117,#271,.T.);
#1707=EDGE_CURVE('',#1996,#2116,#2402,.T.);
#1708=EDGE_CURVE('',#1997,#2117,#2403,.T.);
#1709=EDGE_CURVE('',#2118,#2116,#2404,.T.);
#1710=EDGE_CURVE('',#1998,#2118,#2405,.T.);
#1711=EDGE_CURVE('',#2119,#2118,#272,.T.);
#1712=EDGE_CURVE('',#1999,#2119,#2406,.T.);
#1713=EDGE_CURVE('',#2119,#2120,#2407,.T.);
#1714=EDGE_CURVE('',#2000,#2120,#2408,.T.);
#1715=EDGE_CURVE('',#2121,#2120,#273,.T.);
#1716=EDGE_CURVE('',#2001,#2121,#2409,.T.);
#1717=EDGE_CURVE('',#2121,#2122,#2410,.T.);
#1718=EDGE_CURVE('',#2002,#2122,#2411,.T.);
#1719=EDGE_CURVE('',#2123,#2122,#274,.T.);
#1720=EDGE_CURVE('',#2003,#2123,#2412,.T.);
#1721=EDGE_CURVE('',#2124,#2125,#275,.T.);
#1722=EDGE_CURVE('',#2004,#2124,#2413,.T.);
#1723=EDGE_CURVE('',#2005,#2125,#2414,.T.);
#1724=EDGE_CURVE('',#2126,#2124,#2415,.T.);
#1725=EDGE_CURVE('',#2006,#2126,#2416,.T.);
#1726=EDGE_CURVE('',#2127,#2126,#276,.T.);
#1727=EDGE_CURVE('',#2007,#2127,#2417,.T.);
#1728=EDGE_CURVE('',#2127,#2128,#2418,.T.);
#1729=EDGE_CURVE('',#2008,#2128,#2419,.T.);
#1730=EDGE_CURVE('',#2129,#2128,#277,.T.);
#1731=EDGE_CURVE('',#2009,#2129,#2420,.T.);
#1732=EDGE_CURVE('',#2129,#2130,#2421,.T.);
#1733=EDGE_CURVE('',#2010,#2130,#2422,.T.);
#1734=EDGE_CURVE('',#2131,#2130,#278,.T.);
#1735=EDGE_CURVE('',#2011,#2131,#2423,.T.);
#1736=EDGE_CURVE('',#2132,#2133,#279,.T.);
#1737=EDGE_CURVE('',#2012,#2132,#2424,.T.);
#1738=EDGE_CURVE('',#2013,#2133,#2425,.T.);
#1739=EDGE_CURVE('',#2134,#2132,#2426,.T.);
#1740=EDGE_CURVE('',#2014,#2134,#2427,.T.);
#1741=EDGE_CURVE('',#2135,#2134,#280,.T.);
#1742=EDGE_CURVE('',#2015,#2135,#2428,.T.);
#1743=EDGE_CURVE('',#2135,#2136,#2429,.T.);
#1744=EDGE_CURVE('',#2016,#2136,#2430,.T.);
#1745=EDGE_CURVE('',#2137,#2136,#281,.T.);
#1746=EDGE_CURVE('',#2017,#2137,#2431,.T.);
#1747=EDGE_CURVE('',#2137,#2138,#2432,.T.);
#1748=EDGE_CURVE('',#2018,#2138,#2433,.T.);
#1749=EDGE_CURVE('',#2139,#2138,#282,.T.);
#1750=EDGE_CURVE('',#2019,#2139,#2434,.T.);
#1751=EDGE_CURVE('',#2053,#2059,#2435,.T.);
#1752=EDGE_CURVE('',#2061,#2067,#2436,.T.);
#1753=EDGE_CURVE('',#2069,#2075,#2437,.T.);
#1754=EDGE_CURVE('',#2077,#2083,#2438,.T.);
#1755=EDGE_CURVE('',#2085,#2091,#2439,.T.);
#1756=EDGE_CURVE('',#2093,#2099,#2440,.T.);
#1757=EDGE_CURVE('',#2101,#2107,#2441,.T.);
#1758=EDGE_CURVE('',#2109,#2115,#2442,.T.);
#1759=EDGE_CURVE('',#2117,#2123,#2443,.T.);
#1760=EDGE_CURVE('',#2125,#2131,#2444,.T.);
#1761=EDGE_CURVE('',#2133,#2139,#2445,.T.);
#1762=EDGE_CURVE('',#1909,#2051,#283,.F.);
#1763=EDGE_CURVE('',#2051,#1931,#17,.T.);
#1764=EDGE_CURVE('',#2140,#1924,#18,.T.);
#1765=EDGE_CURVE('',#2141,#2140,#284,.F.);
#1766=EDGE_CURVE('',#2044,#2141,#19,.T.);
#1767=EDGE_CURVE('',#1925,#2043,#20,.F.);
#1768=EDGE_CURVE('',#2050,#1930,#21,.T.);
#1769=EDGE_CURVE('',#1926,#2046,#22,.F.);
#1770=EDGE_CURVE('',#2049,#1929,#23,.T.);
#1771=EDGE_CURVE('',#1927,#2047,#24,.F.);
#1772=EDGE_CURVE('',#2048,#1928,#25,.T.);
#1773=EDGE_CURVE('',#2142,#2037,#2446,.T.);
#1774=EDGE_CURVE('',#2143,#2142,#2447,.T.);
#1775=EDGE_CURVE('',#2036,#2143,#2448,.T.);
#1776=EDGE_CURVE('',#2143,#2144,#285,.T.);
#1777=EDGE_CURVE('',#2038,#2144,#2449,.T.);
#1778=EDGE_CURVE('',#2145,#2144,#2450,.T.);
#1779=EDGE_CURVE('',#2039,#2145,#2451,.T.);
#1780=EDGE_CURVE('',#2145,#1901,#286,.T.);
#1781=EDGE_CURVE('',#2022,#2146,#287,.T.);
#1782=EDGE_CURVE('',#2040,#2146,#2452,.T.);
#1783=EDGE_CURVE('',#2147,#2146,#2453,.T.);
#1784=EDGE_CURVE('',#2041,#2147,#2454,.T.);
#1785=EDGE_CURVE('',#2147,#1889,#288,.T.);
#1786=EDGE_CURVE('',#1892,#2020,#289,.F.);
#1787=EDGE_CURVE('',#2148,#1893,#290,.F.);
#1788=EDGE_CURVE('',#2149,#2148,#2455,.T.);
#1789=EDGE_CURVE('',#2150,#2149,#291,.F.);
#1790=EDGE_CURVE('',#2150,#2151,#2456,.T.);
#1791=EDGE_CURVE('',#2152,#2151,#292,.F.);
#1792=EDGE_CURVE('',#2152,#2153,#2457,.T.);
#1793=EDGE_CURVE('',#1897,#2153,#293,.F.);
#1794=EDGE_CURVE('',#1900,#1896,#294,.F.);
#1795=EDGE_CURVE('',#1884,#2142,#295,.F.);
#1796=EDGE_CURVE('',#1888,#1885,#296,.F.);
#1797=EDGE_CURVE('',#1918,#2151,#2458,.T.);
#1798=EDGE_CURVE('',#1919,#2150,#2459,.T.);
#1799=EDGE_CURVE('',#1917,#2152,#2460,.T.);
#1800=EDGE_CURVE('',#1916,#2153,#2461,.T.);
#1801=EDGE_CURVE('',#1920,#2149,#2462,.T.);
#1802=EDGE_CURVE('',#1921,#2148,#2463,.T.);
#1803=EDGE_CURVE('',#1898,#1913,#297,.T.);
#1804=EDGE_CURVE('',#2154,#2155,#2464,.T.);
#1805=EDGE_CURVE('',#2155,#1923,#298,.T.);
#1806=EDGE_CURVE('',#1922,#2156,#2465,.T.);
#1807=EDGE_CURVE('',#2156,#2157,#2466,.T.);
#1808=EDGE_CURVE('',#2157,#2154,#299,.T.);
#1809=EDGE_CURVE('',#2156,#1899,#300,.T.);
#1810=EDGE_CURVE('',#2042,#1912,#2467,.T.);
#1811=EDGE_CURVE('',#2045,#2157,#2468,.T.);
#1812=EDGE_CURVE('',#1904,#1910,#2469,.T.);
#1813=EDGE_CURVE('',#1906,#1911,#2470,.T.);
#1814=EDGE_CURVE('',#2140,#2155,#2471,.T.);
#1815=EDGE_CURVE('',#2141,#2154,#2472,.T.);
#1816=EDGE_CURVE('',#2158,#2158,#301,.T.);
#1817=EDGE_CURVE('',#2159,#2159,#302,.T.);
#1818=EDGE_CURVE('',#2160,#2160,#303,.T.);
#1819=EDGE_CURVE('',#2161,#2161,#304,.T.);
#1820=VERTEX_POINT('',#4989);
#1821=VERTEX_POINT('',#4990);
#1822=VERTEX_POINT('',#4992);
#1823=VERTEX_POINT('',#4994);
#1824=VERTEX_POINT('',#4998);
#1825=VERTEX_POINT('',#4999);
#1826=VERTEX_POINT('',#5001);
#1827=VERTEX_POINT('',#5003);
#1828=VERTEX_POINT('',#5007);
#1829=VERTEX_POINT('',#5008);
#1830=VERTEX_POINT('',#5010);
#1831=VERTEX_POINT('',#5012);
#1832=VERTEX_POINT('',#5016);
#1833=VERTEX_POINT('',#5017);
#1834=VERTEX_POINT('',#5019);
#1835=VERTEX_POINT('',#5021);
#1836=VERTEX_POINT('',#5025);
#1837=VERTEX_POINT('',#5026);
#1838=VERTEX_POINT('',#5028);
#1839=VERTEX_POINT('',#5030);
#1840=VERTEX_POINT('',#5034);
#1841=VERTEX_POINT('',#5035);
#1842=VERTEX_POINT('',#5037);
#1843=VERTEX_POINT('',#5039);
#1844=VERTEX_POINT('',#5043);
#1845=VERTEX_POINT('',#5045);
#1846=VERTEX_POINT('',#5047);
#1847=VERTEX_POINT('',#5049);
#1848=VERTEX_POINT('',#5053);
#1849=VERTEX_POINT('',#5055);
#1850=VERTEX_POINT('',#5060);
#1851=VERTEX_POINT('',#5062);
#1852=VERTEX_POINT('',#5065);
#1853=VERTEX_POINT('',#5066);
#1854=VERTEX_POINT('',#5068);
#1855=VERTEX_POINT('',#5070);
#1856=VERTEX_POINT('',#5072);
#1857=VERTEX_POINT('',#5074);
#1858=VERTEX_POINT('',#5076);
#1859=VERTEX_POINT('',#5078);
#1860=VERTEX_POINT('',#5082);
#1861=VERTEX_POINT('',#5083);
#1862=VERTEX_POINT('',#5088);
#1863=VERTEX_POINT('',#5092);
#1864=VERTEX_POINT('',#5096);
#1865=VERTEX_POINT('',#5100);
#1866=VERTEX_POINT('',#5104);
#1867=VERTEX_POINT('',#5108);
#1868=VERTEX_POINT('',#5114);
#1869=VERTEX_POINT('',#5116);
#1870=VERTEX_POINT('',#5118);
#1871=VERTEX_POINT('',#5120);
#1872=VERTEX_POINT('',#5123);
#1873=VERTEX_POINT('',#5127);
#1874=VERTEX_POINT('',#5131);
#1875=VERTEX_POINT('',#5137);
#1876=VERTEX_POINT('',#5152);
#1877=VERTEX_POINT('',#5155);
#1878=VERTEX_POINT('',#5158);
#1879=VERTEX_POINT('',#5161);
#1880=VERTEX_POINT('',#5164);
#1881=VERTEX_POINT('',#5168);
#1882=VERTEX_POINT('',#5172);
#1883=VERTEX_POINT('',#5176);
#1884=VERTEX_POINT('',#5181);
#1885=VERTEX_POINT('',#5182);
#1886=VERTEX_POINT('',#5184);
#1887=VERTEX_POINT('',#5186);
#1888=VERTEX_POINT('',#5190);
#1889=VERTEX_POINT('',#5191);
#1890=VERTEX_POINT('',#5193);
#1891=VERTEX_POINT('',#5195);
#1892=VERTEX_POINT('',#5199);
#1893=VERTEX_POINT('',#5200);
#1894=VERTEX_POINT('',#5202);
#1895=VERTEX_POINT('',#5204);
#1896=VERTEX_POINT('',#5206);
#1897=VERTEX_POINT('',#5208);
#1898=VERTEX_POINT('',#5210);
#1899=VERTEX_POINT('',#5212);
#1900=VERTEX_POINT('',#5216);
#1901=VERTEX_POINT('',#5217);
#1902=VERTEX_POINT('',#5219);
#1903=VERTEX_POINT('',#5221);
#1904=VERTEX_POINT('',#5228);
#1905=VERTEX_POINT('',#5229);
#1906=VERTEX_POINT('',#5231);
#1907=VERTEX_POINT('',#5236);
#1908=VERTEX_POINT('',#5238);
#1909=VERTEX_POINT('',#5244);
#1910=VERTEX_POINT('',#5248);
#1911=VERTEX_POINT('',#5249);
#1912=VERTEX_POINT('',#5251);
#1913=VERTEX_POINT('',#5253);
#1914=VERTEX_POINT('',#5255);
#1915=VERTEX_POINT('',#5257);
#1916=VERTEX_POINT('',#5262);
#1917=VERTEX_POINT('',#5264);
#1918=VERTEX_POINT('',#5266);
#1919=VERTEX_POINT('',#5268);
#1920=VERTEX_POINT('',#5270);
#1921=VERTEX_POINT('',#5272);
#1922=VERTEX_POINT('',#5274);
#1923=VERTEX_POINT('',#5276);
#1924=VERTEX_POINT('',#5278);
#1925=VERTEX_POINT('',#5280);
#1926=VERTEX_POINT('',#5282);
#1927=VERTEX_POINT('',#5284);
#1928=VERTEX_POINT('',#5286);
#1929=VERTEX_POINT('',#5288);
#1930=VERTEX_POINT('',#5290);
#1931=VERTEX_POINT('',#5292);
#1932=VERTEX_POINT('',#5295);
#1933=VERTEX_POINT('',#5296);
#1934=VERTEX_POINT('',#5298);
#1935=VERTEX_POINT('',#5300);
#1936=VERTEX_POINT('',#5302);
#1937=VERTEX_POINT('',#5304);
#1938=VERTEX_POINT('',#5306);
#1939=VERTEX_POINT('',#5308);
#1940=VERTEX_POINT('',#5311);
#1941=VERTEX_POINT('',#5312);
#1942=VERTEX_POINT('',#5314);
#1943=VERTEX_POINT('',#5316);
#1944=VERTEX_POINT('',#5318);
#1945=VERTEX_POINT('',#5320);
#1946=VERTEX_POINT('',#5322);
#1947=VERTEX_POINT('',#5324);
#1948=VERTEX_POINT('',#5327);
#1949=VERTEX_POINT('',#5328);
#1950=VERTEX_POINT('',#5330);
#1951=VERTEX_POINT('',#5332);
#1952=VERTEX_POINT('',#5334);
#1953=VERTEX_POINT('',#5336);
#1954=VERTEX_POINT('',#5338);
#1955=VERTEX_POINT('',#5340);
#1956=VERTEX_POINT('',#5343);
#1957=VERTEX_POINT('',#5344);
#1958=VERTEX_POINT('',#5346);
#1959=VERTEX_POINT('',#5348);
#1960=VERTEX_POINT('',#5350);
#1961=VERTEX_POINT('',#5352);
#1962=VERTEX_POINT('',#5354);
#1963=VERTEX_POINT('',#5356);
#1964=VERTEX_POINT('',#5359);
#1965=VERTEX_POINT('',#5360);
#1966=VERTEX_POINT('',#5362);
#1967=VERTEX_POINT('',#5364);
#1968=VERTEX_POINT('',#5366);
#1969=VERTEX_POINT('',#5368);
#1970=VERTEX_POINT('',#5370);
#1971=VERTEX_POINT('',#5372);
#1972=VERTEX_POINT('',#5375);
#1973=VERTEX_POINT('',#5376);
#1974=VERTEX_POINT('',#5378);
#1975=VERTEX_POINT('',#5380);
#1976=VERTEX_POINT('',#5382);
#1977=VERTEX_POINT('',#5384);
#1978=VERTEX_POINT('',#5386);
#1979=VERTEX_POINT('',#5388);
#1980=VERTEX_POINT('',#5391);
#1981=VERTEX_POINT('',#5392);
#1982=VERTEX_POINT('',#5394);
#1983=VERTEX_POINT('',#5396);
#1984=VERTEX_POINT('',#5398);
#1985=VERTEX_POINT('',#5400);
#1986=VERTEX_POINT('',#5402);
#1987=VERTEX_POINT('',#5404);
#1988=VERTEX_POINT('',#5407);
#1989=VERTEX_POINT('',#5408);
#1990=VERTEX_POINT('',#5410);
#1991=VERTEX_POINT('',#5412);
#1992=VERTEX_POINT('',#5414);
#1993=VERTEX_POINT('',#5416);
#1994=VERTEX_POINT('',#5418);
#1995=VERTEX_POINT('',#5420);
#1996=VERTEX_POINT('',#5423);
#1997=VERTEX_POINT('',#5424);
#1998=VERTEX_POINT('',#5426);
#1999=VERTEX_POINT('',#5428);
#2000=VERTEX_POINT('',#5430);
#2001=VERTEX_POINT('',#5432);
#2002=VERTEX_POINT('',#5434);
#2003=VERTEX_POINT('',#5436);
#2004=VERTEX_POINT('',#5439);
#2005=VERTEX_POINT('',#5440);
#2006=VERTEX_POINT('',#5442);
#2007=VERTEX_POINT('',#5444);
#2008=VERTEX_POINT('',#5446);
#2009=VERTEX_POINT('',#5448);
#2010=VERTEX_POINT('',#5450);
#2011=VERTEX_POINT('',#5452);
#2012=VERTEX_POINT('',#5455);
#2013=VERTEX_POINT('',#5456);
#2014=VERTEX_POINT('',#5458);
#2015=VERTEX_POINT('',#5460);
#2016=VERTEX_POINT('',#5462);
#2017=VERTEX_POINT('',#5464);
#2018=VERTEX_POINT('',#5466);
#2019=VERTEX_POINT('',#5468);
#2020=VERTEX_POINT('',#5472);
#2021=VERTEX_POINT('',#5473);
#2022=VERTEX_POINT('',#5475);
#2023=VERTEX_POINT('',#5477);
#2024=VERTEX_POINT('',#5481);
#2025=VERTEX_POINT('',#5483);
#2026=VERTEX_POINT('',#5485);
#2027=VERTEX_POINT('',#5487);
#2028=VERTEX_POINT('',#5489);
#2029=VERTEX_POINT('',#5490);
#2030=VERTEX_POINT('',#5492);
#2031=VERTEX_POINT('',#5494);
#2032=VERTEX_POINT('',#5496);
#2033=VERTEX_POINT('',#5498);
#2034=VERTEX_POINT('',#5500);
#2035=VERTEX_POINT('',#5502);
#2036=VERTEX_POINT('',#5505);
#2037=VERTEX_POINT('',#5506);
#2038=VERTEX_POINT('',#5508);
#2039=VERTEX_POINT('',#5510);
#2040=VERTEX_POINT('',#5515);
#2041=VERTEX_POINT('',#5517);
#2042=VERTEX_POINT('',#5523);
#2043=VERTEX_POINT('',#5526);
#2044=VERTEX_POINT('',#5528);
#2045=VERTEX_POINT('',#5530);
#2046=VERTEX_POINT('',#5534);
#2047=VERTEX_POINT('',#5538);
#2048=VERTEX_POINT('',#5542);
#2049=VERTEX_POINT('',#5546);
#2050=VERTEX_POINT('',#5550);
#2051=VERTEX_POINT('',#5554);
#2052=VERTEX_POINT('',#5558);
#2053=VERTEX_POINT('',#5559);
#2054=VERTEX_POINT('',#5564);
#2055=VERTEX_POINT('',#5568);
#2056=VERTEX_POINT('',#5572);
#2057=VERTEX_POINT('',#5576);
#2058=VERTEX_POINT('',#5580);
#2059=VERTEX_POINT('',#5584);
#2060=VERTEX_POINT('',#5588);
#2061=VERTEX_POINT('',#5589);
#2062=VERTEX_POINT('',#5594);
#2063=VERTEX_POINT('',#5598);
#2064=VERTEX_POINT('',#5602);
#2065=VERTEX_POINT('',#5606);
#2066=VERTEX_POINT('',#5610);
#2067=VERTEX_POINT('',#5614);
#2068=VERTEX_POINT('',#5618);
#2069=VERTEX_POINT('',#5619);
#2070=VERTEX_POINT('',#5624);
#2071=VERTEX_POINT('',#5628);
#2072=VERTEX_POINT('',#5632);
#2073=VERTEX_POINT('',#5636);
#2074=VERTEX_POINT('',#5640);
#2075=VERTEX_POINT('',#5644);
#2076=VERTEX_POINT('',#5648);
#2077=VERTEX_POINT('',#5649);
#2078=VERTEX_POINT('',#5654);
#2079=VERTEX_POINT('',#5658);
#2080=VERTEX_POINT('',#5662);
#2081=VERTEX_POINT('',#5666);
#2082=VERTEX_POINT('',#5670);
#2083=VERTEX_POINT('',#5674);
#2084=VERTEX_POINT('',#5678);
#2085=VERTEX_POINT('',#5679);
#2086=VERTEX_POINT('',#5684);
#2087=VERTEX_POINT('',#5688);
#2088=VERTEX_POINT('',#5692);
#2089=VERTEX_POINT('',#5696);
#2090=VERTEX_POINT('',#5700);
#2091=VERTEX_POINT('',#5704);
#2092=VERTEX_POINT('',#5708);
#2093=VERTEX_POINT('',#5709);
#2094=VERTEX_POINT('',#5714);
#2095=VERTEX_POINT('',#5718);
#2096=VERTEX_POINT('',#5722);
#2097=VERTEX_POINT('',#5726);
#2098=VERTEX_POINT('',#5730);
#2099=VERTEX_POINT('',#5734);
#2100=VERTEX_POINT('',#5738);
#2101=VERTEX_POINT('',#5739);
#2102=VERTEX_POINT('',#5744);
#2103=VERTEX_POINT('',#5748);
#2104=VERTEX_POINT('',#5752);
#2105=VERTEX_POINT('',#5756);
#2106=VERTEX_POINT('',#5760);
#2107=VERTEX_POINT('',#5764);
#2108=VERTEX_POINT('',#5768);
#2109=VERTEX_POINT('',#5769);
#2110=VERTEX_POINT('',#5774);
#2111=VERTEX_POINT('',#5778);
#2112=VERTEX_POINT('',#5782);
#2113=VERTEX_POINT('',#5786);
#2114=VERTEX_POINT('',#5790);
#2115=VERTEX_POINT('',#5794);
#2116=VERTEX_POINT('',#5798);
#2117=VERTEX_POINT('',#5799);
#2118=VERTEX_POINT('',#5804);
#2119=VERTEX_POINT('',#5808);
#2120=VERTEX_POINT('',#5812);
#2121=VERTEX_POINT('',#5816);
#2122=VERTEX_POINT('',#5820);
#2123=VERTEX_POINT('',#5824);
#2124=VERTEX_POINT('',#5828);
#2125=VERTEX_POINT('',#5829);
#2126=VERTEX_POINT('',#5834);
#2127=VERTEX_POINT('',#5838);
#2128=VERTEX_POINT('',#5842);
#2129=VERTEX_POINT('',#5846);
#2130=VERTEX_POINT('',#5850);
#2131=VERTEX_POINT('',#5854);
#2132=VERTEX_POINT('',#5858);
#2133=VERTEX_POINT('',#5859);
#2134=VERTEX_POINT('',#5864);
#2135=VERTEX_POINT('',#5868);
#2136=VERTEX_POINT('',#5872);
#2137=VERTEX_POINT('',#5876);
#2138=VERTEX_POINT('',#5880);
#2139=VERTEX_POINT('',#5884);
#2140=VERTEX_POINT('',#5921);
#2141=VERTEX_POINT('',#5923);
#2142=VERTEX_POINT('',#5966);
#2143=VERTEX_POINT('',#5968);
#2144=VERTEX_POINT('',#5972);
#2145=VERTEX_POINT('',#5976);
#2146=VERTEX_POINT('',#5982);
#2147=VERTEX_POINT('',#5986);
#2148=VERTEX_POINT('',#5993);
#2149=VERTEX_POINT('',#5995);
#2150=VERTEX_POINT('',#5997);
#2151=VERTEX_POINT('',#5999);
#2152=VERTEX_POINT('',#6001);
#2153=VERTEX_POINT('',#6003);
#2154=VERTEX_POINT('',#6023);
#2155=VERTEX_POINT('',#6024);
#2156=VERTEX_POINT('',#6027);
#2157=VERTEX_POINT('',#6029);
#2158=VERTEX_POINT('',#6052);
#2159=VERTEX_POINT('',#6056);
#2160=VERTEX_POINT('',#6060);
#2161=VERTEX_POINT('',#6064);
#2162=LINE('',#4988,#2473);
#2163=LINE('',#4991,#2474);
#2164=LINE('',#4993,#2475);
#2165=LINE('',#4995,#2476);
#2166=LINE('',#4997,#2477);
#2167=LINE('',#5000,#2478);
#2168=LINE('',#5002,#2479);
#2169=LINE('',#5004,#2480);
#2170=LINE('',#5006,#2481);
#2171=LINE('',#5009,#2482);
#2172=LINE('',#5011,#2483);
#2173=LINE('',#5013,#2484);
#2174=LINE('',#5015,#2485);
#2175=LINE('',#5018,#2486);
#2176=LINE('',#5020,#2487);
#2177=LINE('',#5022,#2488);
#2178=LINE('',#5024,#2489);
#2179=LINE('',#5027,#2490);
#2180=LINE('',#5029,#2491);
#2181=LINE('',#5031,#2492);
#2182=LINE('',#5033,#2493);
#2183=LINE('',#5036,#2494);
#2184=LINE('',#5038,#2495);
#2185=LINE('',#5040,#2496);
#2186=LINE('',#5054,#2497);
#2187=LINE('',#5061,#2498);
#2188=LINE('',#5064,#2499);
#2189=LINE('',#5069,#2500);
#2190=LINE('',#5073,#2501);
#2191=LINE('',#5077,#2502);
#2192=LINE('',#5081,#2503);
#2193=LINE('',#5084,#2504);
#2194=LINE('',#5085,#2505);
#2195=LINE('',#5089,#2506);
#2196=LINE('',#5091,#2507);
#2197=LINE('',#5093,#2508);
#2198=LINE('',#5097,#2509);
#2199=LINE('',#5099,#2510);
#2200=LINE('',#5101,#2511);
#2201=LINE('',#5105,#2512);
#2202=LINE('',#5107,#2513);
#2203=LINE('',#5109,#2514);
#2204=LINE('',#5124,#2515);
#2205=LINE('',#5128,#2516);
#2206=LINE('',#5130,#2517);
#2207=LINE('',#5132,#2518);
#2208=LINE('',#5138,#2519);
#2209=LINE('',#5140,#2520);
#2210=LINE('',#5180,#2521);
#2211=LINE('',#5183,#2522);
#2212=LINE('',#5185,#2523);
#2213=LINE('',#5187,#2524);
#2214=LINE('',#5189,#2525);
#2215=LINE('',#5192,#2526);
#2216=LINE('',#5194,#2527);
#2217=LINE('',#5196,#2528);
#2218=LINE('',#5198,#2529);
#2219=LINE('',#5201,#2530);
#2220=LINE('',#5203,#2531);
#2221=LINE('',#5205,#2532);
#2222=LINE('',#5207,#2533);
#2223=LINE('',#5209,#2534);
#2224=LINE('',#5211,#2535);
#2225=LINE('',#5213,#2536);
#2226=LINE('',#5215,#2537);
#2227=LINE('',#5218,#2538);
#2228=LINE('',#5220,#2539);
#2229=LINE('',#5222,#2540);
#2230=LINE('',#5237,#2541);
#2231=LINE('',#5245,#2542);
#2232=LINE('',#5247,#2543);
#2233=LINE('',#5252,#2544);
#2234=LINE('',#5254,#2545);
#2235=LINE('',#5256,#2546);
#2236=LINE('',#5260,#2547);
#2237=LINE('',#5263,#2548);
#2238=LINE('',#5267,#2549);
#2239=LINE('',#5271,#2550);
#2240=LINE('',#5275,#2551);
#2241=LINE('',#5277,#2552);
#2242=LINE('',#5279,#2553);
#2243=LINE('',#5283,#2554);
#2244=LINE('',#5287,#2555);
#2245=LINE('',#5291,#2556);
#2246=LINE('',#5297,#2557);
#2247=LINE('',#5301,#2558);
#2248=LINE('',#5305,#2559);
#2249=LINE('',#5309,#2560);
#2250=LINE('',#5313,#2561);
#2251=LINE('',#5317,#2562);
#2252=LINE('',#5321,#2563);
#2253=LINE('',#5325,#2564);
#2254=LINE('',#5329,#2565);
#2255=LINE('',#5333,#2566);
#2256=LINE('',#5337,#2567);
#2257=LINE('',#5341,#2568);
#2258=LINE('',#5345,#2569);
#2259=LINE('',#5349,#2570);
#2260=LINE('',#5353,#2571);
#2261=LINE('',#5357,#2572);
#2262=LINE('',#5361,#2573);
#2263=LINE('',#5365,#2574);
#2264=LINE('',#5369,#2575);
#2265=LINE('',#5373,#2576);
#2266=LINE('',#5377,#2577);
#2267=LINE('',#5381,#2578);
#2268=LINE('',#5385,#2579);
#2269=LINE('',#5389,#2580);
#2270=LINE('',#5393,#2581);
#2271=LINE('',#5397,#2582);
#2272=LINE('',#5401,#2583);
#2273=LINE('',#5405,#2584);
#2274=LINE('',#5409,#2585);
#2275=LINE('',#5413,#2586);
#2276=LINE('',#5417,#2587);
#2277=LINE('',#5421,#2588);
#2278=LINE('',#5425,#2589);
#2279=LINE('',#5429,#2590);
#2280=LINE('',#5433,#2591);
#2281=LINE('',#5437,#2592);
#2282=LINE('',#5441,#2593);
#2283=LINE('',#5445,#2594);
#2284=LINE('',#5449,#2595);
#2285=LINE('',#5453,#2596);
#2286=LINE('',#5457,#2597);
#2287=LINE('',#5461,#2598);
#2288=LINE('',#5465,#2599);
#2289=LINE('',#5469,#2600);
#2290=LINE('',#5471,#2601);
#2291=LINE('',#5474,#2602);
#2292=LINE('',#5476,#2603);
#2293=LINE('',#5478,#2604);
#2294=LINE('',#5488,#2605);
#2295=LINE('',#5493,#2606);
#2296=LINE('',#5497,#2607);
#2297=LINE('',#5501,#2608);
#2298=LINE('',#5504,#2609);
#2299=LINE('',#5509,#2610);
#2300=LINE('',#5516,#2611);
#2301=LINE('',#5524,#2612);
#2302=LINE('',#5525,#2613);
#2303=LINE('',#5527,#2614);
#2304=LINE('',#5531,#2615);
#2305=LINE('',#5533,#2616);
#2306=LINE('',#5537,#2617);
#2307=LINE('',#5539,#2618);
#2308=LINE('',#5541,#2619);
#2309=LINE('',#5545,#2620);
#2310=LINE('',#5547,#2621);
#2311=LINE('',#5549,#2622);
#2312=LINE('',#5553,#2623);
#2313=LINE('',#5555,#2624);
#2314=LINE('',#5560,#2625);
#2315=LINE('',#5561,#2626);
#2316=LINE('',#5563,#2627);
#2317=LINE('',#5565,#2628);
#2318=LINE('',#5569,#2629);
#2319=LINE('',#5571,#2630);
#2320=LINE('',#5573,#2631);
#2321=LINE('',#5577,#2632);
#2322=LINE('',#5579,#2633);
#2323=LINE('',#5581,#2634);
#2324=LINE('',#5585,#2635);
#2325=LINE('',#5590,#2636);
#2326=LINE('',#5591,#2637);
#2327=LINE('',#5593,#2638);
#2328=LINE('',#5595,#2639);
#2329=LINE('',#5599,#2640);
#2330=LINE('',#5601,#2641);
#2331=LINE('',#5603,#2642);
#2332=LINE('',#5607,#2643);
#2333=LINE('',#5609,#2644);
#2334=LINE('',#5611,#2645);
#2335=LINE('',#5615,#2646);
#2336=LINE('',#5620,#2647);
#2337=LINE('',#5621,#2648);
#2338=LINE('',#5623,#2649);
#2339=LINE('',#5625,#2650);
#2340=LINE('',#5629,#2651);
#2341=LINE('',#5631,#2652);
#2342=LINE('',#5633,#2653);
#2343=LINE('',#5637,#2654);
#2344=LINE('',#5639,#2655);
#2345=LINE('',#5641,#2656);
#2346=LINE('',#5645,#2657);
#2347=LINE('',#5650,#2658);
#2348=LINE('',#5651,#2659);
#2349=LINE('',#5653,#2660);
#2350=LINE('',#5655,#2661);
#2351=LINE('',#5659,#2662);
#2352=LINE('',#5661,#2663);
#2353=LINE('',#5663,#2664);
#2354=LINE('',#5667,#2665);
#2355=LINE('',#5669,#2666);
#2356=LINE('',#5671,#2667);
#2357=LINE('',#5675,#2668);
#2358=LINE('',#5680,#2669);
#2359=LINE('',#5681,#2670);
#2360=LINE('',#5683,#2671);
#2361=LINE('',#5685,#2672);
#2362=LINE('',#5689,#2673);
#2363=LINE('',#5691,#2674);
#2364=LINE('',#5693,#2675);
#2365=LINE('',#5697,#2676);
#2366=LINE('',#5699,#2677);
#2367=LINE('',#5701,#2678);
#2368=LINE('',#5705,#2679);
#2369=LINE('',#5710,#2680);
#2370=LINE('',#5711,#2681);
#2371=LINE('',#5713,#2682);
#2372=LINE('',#5715,#2683);
#2373=LINE('',#5719,#2684);
#2374=LINE('',#5721,#2685);
#2375=LINE('',#5723,#2686);
#2376=LINE('',#5727,#2687);
#2377=LINE('',#5729,#2688);
#2378=LINE('',#5731,#2689);
#2379=LINE('',#5735,#2690);
#2380=LINE('',#5740,#2691);
#2381=LINE('',#5741,#2692);
#2382=LINE('',#5743,#2693);
#2383=LINE('',#5745,#2694);
#2384=LINE('',#5749,#2695);
#2385=LINE('',#5751,#2696);
#2386=LINE('',#5753,#2697);
#2387=LINE('',#5757,#2698);
#2388=LINE('',#5759,#2699);
#2389=LINE('',#5761,#2700);
#2390=LINE('',#5765,#2701);
#2391=LINE('',#5770,#2702);
#2392=LINE('',#5771,#2703);
#2393=LINE('',#5773,#2704);
#2394=LINE('',#5775,#2705);
#2395=LINE('',#5779,#2706);
#2396=LINE('',#5781,#2707);
#2397=LINE('',#5783,#2708);
#2398=LINE('',#5787,#2709);
#2399=LINE('',#5789,#2710);
#2400=LINE('',#5791,#2711);
#2401=LINE('',#5795,#2712);
#2402=LINE('',#5800,#2713);
#2403=LINE('',#5801,#2714);
#2404=LINE('',#5803,#2715);
#2405=LINE('',#5805,#2716);
#2406=LINE('',#5809,#2717);
#2407=LINE('',#5811,#2718);
#2408=LINE('',#5813,#2719);
#2409=LINE('',#5817,#2720);
#2410=LINE('',#5819,#2721);
#2411=LINE('',#5821,#2722);
#2412=LINE('',#5825,#2723);
#2413=LINE('',#5830,#2724);
#2414=LINE('',#5831,#2725);
#2415=LINE('',#5833,#2726);
#2416=LINE('',#5835,#2727);
#2417=LINE('',#5839,#2728);
#2418=LINE('',#5841,#2729);
#2419=LINE('',#5843,#2730);
#2420=LINE('',#5847,#2731);
#2421=LINE('',#5849,#2732);
#2422=LINE('',#5851,#2733);
#2423=LINE('',#5855,#2734);
#2424=LINE('',#5860,#2735);
#2425=LINE('',#5861,#2736);
#2426=LINE('',#5863,#2737);
#2427=LINE('',#5865,#2738);
#2428=LINE('',#5869,#2739);
#2429=LINE('',#5871,#2740);
#2430=LINE('',#5873,#2741);
#2431=LINE('',#5877,#2742);
#2432=LINE('',#5879,#2743);
#2433=LINE('',#5881,#2744);
#2434=LINE('',#5885,#2745);
#2435=LINE('',#5887,#2746);
#2436=LINE('',#5889,#2747);
#2437=LINE('',#5891,#2748);
#2438=LINE('',#5893,#2749);
#2439=LINE('',#5895,#2750);
#2440=LINE('',#5897,#2751);
#2441=LINE('',#5899,#2752);
#2442=LINE('',#5901,#2753);
#2443=LINE('',#5903,#2754);
#2444=LINE('',#5905,#2755);
#2445=LINE('',#5907,#2756);
#2446=LINE('',#5965,#2757);
#2447=LINE('',#5967,#2758);
#2448=LINE('',#5969,#2759);
#2449=LINE('',#5973,#2760);
#2450=LINE('',#5975,#2761);
#2451=LINE('',#5977,#2762);
#2452=LINE('',#5983,#2763);
#2453=LINE('',#5985,#2764);
#2454=LINE('',#5987,#2765);
#2455=LINE('',#5994,#2766);
#2456=LINE('',#5998,#2767);
#2457=LINE('',#6002,#2768);
#2458=LINE('',#6009,#2769);
#2459=LINE('',#6010,#2770);
#2460=LINE('',#6012,#2771);
#2461=LINE('',#6014,#2772);
#2462=LINE('',#6016,#2773);
#2463=LINE('',#6017,#2774);
#2464=LINE('',#6022,#2775);
#2465=LINE('',#6026,#2776);
#2466=LINE('',#6028,#2777);
#2467=LINE('',#6034,#2778);
#2468=LINE('',#6035,#2779);
#2469=LINE('',#6037,#2780);
#2470=LINE('',#6039,#2781);
#2471=LINE('',#6041,#2782);
#2472=LINE('',#6042,#2783);
#2473=VECTOR('',#3937,1.);
#2474=VECTOR('',#3938,1.);
#2475=VECTOR('',#3939,1.);
#2476=VECTOR('',#3940,1.);
#2477=VECTOR('',#3943,1.);
#2478=VECTOR('',#3944,1.);
#2479=VECTOR('',#3945,1.);
#2480=VECTOR('',#3946,1.);
#2481=VECTOR('',#3949,1.);
#2482=VECTOR('',#3950,1.);
#2483=VECTOR('',#3951,1.);
#2484=VECTOR('',#3952,1.);
#2485=VECTOR('',#3955,1.);
#2486=VECTOR('',#3956,1.);
#2487=VECTOR('',#3957,1.);
#2488=VECTOR('',#3958,1.);
#2489=VECTOR('',#3961,1.);
#2490=VECTOR('',#3962,1.);
#2491=VECTOR('',#3963,1.);
#2492=VECTOR('',#3964,1.);
#2493=VECTOR('',#3967,1.);
#2494=VECTOR('',#3968,1.);
#2495=VECTOR('',#3969,1.);
#2496=VECTOR('',#3970,1.);
#2497=VECTOR('',#3987,1.);
#2498=VECTOR('',#3996,1.);
#2499=VECTOR('',#3999,1.);
#2500=VECTOR('',#4002,1.);
#2501=VECTOR('',#4005,1.);
#2502=VECTOR('',#4008,1.);
#2503=VECTOR('',#4013,1.);
#2504=VECTOR('',#4014,1.);
#2505=VECTOR('',#4015,1.);
#2506=VECTOR('',#4020,1.);
#2507=VECTOR('',#4023,1.);
#2508=VECTOR('',#4024,1.);
#2509=VECTOR('',#4029,1.);
#2510=VECTOR('',#4032,1.);
#2511=VECTOR('',#4033,1.);
#2512=VECTOR('',#4038,1.);
#2513=VECTOR('',#4041,1.);
#2514=VECTOR('',#4042,1.);
#2515=VECTOR('',#4061,1.);
#2516=VECTOR('',#4066,1.);
#2517=VECTOR('',#4069,1.);
#2518=VECTOR('',#4070,1.);
#2519=VECTOR('',#4079,1.);
#2520=VECTOR('',#4082,1.);
#2521=VECTOR('',#4145,1.);
#2522=VECTOR('',#4146,1.);
#2523=VECTOR('',#4147,1.);
#2524=VECTOR('',#4148,1.);
#2525=VECTOR('',#4151,1.);
#2526=VECTOR('',#4152,1.);
#2527=VECTOR('',#4153,1.);
#2528=VECTOR('',#4154,1.);
#2529=VECTOR('',#4157,1.);
#2530=VECTOR('',#4158,1.);
#2531=VECTOR('',#4159,1.);
#2532=VECTOR('',#4160,1.);
#2533=VECTOR('',#4161,1.);
#2534=VECTOR('',#4162,1.);
#2535=VECTOR('',#4163,1.);
#2536=VECTOR('',#4164,1.);
#2537=VECTOR('',#4167,1.);
#2538=VECTOR('',#4168,1.);
#2539=VECTOR('',#4169,1.);
#2540=VECTOR('',#4170,1.);
#2541=VECTOR('',#4175,1.);
#2542=VECTOR('',#4176,1.);
#2543=VECTOR('',#4179,1.);
#2544=VECTOR('',#4182,1.);
#2545=VECTOR('',#4183,1.);
#2546=VECTOR('',#4184,1.);
#2547=VECTOR('',#4189,1.);
#2548=VECTOR('',#4192,1.);
#2549=VECTOR('',#4195,1.);
#2550=VECTOR('',#4198,1.);
#2551=VECTOR('',#4201,1.);
#2552=VECTOR('',#4202,1.);
#2553=VECTOR('',#4203,1.);
#2554=VECTOR('',#4206,1.);
#2555=VECTOR('',#4209,1.);
#2556=VECTOR('',#4212,1.);
#2557=VECTOR('',#4217,1.);
#2558=VECTOR('',#4220,1.);
#2559=VECTOR('',#4223,1.);
#2560=VECTOR('',#4226,1.);
#2561=VECTOR('',#4229,1.);
#2562=VECTOR('',#4232,1.);
#2563=VECTOR('',#4235,1.);
#2564=VECTOR('',#4238,1.);
#2565=VECTOR('',#4241,1.);
#2566=VECTOR('',#4244,1.);
#2567=VECTOR('',#4247,1.);
#2568=VECTOR('',#4250,1.);
#2569=VECTOR('',#4253,1.);
#2570=VECTOR('',#4256,1.);
#2571=VECTOR('',#4259,1.);
#2572=VECTOR('',#4262,1.);
#2573=VECTOR('',#4265,1.);
#2574=VECTOR('',#4268,1.);
#2575=VECTOR('',#4271,1.);
#2576=VECTOR('',#4274,1.);
#2577=VECTOR('',#4277,1.);
#2578=VECTOR('',#4280,1.);
#2579=VECTOR('',#4283,1.);
#2580=VECTOR('',#4286,1.);
#2581=VECTOR('',#4289,1.);
#2582=VECTOR('',#4292,1.);
#2583=VECTOR('',#4295,1.);
#2584=VECTOR('',#4298,1.);
#2585=VECTOR('',#4301,1.);
#2586=VECTOR('',#4304,1.);
#2587=VECTOR('',#4307,1.);
#2588=VECTOR('',#4310,1.);
#2589=VECTOR('',#4313,1.);
#2590=VECTOR('',#4316,1.);
#2591=VECTOR('',#4319,1.);
#2592=VECTOR('',#4322,1.);
#2593=VECTOR('',#4325,1.);
#2594=VECTOR('',#4328,1.);
#2595=VECTOR('',#4331,1.);
#2596=VECTOR('',#4334,1.);
#2597=VECTOR('',#4337,1.);
#2598=VECTOR('',#4340,1.);
#2599=VECTOR('',#4343,1.);
#2600=VECTOR('',#4346,1.);
#2601=VECTOR('',#4349,1.);
#2602=VECTOR('',#4350,1.);
#2603=VECTOR('',#4351,1.);
#2604=VECTOR('',#4352,1.);
#2605=VECTOR('',#4363,1.);
#2606=VECTOR('',#4366,1.);
#2607=VECTOR('',#4369,1.);
#2608=VECTOR('',#4372,1.);
#2609=VECTOR('',#4375,1.);
#2610=VECTOR('',#4378,1.);
#2611=VECTOR('',#4387,1.);
#2612=VECTOR('',#4398,1.);
#2613=VECTOR('',#4399,1.);
#2614=VECTOR('',#4400,1.);
#2615=VECTOR('',#4403,1.);
#2616=VECTOR('',#4406,1.);
#2617=VECTOR('',#4411,1.);
#2618=VECTOR('',#4412,1.);
#2619=VECTOR('',#4415,1.);
#2620=VECTOR('',#4420,1.);
#2621=VECTOR('',#4421,1.);
#2622=VECTOR('',#4424,1.);
#2623=VECTOR('',#4429,1.);
#2624=VECTOR('',#4430,1.);
#2625=VECTOR('',#4435,1.);
#2626=VECTOR('',#4436,1.);
#2627=VECTOR('',#4439,1.);
#2628=VECTOR('',#4440,1.);
#2629=VECTOR('',#4445,1.);
#2630=VECTOR('',#4448,1.);
#2631=VECTOR('',#4449,1.);
#2632=VECTOR('',#4454,1.);
#2633=VECTOR('',#4457,1.);
#2634=VECTOR('',#4458,1.);
#2635=VECTOR('',#4463,1.);
#2636=VECTOR('',#4468,1.);
#2637=VECTOR('',#4469,1.);
#2638=VECTOR('',#4472,1.);
#2639=VECTOR('',#4473,1.);
#2640=VECTOR('',#4478,1.);
#2641=VECTOR('',#4481,1.);
#2642=VECTOR('',#4482,1.);
#2643=VECTOR('',#4487,1.);
#2644=VECTOR('',#4490,1.);
#2645=VECTOR('',#4491,1.);
#2646=VECTOR('',#4496,1.);
#2647=VECTOR('',#4501,1.);
#2648=VECTOR('',#4502,1.);
#2649=VECTOR('',#4505,1.);
#2650=VECTOR('',#4506,1.);
#2651=VECTOR('',#4511,1.);
#2652=VECTOR('',#4514,1.);
#2653=VECTOR('',#4515,1.);
#2654=VECTOR('',#4520,1.);
#2655=VECTOR('',#4523,1.);
#2656=VECTOR('',#4524,1.);
#2657=VECTOR('',#4529,1.);
#2658=VECTOR('',#4534,1.);
#2659=VECTOR('',#4535,1.);
#2660=VECTOR('',#4538,1.);
#2661=VECTOR('',#4539,1.);
#2662=VECTOR('',#4544,1.);
#2663=VECTOR('',#4547,1.);
#2664=VECTOR('',#4548,1.);
#2665=VECTOR('',#4553,1.);
#2666=VECTOR('',#4556,1.);
#2667=VECTOR('',#4557,1.);
#2668=VECTOR('',#4562,1.);
#2669=VECTOR('',#4567,1.);
#2670=VECTOR('',#4568,1.);
#2671=VECTOR('',#4571,1.);
#2672=VECTOR('',#4572,1.);
#2673=VECTOR('',#4577,1.);
#2674=VECTOR('',#4580,1.);
#2675=VECTOR('',#4581,1.);
#2676=VECTOR('',#4586,1.);
#2677=VECTOR('',#4589,1.);
#2678=VECTOR('',#4590,1.);
#2679=VECTOR('',#4595,1.);
#2680=VECTOR('',#4600,1.);
#2681=VECTOR('',#4601,1.);
#2682=VECTOR('',#4604,1.);
#2683=VECTOR('',#4605,1.);
#2684=VECTOR('',#4610,1.);
#2685=VECTOR('',#4613,1.);
#2686=VECTOR('',#4614,1.);
#2687=VECTOR('',#4619,1.);
#2688=VECTOR('',#4622,1.);
#2689=VECTOR('',#4623,1.);
#2690=VECTOR('',#4628,1.);
#2691=VECTOR('',#4633,1.);
#2692=VECTOR('',#4634,1.);
#2693=VECTOR('',#4637,1.);
#2694=VECTOR('',#4638,1.);
#2695=VECTOR('',#4643,1.);
#2696=VECTOR('',#4646,1.);
#2697=VECTOR('',#4647,1.);
#2698=VECTOR('',#4652,1.);
#2699=VECTOR('',#4655,1.);
#2700=VECTOR('',#4656,1.);
#2701=VECTOR('',#4661,1.);
#2702=VECTOR('',#4666,1.);
#2703=VECTOR('',#4667,1.);
#2704=VECTOR('',#4670,1.);
#2705=VECTOR('',#4671,1.);
#2706=VECTOR('',#4676,1.);
#2707=VECTOR('',#4679,1.);
#2708=VECTOR('',#4680,1.);
#2709=VECTOR('',#4685,1.);
#2710=VECTOR('',#4688,1.);
#2711=VECTOR('',#4689,1.);
#2712=VECTOR('',#4694,1.);
#2713=VECTOR('',#4699,1.);
#2714=VECTOR('',#4700,1.);
#2715=VECTOR('',#4703,1.);
#2716=VECTOR('',#4704,1.);
#2717=VECTOR('',#4709,1.);
#2718=VECTOR('',#4712,1.);
#2719=VECTOR('',#4713,1.);
#2720=VECTOR('',#4718,1.);
#2721=VECTOR('',#4721,1.);
#2722=VECTOR('',#4722,1.);
#2723=VECTOR('',#4727,1.);
#2724=VECTOR('',#4732,1.);
#2725=VECTOR('',#4733,1.);
#2726=VECTOR('',#4736,1.);
#2727=VECTOR('',#4737,1.);
#2728=VECTOR('',#4742,1.);
#2729=VECTOR('',#4745,1.);
#2730=VECTOR('',#4746,1.);
#2731=VECTOR('',#4751,1.);
#2732=VECTOR('',#4754,1.);
#2733=VECTOR('',#4755,1.);
#2734=VECTOR('',#4760,1.);
#2735=VECTOR('',#4765,1.);
#2736=VECTOR('',#4766,1.);
#2737=VECTOR('',#4769,1.);
#2738=VECTOR('',#4770,1.);
#2739=VECTOR('',#4775,1.);
#2740=VECTOR('',#4778,1.);
#2741=VECTOR('',#4779,1.);
#2742=VECTOR('',#4784,1.);
#2743=VECTOR('',#4787,1.);
#2744=VECTOR('',#4788,1.);
#2745=VECTOR('',#4793,1.);
#2746=VECTOR('',#4796,1.);
#2747=VECTOR('',#4799,1.);
#2748=VECTOR('',#4802,1.);
#2749=VECTOR('',#4805,1.);
#2750=VECTOR('',#4808,1.);
#2751=VECTOR('',#4811,1.);
#2752=VECTOR('',#4814,1.);
#2753=VECTOR('',#4817,1.);
#2754=VECTOR('',#4820,1.);
#2755=VECTOR('',#4823,1.);
#2756=VECTOR('',#4826,1.);
#2757=VECTOR('',#4851,1.);
#2758=VECTOR('',#4852,1.);
#2759=VECTOR('',#4853,1.);
#2760=VECTOR('',#4858,1.);
#2761=VECTOR('',#4861,1.);
#2762=VECTOR('',#4862,1.);
#2763=VECTOR('',#4871,1.);
#2764=VECTOR('',#4874,1.);
#2765=VECTOR('',#4875,1.);
#2766=VECTOR('',#4886,1.);
#2767=VECTOR('',#4889,1.);
#2768=VECTOR('',#4892,1.);
#2769=VECTOR('',#4903,1.);
#2770=VECTOR('',#4904,1.);
#2771=VECTOR('',#4907,1.);
#2772=VECTOR('',#4910,1.);
#2773=VECTOR('',#4913,1.);
#2774=VECTOR('',#4914,1.);
#2775=VECTOR('',#4923,1.);
#2776=VECTOR('',#4926,1.);
#2777=VECTOR('',#4927,1.);
#2778=VECTOR('',#4936,1.);
#2779=VECTOR('',#4937,1.);
#2780=VECTOR('',#4940,1.);
#2781=VECTOR('',#4943,1.);
#2782=VECTOR('',#4946,1.);
#2783=VECTOR('',#4947,1.);
#2784=EDGE_LOOP('',(#305,#306,#307,#308));
#2785=EDGE_LOOP('',(#309,#310,#311,#312));
#2786=EDGE_LOOP('',(#313,#314,#315,#316));
#2787=EDGE_LOOP('',(#317,#318,#319,#320));
#2788=EDGE_LOOP('',(#321,#322,#323,#324));
#2789=EDGE_LOOP('',(#325,#326,#327,#328));
#2790=EDGE_LOOP('',(#329));
#2791=EDGE_LOOP('',(#330));
#2792=EDGE_LOOP('',(#331));
#2793=EDGE_LOOP('',(#332));
#2794=EDGE_LOOP('',(#333,#334,#335,#336,#337,#338,#339,#340,#341,#342,#343,
#344,#345,#346,#347,#348));
#2795=EDGE_LOOP('',(#349,#350,#351,#352,#353,#354,#355,#356));
#2796=EDGE_LOOP('',(#357,#358,#359,#360));
#2797=EDGE_LOOP('',(#361,#362,#363,#364));
#2798=EDGE_LOOP('',(#365,#366,#367,#368));
#2799=EDGE_LOOP('',(#369,#370,#371,#372));
#2800=EDGE_LOOP('',(#373,#374,#375,#376));
#2801=EDGE_LOOP('',(#377,#378,#379,#380));
#2802=EDGE_LOOP('',(#381,#382,#383,#384));
#2803=EDGE_LOOP('',(#385,#386,#387,#388));
#2804=EDGE_LOOP('',(#389));
#2805=EDGE_LOOP('',(#390));
#2806=EDGE_LOOP('',(#391));
#2807=EDGE_LOOP('',(#392));
#2808=EDGE_LOOP('',(#393,#394,#395,#396,#397,#398,#399,#400));
#2809=EDGE_LOOP('',(#401,#402,#403,#404));
#2810=EDGE_LOOP('',(#405,#406,#407,#408));
#2811=EDGE_LOOP('',(#409,#410,#411,#412));
#2812=EDGE_LOOP('',(#413,#414,#415,#416));
#2813=EDGE_LOOP('',(#417,#418,#419,#420));
#2814=EDGE_LOOP('',(#421,#422,#423,#424));
#2815=EDGE_LOOP('',(#425,#426,#427,#428,#429,#430,#431,#432,#433,#434,#435,
#436,#437,#438,#439,#440));
#2816=EDGE_LOOP('',(#441,#442,#443,#444));
#2817=EDGE_LOOP('',(#445,#446,#447,#448));
#2818=EDGE_LOOP('',(#449,#450,#451,#452));
#2819=EDGE_LOOP('',(#453,#454,#455,#456));
#2820=EDGE_LOOP('',(#457));
#2821=EDGE_LOOP('',(#458));
#2822=EDGE_LOOP('',(#459));
#2823=EDGE_LOOP('',(#460));
#2824=EDGE_LOOP('',(#461));
#2825=EDGE_LOOP('',(#462));
#2826=EDGE_LOOP('',(#463));
#2827=EDGE_LOOP('',(#464));
#2828=EDGE_LOOP('',(#465));
#2829=EDGE_LOOP('',(#466));
#2830=EDGE_LOOP('',(#467));
#2831=EDGE_LOOP('',(#468));
#2832=EDGE_LOOP('',(#469));
#2833=EDGE_LOOP('',(#470));
#2834=EDGE_LOOP('',(#471));
#2835=EDGE_LOOP('',(#472));
#2836=EDGE_LOOP('',(#473));
#2837=EDGE_LOOP('',(#474));
#2838=EDGE_LOOP('',(#475));
#2839=EDGE_LOOP('',(#476));
#2840=EDGE_LOOP('',(#477));
#2841=EDGE_LOOP('',(#478));
#2842=EDGE_LOOP('',(#479));
#2843=EDGE_LOOP('',(#480));
#2844=EDGE_LOOP('',(#481,#482,#483,#484));
#2845=EDGE_LOOP('',(#485,#486,#487,#488));
#2846=EDGE_LOOP('',(#489,#490,#491,#492,#493,#494,#495,#496));
#2847=EDGE_LOOP('',(#497,#498,#499,#500));
#2848=EDGE_LOOP('',(#501,#502,#503,#504,#505,#506));
#2849=EDGE_LOOP('',(#507,#508,#509,#510,#511,#512));
#2850=EDGE_LOOP('',(#513,#514,#515,#516,#517,#518,#519,#520,#521,#522,#523,
#524,#525,#526,#527,#528,#529,#530,#531,#532));
#2851=EDGE_LOOP('',(#533,#534,#535,#536,#537,#538,#539,#540));
#2852=EDGE_LOOP('',(#541,#542,#543,#544,#545,#546,#547,#548));
#2853=EDGE_LOOP('',(#549,#550,#551,#552,#553,#554,#555,#556));
#2854=EDGE_LOOP('',(#557,#558,#559,#560,#561,#562,#563,#564));
#2855=EDGE_LOOP('',(#565,#566,#567,#568,#569,#570,#571,#572));
#2856=EDGE_LOOP('',(#573,#574,#575,#576,#577,#578,#579,#580));
#2857=EDGE_LOOP('',(#581,#582,#583,#584,#585,#586,#587,#588));
#2858=EDGE_LOOP('',(#589,#590,#591,#592,#593,#594,#595,#596));
#2859=EDGE_LOOP('',(#597,#598,#599,#600,#601,#602,#603,#604));
#2860=EDGE_LOOP('',(#605,#606,#607,#608,#609,#610,#611,#612));
#2861=EDGE_LOOP('',(#613,#614,#615,#616,#617,#618,#619,#620));
#2862=EDGE_LOOP('',(#621,#622,#623,#624));
#2863=EDGE_LOOP('',(#625));
#2864=EDGE_LOOP('',(#626));
#2865=EDGE_LOOP('',(#627));
#2866=EDGE_LOOP('',(#628));
#2867=EDGE_LOOP('',(#629,#630,#631,#632,#633,#634,#635,#636));
#2868=EDGE_LOOP('',(#637,#638,#639,#640,#641,#642,#643,#644,#645,#646,#647,
#648,#649,#650,#651,#652));
#2869=EDGE_LOOP('',(#653,#654,#655,#656,#657,#658,#659,#660));
#2870=EDGE_LOOP('',(#661,#662,#663,#664));
#2871=EDGE_LOOP('',(#665,#666,#667,#668));
#2872=EDGE_LOOP('',(#669,#670,#671,#672));
#2873=EDGE_LOOP('',(#673,#674,#675,#676));
#2874=EDGE_LOOP('',(#677,#678,#679,#680));
#2875=EDGE_LOOP('',(#681,#682,#683,#684));
#2876=EDGE_LOOP('',(#685,#686,#687,#688));
#2877=EDGE_LOOP('',(#689,#690,#691,#692));
#2878=EDGE_LOOP('',(#693,#694,#695,#696));
#2879=EDGE_LOOP('',(#697,#698,#699,#700));
#2880=EDGE_LOOP('',(#701,#702,#703,#704));
#2881=EDGE_LOOP('',(#705,#706,#707,#708));
#2882=EDGE_LOOP('',(#709,#710,#711,#712));
#2883=EDGE_LOOP('',(#713,#714,#715,#716));
#2884=EDGE_LOOP('',(#717,#718,#719,#720));
#2885=EDGE_LOOP('',(#721,#722,#723,#724));
#2886=EDGE_LOOP('',(#725,#726,#727,#728));
#2887=EDGE_LOOP('',(#729,#730,#731,#732));
#2888=EDGE_LOOP('',(#733,#734,#735,#736));
#2889=EDGE_LOOP('',(#737,#738,#739,#740));
#2890=EDGE_LOOP('',(#741,#742,#743,#744));
#2891=EDGE_LOOP('',(#745,#746,#747,#748));
#2892=EDGE_LOOP('',(#749,#750,#751,#752));
#2893=EDGE_LOOP('',(#753,#754,#755,#756));
#2894=EDGE_LOOP('',(#757,#758,#759,#760));
#2895=EDGE_LOOP('',(#761,#762,#763,#764));
#2896=EDGE_LOOP('',(#765,#766,#767,#768));
#2897=EDGE_LOOP('',(#769,#770,#771,#772));
#2898=EDGE_LOOP('',(#773,#774,#775,#776));
#2899=EDGE_LOOP('',(#777,#778,#779,#780));
#2900=EDGE_LOOP('',(#781,#782,#783,#784));
#2901=EDGE_LOOP('',(#785,#786,#787,#788));
#2902=EDGE_LOOP('',(#789,#790,#791,#792));
#2903=EDGE_LOOP('',(#793,#794,#795,#796));
#2904=EDGE_LOOP('',(#797,#798,#799,#800));
#2905=EDGE_LOOP('',(#801,#802,#803,#804));
#2906=EDGE_LOOP('',(#805,#806,#807,#808));
#2907=EDGE_LOOP('',(#809,#810,#811,#812));
#2908=EDGE_LOOP('',(#813,#814,#815,#816));
#2909=EDGE_LOOP('',(#817,#818,#819,#820));
#2910=EDGE_LOOP('',(#821,#822,#823,#824));
#2911=EDGE_LOOP('',(#825,#826,#827,#828));
#2912=EDGE_LOOP('',(#829,#830,#831,#832));
#2913=EDGE_LOOP('',(#833,#834,#835,#836));
#2914=EDGE_LOOP('',(#837,#838,#839,#840));
#2915=EDGE_LOOP('',(#841,#842,#843,#844));
#2916=EDGE_LOOP('',(#845,#846,#847,#848));
#2917=EDGE_LOOP('',(#849,#850,#851,#852));
#2918=EDGE_LOOP('',(#853,#854,#855,#856));
#2919=EDGE_LOOP('',(#857,#858,#859,#860));
#2920=EDGE_LOOP('',(#861,#862,#863,#864));
#2921=EDGE_LOOP('',(#865,#866,#867,#868));
#2922=EDGE_LOOP('',(#869,#870,#871,#872));
#2923=EDGE_LOOP('',(#873,#874,#875,#876));
#2924=EDGE_LOOP('',(#877,#878,#879,#880));
#2925=EDGE_LOOP('',(#881,#882,#883,#884));
#2926=EDGE_LOOP('',(#885,#886,#887,#888));
#2927=EDGE_LOOP('',(#889,#890,#891,#892));
#2928=EDGE_LOOP('',(#893,#894,#895,#896));
#2929=EDGE_LOOP('',(#897,#898,#899,#900));
#2930=EDGE_LOOP('',(#901,#902,#903,#904));
#2931=EDGE_LOOP('',(#905,#906,#907,#908));
#2932=EDGE_LOOP('',(#909,#910,#911,#912));
#2933=EDGE_LOOP('',(#913,#914,#915,#916));
#2934=EDGE_LOOP('',(#917,#918,#919,#920));
#2935=EDGE_LOOP('',(#921,#922,#923,#924));
#2936=EDGE_LOOP('',(#925,#926,#927,#928));
#2937=EDGE_LOOP('',(#929,#930,#931,#932));
#2938=EDGE_LOOP('',(#933,#934,#935,#936));
#2939=EDGE_LOOP('',(#937,#938,#939,#940));
#2940=EDGE_LOOP('',(#941,#942,#943,#944));
#2941=EDGE_LOOP('',(#945,#946,#947,#948));
#2942=EDGE_LOOP('',(#949,#950,#951,#952));
#2943=EDGE_LOOP('',(#953,#954,#955,#956));
#2944=EDGE_LOOP('',(#957,#958,#959,#960));
#2945=EDGE_LOOP('',(#961,#962,#963,#964));
#2946=EDGE_LOOP('',(#965,#966,#967,#968));
#2947=EDGE_LOOP('',(#969,#970,#971,#972));
#2948=EDGE_LOOP('',(#973,#974,#975,#976));
#2949=EDGE_LOOP('',(#977,#978,#979,#980));
#2950=EDGE_LOOP('',(#981,#982,#983,#984));
#2951=EDGE_LOOP('',(#985,#986,#987,#988));
#2952=EDGE_LOOP('',(#989,#990,#991,#992));
#2953=EDGE_LOOP('',(#993,#994,#995,#996));
#2954=EDGE_LOOP('',(#997,#998,#999,#1000));
#2955=EDGE_LOOP('',(#1001,#1002,#1003,#1004));
#2956=EDGE_LOOP('',(#1005,#1006,#1007,#1008));
#2957=EDGE_LOOP('',(#1009,#1010,#1011,#1012));
#2958=EDGE_LOOP('',(#1013,#1014,#1015,#1016));
#2959=EDGE_LOOP('',(#1017,#1018,#1019,#1020));
#2960=EDGE_LOOP('',(#1021,#1022,#1023,#1024));
#2961=EDGE_LOOP('',(#1025,#1026,#1027,#1028));
#2962=EDGE_LOOP('',(#1029,#1030,#1031,#1032));
#2963=EDGE_LOOP('',(#1033,#1034,#1035,#1036));
#2964=EDGE_LOOP('',(#1037,#1038,#1039,#1040));
#2965=EDGE_LOOP('',(#1041,#1042,#1043,#1044));
#2966=EDGE_LOOP('',(#1045,#1046,#1047,#1048,#1049,#1050));
#2967=EDGE_LOOP('',(#1051,#1052,#1053,#1054));
#2968=EDGE_LOOP('',(#1055,#1056,#1057,#1058));
#2969=EDGE_LOOP('',(#1059,#1060,#1061,#1062));
#2970=EDGE_LOOP('',(#1063,#1064,#1065,#1066));
#2971=EDGE_LOOP('',(#1067,#1068,#1069,#1070));
#2972=EDGE_LOOP('',(#1071,#1072,#1073,#1074));
#2973=EDGE_LOOP('',(#1075,#1076,#1077,#1078));
#2974=EDGE_LOOP('',(#1079,#1080,#1081,#1082));
#2975=EDGE_LOOP('',(#1083,#1084,#1085,#1086));
#2976=EDGE_LOOP('',(#1087,#1088,#1089,#1090));
#2977=EDGE_LOOP('',(#1091,#1092,#1093,#1094));
#2978=EDGE_LOOP('',(#1095,#1096,#1097,#1098));
#2979=EDGE_LOOP('',(#1099,#1100,#1101,#1102));
#2980=EDGE_LOOP('',(#1103,#1104,#1105,#1106,#1107,#1108,#1109,#1110,#1111,
#1112,#1113,#1114,#1115,#1116,#1117,#1118,#1119,#1120,#1121,#1122,#1123,
#1124,#1125,#1126));
#2981=EDGE_LOOP('',(#1127,#1128,#1129,#1130,#1131,#1132,#1133,#1134));
#2982=EDGE_LOOP('',(#1135,#1136,#1137,#1138,#1139,#1140,#1141,#1142));
#2983=EDGE_LOOP('',(#1143,#1144,#1145,#1146,#1147,#1148,#1149,#1150));
#2984=EDGE_LOOP('',(#1151,#1152,#1153,#1154,#1155,#1156,#1157,#1158));
#2985=EDGE_LOOP('',(#1159,#1160,#1161,#1162,#1163,#1164,#1165,#1166));
#2986=EDGE_LOOP('',(#1167,#1168,#1169,#1170,#1171,#1172,#1173,#1174));
#2987=EDGE_LOOP('',(#1175,#1176,#1177,#1178,#1179,#1180,#1181,#1182));
#2988=EDGE_LOOP('',(#1183,#1184,#1185,#1186,#1187,#1188,#1189,#1190));
#2989=EDGE_LOOP('',(#1191,#1192,#1193,#1194,#1195,#1196,#1197,#1198));
#2990=EDGE_LOOP('',(#1199,#1200,#1201,#1202,#1203,#1204,#1205,#1206));
#2991=EDGE_LOOP('',(#1207,#1208,#1209,#1210,#1211,#1212,#1213,#1214));
#2992=EDGE_LOOP('',(#1215,#1216,#1217,#1218));
#2993=EDGE_LOOP('',(#1219,#1220,#1221,#1222));
#2994=EDGE_LOOP('',(#1223,#1224,#1225,#1226));
#2995=EDGE_LOOP('',(#1227,#1228,#1229,#1230));
#2996=EDGE_LOOP('',(#1231,#1232,#1233,#1234));
#2997=EDGE_LOOP('',(#1235,#1236,#1237,#1238,#1239,#1240));
#2998=EDGE_LOOP('',(#1241,#1242,#1243,#1244,#1245,#1246));
#2999=EDGE_LOOP('',(#1247,#1248,#1249,#1250,#1251,#1252));
#3000=EDGE_LOOP('',(#1253,#1254,#1255,#1256,#1257,#1258,#1259,#1260));
#3001=EDGE_LOOP('',(#1261,#1262,#1263,#1264,#1265));
#3002=EDGE_LOOP('',(#1266,#1267,#1268,#1269));
#3003=EDGE_LOOP('',(#1270,#1271,#1272,#1273));
#3004=EDGE_LOOP('',(#1274,#1275,#1276,#1277,#1278));
#3005=EDGE_LOOP('',(#1279,#1280,#1281,#1282));
#3006=EDGE_LOOP('',(#1283,#1284,#1285,#1286));
#3007=EDGE_LOOP('',(#1287,#1288,#1289,#1290));
#3008=EDGE_LOOP('',(#1291,#1292,#1293,#1294));
#3009=EDGE_LOOP('',(#1295,#1296,#1297,#1298));
#3010=EDGE_LOOP('',(#1299,#1300,#1301,#1302));
#3011=EDGE_LOOP('',(#1303));
#3012=EDGE_LOOP('',(#1304));
#3013=EDGE_LOOP('',(#1305));
#3014=EDGE_LOOP('',(#1306));
#3015=EDGE_LOOP('',(#1307));
#3016=EDGE_LOOP('',(#1308));
#3017=EDGE_LOOP('',(#1309));
#3018=EDGE_LOOP('',(#1310));
#3019=EDGE_LOOP('',(#1311));
#3020=EDGE_LOOP('',(#1312));
#3021=EDGE_LOOP('',(#1313));
#3022=EDGE_LOOP('',(#1314));
#3023=FACE_BOUND('',#2784,.T.);
#3024=FACE_BOUND('',#2785,.T.);
#3025=FACE_BOUND('',#2786,.T.);
#3026=FACE_BOUND('',#2787,.T.);
#3027=FACE_BOUND('',#2788,.T.);
#3028=FACE_BOUND('',#2789,.T.);
#3029=FACE_BOUND('',#2790,.T.);
#3030=FACE_BOUND('',#2791,.T.);
#3031=FACE_BOUND('',#2792,.T.);
#3032=FACE_BOUND('',#2793,.T.);
#3033=FACE_BOUND('',#2794,.T.);
#3034=FACE_BOUND('',#2795,.T.);
#3035=FACE_BOUND('',#2796,.T.);
#3036=FACE_BOUND('',#2797,.T.);
#3037=FACE_BOUND('',#2798,.T.);
#3038=FACE_BOUND('',#2799,.T.);
#3039=FACE_BOUND('',#2800,.T.);
#3040=FACE_BOUND('',#2801,.T.);
#3041=FACE_BOUND('',#2802,.T.);
#3042=FACE_BOUND('',#2803,.T.);
#3043=FACE_BOUND('',#2804,.T.);
#3044=FACE_BOUND('',#2805,.T.);
#3045=FACE_BOUND('',#2806,.T.);
#3046=FACE_BOUND('',#2807,.T.);
#3047=FACE_BOUND('',#2808,.T.);
#3048=FACE_BOUND('',#2809,.T.);
#3049=FACE_BOUND('',#2810,.T.);
#3050=FACE_BOUND('',#2811,.T.);
#3051=FACE_BOUND('',#2812,.T.);
#3052=FACE_BOUND('',#2813,.T.);
#3053=FACE_BOUND('',#2814,.T.);
#3054=FACE_BOUND('',#2815,.T.);
#3055=FACE_BOUND('',#2816,.T.);
#3056=FACE_BOUND('',#2817,.T.);
#3057=FACE_BOUND('',#2818,.T.);
#3058=FACE_BOUND('',#2819,.T.);
#3059=FACE_BOUND('',#2820,.T.);
#3060=FACE_BOUND('',#2821,.T.);
#3061=FACE_BOUND('',#2822,.T.);
#3062=FACE_BOUND('',#2823,.T.);
#3063=FACE_BOUND('',#2824,.T.);
#3064=FACE_BOUND('',#2825,.T.);
#3065=FACE_BOUND('',#2826,.T.);
#3066=FACE_BOUND('',#2827,.T.);
#3067=FACE_BOUND('',#2828,.T.);
#3068=FACE_BOUND('',#2829,.T.);
#3069=FACE_BOUND('',#2830,.T.);
#3070=FACE_BOUND('',#2831,.T.);
#3071=FACE_BOUND('',#2832,.T.);
#3072=FACE_BOUND('',#2833,.T.);
#3073=FACE_BOUND('',#2834,.T.);
#3074=FACE_BOUND('',#2835,.T.);
#3075=FACE_BOUND('',#2836,.T.);
#3076=FACE_BOUND('',#2837,.T.);
#3077=FACE_BOUND('',#2838,.T.);
#3078=FACE_BOUND('',#2839,.T.);
#3079=FACE_BOUND('',#2840,.T.);
#3080=FACE_BOUND('',#2841,.T.);
#3081=FACE_BOUND('',#2842,.T.);
#3082=FACE_BOUND('',#2843,.T.);
#3083=FACE_BOUND('',#2844,.T.);
#3084=FACE_BOUND('',#2845,.T.);
#3085=FACE_BOUND('',#2846,.T.);
#3086=FACE_BOUND('',#2847,.T.);
#3087=FACE_BOUND('',#2848,.T.);
#3088=FACE_BOUND('',#2849,.T.);
#3089=FACE_BOUND('',#2850,.T.);
#3090=FACE_BOUND('',#2851,.T.);
#3091=FACE_BOUND('',#2852,.T.);
#3092=FACE_BOUND('',#2853,.T.);
#3093=FACE_BOUND('',#2854,.T.);
#3094=FACE_BOUND('',#2855,.T.);
#3095=FACE_BOUND('',#2856,.T.);
#3096=FACE_BOUND('',#2857,.T.);
#3097=FACE_BOUND('',#2858,.T.);
#3098=FACE_BOUND('',#2859,.T.);
#3099=FACE_BOUND('',#2860,.T.);
#3100=FACE_BOUND('',#2861,.T.);
#3101=FACE_BOUND('',#2862,.T.);
#3102=FACE_BOUND('',#2863,.T.);
#3103=FACE_BOUND('',#2864,.T.);
#3104=FACE_BOUND('',#2865,.T.);
#3105=FACE_BOUND('',#2866,.T.);
#3106=FACE_BOUND('',#2867,.T.);
#3107=FACE_BOUND('',#2868,.T.);
#3108=FACE_BOUND('',#2869,.T.);
#3109=FACE_BOUND('',#2870,.T.);
#3110=FACE_BOUND('',#2871,.T.);
#3111=FACE_BOUND('',#2872,.T.);
#3112=FACE_BOUND('',#2873,.T.);
#3113=FACE_BOUND('',#2874,.T.);
#3114=FACE_BOUND('',#2875,.T.);
#3115=FACE_BOUND('',#2876,.T.);
#3116=FACE_BOUND('',#2877,.T.);
#3117=FACE_BOUND('',#2878,.T.);
#3118=FACE_BOUND('',#2879,.T.);
#3119=FACE_BOUND('',#2880,.T.);
#3120=FACE_BOUND('',#2881,.T.);
#3121=FACE_BOUND('',#2882,.T.);
#3122=FACE_BOUND('',#2883,.T.);
#3123=FACE_BOUND('',#2884,.T.);
#3124=FACE_BOUND('',#2885,.T.);
#3125=FACE_BOUND('',#2886,.T.);
#3126=FACE_BOUND('',#2887,.T.);
#3127=FACE_BOUND('',#2888,.T.);
#3128=FACE_BOUND('',#2889,.T.);
#3129=FACE_BOUND('',#2890,.T.);
#3130=FACE_BOUND('',#2891,.T.);
#3131=FACE_BOUND('',#2892,.T.);
#3132=FACE_BOUND('',#2893,.T.);
#3133=FACE_BOUND('',#2894,.T.);
#3134=FACE_BOUND('',#2895,.T.);
#3135=FACE_BOUND('',#2896,.T.);
#3136=FACE_BOUND('',#2897,.T.);
#3137=FACE_BOUND('',#2898,.T.);
#3138=FACE_BOUND('',#2899,.T.);
#3139=FACE_BOUND('',#2900,.T.);
#3140=FACE_BOUND('',#2901,.T.);
#3141=FACE_BOUND('',#2902,.T.);
#3142=FACE_BOUND('',#2903,.T.);
#3143=FACE_BOUND('',#2904,.T.);
#3144=FACE_BOUND('',#2905,.T.);
#3145=FACE_BOUND('',#2906,.T.);
#3146=FACE_BOUND('',#2907,.T.);
#3147=FACE_BOUND('',#2908,.T.);
#3148=FACE_BOUND('',#2909,.T.);
#3149=FACE_BOUND('',#2910,.T.);
#3150=FACE_BOUND('',#2911,.T.);
#3151=FACE_BOUND('',#2912,.T.);
#3152=FACE_BOUND('',#2913,.T.);
#3153=FACE_BOUND('',#2914,.T.);
#3154=FACE_BOUND('',#2915,.T.);
#3155=FACE_BOUND('',#2916,.T.);
#3156=FACE_BOUND('',#2917,.T.);
#3157=FACE_BOUND('',#2918,.T.);
#3158=FACE_BOUND('',#2919,.T.);
#3159=FACE_BOUND('',#2920,.T.);
#3160=FACE_BOUND('',#2921,.T.);
#3161=FACE_BOUND('',#2922,.T.);
#3162=FACE_BOUND('',#2923,.T.);
#3163=FACE_BOUND('',#2924,.T.);
#3164=FACE_BOUND('',#2925,.T.);
#3165=FACE_BOUND('',#2926,.T.);
#3166=FACE_BOUND('',#2927,.T.);
#3167=FACE_BOUND('',#2928,.T.);
#3168=FACE_BOUND('',#2929,.T.);
#3169=FACE_BOUND('',#2930,.T.);
#3170=FACE_BOUND('',#2931,.T.);
#3171=FACE_BOUND('',#2932,.T.);
#3172=FACE_BOUND('',#2933,.T.);
#3173=FACE_BOUND('',#2934,.T.);
#3174=FACE_BOUND('',#2935,.T.);
#3175=FACE_BOUND('',#2936,.T.);
#3176=FACE_BOUND('',#2937,.T.);
#3177=FACE_BOUND('',#2938,.T.);
#3178=FACE_BOUND('',#2939,.T.);
#3179=FACE_BOUND('',#2940,.T.);
#3180=FACE_BOUND('',#2941,.T.);
#3181=FACE_BOUND('',#2942,.T.);
#3182=FACE_BOUND('',#2943,.T.);
#3183=FACE_BOUND('',#2944,.T.);
#3184=FACE_BOUND('',#2945,.T.);
#3185=FACE_BOUND('',#2946,.T.);
#3186=FACE_BOUND('',#2947,.T.);
#3187=FACE_BOUND('',#2948,.T.);
#3188=FACE_BOUND('',#2949,.T.);
#3189=FACE_BOUND('',#2950,.T.);
#3190=FACE_BOUND('',#2951,.T.);
#3191=FACE_BOUND('',#2952,.T.);
#3192=FACE_BOUND('',#2953,.T.);
#3193=FACE_BOUND('',#2954,.T.);
#3194=FACE_BOUND('',#2955,.T.);
#3195=FACE_BOUND('',#2956,.T.);
#3196=FACE_BOUND('',#2957,.T.);
#3197=FACE_BOUND('',#2958,.T.);
#3198=FACE_BOUND('',#2959,.T.);
#3199=FACE_BOUND('',#2960,.T.);
#3200=FACE_BOUND('',#2961,.T.);
#3201=FACE_BOUND('',#2962,.T.);
#3202=FACE_BOUND('',#2963,.T.);
#3203=FACE_BOUND('',#2964,.T.);
#3204=FACE_BOUND('',#2965,.T.);
#3205=FACE_BOUND('',#2966,.T.);
#3206=FACE_BOUND('',#2967,.T.);
#3207=FACE_BOUND('',#2968,.T.);
#3208=FACE_BOUND('',#2969,.T.);
#3209=FACE_BOUND('',#2970,.T.);
#3210=FACE_BOUND('',#2971,.T.);
#3211=FACE_BOUND('',#2972,.T.);
#3212=FACE_BOUND('',#2973,.T.);
#3213=FACE_BOUND('',#2974,.T.);
#3214=FACE_BOUND('',#2975,.T.);
#3215=FACE_BOUND('',#2976,.T.);
#3216=FACE_BOUND('',#2977,.T.);
#3217=FACE_BOUND('',#2978,.T.);
#3218=FACE_BOUND('',#2979,.T.);
#3219=FACE_BOUND('',#2980,.T.);
#3220=FACE_BOUND('',#2981,.T.);
#3221=FACE_BOUND('',#2982,.T.);
#3222=FACE_BOUND('',#2983,.T.);
#3223=FACE_BOUND('',#2984,.T.);
#3224=FACE_BOUND('',#2985,.T.);
#3225=FACE_BOUND('',#2986,.T.);
#3226=FACE_BOUND('',#2987,.T.);
#3227=FACE_BOUND('',#2988,.T.);
#3228=FACE_BOUND('',#2989,.T.);
#3229=FACE_BOUND('',#2990,.T.);
#3230=FACE_BOUND('',#2991,.T.);
#3231=FACE_BOUND('',#2992,.T.);
#3232=FACE_BOUND('',#2993,.T.);
#3233=FACE_BOUND('',#2994,.T.);
#3234=FACE_BOUND('',#2995,.T.);
#3235=FACE_BOUND('',#2996,.T.);
#3236=FACE_BOUND('',#2997,.T.);
#3237=FACE_BOUND('',#2998,.T.);
#3238=FACE_BOUND('',#2999,.T.);
#3239=FACE_BOUND('',#3000,.T.);
#3240=FACE_BOUND('',#3001,.T.);
#3241=FACE_BOUND('',#3002,.T.);
#3242=FACE_BOUND('',#3003,.T.);
#3243=FACE_BOUND('',#3004,.T.);
#3244=FACE_BOUND('',#3005,.T.);
#3245=FACE_BOUND('',#3006,.T.);
#3246=FACE_BOUND('',#3007,.T.);
#3247=FACE_BOUND('',#3008,.T.);
#3248=FACE_BOUND('',#3009,.T.);
#3249=FACE_BOUND('',#3010,.T.);
#3250=FACE_BOUND('',#3011,.T.);
#3251=FACE_BOUND('',#3012,.T.);
#3252=FACE_BOUND('',#3013,.T.);
#3253=FACE_BOUND('',#3014,.T.);
#3254=FACE_BOUND('',#3015,.T.);
#3255=FACE_BOUND('',#3016,.T.);
#3256=FACE_BOUND('',#3017,.T.);
#3257=FACE_BOUND('',#3018,.T.);
#3258=FACE_BOUND('',#3019,.T.);
#3259=FACE_BOUND('',#3020,.T.);
#3260=FACE_BOUND('',#3021,.T.);
#3261=FACE_BOUND('',#3022,.T.);
#3262=PLANE('',#3563);
#3263=PLANE('',#3564);
#3264=PLANE('',#3565);
#3265=PLANE('',#3566);
#3266=PLANE('',#3567);
#3267=PLANE('',#3568);
#3268=PLANE('',#3569);
#3269=PLANE('',#3586);
#3270=PLANE('',#3589);
#3271=PLANE('',#3592);
#3272=PLANE('',#3595);
#3273=PLANE('',#3598);
#3274=PLANE('',#3607);
#3275=PLANE('',#3612);
#3276=PLANE('',#3613);
#3277=PLANE('',#3632);
#3278=PLANE('',#3635);
#3279=PLANE('',#3638);
#3280=PLANE('',#3641);
#3281=PLANE('',#3643);
#3282=PLANE('',#3644);
#3283=PLANE('',#3645);
#3284=PLANE('',#3646);
#3285=PLANE('',#3649);
#3286=PLANE('',#3652);
#3287=PLANE('',#3705);
#3288=PLANE('',#3706);
#3289=PLANE('',#3723);
#3290=PLANE('',#3728);
#3291=PLANE('',#3731);
#3292=PLANE('',#3734);
#3293=PLANE('',#3737);
#3294=PLANE('',#3740);
#3295=PLANE('',#3743);
#3296=PLANE('',#3748);
#3297=PLANE('',#3751);
#3298=PLANE('',#3754);
#3299=PLANE('',#3759);
#3300=PLANE('',#3762);
#3301=PLANE('',#3765);
#3302=PLANE('',#3770);
#3303=PLANE('',#3773);
#3304=PLANE('',#3776);
#3305=PLANE('',#3781);
#3306=PLANE('',#3784);
#3307=PLANE('',#3787);
#3308=PLANE('',#3792);
#3309=PLANE('',#3795);
#3310=PLANE('',#3798);
#3311=PLANE('',#3803);
#3312=PLANE('',#3806);
#3313=PLANE('',#3809);
#3314=PLANE('',#3814);
#3315=PLANE('',#3817);
#3316=PLANE('',#3820);
#3317=PLANE('',#3825);
#3318=PLANE('',#3828);
#3319=PLANE('',#3831);
#3320=PLANE('',#3836);
#3321=PLANE('',#3839);
#3322=PLANE('',#3842);
#3323=PLANE('',#3847);
#3324=PLANE('',#3850);
#3325=PLANE('',#3853);
#3326=PLANE('',#3856);
#3327=PLANE('',#3857);
#3328=PLANE('',#3858);
#3329=PLANE('',#3859);
#3330=PLANE('',#3860);
#3331=PLANE('',#3861);
#3332=PLANE('',#3862);
#3333=PLANE('',#3863);
#3334=PLANE('',#3864);
#3335=PLANE('',#3865);
#3336=PLANE('',#3866);
#3337=PLANE('',#3878);
#3338=PLANE('',#3881);
#3339=PLANE('',#3886);
#3340=PLANE('',#3889);
#3341=PLANE('',#3898);
#3342=PLANE('',#3900);
#3343=PLANE('',#3901);
#3344=PLANE('',#3905);
#3345=PLANE('',#3910);
#3346=PLANE('',#3912);
#3347=PLANE('',#3913);
#3348=PLANE('',#3923);
#3349=PLANE('',#3926);
#3350=PLANE('',#3929);
#3351=PLANE('',#3932);
#3352=ADVANCED_FACE('',(#3023),#3262,.F.);
#3353=ADVANCED_FACE('',(#3024),#3263,.F.);
#3354=ADVANCED_FACE('',(#3025),#3264,.F.);
#3355=ADVANCED_FACE('',(#3026),#3265,.F.);
#3356=ADVANCED_FACE('',(#3027),#3266,.F.);
#3357=ADVANCED_FACE('',(#3028),#3267,.F.);
#3358=ADVANCED_FACE('',(#3029,#3030,#3031,#3032,#3033,#3034),#3268,.T.);
#3359=ADVANCED_FACE('',(#3035),#3269,.T.);
#3360=ADVANCED_FACE('',(#3036),#30,.T.);
#3361=ADVANCED_FACE('',(#3037),#3270,.T.);
#3362=ADVANCED_FACE('',(#3038),#31,.T.);
#3363=ADVANCED_FACE('',(#3039),#3271,.T.);
#3364=ADVANCED_FACE('',(#3040),#32,.T.);
#3365=ADVANCED_FACE('',(#3041),#3272,.T.);
#3366=ADVANCED_FACE('',(#3042),#33,.T.);
#3367=ADVANCED_FACE('',(#3043,#3044,#3045,#3046,#3047),#3273,.F.);
#3368=ADVANCED_FACE('',(#3048),#34,.F.);
#3369=ADVANCED_FACE('',(#3049),#35,.F.);
#3370=ADVANCED_FACE('',(#3050),#3274,.F.);
#3371=ADVANCED_FACE('',(#3051),#36,.F.);
#3372=ADVANCED_FACE('',(#3052),#37,.F.);
#3373=ADVANCED_FACE('',(#3053),#3275,.F.);
#3374=ADVANCED_FACE('',(#3054),#3276,.T.);
#3375=ADVANCED_FACE('',(#3055),#38,.T.);
#3376=ADVANCED_FACE('',(#3056),#39,.T.);
#3377=ADVANCED_FACE('',(#3057),#40,.T.);
#3378=ADVANCED_FACE('',(#3058),#41,.T.);
#3379=ADVANCED_FACE('',(#3059,#3060),#42,.F.);
#3380=ADVANCED_FACE('',(#3061,#3062),#43,.F.);
#3381=ADVANCED_FACE('',(#3063,#3064),#44,.F.);
#3382=ADVANCED_FACE('',(#3065,#3066),#45,.F.);
#3383=ADVANCED_FACE('',(#3067,#3068),#46,.F.);
#3384=ADVANCED_FACE('',(#3069,#3070),#3277,.F.);
#3385=ADVANCED_FACE('',(#3071,#3072),#47,.F.);
#3386=ADVANCED_FACE('',(#3073,#3074),#3278,.F.);
#3387=ADVANCED_FACE('',(#3075,#3076),#48,.F.);
#3388=ADVANCED_FACE('',(#3077,#3078),#3279,.F.);
#3389=ADVANCED_FACE('',(#3079,#3080),#49,.F.);
#3390=ADVANCED_FACE('',(#3081,#3082),#3280,.F.);
#3391=ADVANCED_FACE('',(#3083),#3281,.T.);
#3392=ADVANCED_FACE('',(#3084),#3282,.T.);
#3393=ADVANCED_FACE('',(#3085),#3283,.T.);
#3394=ADVANCED_FACE('',(#3086),#3284,.T.);
#3395=ADVANCED_FACE('',(#3087),#50,.T.);
#3396=ADVANCED_FACE('',(#3088),#3285,.F.);
#3397=ADVANCED_FACE('',(#3089,#3090,#3091,#3092,#3093,#3094,#3095,#3096,
#3097,#3098,#3099,#3100),#3286,.T.);
#3398=ADVANCED_FACE('',(#3101),#3287,.T.);
#3399=ADVANCED_FACE('',(#3102,#3103,#3104,#3105,#3106,#3107),#3288,.F.);
#3400=ADVANCED_FACE('',(#3108),#3289,.T.);
#3401=ADVANCED_FACE('',(#3109),#51,.T.);
#3402=ADVANCED_FACE('',(#3110),#3290,.T.);
#3403=ADVANCED_FACE('',(#3111),#52,.T.);
#3404=ADVANCED_FACE('',(#3112),#3291,.T.);
#3405=ADVANCED_FACE('',(#3113),#53,.T.);
#3406=ADVANCED_FACE('',(#3114),#3292,.T.);
#3407=ADVANCED_FACE('',(#3115),#54,.F.);
#3408=ADVANCED_FACE('',(#3116),#3293,.T.);
#3409=ADVANCED_FACE('',(#3117),#55,.F.);
#3410=ADVANCED_FACE('',(#3118),#3294,.F.);
#3411=ADVANCED_FACE('',(#3119),#56,.F.);
#3412=ADVANCED_FACE('',(#3120),#3295,.F.);
#3413=ADVANCED_FACE('',(#3121),#57,.F.);
#3414=ADVANCED_FACE('',(#3122),#58,.F.);
#3415=ADVANCED_FACE('',(#3123),#3296,.T.);
#3416=ADVANCED_FACE('',(#3124),#59,.F.);
#3417=ADVANCED_FACE('',(#3125),#3297,.F.);
#3418=ADVANCED_FACE('',(#3126),#60,.F.);
#3419=ADVANCED_FACE('',(#3127),#3298,.F.);
#3420=ADVANCED_FACE('',(#3128),#61,.F.);
#3421=ADVANCED_FACE('',(#3129),#62,.F.);
#3422=ADVANCED_FACE('',(#3130),#3299,.T.);
#3423=ADVANCED_FACE('',(#3131),#63,.F.);
#3424=ADVANCED_FACE('',(#3132),#3300,.F.);
#3425=ADVANCED_FACE('',(#3133),#64,.F.);
#3426=ADVANCED_FACE('',(#3134),#3301,.F.);
#3427=ADVANCED_FACE('',(#3135),#65,.F.);
#3428=ADVANCED_FACE('',(#3136),#66,.F.);
#3429=ADVANCED_FACE('',(#3137),#3302,.T.);
#3430=ADVANCED_FACE('',(#3138),#67,.F.);
#3431=ADVANCED_FACE('',(#3139),#3303,.F.);
#3432=ADVANCED_FACE('',(#3140),#68,.F.);
#3433=ADVANCED_FACE('',(#3141),#3304,.F.);
#3434=ADVANCED_FACE('',(#3142),#69,.F.);
#3435=ADVANCED_FACE('',(#3143),#70,.F.);
#3436=ADVANCED_FACE('',(#3144),#3305,.T.);
#3437=ADVANCED_FACE('',(#3145),#71,.F.);
#3438=ADVANCED_FACE('',(#3146),#3306,.F.);
#3439=ADVANCED_FACE('',(#3147),#72,.F.);
#3440=ADVANCED_FACE('',(#3148),#3307,.F.);
#3441=ADVANCED_FACE('',(#3149),#73,.F.);
#3442=ADVANCED_FACE('',(#3150),#74,.F.);
#3443=ADVANCED_FACE('',(#3151),#3308,.T.);
#3444=ADVANCED_FACE('',(#3152),#75,.F.);
#3445=ADVANCED_FACE('',(#3153),#3309,.F.);
#3446=ADVANCED_FACE('',(#3154),#76,.F.);
#3447=ADVANCED_FACE('',(#3155),#3310,.F.);
#3448=ADVANCED_FACE('',(#3156),#77,.F.);
#3449=ADVANCED_FACE('',(#3157),#78,.F.);
#3450=ADVANCED_FACE('',(#3158),#3311,.T.);
#3451=ADVANCED_FACE('',(#3159),#79,.F.);
#3452=ADVANCED_FACE('',(#3160),#3312,.F.);
#3453=ADVANCED_FACE('',(#3161),#80,.F.);
#3454=ADVANCED_FACE('',(#3162),#3313,.F.);
#3455=ADVANCED_FACE('',(#3163),#81,.F.);
#3456=ADVANCED_FACE('',(#3164),#82,.F.);
#3457=ADVANCED_FACE('',(#3165),#3314,.T.);
#3458=ADVANCED_FACE('',(#3166),#83,.F.);
#3459=ADVANCED_FACE('',(#3167),#3315,.F.);
#3460=ADVANCED_FACE('',(#3168),#84,.F.);
#3461=ADVANCED_FACE('',(#3169),#3316,.F.);
#3462=ADVANCED_FACE('',(#3170),#85,.F.);
#3463=ADVANCED_FACE('',(#3171),#86,.F.);
#3464=ADVANCED_FACE('',(#3172),#3317,.T.);
#3465=ADVANCED_FACE('',(#3173),#87,.F.);
#3466=ADVANCED_FACE('',(#3174),#3318,.F.);
#3467=ADVANCED_FACE('',(#3175),#88,.F.);
#3468=ADVANCED_FACE('',(#3176),#3319,.F.);
#3469=ADVANCED_FACE('',(#3177),#89,.F.);
#3470=ADVANCED_FACE('',(#3178),#90,.F.);
#3471=ADVANCED_FACE('',(#3179),#3320,.T.);
#3472=ADVANCED_FACE('',(#3180),#91,.F.);
#3473=ADVANCED_FACE('',(#3181),#3321,.F.);
#3474=ADVANCED_FACE('',(#3182),#92,.F.);
#3475=ADVANCED_FACE('',(#3183),#3322,.F.);
#3476=ADVANCED_FACE('',(#3184),#93,.F.);
#3477=ADVANCED_FACE('',(#3185),#94,.F.);
#3478=ADVANCED_FACE('',(#3186),#3323,.T.);
#3479=ADVANCED_FACE('',(#3187),#95,.F.);
#3480=ADVANCED_FACE('',(#3188),#3324,.F.);
#3481=ADVANCED_FACE('',(#3189),#96,.F.);
#3482=ADVANCED_FACE('',(#3190),#3325,.F.);
#3483=ADVANCED_FACE('',(#3191),#97,.F.);
#3484=ADVANCED_FACE('',(#3192),#3326,.T.);
#3485=ADVANCED_FACE('',(#3193),#3327,.T.);
#3486=ADVANCED_FACE('',(#3194),#3328,.T.);
#3487=ADVANCED_FACE('',(#3195),#3329,.T.);
#3488=ADVANCED_FACE('',(#3196),#3330,.T.);
#3489=ADVANCED_FACE('',(#3197),#3331,.T.);
#3490=ADVANCED_FACE('',(#3198),#3332,.T.);
#3491=ADVANCED_FACE('',(#3199),#3333,.T.);
#3492=ADVANCED_FACE('',(#3200),#3334,.T.);
#3493=ADVANCED_FACE('',(#3201),#3335,.T.);
#3494=ADVANCED_FACE('',(#3202),#3336,.T.);
#3495=ADVANCED_FACE('',(#3203),#98,.T.);
#3496=ADVANCED_FACE('',(#3204),#10,.T.);
#3497=ADVANCED_FACE('',(#3205),#99,.T.);
#3498=ADVANCED_FACE('',(#3206),#100,.T.);
#3499=ADVANCED_FACE('',(#3207),#11,.T.);
#3500=ADVANCED_FACE('',(#3208),#12,.T.);
#3501=ADVANCED_FACE('',(#3209),#101,.T.);
#3502=ADVANCED_FACE('',(#3210),#102,.T.);
#3503=ADVANCED_FACE('',(#3211),#13,.T.);
#3504=ADVANCED_FACE('',(#3212),#3337,.T.);
#3505=ADVANCED_FACE('',(#3213),#103,.F.);
#3506=ADVANCED_FACE('',(#3214),#3338,.T.);
#3507=ADVANCED_FACE('',(#3215),#104,.F.);
#3508=ADVANCED_FACE('',(#3216),#105,.F.);
#3509=ADVANCED_FACE('',(#3217),#3339,.T.);
#3510=ADVANCED_FACE('',(#3218),#106,.F.);
#3511=ADVANCED_FACE('',(#3219,#3220,#3221,#3222,#3223,#3224,#3225,#3226,
#3227,#3228,#3229,#3230),#3340,.F.);
#3512=ADVANCED_FACE('',(#3231),#3341,.F.);
#3513=ADVANCED_FACE('',(#3232),#107,.F.);
#3514=ADVANCED_FACE('',(#3233),#3342,.F.);
#3515=ADVANCED_FACE('',(#3234),#3343,.T.);
#3516=ADVANCED_FACE('',(#3235),#108,.F.);
#3517=ADVANCED_FACE('',(#3236),#109,.F.);
#3518=ADVANCED_FACE('',(#3237),#3344,.F.);
#3519=ADVANCED_FACE('',(#3238),#110,.F.);
#3520=ADVANCED_FACE('',(#3239),#3345,.T.);
#3521=ADVANCED_FACE('',(#3240),#111,.F.);
#3522=ADVANCED_FACE('',(#3241),#3346,.T.);
#3523=ADVANCED_FACE('',(#3242),#3347,.F.);
#3524=ADVANCED_FACE('',(#3243),#112,.F.);
#3525=ADVANCED_FACE('',(#3244),#113,.F.);
#3526=ADVANCED_FACE('',(#3245),#114,.F.);
#3527=ADVANCED_FACE('',(#3246),#115,.T.);
#3528=ADVANCED_FACE('',(#3247),#116,.T.);
#3529=ADVANCED_FACE('',(#3248),#117,.T.);
#3530=ADVANCED_FACE('',(#3249),#118,.T.);
#3531=ADVANCED_FACE('',(#3250,#3251),#119,.F.);
#3532=ADVANCED_FACE('',(#3252),#3348,.F.);
#3533=ADVANCED_FACE('',(#3253,#3254),#120,.F.);
#3534=ADVANCED_FACE('',(#3255),#3349,.F.);
#3535=ADVANCED_FACE('',(#3256,#3257),#121,.F.);
#3536=ADVANCED_FACE('',(#3258),#3350,.F.);
#3537=ADVANCED_FACE('',(#3259,#3260),#122,.F.);
#3538=ADVANCED_FACE('',(#3261),#3351,.F.);
#3539=CLOSED_SHELL('',(#3352,#3353,#3354,#3355,#3356,#3357,#3358,#3359,
#3360,#3361,#3362,#3363,#3364,#3365,#3366,#3367,#3368,#3369,#3370,#3371,
#3372,#3373,#3374,#3375,#3376,#3377,#3378,#3379,#3380,#3381,#3382,#3383,
#3384,#3385,#3386,#3387,#3388,#3389,#3390));
#3540=CLOSED_SHELL('',(#3391,#3392,#3393,#3394,#3395,#3396,#3397,#3398,
#3399,#3400,#3401,#3402,#3403,#3404,#3405,#3406,#3407,#3408,#3409,#3410,
#3411,#3412,#3413,#3414,#3415,#3416,#3417,#3418,#3419,#3420,#3421,#3422,
#3423,#3424,#3425,#3426,#3427,#3428,#3429,#3430,#3431,#3432,#3433,#3434,
#3435,#3436,#3437,#3438,#3439,#3440,#3441,#3442,#3443,#3444,#3445,#3446,
#3447,#3448,#3449,#3450,#3451,#3452,#3453,#3454,#3455,#3456,#3457,#3458,
#3459,#3460,#3461,#3462,#3463,#3464,#3465,#3466,#3467,#3468,#3469,#3470,
#3471,#3472,#3473,#3474,#3475,#3476,#3477,#3478,#3479,#3480,#3481,#3482,
#3483,#3484,#3485,#3486,#3487,#3488,#3489,#3490,#3491,#3492,#3493,#3494,
#3495,#3496,#3497,#3498,#3499,#3500,#3501,#3502,#3503,#3504,#3505,#3506,
#3507,#3508,#3509,#3510,#3511,#3512,#3513,#3514,#3515,#3516,#3517,#3518,
#3519,#3520,#3521,#3522,#3523,#3524,#3525,#3526,#3527,#3528,#3529,#3530,
#3531,#3532,#3533,#3534,#3535,#3536,#3537,#3538));
#3541=STYLED_ITEM('',(#3543),#3556);
#3542=STYLED_ITEM('',(#3544),#3557);
#3543=PRESENTATION_STYLE_ASSIGNMENT((#3545));
#3544=PRESENTATION_STYLE_ASSIGNMENT((#3546));
#3545=SURFACE_STYLE_USAGE(.BOTH.,#3547);
#3546=SURFACE_STYLE_USAGE(.BOTH.,#3548);
#3547=SURFACE_SIDE_STYLE('',(#3549));
#3548=SURFACE_SIDE_STYLE('',(#3550));
#3549=SURFACE_STYLE_FILL_AREA(#3551);
#3550=SURFACE_STYLE_FILL_AREA(#3552);
#3551=FILL_AREA_STYLE('',(#3553));
#3552=FILL_AREA_STYLE('',(#3554));
#3553=FILL_AREA_STYLE_COLOUR('',#3555);
#3554=FILL_AREA_STYLE_COLOUR('',#3555);
#3555=DRAUGHTING_PRE_DEFINED_COLOUR('white');
#3556=MANIFOLD_SOLID_BREP('Case Bottom',#3539);
#3557=MANIFOLD_SOLID_BREP('Case Top',#3540);
#3558=SHAPE_DEFINITION_REPRESENTATION(#6078,#3560);
#3559=SHAPE_DEFINITION_REPRESENTATION(#6079,#3561);
#3560=SHAPE_REPRESENTATION('Case Bottom',(#3562),#6068);
#3561=SHAPE_REPRESENTATION('Case Top',(#3642),#6069);
#3562=AXIS2_PLACEMENT_3D('',#4986,#3933,#3934);
#3563=AXIS2_PLACEMENT_3D('',#4987,#3935,#3936);
#3564=AXIS2_PLACEMENT_3D('',#4996,#3941,#3942);
#3565=AXIS2_PLACEMENT_3D('',#5005,#3947,#3948);
#3566=AXIS2_PLACEMENT_3D('',#5014,#3953,#3954);
#3567=AXIS2_PLACEMENT_3D('',#5023,#3959,#3960);
#3568=AXIS2_PLACEMENT_3D('',#5032,#3965,#3966);
#3569=AXIS2_PLACEMENT_3D('',#5041,#3971,#3972);
#3570=AXIS2_PLACEMENT_3D('',#5042,#3973,#3974);
#3571=AXIS2_PLACEMENT_3D('',#5044,#3975,#3976);
#3572=AXIS2_PLACEMENT_3D('',#5046,#3977,#3978);
#3573=AXIS2_PLACEMENT_3D('',#5048,#3979,#3980);
#3574=AXIS2_PLACEMENT_3D('',#5050,#3981,#3982);
#3575=AXIS2_PLACEMENT_3D('',#5051,#3983,#3984);
#3576=AXIS2_PLACEMENT_3D('',#5052,#3985,#3986);
#3577=AXIS2_PLACEMENT_3D('',#5056,#3988,#3989);
#3578=AXIS2_PLACEMENT_3D('',#5057,#3990,#3991);
#3579=AXIS2_PLACEMENT_3D('',#5058,#3992,#3993);
#3580=AXIS2_PLACEMENT_3D('',#5059,#3994,#3995);
#3581=AXIS2_PLACEMENT_3D('',#5063,#3997,#3998);
#3582=AXIS2_PLACEMENT_3D('',#5067,#4000,#4001);
#3583=AXIS2_PLACEMENT_3D('',#5071,#4003,#4004);
#3584=AXIS2_PLACEMENT_3D('',#5075,#4006,#4007);
#3585=AXIS2_PLACEMENT_3D('',#5079,#4009,#4010);
#3586=AXIS2_PLACEMENT_3D('',#5080,#4011,#4012);
#3587=AXIS2_PLACEMENT_3D('',#5086,#4016,#4017);
#3588=AXIS2_PLACEMENT_3D('',#5087,#4018,#4019);
#3589=AXIS2_PLACEMENT_3D('',#5090,#4021,#4022);
#3590=AXIS2_PLACEMENT_3D('',#5094,#4025,#4026);
#3591=AXIS2_PLACEMENT_3D('',#5095,#4027,#4028);
#3592=AXIS2_PLACEMENT_3D('',#5098,#4030,#4031);
#3593=AXIS2_PLACEMENT_3D('',#5102,#4034,#4035);
#3594=AXIS2_PLACEMENT_3D('',#5103,#4036,#4037);
#3595=AXIS2_PLACEMENT_3D('',#5106,#4039,#4040);
#3596=AXIS2_PLACEMENT_3D('',#5110,#4043,#4044);
#3597=AXIS2_PLACEMENT_3D('',#5111,#4045,#4046);
#3598=AXIS2_PLACEMENT_3D('',#5112,#4047,#4048);
#3599=AXIS2_PLACEMENT_3D('',#5113,#4049,#4050);
#3600=AXIS2_PLACEMENT_3D('',#5115,#4051,#4052);
#3601=AXIS2_PLACEMENT_3D('',#5117,#4053,#4054);
#3602=AXIS2_PLACEMENT_3D('',#5119,#4055,#4056);
#3603=AXIS2_PLACEMENT_3D('',#5121,#4057,#4058);
#3604=AXIS2_PLACEMENT_3D('',#5122,#4059,#4060);
#3605=AXIS2_PLACEMENT_3D('',#5125,#4062,#4063);
#3606=AXIS2_PLACEMENT_3D('',#5126,#4064,#4065);
#3607=AXIS2_PLACEMENT_3D('',#5129,#4067,#4068);
#3608=AXIS2_PLACEMENT_3D('',#5133,#4071,#4072);
#3609=AXIS2_PLACEMENT_3D('',#5134,#4073,#4074);
#3610=AXIS2_PLACEMENT_3D('',#5135,#4075,#4076);
#3611=AXIS2_PLACEMENT_3D('',#5136,#4077,#4078);
#3612=AXIS2_PLACEMENT_3D('',#5139,#4080,#4081);
#3613=AXIS2_PLACEMENT_3D('',#5141,#4083,#4084);
#3614=AXIS2_PLACEMENT_3D('',#5142,#4085,#4086);
#3615=AXIS2_PLACEMENT_3D('',#5143,#4087,#4088);
#3616=AXIS2_PLACEMENT_3D('',#5144,#4089,#4090);
#3617=AXIS2_PLACEMENT_3D('',#5145,#4091,#4092);
#3618=AXIS2_PLACEMENT_3D('',#5146,#4093,#4094);
#3619=AXIS2_PLACEMENT_3D('',#5147,#4095,#4096);
#3620=AXIS2_PLACEMENT_3D('',#5148,#4097,#4098);
#3621=AXIS2_PLACEMENT_3D('',#5149,#4099,#4100);
#3622=AXIS2_PLACEMENT_3D('',#5150,#4101,#4102);
#3623=AXIS2_PLACEMENT_3D('',#5151,#4103,#4104);
#3624=AXIS2_PLACEMENT_3D('',#5153,#4105,#4106);
#3625=AXIS2_PLACEMENT_3D('',#5154,#4107,#4108);
#3626=AXIS2_PLACEMENT_3D('',#5156,#4109,#4110);
#3627=AXIS2_PLACEMENT_3D('',#5157,#4111,#4112);
#3628=AXIS2_PLACEMENT_3D('',#5159,#4113,#4114);
#3629=AXIS2_PLACEMENT_3D('',#5160,#4115,#4116);
#3630=AXIS2_PLACEMENT_3D('',#5162,#4117,#4118);
#3631=AXIS2_PLACEMENT_3D('',#5163,#4119,#4120);
#3632=AXIS2_PLACEMENT_3D('',#5165,#4121,#4122);
#3633=AXIS2_PLACEMENT_3D('',#5166,#4123,#4124);
#3634=AXIS2_PLACEMENT_3D('',#5167,#4125,#4126);
#3635=AXIS2_PLACEMENT_3D('',#5169,#4127,#4128);
#3636=AXIS2_PLACEMENT_3D('',#5170,#4129,#4130);
#3637=AXIS2_PLACEMENT_3D('',#5171,#4131,#4132);
#3638=AXIS2_PLACEMENT_3D('',#5173,#4133,#4134);
#3639=AXIS2_PLACEMENT_3D('',#5174,#4135,#4136);
#3640=AXIS2_PLACEMENT_3D('',#5175,#4137,#4138);
#3641=AXIS2_PLACEMENT_3D('',#5177,#4139,#4140);
#3642=AXIS2_PLACEMENT_3D('',#5178,#4141,#4142);
#3643=AXIS2_PLACEMENT_3D('',#5179,#4143,#4144);
#3644=AXIS2_PLACEMENT_3D('',#5188,#4149,#4150);
#3645=AXIS2_PLACEMENT_3D('',#5197,#4155,#4156);
#3646=AXIS2_PLACEMENT_3D('',#5214,#4165,#4166);
#3647=AXIS2_PLACEMENT_3D('',#5223,#4171,#4172);
#3648=AXIS2_PLACEMENT_3D('',#5230,#4173,#4174);
#3649=AXIS2_PLACEMENT_3D('',#5246,#4177,#4178);
#3650=AXIS2_PLACEMENT_3D('',#5250,#4180,#4181);
#3651=AXIS2_PLACEMENT_3D('',#5258,#4185,#4186);
#3652=AXIS2_PLACEMENT_3D('',#5259,#4187,#4188);
#3653=AXIS2_PLACEMENT_3D('',#5261,#4190,#4191);
#3654=AXIS2_PLACEMENT_3D('',#5265,#4193,#4194);
#3655=AXIS2_PLACEMENT_3D('',#5269,#4196,#4197);
#3656=AXIS2_PLACEMENT_3D('',#5273,#4199,#4200);
#3657=AXIS2_PLACEMENT_3D('',#5281,#4204,#4205);
#3658=AXIS2_PLACEMENT_3D('',#5285,#4207,#4208);
#3659=AXIS2_PLACEMENT_3D('',#5289,#4210,#4211);
#3660=AXIS2_PLACEMENT_3D('',#5293,#4213,#4214);
#3661=AXIS2_PLACEMENT_3D('',#5294,#4215,#4216);
#3662=AXIS2_PLACEMENT_3D('',#5299,#4218,#4219);
#3663=AXIS2_PLACEMENT_3D('',#5303,#4221,#4222);
#3664=AXIS2_PLACEMENT_3D('',#5307,#4224,#4225);
#3665=AXIS2_PLACEMENT_3D('',#5310,#4227,#4228);
#3666=AXIS2_PLACEMENT_3D('',#5315,#4230,#4231);
#3667=AXIS2_PLACEMENT_3D('',#5319,#4233,#4234);
#3668=AXIS2_PLACEMENT_3D('',#5323,#4236,#4237);
#3669=AXIS2_PLACEMENT_3D('',#5326,#4239,#4240);
#3670=AXIS2_PLACEMENT_3D('',#5331,#4242,#4243);
#3671=AXIS2_PLACEMENT_3D('',#5335,#4245,#4246);
#3672=AXIS2_PLACEMENT_3D('',#5339,#4248,#4249);
#3673=AXIS2_PLACEMENT_3D('',#5342,#4251,#4252);
#3674=AXIS2_PLACEMENT_3D('',#5347,#4254,#4255);
#3675=AXIS2_PLACEMENT_3D('',#5351,#4257,#4258);
#3676=AXIS2_PLACEMENT_3D('',#5355,#4260,#4261);
#3677=AXIS2_PLACEMENT_3D('',#5358,#4263,#4264);
#3678=AXIS2_PLACEMENT_3D('',#5363,#4266,#4267);
#3679=AXIS2_PLACEMENT_3D('',#5367,#4269,#4270);
#3680=AXIS2_PLACEMENT_3D('',#5371,#4272,#4273);
#3681=AXIS2_PLACEMENT_3D('',#5374,#4275,#4276);
#3682=AXIS2_PLACEMENT_3D('',#5379,#4278,#4279);
#3683=AXIS2_PLACEMENT_3D('',#5383,#4281,#4282);
#3684=AXIS2_PLACEMENT_3D('',#5387,#4284,#4285);
#3685=AXIS2_PLACEMENT_3D('',#5390,#4287,#4288);
#3686=AXIS2_PLACEMENT_3D('',#5395,#4290,#4291);
#3687=AXIS2_PLACEMENT_3D('',#5399,#4293,#4294);
#3688=AXIS2_PLACEMENT_3D('',#5403,#4296,#4297);
#3689=AXIS2_PLACEMENT_3D('',#5406,#4299,#4300);
#3690=AXIS2_PLACEMENT_3D('',#5411,#4302,#4303);
#3691=AXIS2_PLACEMENT_3D('',#5415,#4305,#4306);
#3692=AXIS2_PLACEMENT_3D('',#5419,#4308,#4309);
#3693=AXIS2_PLACEMENT_3D('',#5422,#4311,#4312);
#3694=AXIS2_PLACEMENT_3D('',#5427,#4314,#4315);
#3695=AXIS2_PLACEMENT_3D('',#5431,#4317,#4318);
#3696=AXIS2_PLACEMENT_3D('',#5435,#4320,#4321);
#3697=AXIS2_PLACEMENT_3D('',#5438,#4323,#4324);
#3698=AXIS2_PLACEMENT_3D('',#5443,#4326,#4327);
#3699=AXIS2_PLACEMENT_3D('',#5447,#4329,#4330);
#3700=AXIS2_PLACEMENT_3D('',#5451,#4332,#4333);
#3701=AXIS2_PLACEMENT_3D('',#5454,#4335,#4336);
#3702=AXIS2_PLACEMENT_3D('',#5459,#4338,#4339);
#3703=AXIS2_PLACEMENT_3D('',#5463,#4341,#4342);
#3704=AXIS2_PLACEMENT_3D('',#5467,#4344,#4345);
#3705=AXIS2_PLACEMENT_3D('',#5470,#4347,#4348);
#3706=AXIS2_PLACEMENT_3D('',#5479,#4353,#4354);
#3707=AXIS2_PLACEMENT_3D('',#5480,#4355,#4356);
#3708=AXIS2_PLACEMENT_3D('',#5482,#4357,#4358);
#3709=AXIS2_PLACEMENT_3D('',#5484,#4359,#4360);
#3710=AXIS2_PLACEMENT_3D('',#5486,#4361,#4362);
#3711=AXIS2_PLACEMENT_3D('',#5491,#4364,#4365);
#3712=AXIS2_PLACEMENT_3D('',#5495,#4367,#4368);
#3713=AXIS2_PLACEMENT_3D('',#5499,#4370,#4371);
#3714=AXIS2_PLACEMENT_3D('',#5503,#4373,#4374);
#3715=AXIS2_PLACEMENT_3D('',#5507,#4376,#4377);
#3716=AXIS2_PLACEMENT_3D('',#5511,#4379,#4380);
#3717=AXIS2_PLACEMENT_3D('',#5512,#4381,#4382);
#3718=AXIS2_PLACEMENT_3D('',#5513,#4383,#4384);
#3719=AXIS2_PLACEMENT_3D('',#5514,#4385,#4386);
#3720=AXIS2_PLACEMENT_3D('',#5518,#4388,#4389);
#3721=AXIS2_PLACEMENT_3D('',#5519,#4390,#4391);
#3722=AXIS2_PLACEMENT_3D('',#5520,#4392,#4393);
#3723=AXIS2_PLACEMENT_3D('',#5521,#4394,#4395);
#3724=AXIS2_PLACEMENT_3D('',#5522,#4396,#4397);
#3725=AXIS2_PLACEMENT_3D('',#5529,#4401,#4402);
#3726=AXIS2_PLACEMENT_3D('',#5532,#4404,#4405);
#3727=AXIS2_PLACEMENT_3D('',#5535,#4407,#4408);
#3728=AXIS2_PLACEMENT_3D('',#5536,#4409,#4410);
#3729=AXIS2_PLACEMENT_3D('',#5540,#4413,#4414);
#3730=AXIS2_PLACEMENT_3D('',#5543,#4416,#4417);
#3731=AXIS2_PLACEMENT_3D('',#5544,#4418,#4419);
#3732=AXIS2_PLACEMENT_3D('',#5548,#4422,#4423);
#3733=AXIS2_PLACEMENT_3D('',#5551,#4425,#4426);
#3734=AXIS2_PLACEMENT_3D('',#5552,#4427,#4428);
#3735=AXIS2_PLACEMENT_3D('',#5556,#4431,#4432);
#3736=AXIS2_PLACEMENT_3D('',#5557,#4433,#4434);
#3737=AXIS2_PLACEMENT_3D('',#5562,#4437,#4438);
#3738=AXIS2_PLACEMENT_3D('',#5566,#4441,#4442);
#3739=AXIS2_PLACEMENT_3D('',#5567,#4443,#4444);
#3740=AXIS2_PLACEMENT_3D('',#5570,#4446,#4447);
#3741=AXIS2_PLACEMENT_3D('',#5574,#4450,#4451);
#3742=AXIS2_PLACEMENT_3D('',#5575,#4452,#4453);
#3743=AXIS2_PLACEMENT_3D('',#5578,#4455,#4456);
#3744=AXIS2_PLACEMENT_3D('',#5582,#4459,#4460);
#3745=AXIS2_PLACEMENT_3D('',#5583,#4461,#4462);
#3746=AXIS2_PLACEMENT_3D('',#5586,#4464,#4465);
#3747=AXIS2_PLACEMENT_3D('',#5587,#4466,#4467);
#3748=AXIS2_PLACEMENT_3D('',#5592,#4470,#4471);
#3749=AXIS2_PLACEMENT_3D('',#5596,#4474,#4475);
#3750=AXIS2_PLACEMENT_3D('',#5597,#4476,#4477);
#3751=AXIS2_PLACEMENT_3D('',#5600,#4479,#4480);
#3752=AXIS2_PLACEMENT_3D('',#5604,#4483,#4484);
#3753=AXIS2_PLACEMENT_3D('',#5605,#4485,#4486);
#3754=AXIS2_PLACEMENT_3D('',#5608,#4488,#4489);
#3755=AXIS2_PLACEMENT_3D('',#5612,#4492,#4493);
#3756=AXIS2_PLACEMENT_3D('',#5613,#4494,#4495);
#3757=AXIS2_PLACEMENT_3D('',#5616,#4497,#4498);
#3758=AXIS2_PLACEMENT_3D('',#5617,#4499,#4500);
#3759=AXIS2_PLACEMENT_3D('',#5622,#4503,#4504);
#3760=AXIS2_PLACEMENT_3D('',#5626,#4507,#4508);
#3761=AXIS2_PLACEMENT_3D('',#5627,#4509,#4510);
#3762=AXIS2_PLACEMENT_3D('',#5630,#4512,#4513);
#3763=AXIS2_PLACEMENT_3D('',#5634,#4516,#4517);
#3764=AXIS2_PLACEMENT_3D('',#5635,#4518,#4519);
#3765=AXIS2_PLACEMENT_3D('',#5638,#4521,#4522);
#3766=AXIS2_PLACEMENT_3D('',#5642,#4525,#4526);
#3767=AXIS2_PLACEMENT_3D('',#5643,#4527,#4528);
#3768=AXIS2_PLACEMENT_3D('',#5646,#4530,#4531);
#3769=AXIS2_PLACEMENT_3D('',#5647,#4532,#4533);
#3770=AXIS2_PLACEMENT_3D('',#5652,#4536,#4537);
#3771=AXIS2_PLACEMENT_3D('',#5656,#4540,#4541);
#3772=AXIS2_PLACEMENT_3D('',#5657,#4542,#4543);
#3773=AXIS2_PLACEMENT_3D('',#5660,#4545,#4546);
#3774=AXIS2_PLACEMENT_3D('',#5664,#4549,#4550);
#3775=AXIS2_PLACEMENT_3D('',#5665,#4551,#4552);
#3776=AXIS2_PLACEMENT_3D('',#5668,#4554,#4555);
#3777=AXIS2_PLACEMENT_3D('',#5672,#4558,#4559);
#3778=AXIS2_PLACEMENT_3D('',#5673,#4560,#4561);
#3779=AXIS2_PLACEMENT_3D('',#5676,#4563,#4564);
#3780=AXIS2_PLACEMENT_3D('',#5677,#4565,#4566);
#3781=AXIS2_PLACEMENT_3D('',#5682,#4569,#4570);
#3782=AXIS2_PLACEMENT_3D('',#5686,#4573,#4574);
#3783=AXIS2_PLACEMENT_3D('',#5687,#4575,#4576);
#3784=AXIS2_PLACEMENT_3D('',#5690,#4578,#4579);
#3785=AXIS2_PLACEMENT_3D('',#5694,#4582,#4583);
#3786=AXIS2_PLACEMENT_3D('',#5695,#4584,#4585);
#3787=AXIS2_PLACEMENT_3D('',#5698,#4587,#4588);
#3788=AXIS2_PLACEMENT_3D('',#5702,#4591,#4592);
#3789=AXIS2_PLACEMENT_3D('',#5703,#4593,#4594);
#3790=AXIS2_PLACEMENT_3D('',#5706,#4596,#4597);
#3791=AXIS2_PLACEMENT_3D('',#5707,#4598,#4599);
#3792=AXIS2_PLACEMENT_3D('',#5712,#4602,#4603);
#3793=AXIS2_PLACEMENT_3D('',#5716,#4606,#4607);
#3794=AXIS2_PLACEMENT_3D('',#5717,#4608,#4609);
#3795=AXIS2_PLACEMENT_3D('',#5720,#4611,#4612);
#3796=AXIS2_PLACEMENT_3D('',#5724,#4615,#4616);
#3797=AXIS2_PLACEMENT_3D('',#5725,#4617,#4618);
#3798=AXIS2_PLACEMENT_3D('',#5728,#4620,#4621);
#3799=AXIS2_PLACEMENT_3D('',#5732,#4624,#4625);
#3800=AXIS2_PLACEMENT_3D('',#5733,#4626,#4627);
#3801=AXIS2_PLACEMENT_3D('',#5736,#4629,#4630);
#3802=AXIS2_PLACEMENT_3D('',#5737,#4631,#4632);
#3803=AXIS2_PLACEMENT_3D('',#5742,#4635,#4636);
#3804=AXIS2_PLACEMENT_3D('',#5746,#4639,#4640);
#3805=AXIS2_PLACEMENT_3D('',#5747,#4641,#4642);
#3806=AXIS2_PLACEMENT_3D('',#5750,#4644,#4645);
#3807=AXIS2_PLACEMENT_3D('',#5754,#4648,#4649);
#3808=AXIS2_PLACEMENT_3D('',#5755,#4650,#4651);
#3809=AXIS2_PLACEMENT_3D('',#5758,#4653,#4654);
#3810=AXIS2_PLACEMENT_3D('',#5762,#4657,#4658);
#3811=AXIS2_PLACEMENT_3D('',#5763,#4659,#4660);
#3812=AXIS2_PLACEMENT_3D('',#5766,#4662,#4663);
#3813=AXIS2_PLACEMENT_3D('',#5767,#4664,#4665);
#3814=AXIS2_PLACEMENT_3D('',#5772,#4668,#4669);
#3815=AXIS2_PLACEMENT_3D('',#5776,#4672,#4673);
#3816=AXIS2_PLACEMENT_3D('',#5777,#4674,#4675);
#3817=AXIS2_PLACEMENT_3D('',#5780,#4677,#4678);
#3818=AXIS2_PLACEMENT_3D('',#5784,#4681,#4682);
#3819=AXIS2_PLACEMENT_3D('',#5785,#4683,#4684);
#3820=AXIS2_PLACEMENT_3D('',#5788,#4686,#4687);
#3821=AXIS2_PLACEMENT_3D('',#5792,#4690,#4691);
#3822=AXIS2_PLACEMENT_3D('',#5793,#4692,#4693);
#3823=AXIS2_PLACEMENT_3D('',#5796,#4695,#4696);
#3824=AXIS2_PLACEMENT_3D('',#5797,#4697,#4698);
#3825=AXIS2_PLACEMENT_3D('',#5802,#4701,#4702);
#3826=AXIS2_PLACEMENT_3D('',#5806,#4705,#4706);
#3827=AXIS2_PLACEMENT_3D('',#5807,#4707,#4708);
#3828=AXIS2_PLACEMENT_3D('',#5810,#4710,#4711);
#3829=AXIS2_PLACEMENT_3D('',#5814,#4714,#4715);
#3830=AXIS2_PLACEMENT_3D('',#5815,#4716,#4717);
#3831=AXIS2_PLACEMENT_3D('',#5818,#4719,#4720);
#3832=AXIS2_PLACEMENT_3D('',#5822,#4723,#4724);
#3833=AXIS2_PLACEMENT_3D('',#5823,#4725,#4726);
#3834=AXIS2_PLACEMENT_3D('',#5826,#4728,#4729);
#3835=AXIS2_PLACEMENT_3D('',#5827,#4730,#4731);
#3836=AXIS2_PLACEMENT_3D('',#5832,#4734,#4735);
#3837=AXIS2_PLACEMENT_3D('',#5836,#4738,#4739);
#3838=AXIS2_PLACEMENT_3D('',#5837,#4740,#4741);
#3839=AXIS2_PLACEMENT_3D('',#5840,#4743,#4744);
#3840=AXIS2_PLACEMENT_3D('',#5844,#4747,#4748);
#3841=AXIS2_PLACEMENT_3D('',#5845,#4749,#4750);
#3842=AXIS2_PLACEMENT_3D('',#5848,#4752,#4753);
#3843=AXIS2_PLACEMENT_3D('',#5852,#4756,#4757);
#3844=AXIS2_PLACEMENT_3D('',#5853,#4758,#4759);
#3845=AXIS2_PLACEMENT_3D('',#5856,#4761,#4762);
#3846=AXIS2_PLACEMENT_3D('',#5857,#4763,#4764);
#3847=AXIS2_PLACEMENT_3D('',#5862,#4767,#4768);
#3848=AXIS2_PLACEMENT_3D('',#5866,#4771,#4772);
#3849=AXIS2_PLACEMENT_3D('',#5867,#4773,#4774);
#3850=AXIS2_PLACEMENT_3D('',#5870,#4776,#4777);
#3851=AXIS2_PLACEMENT_3D('',#5874,#4780,#4781);
#3852=AXIS2_PLACEMENT_3D('',#5875,#4782,#4783);
#3853=AXIS2_PLACEMENT_3D('',#5878,#4785,#4786);
#3854=AXIS2_PLACEMENT_3D('',#5882,#4789,#4790);
#3855=AXIS2_PLACEMENT_3D('',#5883,#4791,#4792);
#3856=AXIS2_PLACEMENT_3D('',#5886,#4794,#4795);
#3857=AXIS2_PLACEMENT_3D('',#5888,#4797,#4798);
#3858=AXIS2_PLACEMENT_3D('',#5890,#4800,#4801);
#3859=AXIS2_PLACEMENT_3D('',#5892,#4803,#4804);
#3860=AXIS2_PLACEMENT_3D('',#5894,#4806,#4807);
#3861=AXIS2_PLACEMENT_3D('',#5896,#4809,#4810);
#3862=AXIS2_PLACEMENT_3D('',#5898,#4812,#4813);
#3863=AXIS2_PLACEMENT_3D('',#5900,#4815,#4816);
#3864=AXIS2_PLACEMENT_3D('',#5902,#4818,#4819);
#3865=AXIS2_PLACEMENT_3D('',#5904,#4821,#4822);
#3866=AXIS2_PLACEMENT_3D('',#5906,#4824,#4825);
#3867=AXIS2_PLACEMENT_3D('',#5908,#4827,#4828);
#3868=AXIS2_PLACEMENT_3D('',#5909,#4829,#4830);
#3869=AXIS2_PLACEMENT_3D('',#5910,#4831,#4832);
#3870=AXIS2_PLACEMENT_3D('',#5916,#4833,#4834);
#3871=AXIS2_PLACEMENT_3D('',#5922,#4835,#4836);
#3872=AXIS2_PLACEMENT_3D('',#5933,#4837,#4838);
#3873=AXIS2_PLACEMENT_3D('',#5939,#4839,#4840);
#3874=AXIS2_PLACEMENT_3D('',#5945,#4841,#4842);
#3875=AXIS2_PLACEMENT_3D('',#5951,#4843,#4844);
#3876=AXIS2_PLACEMENT_3D('',#5957,#4845,#4846);
#3877=AXIS2_PLACEMENT_3D('',#5963,#4847,#4848);
#3878=AXIS2_PLACEMENT_3D('',#5964,#4849,#4850);
#3879=AXIS2_PLACEMENT_3D('',#5970,#4854,#4855);
#3880=AXIS2_PLACEMENT_3D('',#5971,#4856,#4857);
#3881=AXIS2_PLACEMENT_3D('',#5974,#4859,#4860);
#3882=AXIS2_PLACEMENT_3D('',#5978,#4863,#4864);
#3883=AXIS2_PLACEMENT_3D('',#5979,#4865,#4866);
#3884=AXIS2_PLACEMENT_3D('',#5980,#4867,#4868);
#3885=AXIS2_PLACEMENT_3D('',#5981,#4869,#4870);
#3886=AXIS2_PLACEMENT_3D('',#5984,#4872,#4873);
#3887=AXIS2_PLACEMENT_3D('',#5988,#4876,#4877);
#3888=AXIS2_PLACEMENT_3D('',#5989,#4878,#4879);
#3889=AXIS2_PLACEMENT_3D('',#5990,#4880,#4881);
#3890=AXIS2_PLACEMENT_3D('',#5991,#4882,#4883);
#3891=AXIS2_PLACEMENT_3D('',#5992,#4884,#4885);
#3892=AXIS2_PLACEMENT_3D('',#5996,#4887,#4888);
#3893=AXIS2_PLACEMENT_3D('',#6000,#4890,#4891);
#3894=AXIS2_PLACEMENT_3D('',#6004,#4893,#4894);
#3895=AXIS2_PLACEMENT_3D('',#6005,#4895,#4896);
#3896=AXIS2_PLACEMENT_3D('',#6006,#4897,#4898);
#3897=AXIS2_PLACEMENT_3D('',#6007,#4899,#4900);
#3898=AXIS2_PLACEMENT_3D('',#6008,#4901,#4902);
#3899=AXIS2_PLACEMENT_3D('',#6011,#4905,#4906);
#3900=AXIS2_PLACEMENT_3D('',#6013,#4908,#4909);
#3901=AXIS2_PLACEMENT_3D('',#6015,#4911,#4912);
#3902=AXIS2_PLACEMENT_3D('',#6018,#4915,#4916);
#3903=AXIS2_PLACEMENT_3D('',#6019,#4917,#4918);
#3904=AXIS2_PLACEMENT_3D('',#6020,#4919,#4920);
#3905=AXIS2_PLACEMENT_3D('',#6021,#4921,#4922);
#3906=AXIS2_PLACEMENT_3D('',#6025,#4924,#4925);
#3907=AXIS2_PLACEMENT_3D('',#6030,#4928,#4929);
#3908=AXIS2_PLACEMENT_3D('',#6031,#4930,#4931);
#3909=AXIS2_PLACEMENT_3D('',#6032,#4932,#4933);
#3910=AXIS2_PLACEMENT_3D('',#6033,#4934,#4935);
#3911=AXIS2_PLACEMENT_3D('',#6036,#4938,#4939);
#3912=AXIS2_PLACEMENT_3D('',#6038,#4941,#4942);
#3913=AXIS2_PLACEMENT_3D('',#6040,#4944,#4945);
#3914=AXIS2_PLACEMENT_3D('',#6043,#4948,#4949);
#3915=AXIS2_PLACEMENT_3D('',#6044,#4950,#4951);
#3916=AXIS2_PLACEMENT_3D('',#6045,#4952,#4953);
#3917=AXIS2_PLACEMENT_3D('',#6046,#4954,#4955);
#3918=AXIS2_PLACEMENT_3D('',#6047,#4956,#4957);
#3919=AXIS2_PLACEMENT_3D('',#6048,#4958,#4959);
#3920=AXIS2_PLACEMENT_3D('',#6049,#4960,#4961);
#3921=AXIS2_PLACEMENT_3D('',#6050,#4962,#4963);
#3922=AXIS2_PLACEMENT_3D('',#6051,#4964,#4965);
#3923=AXIS2_PLACEMENT_3D('',#6053,#4966,#4967);
#3924=AXIS2_PLACEMENT_3D('',#6054,#4968,#4969);
#3925=AXIS2_PLACEMENT_3D('',#6055,#4970,#4971);
#3926=AXIS2_PLACEMENT_3D('',#6057,#4972,#4973);
#3927=AXIS2_PLACEMENT_3D('',#6058,#4974,#4975);
#3928=AXIS2_PLACEMENT_3D('',#6059,#4976,#4977);
#3929=AXIS2_PLACEMENT_3D('',#6061,#4978,#4979);
#3930=AXIS2_PLACEMENT_3D('',#6062,#4980,#4981);
#3931=AXIS2_PLACEMENT_3D('',#6063,#4982,#4983);
#3932=AXIS2_PLACEMENT_3D('',#6065,#4984,#4985);
#3933=DIRECTION('',(0.,0.,1.));
#3934=DIRECTION('',(1.,0.,0.));
#3935=DIRECTION('',(2.74807684871894E-16,0.,1.));
#3936=DIRECTION('',(1.,0.,-2.74807684871894E-16));
#3937=DIRECTION('',(0.,-1.,0.));
#3938=DIRECTION('',(-1.,0.,2.74807684871894E-16));
#3939=DIRECTION('',(0.,-1.,0.));
#3940=DIRECTION('',(-1.,0.,2.74807684871894E-16));
#3941=DIRECTION('',(2.74807684871894E-16,0.,1.));
#3942=DIRECTION('',(1.,0.,-2.74807684871894E-16));
#3943=DIRECTION('',(0.,-1.,0.));
#3944=DIRECTION('',(-1.,0.,2.74807684871894E-16));
#3945=DIRECTION('',(0.,-1.,0.));
#3946=DIRECTION('',(-1.,0.,2.74807684871894E-16));
#3947=DIRECTION('',(2.74807684871894E-16,0.,1.));
#3948=DIRECTION('',(1.,0.,-2.74807684871894E-16));
#3949=DIRECTION('',(0.,-1.,0.));
#3950=DIRECTION('',(-1.,0.,2.74807684871894E-16));
#3951=DIRECTION('',(0.,-1.,0.));
#3952=DIRECTION('',(-1.,0.,2.74807684871894E-16));
#3953=DIRECTION('',(-2.74807684871904E-16,0.,-1.));
#3954=DIRECTION('',(-1.,0.,2.74807684871904E-16));
#3955=DIRECTION('',(0.,-1.,0.));
#3956=DIRECTION('',(1.,0.,-2.74807684871904E-16));
#3957=DIRECTION('',(0.,-1.,0.));
#3958=DIRECTION('',(1.,0.,-2.74807684871904E-16));
#3959=DIRECTION('',(-2.74807684871904E-16,0.,-1.));
#3960=DIRECTION('',(-1.,0.,2.74807684871904E-16));
#3961=DIRECTION('',(0.,-1.,0.));
#3962=DIRECTION('',(1.,0.,-2.74807684871904E-16));
#3963=DIRECTION('',(0.,-1.,0.));
#3964=DIRECTION('',(1.,0.,-2.74807684871904E-16));
#3965=DIRECTION('',(-2.74807684871904E-16,0.,-1.));
#3966=DIRECTION('',(-1.,0.,2.74807684871904E-16));
#3967=DIRECTION('',(0.,-1.,0.));
#3968=DIRECTION('',(1.,0.,-2.74807684871904E-16));
#3969=DIRECTION('',(0.,-1.,0.));
#3970=DIRECTION('',(1.,0.,-2.74807684871904E-16));
#3971=DIRECTION('',(0.,1.,0.));
#3972=DIRECTION('',(1.,0.,0.));
#3973=DIRECTION('',(0.,1.,0.));
#3974=DIRECTION('',(1.,0.,0.));
#3975=DIRECTION('',(0.,1.,0.));
#3976=DIRECTION('',(1.,0.,0.));
#3977=DIRECTION('',(0.,1.,0.));
#3978=DIRECTION('',(1.,0.,0.));
#3979=DIRECTION('',(0.,1.,0.));
#3980=DIRECTION('',(1.,0.,0.));
#3981=DIRECTION('',(0.,1.,0.));
#3982=DIRECTION('',(1.,0.,0.));
#3983=DIRECTION('',(0.,1.,0.));
#3984=DIRECTION('',(1.,0.,0.));
#3985=DIRECTION('',(0.,1.,0.));
#3986=DIRECTION('',(1.,0.,0.));
#3987=DIRECTION('',(3.96508228815338E-16,0.,1.));
#3988=DIRECTION('',(0.,1.,0.));
#3989=DIRECTION('',(1.,0.,0.));
#3990=DIRECTION('',(0.,1.,0.));
#3991=DIRECTION('',(1.,0.,0.));
#3992=DIRECTION('',(0.,1.,0.));
#3993=DIRECTION('',(1.,0.,0.));
#3994=DIRECTION('',(0.,1.,0.));
#3995=DIRECTION('',(1.,0.,0.));
#3996=DIRECTION('',(-3.96508228815329E-16,0.,-1.));
#3997=DIRECTION('',(0.,1.,0.));
#3998=DIRECTION('',(1.,0.,0.));
#3999=DIRECTION('',(0.,0.,-1.));
#4000=DIRECTION('',(0.,1.,0.));
#4001=DIRECTION('',(1.,0.,0.));
#4002=DIRECTION('',(-1.,0.,0.));
#4003=DIRECTION('',(0.,1.,0.));
#4004=DIRECTION('',(1.,0.,0.));
#4005=DIRECTION('',(0.,0.,1.));
#4006=DIRECTION('',(0.,1.,0.));
#4007=DIRECTION('',(1.,0.,0.));
#4008=DIRECTION('',(1.,0.,0.));
#4009=DIRECTION('',(0.,1.,0.));
#4010=DIRECTION('',(1.,0.,0.));
#4011=DIRECTION('',(-1.,0.,0.));
#4012=DIRECTION('',(0.,1.,0.));
#4013=DIRECTION('',(0.,0.,-1.));
#4014=DIRECTION('',(0.,-1.,0.));
#4015=DIRECTION('',(0.,-1.,0.));
#4016=DIRECTION('',(0.,-1.,0.));
#4017=DIRECTION('',(-1.,0.,0.));
#4018=DIRECTION('',(0.,1.,0.));
#4019=DIRECTION('',(1.,0.,0.));
#4020=DIRECTION('',(0.,-1.,0.));
#4021=DIRECTION('',(0.,0.,1.));
#4022=DIRECTION('',(0.,-1.,0.));
#4023=DIRECTION('',(-1.,0.,0.));
#4024=DIRECTION('',(0.,-1.,0.));
#4025=DIRECTION('',(0.,-1.,0.));
#4026=DIRECTION('',(-1.,0.,0.));
#4027=DIRECTION('',(0.,1.,0.));
#4028=DIRECTION('',(1.,0.,0.));
#4029=DIRECTION('',(0.,-1.,0.));
#4030=DIRECTION('',(1.,0.,0.));
#4031=DIRECTION('',(0.,-1.,0.));
#4032=DIRECTION('',(0.,0.,1.));
#4033=DIRECTION('',(0.,-1.,0.));
#4034=DIRECTION('',(0.,-1.,0.));
#4035=DIRECTION('',(-1.,0.,0.));
#4036=DIRECTION('',(0.,1.,0.));
#4037=DIRECTION('',(1.,0.,0.));
#4038=DIRECTION('',(0.,-1.,0.));
#4039=DIRECTION('',(0.,0.,-1.));
#4040=DIRECTION('',(0.,1.,0.));
#4041=DIRECTION('',(1.,0.,0.));
#4042=DIRECTION('',(0.,-1.,0.));
#4043=DIRECTION('',(0.,-1.,0.));
#4044=DIRECTION('',(-1.,0.,0.));
#4045=DIRECTION('',(0.,1.,0.));
#4046=DIRECTION('',(1.,0.,0.));
#4047=DIRECTION('',(0.,1.,0.));
#4048=DIRECTION('',(1.,0.,0.));
#4049=DIRECTION('',(0.,1.,0.));
#4050=DIRECTION('',(1.,0.,0.));
#4051=DIRECTION('',(0.,1.,0.));
#4052=DIRECTION('',(1.,0.,0.));
#4053=DIRECTION('',(0.,1.,0.));
#4054=DIRECTION('',(1.,0.,0.));
#4055=DIRECTION('',(0.,1.,0.));
#4056=DIRECTION('',(1.,0.,0.));
#4057=DIRECTION('',(0.,-1.,0.));
#4058=DIRECTION('',(-1.,0.,0.));
#4059=DIRECTION('',(0.,1.,0.));
#4060=DIRECTION('',(1.,0.,0.));
#4061=DIRECTION('',(0.,-1.,0.));
#4062=DIRECTION('',(0.,-1.,0.));
#4063=DIRECTION('',(-1.,0.,0.));
#4064=DIRECTION('',(0.,1.,0.));
#4065=DIRECTION('',(1.,0.,0.));
#4066=DIRECTION('',(0.,-1.,0.));
#4067=DIRECTION('',(-1.,0.,3.96508228815329E-16));
#4068=DIRECTION('',(3.96508228815329E-16,0.,1.));
#4069=DIRECTION('',(-3.96508228815329E-16,0.,-1.));
#4070=DIRECTION('',(0.,-1.,0.));
#4071=DIRECTION('',(0.,-1.,0.));
#4072=DIRECTION('',(-1.,0.,0.));
#4073=DIRECTION('',(0.,1.,0.));
#4074=DIRECTION('',(1.,0.,0.));
#4075=DIRECTION('',(0.,-1.,0.));
#4076=DIRECTION('',(-1.,0.,0.));
#4077=DIRECTION('',(0.,1.,0.));
#4078=DIRECTION('',(1.,0.,0.));
#4079=DIRECTION('',(0.,-1.,0.));
#4080=DIRECTION('',(1.,0.,-3.96508228815338E-16));
#4081=DIRECTION('',(-3.96508228815338E-16,0.,-1.));
#4082=DIRECTION('',(3.96508228815338E-16,0.,1.));
#4083=DIRECTION('',(0.,1.,0.));
#4084=DIRECTION('',(1.,0.,0.));
#4085=DIRECTION('',(0.,1.,0.));
#4086=DIRECTION('',(1.,0.,0.));
#4087=DIRECTION('',(0.,1.,0.));
#4088=DIRECTION('',(1.,0.,0.));
#4089=DIRECTION('',(0.,1.,0.));
#4090=DIRECTION('',(1.,0.,0.));
#4091=DIRECTION('',(0.,1.,0.));
#4092=DIRECTION('',(1.,0.,0.));
#4093=DIRECTION('',(0.,-1.,0.));
#4094=DIRECTION('',(-1.,0.,0.));
#4095=DIRECTION('',(0.,-1.,0.));
#4096=DIRECTION('',(-1.,0.,0.));
#4097=DIRECTION('',(0.,-1.,0.));
#4098=DIRECTION('',(-1.,0.,0.));
#4099=DIRECTION('',(0.,-1.,0.));
#4100=DIRECTION('',(-1.,0.,0.));
#4101=DIRECTION('',(0.,-1.,0.));
#4102=DIRECTION('',(-1.,0.,0.));
#4103=DIRECTION('',(0.,1.,0.));
#4104=DIRECTION('',(1.,0.,0.));
#4105=DIRECTION('',(0.,-1.,0.));
#4106=DIRECTION('',(-1.,0.,0.));
#4107=DIRECTION('',(0.,1.,0.));
#4108=DIRECTION('',(1.,0.,0.));
#4109=DIRECTION('',(0.,-1.,0.));
#4110=DIRECTION('',(-1.,0.,0.));
#4111=DIRECTION('',(0.,1.,0.));
#4112=DIRECTION('',(1.,0.,0.));
#4113=DIRECTION('',(0.,-1.,0.));
#4114=DIRECTION('',(-1.,0.,0.));
#4115=DIRECTION('',(0.,1.,0.));
#4116=DIRECTION('',(1.,0.,0.));
#4117=DIRECTION('',(0.,-1.,0.));
#4118=DIRECTION('',(-1.,0.,0.));
#4119=DIRECTION('',(0.,1.,0.));
#4120=DIRECTION('',(1.,0.,0.));
#4121=DIRECTION('',(0.,1.,0.));
#4122=DIRECTION('',(1.,0.,0.));
#4123=DIRECTION('',(0.,-1.,0.));
#4124=DIRECTION('',(-1.,0.,0.));
#4125=DIRECTION('',(0.,1.,0.));
#4126=DIRECTION('',(1.,0.,0.));
#4127=DIRECTION('',(0.,1.,0.));
#4128=DIRECTION('',(1.,0.,0.));
#4129=DIRECTION('',(0.,-1.,0.));
#4130=DIRECTION('',(-1.,0.,0.));
#4131=DIRECTION('',(0.,1.,0.));
#4132=DIRECTION('',(1.,0.,0.));
#4133=DIRECTION('',(0.,1.,0.));
#4134=DIRECTION('',(1.,0.,0.));
#4135=DIRECTION('',(0.,-1.,0.));
#4136=DIRECTION('',(-1.,0.,0.));
#4137=DIRECTION('',(0.,1.,0.));
#4138=DIRECTION('',(1.,0.,0.));
#4139=DIRECTION('',(0.,1.,0.));
#4140=DIRECTION('',(1.,0.,0.));
#4141=DIRECTION('',(0.,0.,1.));
#4142=DIRECTION('',(1.,0.,0.));
#4143=DIRECTION('',(0.,0.,-1.));
#4144=DIRECTION('',(0.,1.,0.));
#4145=DIRECTION('',(-1.,0.,0.));
#4146=DIRECTION('',(0.,-1.,0.));
#4147=DIRECTION('',(-1.,0.,0.));
#4148=DIRECTION('',(0.,-1.,0.));
#4149=DIRECTION('',(0.,0.,-1.));
#4150=DIRECTION('',(0.,1.,0.));
#4151=DIRECTION('',(-1.,0.,0.));
#4152=DIRECTION('',(0.,-1.,0.));
#4153=DIRECTION('',(-1.,0.,0.));
#4154=DIRECTION('',(0.,1.,0.));
#4155=DIRECTION('',(0.,0.,1.));
#4156=DIRECTION('',(0.,-1.,0.));
#4157=DIRECTION('',(1.,0.,0.));
#4158=DIRECTION('',(0.,-1.,0.));
#4159=DIRECTION('',(1.,0.,0.));
#4160=DIRECTION('',(0.,-1.,0.));
#4161=DIRECTION('',(1.,0.,0.));
#4162=DIRECTION('',(0.,-1.,0.));
#4163=DIRECTION('',(-1.,0.,0.));
#4164=DIRECTION('',(0.,-1.,0.));
#4165=DIRECTION('',(0.,0.,1.));
#4166=DIRECTION('',(0.,-1.,0.));
#4167=DIRECTION('',(1.,0.,0.));
#4168=DIRECTION('',(0.,-1.,0.));
#4169=DIRECTION('',(1.,0.,0.));
#4170=DIRECTION('',(0.,1.,0.));
#4171=DIRECTION('',(1.,0.,0.));
#4172=DIRECTION('',(0.,-1.,0.));
#4173=DIRECTION('',(-1.,0.,0.));
#4174=DIRECTION('',(0.,1.,0.));
#4175=DIRECTION('',(1.,0.,0.));
#4176=DIRECTION('',(1.,0.,0.));
#4177=DIRECTION('',(0.,0.,-1.));
#4178=DIRECTION('',(0.,1.,0.));
#4179=DIRECTION('',(0.,1.,0.));
#4180=DIRECTION('',(0.,0.,-1.));
#4181=DIRECTION('',(0.,1.,0.));
#4182=DIRECTION('',(1.,0.,0.));
#4183=DIRECTION('',(0.,-1.,0.));
#4184=DIRECTION('',(-1.,0.,0.));
#4185=DIRECTION('',(0.,0.,-1.));
#4186=DIRECTION('',(0.,1.,0.));
#4187=DIRECTION('',(0.,1.,0.));
#4188=DIRECTION('',(1.,0.,0.));
#4189=DIRECTION('',(0.,0.,1.));
#4190=DIRECTION('',(0.,1.,0.));
#4191=DIRECTION('',(1.,0.,0.));
#4192=DIRECTION('',(-2.01244022735156E-16,0.,-1.));
#4193=DIRECTION('',(0.,1.,0.));
#4194=DIRECTION('',(1.,0.,0.));
#4195=DIRECTION('',(1.,0.,0.));
#4196=DIRECTION('',(0.,1.,0.));
#4197=DIRECTION('',(1.,0.,0.));
#4198=DIRECTION('',(-2.01244022735104E-16,0.,-1.));
#4199=DIRECTION('',(0.,1.,0.));
#4200=DIRECTION('',(1.,0.,0.));
#4201=DIRECTION('',(-1.,0.,0.));
#4202=DIRECTION('',(0.,0.,1.));
#4203=DIRECTION('',(1.,0.,0.));
#4204=DIRECTION('',(0.,1.,0.));
#4205=DIRECTION('',(1.,0.,0.));
#4206=DIRECTION('',(0.,0.,-1.));
#4207=DIRECTION('',(0.,1.,0.));
#4208=DIRECTION('',(1.,0.,0.));
#4209=DIRECTION('',(-1.,0.,0.));
#4210=DIRECTION('',(0.,1.,0.));
#4211=DIRECTION('',(1.,0.,0.));
#4212=DIRECTION('',(0.,0.,1.));
#4213=DIRECTION('',(0.,1.,0.));
#4214=DIRECTION('',(1.,0.,0.));
#4215=DIRECTION('',(0.,1.,0.));
#4216=DIRECTION('',(1.,0.,0.));
#4217=DIRECTION('',(1.33440267382831E-16,0.,1.));
#4218=DIRECTION('',(0.,1.,0.));
#4219=DIRECTION('',(1.,0.,0.));
#4220=DIRECTION('',(1.,0.,0.));
#4221=DIRECTION('',(0.,1.,0.));
#4222=DIRECTION('',(1.,0.,0.));
#4223=DIRECTION('',(0.,0.,1.));
#4224=DIRECTION('',(0.,1.,0.));
#4225=DIRECTION('',(1.,0.,0.));
#4226=DIRECTION('',(1.,0.,0.));
#4227=DIRECTION('',(0.,1.,0.));
#4228=DIRECTION('',(1.,0.,0.));
#4229=DIRECTION('',(0.,0.,1.));
#4230=DIRECTION('',(0.,1.,0.));
#4231=DIRECTION('',(1.,0.,0.));
#4232=DIRECTION('',(1.,0.,0.));
#4233=DIRECTION('',(0.,1.,0.));
#4234=DIRECTION('',(1.,0.,0.));
#4235=DIRECTION('',(1.33440267382831E-16,0.,1.));
#4236=DIRECTION('',(0.,1.,0.));
#4237=DIRECTION('',(1.,0.,0.));
#4238=DIRECTION('',(1.,0.,0.));
#4239=DIRECTION('',(0.,1.,0.));
#4240=DIRECTION('',(1.,0.,0.));
#4241=DIRECTION('',(1.33440267382831E-16,0.,1.));
#4242=DIRECTION('',(0.,1.,0.));
#4243=DIRECTION('',(1.,0.,0.));
#4244=DIRECTION('',(1.,0.,0.));
#4245=DIRECTION('',(0.,1.,0.));
#4246=DIRECTION('',(1.,0.,0.));
#4247=DIRECTION('',(0.,0.,1.));
#4248=DIRECTION('',(0.,1.,0.));
#4249=DIRECTION('',(1.,0.,0.));
#4250=DIRECTION('',(1.,0.,0.));
#4251=DIRECTION('',(0.,1.,0.));
#4252=DIRECTION('',(1.,0.,0.));
#4253=DIRECTION('',(1.33440267382831E-16,0.,1.));
#4254=DIRECTION('',(0.,1.,0.));
#4255=DIRECTION('',(1.,0.,0.));
#4256=DIRECTION('',(1.,0.,0.));
#4257=DIRECTION('',(0.,1.,0.));
#4258=DIRECTION('',(1.,0.,0.));
#4259=DIRECTION('',(0.,0.,1.));
#4260=DIRECTION('',(0.,1.,0.));
#4261=DIRECTION('',(1.,0.,0.));
#4262=DIRECTION('',(1.,0.,0.));
#4263=DIRECTION('',(0.,1.,0.));
#4264=DIRECTION('',(1.,0.,0.));
#4265=DIRECTION('',(1.33440267382831E-16,0.,1.));
#4266=DIRECTION('',(0.,1.,0.));
#4267=DIRECTION('',(1.,0.,0.));
#4268=DIRECTION('',(1.,0.,0.));
#4269=DIRECTION('',(0.,1.,0.));
#4270=DIRECTION('',(1.,0.,0.));
#4271=DIRECTION('',(0.,0.,1.));
#4272=DIRECTION('',(0.,1.,0.));
#4273=DIRECTION('',(1.,0.,0.));
#4274=DIRECTION('',(1.,0.,0.));
#4275=DIRECTION('',(0.,1.,0.));
#4276=DIRECTION('',(1.,0.,0.));
#4277=DIRECTION('',(1.33440267382831E-16,0.,1.));
#4278=DIRECTION('',(0.,1.,0.));
#4279=DIRECTION('',(1.,0.,0.));
#4280=DIRECTION('',(1.,0.,0.));
#4281=DIRECTION('',(0.,1.,0.));
#4282=DIRECTION('',(1.,0.,0.));
#4283=DIRECTION('',(1.33440267382831E-16,0.,1.));
#4284=DIRECTION('',(0.,1.,0.));
#4285=DIRECTION('',(1.,0.,0.));
#4286=DIRECTION('',(1.,0.,0.));
#4287=DIRECTION('',(0.,1.,0.));
#4288=DIRECTION('',(1.,0.,0.));
#4289=DIRECTION('',(0.,0.,1.));
#4290=DIRECTION('',(0.,1.,0.));
#4291=DIRECTION('',(1.,0.,0.));
#4292=DIRECTION('',(1.,0.,0.));
#4293=DIRECTION('',(0.,1.,0.));
#4294=DIRECTION('',(1.,0.,0.));
#4295=DIRECTION('',(1.33440267382831E-16,0.,1.));
#4296=DIRECTION('',(0.,1.,0.));
#4297=DIRECTION('',(1.,0.,0.));
#4298=DIRECTION('',(1.,0.,0.));
#4299=DIRECTION('',(0.,1.,0.));
#4300=DIRECTION('',(1.,0.,0.));
#4301=DIRECTION('',(1.33440267382831E-16,0.,1.));
#4302=DIRECTION('',(0.,1.,0.));
#4303=DIRECTION('',(1.,0.,0.));
#4304=DIRECTION('',(1.,0.,0.));
#4305=DIRECTION('',(0.,1.,0.));
#4306=DIRECTION('',(1.,0.,0.));
#4307=DIRECTION('',(1.33440267382831E-16,0.,1.));
#4308=DIRECTION('',(0.,1.,0.));
#4309=DIRECTION('',(1.,0.,0.));
#4310=DIRECTION('',(1.,0.,0.));
#4311=DIRECTION('',(0.,1.,0.));
#4312=DIRECTION('',(1.,0.,0.));
#4313=DIRECTION('',(0.,0.,1.));
#4314=DIRECTION('',(0.,1.,0.));
#4315=DIRECTION('',(1.,0.,0.));
#4316=DIRECTION('',(1.,0.,0.));
#4317=DIRECTION('',(0.,1.,0.));
#4318=DIRECTION('',(1.,0.,0.));
#4319=DIRECTION('',(1.33440267382831E-16,0.,1.));
#4320=DIRECTION('',(0.,1.,0.));
#4321=DIRECTION('',(1.,0.,0.));
#4322=DIRECTION('',(1.,0.,0.));
#4323=DIRECTION('',(0.,1.,0.));
#4324=DIRECTION('',(1.,0.,0.));
#4325=DIRECTION('',(1.33440267382831E-16,0.,1.));
#4326=DIRECTION('',(0.,1.,0.));
#4327=DIRECTION('',(1.,0.,0.));
#4328=DIRECTION('',(1.,0.,0.));
#4329=DIRECTION('',(0.,1.,0.));
#4330=DIRECTION('',(1.,0.,0.));
#4331=DIRECTION('',(1.33440267382831E-16,0.,1.));
#4332=DIRECTION('',(0.,1.,0.));
#4333=DIRECTION('',(1.,0.,0.));
#4334=DIRECTION('',(1.,0.,0.));
#4335=DIRECTION('',(0.,1.,0.));
#4336=DIRECTION('',(1.,0.,0.));
#4337=DIRECTION('',(0.,0.,1.));
#4338=DIRECTION('',(0.,1.,0.));
#4339=DIRECTION('',(1.,0.,0.));
#4340=DIRECTION('',(1.,0.,0.));
#4341=DIRECTION('',(0.,1.,0.));
#4342=DIRECTION('',(1.,0.,0.));
#4343=DIRECTION('',(1.33440267382831E-16,0.,1.));
#4344=DIRECTION('',(0.,1.,0.));
#4345=DIRECTION('',(1.,0.,0.));
#4346=DIRECTION('',(1.,0.,0.));
#4347=DIRECTION('',(0.,0.,1.));
#4348=DIRECTION('',(0.,-1.,0.));
#4349=DIRECTION('',(0.,-1.,0.));
#4350=DIRECTION('',(1.,0.,0.));
#4351=DIRECTION('',(0.,1.,0.));
#4352=DIRECTION('',(1.,0.,0.));
#4353=DIRECTION('',(0.,1.,0.));
#4354=DIRECTION('',(1.,0.,0.));
#4355=DIRECTION('',(0.,1.,0.));
#4356=DIRECTION('',(1.,0.,0.));
#4357=DIRECTION('',(0.,1.,0.));
#4358=DIRECTION('',(1.,0.,0.));
#4359=DIRECTION('',(0.,1.,0.));
#4360=DIRECTION('',(1.,0.,0.));
#4361=DIRECTION('',(0.,1.,0.));
#4362=DIRECTION('',(1.,0.,0.));
#4363=DIRECTION('',(1.,0.,0.));
#4364=DIRECTION('',(0.,1.,0.));
#4365=DIRECTION('',(1.,0.,0.));
#4366=DIRECTION('',(0.,0.,1.));
#4367=DIRECTION('',(0.,1.,0.));
#4368=DIRECTION('',(1.,0.,0.));
#4369=DIRECTION('',(-1.,0.,0.));
#4370=DIRECTION('',(0.,1.,0.));
#4371=DIRECTION('',(1.,0.,0.));
#4372=DIRECTION('',(0.,0.,-1.));
#4373=DIRECTION('',(0.,1.,0.));
#4374=DIRECTION('',(1.,0.,0.));
#4375=DIRECTION('',(-1.,0.,0.));
#4376=DIRECTION('',(0.,1.,0.));
#4377=DIRECTION('',(1.,0.,0.));
#4378=DIRECTION('',(0.,0.,1.));
#4379=DIRECTION('',(0.,1.,0.));
#4380=DIRECTION('',(1.,0.,0.));
#4381=DIRECTION('',(0.,1.,0.));
#4382=DIRECTION('',(1.,0.,0.));
#4383=DIRECTION('',(0.,1.,0.));
#4384=DIRECTION('',(1.,0.,0.));
#4385=DIRECTION('',(0.,1.,0.));
#4386=DIRECTION('',(1.,0.,0.));
#4387=DIRECTION('',(0.,0.,-1.));
#4388=DIRECTION('',(0.,1.,0.));
#4389=DIRECTION('',(1.,0.,0.));
#4390=DIRECTION('',(0.,1.,0.));
#4391=DIRECTION('',(1.,0.,0.));
#4392=DIRECTION('',(0.,1.,0.));
#4393=DIRECTION('',(1.,0.,0.));
#4394=DIRECTION('',(0.,0.,-1.));
#4395=DIRECTION('',(0.,1.,0.));
#4396=DIRECTION('',(0.,0.,-1.));
#4397=DIRECTION('',(0.,1.,0.));
#4398=DIRECTION('',(0.,-1.,0.));
#4399=DIRECTION('',(0.,-1.,0.));
#4400=DIRECTION('',(1.,0.,0.));
#4401=DIRECTION('',(0.,0.,-1.));
#4402=DIRECTION('',(0.,1.,0.));
#4403=DIRECTION('',(1.,0.,0.));
#4404=DIRECTION('',(0.,-1.,0.));
#4405=DIRECTION('',(-1.,0.,0.));
#4406=DIRECTION('',(0.,-1.,0.));
#4407=DIRECTION('',(0.,1.,0.));
#4408=DIRECTION('',(1.,0.,0.));
#4409=DIRECTION('',(-1.,0.,0.));
#4410=DIRECTION('',(0.,1.,0.));
#4411=DIRECTION('',(0.,-1.,0.));
#4412=DIRECTION('',(0.,0.,-1.));
#4413=DIRECTION('',(0.,-1.,0.));
#4414=DIRECTION('',(-1.,0.,0.));
#4415=DIRECTION('',(0.,-1.,0.));
#4416=DIRECTION('',(0.,1.,0.));
#4417=DIRECTION('',(1.,0.,0.));
#4418=DIRECTION('',(0.,0.,1.));
#4419=DIRECTION('',(0.,-1.,0.));
#4420=DIRECTION('',(0.,-1.,0.));
#4421=DIRECTION('',(-1.,0.,0.));
#4422=DIRECTION('',(0.,-1.,0.));
#4423=DIRECTION('',(-1.,0.,0.));
#4424=DIRECTION('',(0.,-1.,0.));
#4425=DIRECTION('',(0.,1.,0.));
#4426=DIRECTION('',(1.,0.,0.));
#4427=DIRECTION('',(1.,0.,0.));
#4428=DIRECTION('',(0.,-1.,0.));
#4429=DIRECTION('',(0.,-1.,0.));
#4430=DIRECTION('',(0.,0.,1.));
#4431=DIRECTION('',(0.,-1.,0.));
#4432=DIRECTION('',(-1.,0.,0.));
#4433=DIRECTION('',(0.,1.,0.));
#4434=DIRECTION('',(1.,0.,0.));
#4435=DIRECTION('',(0.,-1.,0.));
#4436=DIRECTION('',(0.,-1.,0.));
#4437=DIRECTION('',(1.,0.,-1.33440267382831E-16));
#4438=DIRECTION('',(-1.33440267382831E-16,0.,-1.));
#4439=DIRECTION('',(1.33440267382831E-16,0.,1.));
#4440=DIRECTION('',(0.,-1.,0.));
#4441=DIRECTION('',(0.,-1.,0.));
#4442=DIRECTION('',(-1.,0.,0.));
#4443=DIRECTION('',(0.,1.,0.));
#4444=DIRECTION('',(1.,0.,0.));
#4445=DIRECTION('',(0.,-1.,0.));
#4446=DIRECTION('',(0.,0.,-1.));
#4447=DIRECTION('',(0.,1.,0.));
#4448=DIRECTION('',(1.,0.,0.));
#4449=DIRECTION('',(0.,-1.,0.));
#4450=DIRECTION('',(0.,-1.,0.));
#4451=DIRECTION('',(-1.,0.,0.));
#4452=DIRECTION('',(0.,1.,0.));
#4453=DIRECTION('',(1.,0.,0.));
#4454=DIRECTION('',(0.,-1.,0.));
#4455=DIRECTION('',(1.,0.,0.));
#4456=DIRECTION('',(0.,-1.,0.));
#4457=DIRECTION('',(0.,0.,1.));
#4458=DIRECTION('',(0.,-1.,0.));
#4459=DIRECTION('',(0.,-1.,0.));
#4460=DIRECTION('',(-1.,0.,0.));
#4461=DIRECTION('',(0.,1.,0.));
#4462=DIRECTION('',(1.,0.,0.));
#4463=DIRECTION('',(0.,-1.,0.));
#4464=DIRECTION('',(0.,-1.,0.));
#4465=DIRECTION('',(-1.,0.,0.));
#4466=DIRECTION('',(0.,1.,0.));
#4467=DIRECTION('',(1.,0.,0.));
#4468=DIRECTION('',(0.,-1.,0.));
#4469=DIRECTION('',(0.,-1.,0.));
#4470=DIRECTION('',(1.,0.,0.));
#4471=DIRECTION('',(0.,-1.,0.));
#4472=DIRECTION('',(0.,0.,1.));
#4473=DIRECTION('',(0.,-1.,0.));
#4474=DIRECTION('',(0.,-1.,0.));
#4475=DIRECTION('',(-1.,0.,0.));
#4476=DIRECTION('',(0.,1.,0.));
#4477=DIRECTION('',(1.,0.,0.));
#4478=DIRECTION('',(0.,-1.,0.));
#4479=DIRECTION('',(0.,0.,-1.));
#4480=DIRECTION('',(0.,1.,0.));
#4481=DIRECTION('',(1.,0.,0.));
#4482=DIRECTION('',(0.,-1.,0.));
#4483=DIRECTION('',(0.,-1.,0.));
#4484=DIRECTION('',(-1.,0.,0.));
#4485=DIRECTION('',(0.,1.,0.));
#4486=DIRECTION('',(1.,0.,0.));
#4487=DIRECTION('',(0.,-1.,0.));
#4488=DIRECTION('',(1.,0.,-1.33440267382831E-16));
#4489=DIRECTION('',(-1.33440267382831E-16,0.,-1.));
#4490=DIRECTION('',(1.33440267382831E-16,0.,1.));
#4491=DIRECTION('',(0.,-1.,0.));
#4492=DIRECTION('',(0.,-1.,0.));
#4493=DIRECTION('',(-1.,0.,0.));
#4494=DIRECTION('',(0.,1.,0.));
#4495=DIRECTION('',(1.,0.,0.));
#4496=DIRECTION('',(0.,-1.,0.));
#4497=DIRECTION('',(0.,-1.,0.));
#4498=DIRECTION('',(-1.,0.,0.));
#4499=DIRECTION('',(0.,1.,0.));
#4500=DIRECTION('',(1.,0.,0.));
#4501=DIRECTION('',(0.,-1.,0.));
#4502=DIRECTION('',(0.,-1.,0.));
#4503=DIRECTION('',(1.,0.,-1.33440267382831E-16));
#4504=DIRECTION('',(-1.33440267382831E-16,0.,-1.));
#4505=DIRECTION('',(1.33440267382831E-16,0.,1.));
#4506=DIRECTION('',(0.,-1.,0.));
#4507=DIRECTION('',(0.,-1.,0.));
#4508=DIRECTION('',(-1.,0.,0.));
#4509=DIRECTION('',(0.,1.,0.));
#4510=DIRECTION('',(1.,0.,0.));
#4511=DIRECTION('',(0.,-1.,0.));
#4512=DIRECTION('',(0.,0.,-1.));
#4513=DIRECTION('',(0.,1.,0.));
#4514=DIRECTION('',(1.,0.,0.));
#4515=DIRECTION('',(0.,-1.,0.));
#4516=DIRECTION('',(0.,-1.,0.));
#4517=DIRECTION('',(-1.,0.,0.));
#4518=DIRECTION('',(0.,1.,0.));
#4519=DIRECTION('',(1.,0.,0.));
#4520=DIRECTION('',(0.,-1.,0.));
#4521=DIRECTION('',(1.,0.,0.));
#4522=DIRECTION('',(0.,-1.,0.));
#4523=DIRECTION('',(0.,0.,1.));
#4524=DIRECTION('',(0.,-1.,0.));
#4525=DIRECTION('',(0.,-1.,0.));
#4526=DIRECTION('',(-1.,0.,0.));
#4527=DIRECTION('',(0.,1.,0.));
#4528=DIRECTION('',(1.,0.,0.));
#4529=DIRECTION('',(0.,-1.,0.));
#4530=DIRECTION('',(0.,-1.,0.));
#4531=DIRECTION('',(-1.,0.,0.));
#4532=DIRECTION('',(0.,1.,0.));
#4533=DIRECTION('',(1.,0.,0.));
#4534=DIRECTION('',(0.,-1.,0.));
#4535=DIRECTION('',(0.,-1.,0.));
#4536=DIRECTION('',(1.,0.,-1.33440267382831E-16));
#4537=DIRECTION('',(-1.33440267382831E-16,0.,-1.));
#4538=DIRECTION('',(1.33440267382831E-16,0.,1.));
#4539=DIRECTION('',(0.,-1.,0.));
#4540=DIRECTION('',(0.,-1.,0.));
#4541=DIRECTION('',(-1.,0.,0.));
#4542=DIRECTION('',(0.,1.,0.));
#4543=DIRECTION('',(1.,0.,0.));
#4544=DIRECTION('',(0.,-1.,0.));
#4545=DIRECTION('',(0.,0.,-1.));
#4546=DIRECTION('',(0.,1.,0.));
#4547=DIRECTION('',(1.,0.,0.));
#4548=DIRECTION('',(0.,-1.,0.));
#4549=DIRECTION('',(0.,-1.,0.));
#4550=DIRECTION('',(-1.,0.,0.));
#4551=DIRECTION('',(0.,1.,0.));
#4552=DIRECTION('',(1.,0.,0.));
#4553=DIRECTION('',(0.,-1.,0.));
#4554=DIRECTION('',(1.,0.,0.));
#4555=DIRECTION('',(0.,-1.,0.));
#4556=DIRECTION('',(0.,0.,1.));
#4557=DIRECTION('',(0.,-1.,0.));
#4558=DIRECTION('',(0.,-1.,0.));
#4559=DIRECTION('',(-1.,0.,0.));
#4560=DIRECTION('',(0.,1.,0.));
#4561=DIRECTION('',(1.,0.,0.));
#4562=DIRECTION('',(0.,-1.,0.));
#4563=DIRECTION('',(0.,-1.,0.));
#4564=DIRECTION('',(-1.,0.,0.));
#4565=DIRECTION('',(0.,1.,0.));
#4566=DIRECTION('',(1.,0.,0.));
#4567=DIRECTION('',(0.,-1.,0.));
#4568=DIRECTION('',(0.,-1.,0.));
#4569=DIRECTION('',(1.,0.,-1.33440267382831E-16));
#4570=DIRECTION('',(-1.33440267382831E-16,0.,-1.));
#4571=DIRECTION('',(1.33440267382831E-16,0.,1.));
#4572=DIRECTION('',(0.,-1.,0.));
#4573=DIRECTION('',(0.,-1.,0.));
#4574=DIRECTION('',(-1.,0.,0.));
#4575=DIRECTION('',(0.,1.,0.));
#4576=DIRECTION('',(1.,0.,0.));
#4577=DIRECTION('',(0.,-1.,0.));
#4578=DIRECTION('',(0.,0.,-1.));
#4579=DIRECTION('',(0.,1.,0.));
#4580=DIRECTION('',(1.,0.,0.));
#4581=DIRECTION('',(0.,-1.,0.));
#4582=DIRECTION('',(0.,-1.,0.));
#4583=DIRECTION('',(-1.,0.,0.));
#4584=DIRECTION('',(0.,1.,0.));
#4585=DIRECTION('',(1.,0.,0.));
#4586=DIRECTION('',(0.,-1.,0.));
#4587=DIRECTION('',(1.,0.,0.));
#4588=DIRECTION('',(0.,-1.,0.));
#4589=DIRECTION('',(0.,0.,1.));
#4590=DIRECTION('',(0.,-1.,0.));
#4591=DIRECTION('',(0.,-1.,0.));
#4592=DIRECTION('',(-1.,0.,0.));
#4593=DIRECTION('',(0.,1.,0.));
#4594=DIRECTION('',(1.,0.,0.));
#4595=DIRECTION('',(0.,-1.,0.));
#4596=DIRECTION('',(0.,-1.,0.));
#4597=DIRECTION('',(-1.,0.,0.));
#4598=DIRECTION('',(0.,1.,0.));
#4599=DIRECTION('',(1.,0.,0.));
#4600=DIRECTION('',(0.,-1.,0.));
#4601=DIRECTION('',(0.,-1.,0.));
#4602=DIRECTION('',(1.,0.,-1.33440267382831E-16));
#4603=DIRECTION('',(-1.33440267382831E-16,0.,-1.));
#4604=DIRECTION('',(1.33440267382831E-16,0.,1.));
#4605=DIRECTION('',(0.,-1.,0.));
#4606=DIRECTION('',(0.,-1.,0.));
#4607=DIRECTION('',(-1.,0.,0.));
#4608=DIRECTION('',(0.,1.,0.));
#4609=DIRECTION('',(1.,0.,0.));
#4610=DIRECTION('',(0.,-1.,0.));
#4611=DIRECTION('',(0.,0.,-1.));
#4612=DIRECTION('',(0.,1.,0.));
#4613=DIRECTION('',(1.,0.,0.));
#4614=DIRECTION('',(0.,-1.,0.));
#4615=DIRECTION('',(0.,-1.,0.));
#4616=DIRECTION('',(-1.,0.,0.));
#4617=DIRECTION('',(0.,1.,0.));
#4618=DIRECTION('',(1.,0.,0.));
#4619=DIRECTION('',(0.,-1.,0.));
#4620=DIRECTION('',(1.,0.,-1.33440267382831E-16));
#4621=DIRECTION('',(-1.33440267382831E-16,0.,-1.));
#4622=DIRECTION('',(1.33440267382831E-16,0.,1.));
#4623=DIRECTION('',(0.,-1.,0.));
#4624=DIRECTION('',(0.,-1.,0.));
#4625=DIRECTION('',(-1.,0.,0.));
#4626=DIRECTION('',(0.,1.,0.));
#4627=DIRECTION('',(1.,0.,0.));
#4628=DIRECTION('',(0.,-1.,0.));
#4629=DIRECTION('',(0.,-1.,0.));
#4630=DIRECTION('',(-1.,0.,0.));
#4631=DIRECTION('',(0.,1.,0.));
#4632=DIRECTION('',(1.,0.,0.));
#4633=DIRECTION('',(0.,-1.,0.));
#4634=DIRECTION('',(0.,-1.,0.));
#4635=DIRECTION('',(1.,0.,0.));
#4636=DIRECTION('',(0.,-1.,0.));
#4637=DIRECTION('',(0.,0.,1.));
#4638=DIRECTION('',(0.,-1.,0.));
#4639=DIRECTION('',(0.,-1.,0.));
#4640=DIRECTION('',(-1.,0.,0.));
#4641=DIRECTION('',(0.,1.,0.));
#4642=DIRECTION('',(1.,0.,0.));
#4643=DIRECTION('',(0.,-1.,0.));
#4644=DIRECTION('',(0.,0.,-1.));
#4645=DIRECTION('',(0.,1.,0.));
#4646=DIRECTION('',(1.,0.,0.));
#4647=DIRECTION('',(0.,-1.,0.));
#4648=DIRECTION('',(0.,-1.,0.));
#4649=DIRECTION('',(-1.,0.,0.));
#4650=DIRECTION('',(0.,1.,0.));
#4651=DIRECTION('',(1.,0.,0.));
#4652=DIRECTION('',(0.,-1.,0.));
#4653=DIRECTION('',(1.,0.,-1.33440267382831E-16));
#4654=DIRECTION('',(-1.33440267382831E-16,0.,-1.));
#4655=DIRECTION('',(1.33440267382831E-16,0.,1.));
#4656=DIRECTION('',(0.,-1.,0.));
#4657=DIRECTION('',(0.,-1.,0.));
#4658=DIRECTION('',(-1.,0.,0.));
#4659=DIRECTION('',(0.,1.,0.));
#4660=DIRECTION('',(1.,0.,0.));
#4661=DIRECTION('',(0.,-1.,0.));
#4662=DIRECTION('',(0.,-1.,0.));
#4663=DIRECTION('',(-1.,0.,0.));
#4664=DIRECTION('',(0.,1.,0.));
#4665=DIRECTION('',(1.,0.,0.));
#4666=DIRECTION('',(0.,-1.,0.));
#4667=DIRECTION('',(0.,-1.,0.));
#4668=DIRECTION('',(1.,0.,-1.33440267382831E-16));
#4669=DIRECTION('',(-1.33440267382831E-16,0.,-1.));
#4670=DIRECTION('',(1.33440267382831E-16,0.,1.));
#4671=DIRECTION('',(0.,-1.,0.));
#4672=DIRECTION('',(0.,-1.,0.));
#4673=DIRECTION('',(-1.,0.,0.));
#4674=DIRECTION('',(0.,1.,0.));
#4675=DIRECTION('',(1.,0.,0.));
#4676=DIRECTION('',(0.,-1.,0.));
#4677=DIRECTION('',(0.,0.,-1.));
#4678=DIRECTION('',(0.,1.,0.));
#4679=DIRECTION('',(1.,0.,0.));
#4680=DIRECTION('',(0.,-1.,0.));
#4681=DIRECTION('',(0.,-1.,0.));
#4682=DIRECTION('',(-1.,0.,0.));
#4683=DIRECTION('',(0.,1.,0.));
#4684=DIRECTION('',(1.,0.,0.));
#4685=DIRECTION('',(0.,-1.,0.));
#4686=DIRECTION('',(1.,0.,-1.33440267382831E-16));
#4687=DIRECTION('',(-1.33440267382831E-16,0.,-1.));
#4688=DIRECTION('',(1.33440267382831E-16,0.,1.));
#4689=DIRECTION('',(0.,-1.,0.));
#4690=DIRECTION('',(0.,-1.,0.));
#4691=DIRECTION('',(-1.,0.,0.));
#4692=DIRECTION('',(0.,1.,0.));
#4693=DIRECTION('',(1.,0.,0.));
#4694=DIRECTION('',(0.,-1.,0.));
#4695=DIRECTION('',(0.,-1.,0.));
#4696=DIRECTION('',(-1.,0.,0.));
#4697=DIRECTION('',(0.,1.,0.));
#4698=DIRECTION('',(1.,0.,0.));
#4699=DIRECTION('',(0.,-1.,0.));
#4700=DIRECTION('',(0.,-1.,0.));
#4701=DIRECTION('',(1.,0.,0.));
#4702=DIRECTION('',(0.,-1.,0.));
#4703=DIRECTION('',(0.,0.,1.));
#4704=DIRECTION('',(0.,-1.,0.));
#4705=DIRECTION('',(0.,-1.,0.));
#4706=DIRECTION('',(-1.,0.,0.));
#4707=DIRECTION('',(0.,1.,0.));
#4708=DIRECTION('',(1.,0.,0.));
#4709=DIRECTION('',(0.,-1.,0.));
#4710=DIRECTION('',(0.,0.,-1.));
#4711=DIRECTION('',(0.,1.,0.));
#4712=DIRECTION('',(1.,0.,0.));
#4713=DIRECTION('',(0.,-1.,0.));
#4714=DIRECTION('',(0.,-1.,0.));
#4715=DIRECTION('',(-1.,0.,0.));
#4716=DIRECTION('',(0.,1.,0.));
#4717=DIRECTION('',(1.,0.,0.));
#4718=DIRECTION('',(0.,-1.,0.));
#4719=DIRECTION('',(1.,0.,-1.33440267382831E-16));
#4720=DIRECTION('',(-1.33440267382831E-16,0.,-1.));
#4721=DIRECTION('',(1.33440267382831E-16,0.,1.));
#4722=DIRECTION('',(0.,-1.,0.));
#4723=DIRECTION('',(0.,-1.,0.));
#4724=DIRECTION('',(-1.,0.,0.));
#4725=DIRECTION('',(0.,1.,0.));
#4726=DIRECTION('',(1.,0.,0.));
#4727=DIRECTION('',(0.,-1.,0.));
#4728=DIRECTION('',(0.,-1.,0.));
#4729=DIRECTION('',(-1.,0.,0.));
#4730=DIRECTION('',(0.,1.,0.));
#4731=DIRECTION('',(1.,0.,0.));
#4732=DIRECTION('',(0.,-1.,0.));
#4733=DIRECTION('',(0.,-1.,0.));
#4734=DIRECTION('',(1.,0.,-1.33440267382831E-16));
#4735=DIRECTION('',(-1.33440267382831E-16,0.,-1.));
#4736=DIRECTION('',(1.33440267382831E-16,0.,1.));
#4737=DIRECTION('',(0.,-1.,0.));
#4738=DIRECTION('',(0.,-1.,0.));
#4739=DIRECTION('',(-1.,0.,0.));
#4740=DIRECTION('',(0.,1.,0.));
#4741=DIRECTION('',(1.,0.,0.));
#4742=DIRECTION('',(0.,-1.,0.));
#4743=DIRECTION('',(0.,0.,-1.));
#4744=DIRECTION('',(0.,1.,0.));
#4745=DIRECTION('',(1.,0.,0.));
#4746=DIRECTION('',(0.,-1.,0.));
#4747=DIRECTION('',(0.,-1.,0.));
#4748=DIRECTION('',(-1.,0.,0.));
#4749=DIRECTION('',(0.,1.,0.));
#4750=DIRECTION('',(1.,0.,0.));
#4751=DIRECTION('',(0.,-1.,0.));
#4752=DIRECTION('',(1.,0.,-1.33440267382831E-16));
#4753=DIRECTION('',(-1.33440267382831E-16,0.,-1.));
#4754=DIRECTION('',(1.33440267382831E-16,0.,1.));
#4755=DIRECTION('',(0.,-1.,0.));
#4756=DIRECTION('',(0.,-1.,0.));
#4757=DIRECTION('',(-1.,0.,0.));
#4758=DIRECTION('',(0.,1.,0.));
#4759=DIRECTION('',(1.,0.,0.));
#4760=DIRECTION('',(0.,-1.,0.));
#4761=DIRECTION('',(0.,-1.,0.));
#4762=DIRECTION('',(-1.,0.,0.));
#4763=DIRECTION('',(0.,1.,0.));
#4764=DIRECTION('',(1.,0.,0.));
#4765=DIRECTION('',(0.,-1.,0.));
#4766=DIRECTION('',(0.,-1.,0.));
#4767=DIRECTION('',(1.,0.,0.));
#4768=DIRECTION('',(0.,-1.,0.));
#4769=DIRECTION('',(0.,0.,1.));
#4770=DIRECTION('',(0.,-1.,0.));
#4771=DIRECTION('',(0.,-1.,0.));
#4772=DIRECTION('',(-1.,0.,0.));
#4773=DIRECTION('',(0.,1.,0.));
#4774=DIRECTION('',(1.,0.,0.));
#4775=DIRECTION('',(0.,-1.,0.));
#4776=DIRECTION('',(0.,0.,-1.));
#4777=DIRECTION('',(0.,1.,0.));
#4778=DIRECTION('',(1.,0.,0.));
#4779=DIRECTION('',(0.,-1.,0.));
#4780=DIRECTION('',(0.,-1.,0.));
#4781=DIRECTION('',(-1.,0.,0.));
#4782=DIRECTION('',(0.,1.,0.));
#4783=DIRECTION('',(1.,0.,0.));
#4784=DIRECTION('',(0.,-1.,0.));
#4785=DIRECTION('',(1.,0.,-1.33440267382831E-16));
#4786=DIRECTION('',(-1.33440267382831E-16,0.,-1.));
#4787=DIRECTION('',(1.33440267382831E-16,0.,1.));
#4788=DIRECTION('',(0.,-1.,0.));
#4789=DIRECTION('',(0.,-1.,0.));
#4790=DIRECTION('',(-1.,0.,0.));
#4791=DIRECTION('',(0.,1.,0.));
#4792=DIRECTION('',(1.,0.,0.));
#4793=DIRECTION('',(0.,-1.,0.));
#4794=DIRECTION('',(0.,0.,-1.));
#4795=DIRECTION('',(0.,1.,0.));
#4796=DIRECTION('',(1.,0.,0.));
#4797=DIRECTION('',(0.,0.,-1.));
#4798=DIRECTION('',(0.,1.,0.));
#4799=DIRECTION('',(1.,0.,0.));
#4800=DIRECTION('',(0.,0.,-1.));
#4801=DIRECTION('',(0.,1.,0.));
#4802=DIRECTION('',(1.,0.,0.));
#4803=DIRECTION('',(0.,0.,-1.));
#4804=DIRECTION('',(0.,1.,0.));
#4805=DIRECTION('',(1.,0.,0.));
#4806=DIRECTION('',(0.,0.,-1.));
#4807=DIRECTION('',(0.,1.,0.));
#4808=DIRECTION('',(1.,0.,0.));
#4809=DIRECTION('',(0.,0.,-1.));
#4810=DIRECTION('',(0.,1.,0.));
#4811=DIRECTION('',(1.,0.,0.));
#4812=DIRECTION('',(0.,0.,-1.));
#4813=DIRECTION('',(0.,1.,0.));
#4814=DIRECTION('',(1.,0.,0.));
#4815=DIRECTION('',(0.,0.,-1.));
#4816=DIRECTION('',(0.,1.,0.));
#4817=DIRECTION('',(1.,0.,0.));
#4818=DIRECTION('',(0.,0.,-1.));
#4819=DIRECTION('',(0.,1.,0.));
#4820=DIRECTION('',(1.,0.,0.));
#4821=DIRECTION('',(0.,0.,-1.));
#4822=DIRECTION('',(0.,1.,0.));
#4823=DIRECTION('',(1.,0.,0.));
#4824=DIRECTION('',(0.,0.,-1.));
#4825=DIRECTION('',(0.,1.,0.));
#4826=DIRECTION('',(1.,0.,0.));
#4827=DIRECTION('',(0.,-1.,0.));
#4828=DIRECTION('',(-1.,0.,0.));
#4829=DIRECTION('',(0.,1.,0.));
#4830=DIRECTION('',(1.,0.,0.));
#4831=DIRECTION('',(0.,1.,0.));
#4832=DIRECTION('',(1.,0.,0.));
#4833=DIRECTION('',(1.,0.,0.));
#4834=DIRECTION('',(0.,-1.,0.));
#4835=DIRECTION('',(-1.,0.,0.));
#4836=DIRECTION('',(0.,1.,0.));
#4837=DIRECTION('',(0.,0.,1.));
#4838=DIRECTION('',(0.,-1.,0.));
#4839=DIRECTION('',(0.,1.,0.));
#4840=DIRECTION('',(1.,0.,0.));
#4841=DIRECTION('',(0.,1.,0.));
#4842=DIRECTION('',(1.,0.,0.));
#4843=DIRECTION('',(0.,0.,-1.));
#4844=DIRECTION('',(0.,1.,0.));
#4845=DIRECTION('',(-1.,0.,0.));
#4846=DIRECTION('',(0.,1.,0.));
#4847=DIRECTION('',(0.,1.,0.));
#4848=DIRECTION('',(1.,0.,0.));
#4849=DIRECTION('',(0.,0.,-1.));
#4850=DIRECTION('',(0.,1.,0.));
#4851=DIRECTION('',(0.,-1.,0.));
#4852=DIRECTION('',(-1.,0.,0.));
#4853=DIRECTION('',(0.,1.,0.));
#4854=DIRECTION('',(0.,1.,0.));
#4855=DIRECTION('',(1.,0.,0.));
#4856=DIRECTION('',(0.,1.,0.));
#4857=DIRECTION('',(1.,0.,0.));
#4858=DIRECTION('',(0.,1.,0.));
#4859=DIRECTION('',(-1.,0.,0.));
#4860=DIRECTION('',(0.,1.,0.));
#4861=DIRECTION('',(0.,0.,1.));
#4862=DIRECTION('',(0.,1.,0.));
#4863=DIRECTION('',(0.,1.,0.));
#4864=DIRECTION('',(1.,0.,0.));
#4865=DIRECTION('',(0.,1.,0.));
#4866=DIRECTION('',(1.,0.,0.));
#4867=DIRECTION('',(0.,1.,0.));
#4868=DIRECTION('',(1.,0.,0.));
#4869=DIRECTION('',(0.,1.,0.));
#4870=DIRECTION('',(1.,0.,0.));
#4871=DIRECTION('',(0.,1.,0.));
#4872=DIRECTION('',(1.,0.,0.));
#4873=DIRECTION('',(0.,-1.,0.));
#4874=DIRECTION('',(0.,0.,-1.));
#4875=DIRECTION('',(0.,1.,0.));
#4876=DIRECTION('',(0.,1.,0.));
#4877=DIRECTION('',(1.,0.,0.));
#4878=DIRECTION('',(0.,1.,0.));
#4879=DIRECTION('',(1.,0.,0.));
#4880=DIRECTION('',(0.,1.,0.));
#4881=DIRECTION('',(1.,0.,0.));
#4882=DIRECTION('',(0.,1.,0.));
#4883=DIRECTION('',(1.,0.,0.));
#4884=DIRECTION('',(0.,1.,0.));
#4885=DIRECTION('',(1.,0.,0.));
#4886=DIRECTION('',(-2.01244022735104E-16,0.,-1.));
#4887=DIRECTION('',(0.,1.,0.));
#4888=DIRECTION('',(1.,0.,0.));
#4889=DIRECTION('',(1.,0.,0.));
#4890=DIRECTION('',(0.,1.,0.));
#4891=DIRECTION('',(1.,0.,0.));
#4892=DIRECTION('',(-2.01244022735156E-16,0.,-1.));
#4893=DIRECTION('',(0.,1.,0.));
#4894=DIRECTION('',(1.,0.,0.));
#4895=DIRECTION('',(0.,1.,0.));
#4896=DIRECTION('',(1.,0.,0.));
#4897=DIRECTION('',(0.,1.,0.));
#4898=DIRECTION('',(1.,0.,0.));
#4899=DIRECTION('',(0.,1.,0.));
#4900=DIRECTION('',(1.,0.,0.));
#4901=DIRECTION('',(0.,0.,1.));
#4902=DIRECTION('',(0.,-1.,0.));
#4903=DIRECTION('',(0.,-1.,0.));
#4904=DIRECTION('',(0.,-1.,0.));
#4905=DIRECTION('',(0.,-1.,0.));
#4906=DIRECTION('',(-1.,0.,0.));
#4907=DIRECTION('',(0.,-1.,0.));
#4908=DIRECTION('',(1.,0.,-2.01244022735156E-16));
#4909=DIRECTION('',(-2.01244022735156E-16,0.,-1.));
#4910=DIRECTION('',(0.,-1.,0.));
#4911=DIRECTION('',(1.,0.,-2.01244022735104E-16));
#4912=DIRECTION('',(-2.01244022735104E-16,0.,-1.));
#4913=DIRECTION('',(0.,-1.,0.));
#4914=DIRECTION('',(0.,-1.,0.));
#4915=DIRECTION('',(0.,-1.,0.));
#4916=DIRECTION('',(-1.,0.,0.));
#4917=DIRECTION('',(0.,-1.,0.));
#4918=DIRECTION('',(-1.,0.,0.));
#4919=DIRECTION('',(0.,1.,0.));
#4920=DIRECTION('',(1.,0.,0.));
#4921=DIRECTION('',(0.,0.,-1.));
#4922=DIRECTION('',(0.,1.,0.));
#4923=DIRECTION('',(0.,1.,0.));
#4924=DIRECTION('',(0.,0.,-1.));
#4925=DIRECTION('',(0.,1.,0.));
#4926=DIRECTION('',(0.,-1.,0.));
#4927=DIRECTION('',(1.,0.,0.));
#4928=DIRECTION('',(0.,0.,-1.));
#4929=DIRECTION('',(0.,1.,0.));
#4930=DIRECTION('',(0.,-1.,0.));
#4931=DIRECTION('',(-1.,0.,0.));
#4932=DIRECTION('',(0.,1.,0.));
#4933=DIRECTION('',(1.,0.,0.));
#4934=DIRECTION('',(0.,1.,0.));
#4935=DIRECTION('',(1.,0.,0.));
#4936=DIRECTION('',(0.,0.,1.));
#4937=DIRECTION('',(0.,0.,1.));
#4938=DIRECTION('',(0.,0.,1.));
#4939=DIRECTION('',(0.,-1.,0.));
#4940=DIRECTION('',(0.,0.,1.));
#4941=DIRECTION('',(-1.,0.,0.));
#4942=DIRECTION('',(0.,1.,0.));
#4943=DIRECTION('',(0.,0.,1.));
#4944=DIRECTION('',(-1.,0.,0.));
#4945=DIRECTION('',(0.,1.,0.));
#4946=DIRECTION('',(0.,0.,1.));
#4947=DIRECTION('',(0.,0.,1.));
#4948=DIRECTION('',(0.,0.,1.));
#4949=DIRECTION('',(0.,-1.,0.));
#4950=DIRECTION('',(0.,0.,1.));
#4951=DIRECTION('',(0.,-1.,0.));
#4952=DIRECTION('',(0.,0.,1.));
#4953=DIRECTION('',(0.,-1.,0.));
#4954=DIRECTION('',(0.,-1.,0.));
#4955=DIRECTION('',(-1.,0.,0.));
#4956=DIRECTION('',(0.,-1.,0.));
#4957=DIRECTION('',(-1.,0.,0.));
#4958=DIRECTION('',(0.,-1.,0.));
#4959=DIRECTION('',(-1.,0.,0.));
#4960=DIRECTION('',(0.,-1.,0.));
#4961=DIRECTION('',(-1.,0.,0.));
#4962=DIRECTION('',(0.,-1.,0.));
#4963=DIRECTION('',(-1.,0.,0.));
#4964=DIRECTION('',(0.,1.,0.));
#4965=DIRECTION('',(1.,0.,0.));
#4966=DIRECTION('',(0.,1.,0.));
#4967=DIRECTION('',(1.,0.,0.));
#4968=DIRECTION('',(0.,-1.,0.));
#4969=DIRECTION('',(-1.,0.,0.));
#4970=DIRECTION('',(0.,1.,0.));
#4971=DIRECTION('',(1.,0.,0.));
#4972=DIRECTION('',(0.,1.,0.));
#4973=DIRECTION('',(1.,0.,0.));
#4974=DIRECTION('',(0.,-1.,0.));
#4975=DIRECTION('',(-1.,0.,0.));
#4976=DIRECTION('',(0.,1.,0.));
#4977=DIRECTION('',(1.,0.,0.));
#4978=DIRECTION('',(0.,1.,0.));
#4979=DIRECTION('',(1.,0.,0.));
#4980=DIRECTION('',(0.,-1.,0.));
#4981=DIRECTION('',(-1.,0.,0.));
#4982=DIRECTION('',(0.,1.,0.));
#4983=DIRECTION('',(1.,0.,0.));
#4984=DIRECTION('',(0.,1.,0.));
#4985=DIRECTION('',(1.,0.,0.));
#4986=CARTESIAN_POINT('',(0.,0.,0.));
#4987=CARTESIAN_POINT('',(-0.000250000506208443,0.0036,0.0396));
#4988=CARTESIAN_POINT('',(0.00726393325875343,0.0036,0.0396));
#4989=CARTESIAN_POINT('',(0.00726393325875343,0.002,0.0396));
#4990=CARTESIAN_POINT('',(0.00726393325875343,0.0036,0.0396));
#4991=CARTESIAN_POINT('',(-0.000250000506208443,0.002,0.0396));
#4992=CARTESIAN_POINT('',(-0.00726393249426051,0.002,0.0396));
#4993=CARTESIAN_POINT('',(-0.00726393249426051,0.0036,0.0396));
#4994=CARTESIAN_POINT('',(-0.00726393249426051,0.0036,0.0396));
#4995=CARTESIAN_POINT('',(-0.000250000506208443,0.0036,0.0396));
#4996=CARTESIAN_POINT('',(-0.000250000506208443,0.0036,0.0396));
#4997=CARTESIAN_POINT('',(0.0117360677412465,0.0036,0.0396));
#4998=CARTESIAN_POINT('',(0.0117360677412465,0.0036,0.0396));
#4999=CARTESIAN_POINT('',(0.0117360677412465,0.002,0.0396));
#5000=CARTESIAN_POINT('',(-0.000250000506208443,0.0036,0.0396));
#5001=CARTESIAN_POINT('',(0.0249999989875899,0.0036,0.0396));
#5002=CARTESIAN_POINT('',(0.0249999989875899,0.0036,0.0396));
#5003=CARTESIAN_POINT('',(0.0249999989875899,0.002,0.0396));
#5004=CARTESIAN_POINT('',(-0.000250000506208443,0.002,0.0396));
#5005=CARTESIAN_POINT('',(-0.000250000506208443,0.0036,0.0396));
#5006=CARTESIAN_POINT('',(-0.0117360675057395,0.0036,0.0396));
#5007=CARTESIAN_POINT('',(-0.0117360675057395,0.002,0.0396));
#5008=CARTESIAN_POINT('',(-0.0117360675057395,0.0036,0.0396));
#5009=CARTESIAN_POINT('',(-0.000250000506208443,0.002,0.0396));
#5010=CARTESIAN_POINT('',(-0.0255000000000068,0.002,0.0396));
#5011=CARTESIAN_POINT('',(-0.0255000000000068,0.0036,0.0396));
#5012=CARTESIAN_POINT('',(-0.0255000000000068,0.0036,0.0396));
#5013=CARTESIAN_POINT('',(-0.000250000506208443,0.0036,0.0396));
#5014=CARTESIAN_POINT('',(-0.000250000506207541,0.0036,-0.0388));
#5015=CARTESIAN_POINT('',(-0.0177639332992541,0.0036,-0.0388));
#5016=CARTESIAN_POINT('',(-0.0177639332992541,0.002,-0.0388));
#5017=CARTESIAN_POINT('',(-0.0177639332992541,0.0036,-0.0388));
#5018=CARTESIAN_POINT('',(-0.000250000506207541,0.002,-0.0388));
#5019=CARTESIAN_POINT('',(0.0182620273817196,0.002,-0.0388));
#5020=CARTESIAN_POINT('',(0.0182620273817196,0.0036,-0.0388));
#5021=CARTESIAN_POINT('',(0.0182620273817196,0.0036,-0.0388));
#5022=CARTESIAN_POINT('',(-0.000250000506207541,0.0036,-0.0388));
#5023=CARTESIAN_POINT('',(-0.000250000506207541,0.0036,-0.0388));
#5024=CARTESIAN_POINT('',(-0.0222360667007459,0.0036,-0.0388));
#5025=CARTESIAN_POINT('',(-0.0222360667007459,0.0036,-0.0388));
#5026=CARTESIAN_POINT('',(-0.0222360667007459,0.002,-0.0388));
#5027=CARTESIAN_POINT('',(-0.000250000506207541,0.0036,-0.0388));
#5028=CARTESIAN_POINT('',(-0.025500000000005,0.0036,-0.0388));
#5029=CARTESIAN_POINT('',(-0.025500000000005,0.0036,-0.0388));
#5030=CARTESIAN_POINT('',(-0.025500000000005,0.002,-0.0388));
#5031=CARTESIAN_POINT('',(-0.000250000506207541,0.002,-0.0388));
#5032=CARTESIAN_POINT('',(-0.000250000506207541,0.0036,-0.0388));
#5033=CARTESIAN_POINT('',(0.0227402594754804,0.0036,-0.0388));
#5034=CARTESIAN_POINT('',(0.0227402594754804,0.002,-0.0388));
#5035=CARTESIAN_POINT('',(0.0227402594754804,0.0036,-0.0388));
#5036=CARTESIAN_POINT('',(-0.000250000506207541,0.002,-0.0388));
#5037=CARTESIAN_POINT('',(0.0249999989875899,0.002,-0.0388));
#5038=CARTESIAN_POINT('',(0.0249999989875899,0.0036,-0.0388));
#5039=CARTESIAN_POINT('',(0.0249999989875899,0.0036,-0.0388));
#5040=CARTESIAN_POINT('',(-0.000250000506207541,0.0036,-0.0388));
#5041=CARTESIAN_POINT('',(-0.00025,0.0036,0.00039999999999997));
#5042=CARTESIAN_POINT('',(-0.02,0.0036,-0.04080000014511));
#5043=CARTESIAN_POINT('',(-0.01855,0.0036,-0.04080000014511));
#5044=CARTESIAN_POINT('',(0.00950000049999999,0.0036,0.0415999983534));
#5045=CARTESIAN_POINT('',(0.0109500005,0.0036,0.0415999983534));
#5046=CARTESIAN_POINT('',(-0.0095,0.0036,0.0415999989450999));
#5047=CARTESIAN_POINT('',(-0.00805,0.0036,0.0415999989450999));
#5048=CARTESIAN_POINT('',(0.0205011434286,0.0036,-0.0407931969162401));
#5049=CARTESIAN_POINT('',(0.0219511434286,0.0036,-0.0407931969162401));
#5050=CARTESIAN_POINT('',(-0.02,0.0036,-0.04080000014511));
#5051=CARTESIAN_POINT('',(0.0205011434286,0.0036,-0.0407931969162401));
#5052=CARTESIAN_POINT('',(0.0249999989876,0.0036,-0.0345999989876001));
#5053=CARTESIAN_POINT('',(0.0292,0.0036,-0.0345999989876001));
#5054=CARTESIAN_POINT('',(0.0292,0.0036,0.000400000506174947));
#5055=CARTESIAN_POINT('',(0.0292,0.0036,0.03539999999995));
#5056=CARTESIAN_POINT('',(0.0249999989875899,0.0036,0.0353999989875898));
#5057=CARTESIAN_POINT('',(0.00950000049999999,0.0036,0.0415999983534));
#5058=CARTESIAN_POINT('',(-0.0095,0.0036,0.0415999989450999));
#5059=CARTESIAN_POINT('',(-0.0255000000000068,0.0036,0.0354000000000068));
#5060=CARTESIAN_POINT('',(-0.0297,0.0036,0.0353999989875));
#5061=CARTESIAN_POINT('',(-0.0297,0.0036,0.000399999493724122));
#5062=CARTESIAN_POINT('',(-0.0297,0.0036,-0.0346000000000517));
#5063=CARTESIAN_POINT('',(-0.0255000000000517,0.0036,-0.0346000000000517));
#5064=CARTESIAN_POINT('',(-0.0352,0.0036,0.000399999999974109));
#5065=CARTESIAN_POINT('',(-0.0352,0.0036,0.03539999949375));
#5066=CARTESIAN_POINT('',(-0.0352,0.0036,-0.0345999994938017));
#5067=CARTESIAN_POINT('',(-0.0254999994938018,0.0036,0.0353999994938018));
#5068=CARTESIAN_POINT('',(-0.0254999994938018,0.0036,0.0451));
#5069=CARTESIAN_POINT('',(-0.000250000000003407,0.0036,0.0451));
#5070=CARTESIAN_POINT('',(0.024999999493795,0.0036,0.0451));
#5071=CARTESIAN_POINT('',(0.02499999949375,0.0036,0.03539999949375));
#5072=CARTESIAN_POINT('',(0.0347,0.0036,0.03539999949375));
#5073=CARTESIAN_POINT('',(0.0347,0.0036,0.000399999999974955));
#5074=CARTESIAN_POINT('',(0.0347,0.0036,-0.0345999994938));
#5075=CARTESIAN_POINT('',(0.0249999994938,0.0036,-0.0345999994938));
#5076=CARTESIAN_POINT('',(0.024999999493795,0.0036,-0.0443));
#5077=CARTESIAN_POINT('',(-0.000250000000002505,0.0036,-0.0443));
#5078=CARTESIAN_POINT('',(-0.0254999994938,0.0036,-0.0443));
#5079=CARTESIAN_POINT('',(-0.0254999994938017,0.0036,-0.0345999994938017));
#5080=CARTESIAN_POINT('',(-0.0352,0.0036,0.000399999999974109));
#5081=CARTESIAN_POINT('',(-0.0352,0.,0.000399999999974109));
#5082=CARTESIAN_POINT('',(-0.0352,0.,0.03539999949375));
#5083=CARTESIAN_POINT('',(-0.0352,0.,-0.0345999994938017));
#5084=CARTESIAN_POINT('',(-0.0352,0.0036,0.03539999949375));
#5085=CARTESIAN_POINT('',(-0.0352,0.0036,-0.0345999994938017));
#5086=CARTESIAN_POINT('',(-0.0254999994938018,0.0036,0.0353999994938018));
#5087=CARTESIAN_POINT('',(-0.0254999994938018,0.,0.0353999994938018));
#5088=CARTESIAN_POINT('',(-0.0254999994938018,0.,0.0451));
#5089=CARTESIAN_POINT('',(-0.0254999994938018,0.0036,0.0451));
#5090=CARTESIAN_POINT('',(-0.000250000000003407,0.0036,0.0451));
#5091=CARTESIAN_POINT('',(-0.000250000000003407,0.,0.0451));
#5092=CARTESIAN_POINT('',(0.024999999493795,0.,0.0451));
#5093=CARTESIAN_POINT('',(0.024999999493795,0.0036,0.0451));
#5094=CARTESIAN_POINT('',(0.02499999949375,0.0036,0.03539999949375));
#5095=CARTESIAN_POINT('',(0.02499999949375,0.,0.03539999949375));
#5096=CARTESIAN_POINT('',(0.0347,0.,0.03539999949375));
#5097=CARTESIAN_POINT('',(0.0347,0.0036,0.03539999949375));
#5098=CARTESIAN_POINT('',(0.0347,0.0036,0.000399999999974955));
#5099=CARTESIAN_POINT('',(0.0347,0.,0.000399999999974955));
#5100=CARTESIAN_POINT('',(0.0347,0.,-0.0345999994938));
#5101=CARTESIAN_POINT('',(0.0347,0.0036,-0.0345999994938));
#5102=CARTESIAN_POINT('',(0.0249999994938,0.0036,-0.0345999994938));
#5103=CARTESIAN_POINT('',(0.0249999994938,0.,-0.0345999994938));
#5104=CARTESIAN_POINT('',(0.024999999493795,0.,-0.0443));
#5105=CARTESIAN_POINT('',(0.024999999493795,0.0036,-0.0443));
#5106=CARTESIAN_POINT('',(-0.000250000000002505,0.0036,-0.0443));
#5107=CARTESIAN_POINT('',(-0.000250000000002505,0.,-0.0443));
#5108=CARTESIAN_POINT('',(-0.0254999994938,0.,-0.0443));
#5109=CARTESIAN_POINT('',(-0.0254999994938,0.0036,-0.0443));
#5110=CARTESIAN_POINT('',(-0.0254999994938017,0.0036,-0.0345999994938017));
#5111=CARTESIAN_POINT('',(-0.0254999994938017,0.,-0.0345999994938017));
#5112=CARTESIAN_POINT('',(-0.00025,0.,0.00039999999999997));
#5113=CARTESIAN_POINT('',(-0.02,0.,-0.04080000014511));
#5114=CARTESIAN_POINT('',(-0.0175,0.,-0.04080000014511));
#5115=CARTESIAN_POINT('',(0.00950000049999999,0.,0.0415999983534));
#5116=CARTESIAN_POINT('',(0.0120000005,0.,0.0415999983534));
#5117=CARTESIAN_POINT('',(-0.0095,0.,0.0415999989450999));
#5118=CARTESIAN_POINT('',(-0.007,0.,0.0415999989450999));
#5119=CARTESIAN_POINT('',(0.0205011434286,0.,-0.0407931969162401));
#5120=CARTESIAN_POINT('',(0.0230011434286,0.,-0.0407931969162401));
#5121=CARTESIAN_POINT('',(0.0249999989875899,0.0036,0.0353999989875898));
#5122=CARTESIAN_POINT('',(0.0249999989875899,0.002,0.0353999989875898));
#5123=CARTESIAN_POINT('',(0.0292,0.002,0.03539999999995));
#5124=CARTESIAN_POINT('',(0.0292,0.0036,0.03539999999995));
#5125=CARTESIAN_POINT('',(-0.0255000000000068,0.0036,0.0354000000000068));
#5126=CARTESIAN_POINT('',(-0.0255000000000068,0.002,0.0354000000000068));
#5127=CARTESIAN_POINT('',(-0.0297,0.002,0.0353999989875));
#5128=CARTESIAN_POINT('',(-0.0297,0.0036,0.0353999989875));
#5129=CARTESIAN_POINT('',(-0.0297,0.0036,0.000399999493724122));
#5130=CARTESIAN_POINT('',(-0.0297,0.002,0.000399999493724122));
#5131=CARTESIAN_POINT('',(-0.0297,0.002,-0.0346000000000517));
#5132=CARTESIAN_POINT('',(-0.0297,0.0036,-0.0346000000000517));
#5133=CARTESIAN_POINT('',(-0.0255000000000517,0.0036,-0.0346000000000517));
#5134=CARTESIAN_POINT('',(-0.0255000000000517,0.002,-0.0346000000000517));
#5135=CARTESIAN_POINT('',(0.0249999989876,0.0036,-0.0345999989876001));
#5136=CARTESIAN_POINT('',(0.0249999989876,0.002,-0.0345999989876001));
#5137=CARTESIAN_POINT('',(0.0292,0.002,-0.0345999989876001));
#5138=CARTESIAN_POINT('',(0.0292,0.0036,-0.0345999989876001));
#5139=CARTESIAN_POINT('',(0.0292,0.0036,0.000400000506174947));
#5140=CARTESIAN_POINT('',(0.0292,0.002,0.000400000506174947));
#5141=CARTESIAN_POINT('',(-0.00025,0.002,0.000400000000000005));
#5142=CARTESIAN_POINT('',(-0.02,0.002,-0.04080000014511));
#5143=CARTESIAN_POINT('',(-0.0095,0.002,0.0415999989450999));
#5144=CARTESIAN_POINT('',(0.00950000049999999,0.002,0.0415999983534));
#5145=CARTESIAN_POINT('',(0.0205011434286,0.002,-0.0407931969162401));
#5146=CARTESIAN_POINT('',(-0.0095,0.0036,0.0415999989450999));
#5147=CARTESIAN_POINT('',(0.00950000049999999,0.0036,0.0415999983534));
#5148=CARTESIAN_POINT('',(0.0205011434286,0.0036,-0.0407931969162401));
#5149=CARTESIAN_POINT('',(-0.02,0.0036,-0.04080000014511));
#5150=CARTESIAN_POINT('',(0.0205011434286,0.0057,-0.0407931969162401));
#5151=CARTESIAN_POINT('',(0.0205011434286,0.001,-0.0407931969162401));
#5152=CARTESIAN_POINT('',(0.0219511434286,0.001,-0.0407931969162401));
#5153=CARTESIAN_POINT('',(-0.0095,0.0057,0.0415999989450999));
#5154=CARTESIAN_POINT('',(-0.0095,0.001,0.0415999989450999));
#5155=CARTESIAN_POINT('',(-0.00805,0.001,0.0415999989450999));
#5156=CARTESIAN_POINT('',(0.00950000049999999,0.0057,0.0415999983534));
#5157=CARTESIAN_POINT('',(0.00950000049999999,0.001,0.0415999983534));
#5158=CARTESIAN_POINT('',(0.0109500005,0.001,0.0415999983534));
#5159=CARTESIAN_POINT('',(-0.02,0.0057,-0.04080000014511));
#5160=CARTESIAN_POINT('',(-0.02,0.001,-0.04080000014511));
#5161=CARTESIAN_POINT('',(-0.01855,0.001,-0.04080000014511));
#5162=CARTESIAN_POINT('',(-0.02,0.001,-0.04080000014511));
#5163=CARTESIAN_POINT('',(-0.02,0.001,-0.04080000014511));
#5164=CARTESIAN_POINT('',(-0.0175,0.001,-0.04080000014511));
#5165=CARTESIAN_POINT('',(0.000250571714300006,0.001,0.000399999399994959));
#5166=CARTESIAN_POINT('',(0.00950000049999999,0.001,0.0415999983534));
#5167=CARTESIAN_POINT('',(0.00950000049999999,0.001,0.0415999983534));
#5168=CARTESIAN_POINT('',(0.0120000005,0.001,0.0415999983534));
#5169=CARTESIAN_POINT('',(0.000250571714300006,0.001,0.000399999399994959));
#5170=CARTESIAN_POINT('',(-0.0095,0.001,0.0415999989450999));
#5171=CARTESIAN_POINT('',(-0.0095,0.001,0.0415999989450999));
#5172=CARTESIAN_POINT('',(-0.007,0.001,0.0415999989450999));
#5173=CARTESIAN_POINT('',(0.000250571714300006,0.001,0.000399999399994959));
#5174=CARTESIAN_POINT('',(0.0205011434286,0.001,-0.0407931969162401));
#5175=CARTESIAN_POINT('',(0.0205011434286,0.001,-0.0407931969162401));
#5176=CARTESIAN_POINT('',(0.0230011434286,0.001,-0.0407931969162401));
#5177=CARTESIAN_POINT('',(0.000250571714300006,0.001,0.000399999399994959));
#5178=CARTESIAN_POINT('',(0.,0.,0.));
#5179=CARTESIAN_POINT('',(-0.000250000000003407,-0.0055,0.0411));
#5180=CARTESIAN_POINT('',(-0.000250000000003407,0.0072,0.0411));
#5181=CARTESIAN_POINT('',(0.00654196199998413,0.0072,0.0411));
#5182=CARTESIAN_POINT('',(-0.00654196099999951,0.0072,0.0411));
#5183=CARTESIAN_POINT('',(0.00654196199998437,0.01,0.0410999999999987));
#5184=CARTESIAN_POINT('',(0.00654196199998413,0.0036,0.0411));
#5185=CARTESIAN_POINT('',(-0.000250000000000549,0.0036,0.0411));
#5186=CARTESIAN_POINT('',(-0.00654196099999948,0.0036,0.0411));
#5187=CARTESIAN_POINT('',(-0.00654196099999951,0.01,0.0411));
#5188=CARTESIAN_POINT('',(-0.000250000000003407,-0.0055,0.0411));
#5189=CARTESIAN_POINT('',(-0.000250000000003407,0.0072,0.0411));
#5190=CARTESIAN_POINT('',(-0.0124580390000005,0.0072,0.0411));
#5191=CARTESIAN_POINT('',(-0.0254999994938018,0.0072,0.0411));
#5192=CARTESIAN_POINT('',(-0.0124580390000005,0.01,0.0411));
#5193=CARTESIAN_POINT('',(-0.0124580390000005,0.0036,0.0411));
#5194=CARTESIAN_POINT('',(-0.000250000000000549,0.0036,0.0411));
#5195=CARTESIAN_POINT('',(-0.0254999994938018,0.0036,0.0411));
#5196=CARTESIAN_POINT('',(-0.0254999994938018,-0.0055,0.0411));
#5197=CARTESIAN_POINT('',(-0.000250000000002505,-0.0055,-0.0403));
#5198=CARTESIAN_POINT('',(-0.000250000000002505,0.0072,-0.0403));
#5199=CARTESIAN_POINT('',(-0.0170419610000011,0.0072,-0.0403));
#5200=CARTESIAN_POINT('',(-0.00812809670618592,0.0072,-0.0403));
#5201=CARTESIAN_POINT('',(-0.0170419610000011,0.01,-0.0403));
#5202=CARTESIAN_POINT('',(-0.0170419610000121,0.0036,-0.0403));
#5203=CARTESIAN_POINT('',(-0.000250000000000549,0.0036,-0.0403));
#5204=CARTESIAN_POINT('',(0.0175442169286007,0.0036,-0.0403));
#5205=CARTESIAN_POINT('',(0.0175441859999933,0.01,-0.0403003710000039));
#5206=CARTESIAN_POINT('',(0.0175441859999933,0.0072,-0.0403001855000019));
#5207=CARTESIAN_POINT('',(-0.000250000000002505,0.0072,-0.0403));
#5208=CARTESIAN_POINT('',(0.00862809670618227,0.0072,-0.0403));
#5209=CARTESIAN_POINT('',(0.00862809670618227,0.03011,-0.0403));
#5210=CARTESIAN_POINT('',(0.00862809670618227,0.00511,-0.0403));
#5211=CARTESIAN_POINT('',(-0.000250000000002505,0.00511,-0.0403));
#5212=CARTESIAN_POINT('',(-0.00812809670618592,0.00511,-0.0403));
#5213=CARTESIAN_POINT('',(-0.00812809670618592,0.03011,-0.0403));
#5214=CARTESIAN_POINT('',(-0.000250000000002505,-0.0055,-0.0403));
#5215=CARTESIAN_POINT('',(-0.000250000000002505,0.0072,-0.0403));
#5216=CARTESIAN_POINT('',(0.023458038999992,0.0072,-0.0403));
#5217=CARTESIAN_POINT('',(0.024999999493795,0.0072,-0.0403));
#5218=CARTESIAN_POINT('',(0.0234580389999921,0.01,-0.0403000000000007));
#5219=CARTESIAN_POINT('',(0.023458038999975,0.0036,-0.0403));
#5220=CARTESIAN_POINT('',(-0.000250000000000549,0.0036,-0.0403));
#5221=CARTESIAN_POINT('',(0.024999999493795,0.0036,-0.0403));
#5222=CARTESIAN_POINT('',(0.024999999493795,-0.0055,-0.0403));
#5223=CARTESIAN_POINT('',(-0.000250000000002505,0.007,-0.0413));
#5224=CARTESIAN_POINT('',(0.00579000000000059,0.007645,-0.0442298421459185));
#5225=CARTESIAN_POINT('',(0.00579000000000059,0.00742903087199388,-0.0442773873994258));
#5226=CARTESIAN_POINT('',(0.00576283802547274,0.00721386303967881,-0.0443));
#5227=CARTESIAN_POINT('',(0.00570657244414514,0.007,-0.0443));
#5228=CARTESIAN_POINT('',(0.00579000000000059,0.007645,-0.0442298421459185));
#5229=CARTESIAN_POINT('',(0.00570657244414514,0.007,-0.0443));
#5230=CARTESIAN_POINT('',(0.00579000000000059,0.007,-0.0413));
#5231=CARTESIAN_POINT('',(0.00579000000000059,0.008355,-0.0439765602926144));
#5232=CARTESIAN_POINT('',(0.00518379603000338,0.01,-0.0413));
#5233=CARTESIAN_POINT('',(0.00518379603000338,0.01,-0.0424361893694321));
#5234=CARTESIAN_POINT('',(0.00579000000000059,0.00936875249776042,-0.0434633513661218));
#5235=CARTESIAN_POINT('',(0.00579000000000059,0.008355,-0.0439765602926144));
#5236=CARTESIAN_POINT('',(0.00518379603000338,0.01,-0.0413));
#5237=CARTESIAN_POINT('',(-0.000250000000000549,0.01,-0.0413));
#5238=CARTESIAN_POINT('',(0.0250349415854936,0.01,-0.0413));
#5239=CARTESIAN_POINT('',(0.024999999493795,0.007,-0.0443));
#5240=CARTESIAN_POINT('',(0.024999999493795,0.00779239055468805,-0.0443));
#5241=CARTESIAN_POINT('',(0.0250066786439342,0.00934516398592638,-0.04365335681312));
#5242=CARTESIAN_POINT('',(0.0250249191163878,0.01,-0.0420811298218615));
#5243=CARTESIAN_POINT('',(0.0250349415854936,0.01,-0.0413));
#5244=CARTESIAN_POINT('',(0.024999999493795,0.007,-0.0443));
#5245=CARTESIAN_POINT('',(-0.000250000000002505,0.007,-0.0443));
#5246=CARTESIAN_POINT('',(0.000249999999998597,0.03011,-0.0407866666952457));
#5247=CARTESIAN_POINT('',(0.00579000000000059,0.03011,-0.0407866666952457));
#5248=CARTESIAN_POINT('',(0.00579000000000059,0.007645,-0.0407866666952457));
#5249=CARTESIAN_POINT('',(0.00579000000000059,0.008355,-0.0407866666952457));
#5250=CARTESIAN_POINT('',(0.00325495535714345,0.007645,-0.0407866666952457));
#5251=CARTESIAN_POINT('',(0.00327000000000059,0.00511,-0.0407866666952457));
#5252=CARTESIAN_POINT('',(0.000249999999998597,0.00511,-0.0407866666952457));
#5253=CARTESIAN_POINT('',(0.0071199999999972,0.00511,-0.0407866666952457));
#5254=CARTESIAN_POINT('',(0.0071199999999972,0.03011,-0.0407866666952457));
#5255=CARTESIAN_POINT('',(0.0071199999999972,0.01,-0.0407866666952457));
#5256=CARTESIAN_POINT('',(-0.000250000000000549,0.01,-0.0407866666952457));
#5257=CARTESIAN_POINT('',(0.00518379603000338,0.01,-0.0407866666952457));
#5258=CARTESIAN_POINT('',(0.00325495535714345,0.008355,-0.0407866666952457));
#5259=CARTESIAN_POINT('',(-0.000250000000000549,0.01,0.000399999999999915));
#5260=CARTESIAN_POINT('',(0.00518379603000338,0.01,-0.045));
#5261=CARTESIAN_POINT('',(0.00711999999999717,0.01,-0.0382066666952457));
#5262=CARTESIAN_POINT('',(0.0096999999999972,0.01,-0.0382066666952457));
#5263=CARTESIAN_POINT('',(0.0096999999999972,0.01,0.000399999999999913));
#5264=CARTESIAN_POINT('',(0.0096999999999972,0.01,-0.020966666695248));
#5265=CARTESIAN_POINT('',(0.00711999999999487,0.01,-0.020966666695248));
#5266=CARTESIAN_POINT('',(0.0071199999999715,0.01,-0.0183866666952457));
#5267=CARTESIAN_POINT('',(-0.000250000000000549,0.01,-0.0183866666952457));
#5268=CARTESIAN_POINT('',(-0.00662,0.01,-0.0183866666952457));
#5269=CARTESIAN_POINT('',(-0.00662000000000079,0.01,-0.0209666666952448));
#5270=CARTESIAN_POINT('',(-0.0092,0.01,-0.0209666666952448));
#5271=CARTESIAN_POINT('',(-0.0092,0.01,0.000399999999999916));
#5272=CARTESIAN_POINT('',(-0.0092,0.01,-0.0382066666952469));
#5273=CARTESIAN_POINT('',(-0.00662000000000122,0.01,-0.0382066666952469));
#5274=CARTESIAN_POINT('',(-0.00662,0.01,-0.0407866666952457));
#5275=CARTESIAN_POINT('',(-0.000250000000000549,0.01,-0.0407866666952457));
#5276=CARTESIAN_POINT('',(-0.00509878199908589,0.01,-0.0407866666952457));
#5277=CARTESIAN_POINT('',(-0.00509878199908589,0.01,-0.045));
#5278=CARTESIAN_POINT('',(-0.00509878199908589,0.01,-0.0413));
#5279=CARTESIAN_POINT('',(-0.000250000000000549,0.01,-0.0413));
#5280=CARTESIAN_POINT('',(-0.0255349415854987,0.01,-0.0413));
#5281=CARTESIAN_POINT('',(-0.0257021505288407,0.01,-0.0348021505288408));
#5282=CARTESIAN_POINT('',(-0.0322,0.01,-0.0346349415854993));
#5283=CARTESIAN_POINT('',(-0.0322,0.01,0.000399999999999915));
#5284=CARTESIAN_POINT('',(-0.0322,0.01,0.035434941585457));
#5285=CARTESIAN_POINT('',(-0.0257021505288419,0.01,0.0356021505288409));
#5286=CARTESIAN_POINT('',(-0.0255349415854999,0.01,0.0421));
#5287=CARTESIAN_POINT('',(-0.000250000000000549,0.01,0.0421));
#5288=CARTESIAN_POINT('',(0.0250349415854847,0.01,0.0421));
#5289=CARTESIAN_POINT('',(0.025202150528789,0.01,0.035602150528788));
#5290=CARTESIAN_POINT('',(0.0317,0.01,0.0354349415854476));
#5291=CARTESIAN_POINT('',(0.0317,0.01,0.000399999999999915));
#5292=CARTESIAN_POINT('',(0.0317,0.01,-0.0346349415854978));
#5293=CARTESIAN_POINT('',(0.025202150528839,0.01,-0.0348021505288392));
#5294=CARTESIAN_POINT('',(0.0135,0.01,-0.0231));
#5295=CARTESIAN_POINT('',(0.013,0.01,-0.0231));
#5296=CARTESIAN_POINT('',(0.0135,0.01,-0.0226));
#5297=CARTESIAN_POINT('',(0.013,0.01,-0.0296));
#5298=CARTESIAN_POINT('',(0.013,0.01,-0.0361));
#5299=CARTESIAN_POINT('',(0.0135,0.01,-0.0361));
#5300=CARTESIAN_POINT('',(0.0135,0.01,-0.0366));
#5301=CARTESIAN_POINT('',(0.02,0.01,-0.0366));
#5302=CARTESIAN_POINT('',(0.0265,0.01,-0.0366));
#5303=CARTESIAN_POINT('',(0.0265,0.01,-0.0361));
#5304=CARTESIAN_POINT('',(0.027,0.01,-0.0361));
#5305=CARTESIAN_POINT('',(0.027,0.01,-0.0296));
#5306=CARTESIAN_POINT('',(0.027,0.01,-0.0231));
#5307=CARTESIAN_POINT('',(0.0265,0.01,-0.0231));
#5308=CARTESIAN_POINT('',(0.0265,0.01,-0.0226));
#5309=CARTESIAN_POINT('',(0.02,0.01,-0.0226));
#5310=CARTESIAN_POINT('',(-0.0265,0.01,-0.0231));
#5311=CARTESIAN_POINT('',(-0.027,0.01,-0.0231));
#5312=CARTESIAN_POINT('',(-0.0265,0.01,-0.0226));
#5313=CARTESIAN_POINT('',(-0.027,0.01,-0.0296));
#5314=CARTESIAN_POINT('',(-0.027,0.01,-0.0361));
#5315=CARTESIAN_POINT('',(-0.0265,0.01,-0.0361));
#5316=CARTESIAN_POINT('',(-0.0265,0.01,-0.0366));
#5317=CARTESIAN_POINT('',(-0.02,0.01,-0.0366));
#5318=CARTESIAN_POINT('',(-0.0135,0.01,-0.0366));
#5319=CARTESIAN_POINT('',(-0.0135,0.01,-0.0361));
#5320=CARTESIAN_POINT('',(-0.013,0.01,-0.0361));
#5321=CARTESIAN_POINT('',(-0.013,0.01,-0.0296));
#5322=CARTESIAN_POINT('',(-0.013,0.01,-0.0231));
#5323=CARTESIAN_POINT('',(-0.0135,0.01,-0.0231));
#5324=CARTESIAN_POINT('',(-0.0135,0.01,-0.0226));
#5325=CARTESIAN_POINT('',(-0.02,0.01,-0.0226));
#5326=CARTESIAN_POINT('',(0.01254,0.01,0.03482));
#5327=CARTESIAN_POINT('',(0.01204,0.01,0.03482));
#5328=CARTESIAN_POINT('',(0.01254,0.01,0.03532));
#5329=CARTESIAN_POINT('',(0.01204,0.01,0.02832));
#5330=CARTESIAN_POINT('',(0.01204,0.01,0.02182));
#5331=CARTESIAN_POINT('',(0.01254,0.01,0.02182));
#5332=CARTESIAN_POINT('',(0.01254,0.01,0.02132));
#5333=CARTESIAN_POINT('',(0.01904,0.01,0.02132));
#5334=CARTESIAN_POINT('',(0.02554,0.01,0.02132));
#5335=CARTESIAN_POINT('',(0.02554,0.01,0.02182));
#5336=CARTESIAN_POINT('',(0.02604,0.01,0.02182));
#5337=CARTESIAN_POINT('',(0.02604,0.01,0.02832));
#5338=CARTESIAN_POINT('',(0.02604,0.01,0.03482));
#5339=CARTESIAN_POINT('',(0.02554,0.01,0.03482));
#5340=CARTESIAN_POINT('',(0.02554,0.01,0.03532));
#5341=CARTESIAN_POINT('',(0.01904,0.01,0.03532));
#5342=CARTESIAN_POINT('',(0.01254,0.01,0.01582));
#5343=CARTESIAN_POINT('',(0.01204,0.01,0.01582));
#5344=CARTESIAN_POINT('',(0.01254,0.01,0.01632));
#5345=CARTESIAN_POINT('',(0.01204,0.01,0.00932));
#5346=CARTESIAN_POINT('',(0.01204,0.01,0.00281999999999995));
#5347=CARTESIAN_POINT('',(0.01254,0.01,0.00281999999999995));
#5348=CARTESIAN_POINT('',(0.01254,0.01,0.00231999999999995));
#5349=CARTESIAN_POINT('',(0.01904,0.01,0.00231999999999995));
#5350=CARTESIAN_POINT('',(0.02554,0.01,0.00231999999999995));
#5351=CARTESIAN_POINT('',(0.02554,0.01,0.00281999999999995));
#5352=CARTESIAN_POINT('',(0.02604,0.01,0.00281999999999995));
#5353=CARTESIAN_POINT('',(0.02604,0.01,0.00932));
#5354=CARTESIAN_POINT('',(0.02604,0.01,0.01582));
#5355=CARTESIAN_POINT('',(0.02554,0.01,0.01582));
#5356=CARTESIAN_POINT('',(0.02554,0.01,0.01632));
#5357=CARTESIAN_POINT('',(0.01904,0.01,0.01632));
#5358=CARTESIAN_POINT('',(0.01254,0.01,-0.00318000000000004));
#5359=CARTESIAN_POINT('',(0.01204,0.01,-0.00318000000000004));
#5360=CARTESIAN_POINT('',(0.01254,0.01,-0.00268000000000004));
#5361=CARTESIAN_POINT('',(0.01204,0.01,-0.00968));
#5362=CARTESIAN_POINT('',(0.01204,0.01,-0.01618));
#5363=CARTESIAN_POINT('',(0.01254,0.01,-0.01618));
#5364=CARTESIAN_POINT('',(0.01254,0.01,-0.01668));
#5365=CARTESIAN_POINT('',(0.01904,0.01,-0.01668));
#5366=CARTESIAN_POINT('',(0.02554,0.01,-0.01668));
#5367=CARTESIAN_POINT('',(0.02554,0.01,-0.01618));
#5368=CARTESIAN_POINT('',(0.02604,0.01,-0.01618));
#5369=CARTESIAN_POINT('',(0.02604,0.01,-0.00968));
#5370=CARTESIAN_POINT('',(0.02604,0.01,-0.00318000000000004));
#5371=CARTESIAN_POINT('',(0.02554,0.01,-0.00318));
#5372=CARTESIAN_POINT('',(0.02554,0.01,-0.00268000000000004));
#5373=CARTESIAN_POINT('',(0.01904,0.01,-0.00268000000000004));
#5374=CARTESIAN_POINT('',(-0.00646,0.01,0.03482));
#5375=CARTESIAN_POINT('',(-0.00696,0.01,0.03482));
#5376=CARTESIAN_POINT('',(-0.00646,0.01,0.03532));
#5377=CARTESIAN_POINT('',(-0.00696,0.01,0.02832));
#5378=CARTESIAN_POINT('',(-0.00696,0.01,0.02182));
#5379=CARTESIAN_POINT('',(-0.00646,0.01,0.02182));
#5380=CARTESIAN_POINT('',(-0.00646,0.01,0.02132));
#5381=CARTESIAN_POINT('',(3.99999999999836E-5,0.01,0.02132));
#5382=CARTESIAN_POINT('',(0.00654,0.01,0.02132));
#5383=CARTESIAN_POINT('',(0.00654,0.01,0.02182));
#5384=CARTESIAN_POINT('',(0.00704,0.01,0.02182));
#5385=CARTESIAN_POINT('',(0.00704,0.01,0.02832));
#5386=CARTESIAN_POINT('',(0.00704,0.01,0.03482));
#5387=CARTESIAN_POINT('',(0.00654,0.01,0.03482));
#5388=CARTESIAN_POINT('',(0.00654,0.01,0.03532));
#5389=CARTESIAN_POINT('',(3.99999999999871E-5,0.01,0.03532));
#5390=CARTESIAN_POINT('',(-0.02546,0.01,0.03482));
#5391=CARTESIAN_POINT('',(-0.02596,0.01,0.03482));
#5392=CARTESIAN_POINT('',(-0.02546,0.01,0.03532));
#5393=CARTESIAN_POINT('',(-0.02596,0.01,0.02832));
#5394=CARTESIAN_POINT('',(-0.02596,0.01,0.02182));
#5395=CARTESIAN_POINT('',(-0.02546,0.01,0.02182));
#5396=CARTESIAN_POINT('',(-0.02546,0.01,0.02132));
#5397=CARTESIAN_POINT('',(-0.01896,0.01,0.02132));
#5398=CARTESIAN_POINT('',(-0.01246,0.01,0.02132));
#5399=CARTESIAN_POINT('',(-0.01246,0.01,0.02182));
#5400=CARTESIAN_POINT('',(-0.01196,0.01,0.02182));
#5401=CARTESIAN_POINT('',(-0.01196,0.01,0.02832));
#5402=CARTESIAN_POINT('',(-0.01196,0.01,0.03482));
#5403=CARTESIAN_POINT('',(-0.01246,0.01,0.03482));
#5404=CARTESIAN_POINT('',(-0.01246,0.01,0.03532));
#5405=CARTESIAN_POINT('',(-0.01896,0.01,0.03532));
#5406=CARTESIAN_POINT('',(-0.00646,0.01,0.01582));
#5407=CARTESIAN_POINT('',(-0.00696,0.01,0.01582));
#5408=CARTESIAN_POINT('',(-0.00646,0.01,0.01632));
#5409=CARTESIAN_POINT('',(-0.00696,0.01,0.00932));
#5410=CARTESIAN_POINT('',(-0.00696,0.01,0.00281999999999995));
#5411=CARTESIAN_POINT('',(-0.00646,0.01,0.00281999999999995));
#5412=CARTESIAN_POINT('',(-0.00646,0.01,0.00231999999999995));
#5413=CARTESIAN_POINT('',(3.99999999999836E-5,0.01,0.00231999999999995));
#5414=CARTESIAN_POINT('',(0.00654,0.01,0.00231999999999995));
#5415=CARTESIAN_POINT('',(0.00654,0.01,0.00281999999999995));
#5416=CARTESIAN_POINT('',(0.00704,0.01,0.00281999999999995));
#5417=CARTESIAN_POINT('',(0.00704,0.01,0.00932));
#5418=CARTESIAN_POINT('',(0.00704,0.01,0.01582));
#5419=CARTESIAN_POINT('',(0.00654,0.01,0.01582));
#5420=CARTESIAN_POINT('',(0.00654,0.01,0.01632));
#5421=CARTESIAN_POINT('',(3.99999999999871E-5,0.01,0.01632));
#5422=CARTESIAN_POINT('',(-0.02546,0.01,0.01582));
#5423=CARTESIAN_POINT('',(-0.02596,0.01,0.01582));
#5424=CARTESIAN_POINT('',(-0.02546,0.01,0.01632));
#5425=CARTESIAN_POINT('',(-0.02596,0.01,0.00932));
#5426=CARTESIAN_POINT('',(-0.02596,0.01,0.00281999999999995));
#5427=CARTESIAN_POINT('',(-0.02546,0.01,0.00281999999999995));
#5428=CARTESIAN_POINT('',(-0.02546,0.01,0.00231999999999995));
#5429=CARTESIAN_POINT('',(-0.01896,0.01,0.00231999999999995));
#5430=CARTESIAN_POINT('',(-0.01246,0.01,0.00231999999999995));
#5431=CARTESIAN_POINT('',(-0.01246,0.01,0.00281999999999995));
#5432=CARTESIAN_POINT('',(-0.01196,0.01,0.00281999999999995));
#5433=CARTESIAN_POINT('',(-0.01196,0.01,0.00932));
#5434=CARTESIAN_POINT('',(-0.01196,0.01,0.01582));
#5435=CARTESIAN_POINT('',(-0.01246,0.01,0.01582));
#5436=CARTESIAN_POINT('',(-0.01246,0.01,0.01632));
#5437=CARTESIAN_POINT('',(-0.01896,0.01,0.01632));
#5438=CARTESIAN_POINT('',(-0.00646,0.01,-0.00318000000000004));
#5439=CARTESIAN_POINT('',(-0.00696,0.01,-0.00318000000000004));
#5440=CARTESIAN_POINT('',(-0.00646,0.01,-0.00268000000000004));
#5441=CARTESIAN_POINT('',(-0.00696,0.01,-0.00968));
#5442=CARTESIAN_POINT('',(-0.00696,0.01,-0.01618));
#5443=CARTESIAN_POINT('',(-0.00646,0.01,-0.01618));
#5444=CARTESIAN_POINT('',(-0.00646,0.01,-0.01668));
#5445=CARTESIAN_POINT('',(3.99999999999836E-5,0.01,-0.01668));
#5446=CARTESIAN_POINT('',(0.00654,0.01,-0.01668));
#5447=CARTESIAN_POINT('',(0.00654,0.01,-0.01618));
#5448=CARTESIAN_POINT('',(0.00704,0.01,-0.01618));
#5449=CARTESIAN_POINT('',(0.00704,0.01,-0.00968));
#5450=CARTESIAN_POINT('',(0.00704,0.01,-0.00318000000000004));
#5451=CARTESIAN_POINT('',(0.00654,0.01,-0.00318000000000004));
#5452=CARTESIAN_POINT('',(0.00654,0.01,-0.00268000000000004));
#5453=CARTESIAN_POINT('',(3.99999999999871E-5,0.01,-0.00268000000000004));
#5454=CARTESIAN_POINT('',(-0.02546,0.01,-0.00318000000000004));
#5455=CARTESIAN_POINT('',(-0.02596,0.01,-0.00318000000000004));
#5456=CARTESIAN_POINT('',(-0.02546,0.01,-0.00268000000000004));
#5457=CARTESIAN_POINT('',(-0.02596,0.01,-0.00968));
#5458=CARTESIAN_POINT('',(-0.02596,0.01,-0.01618));
#5459=CARTESIAN_POINT('',(-0.02546,0.01,-0.01618));
#5460=CARTESIAN_POINT('',(-0.02546,0.01,-0.01668));
#5461=CARTESIAN_POINT('',(-0.01896,0.01,-0.01668));
#5462=CARTESIAN_POINT('',(-0.01246,0.01,-0.01668));
#5463=CARTESIAN_POINT('',(-0.01246,0.01,-0.01618));
#5464=CARTESIAN_POINT('',(-0.01196,0.01,-0.01618));
#5465=CARTESIAN_POINT('',(-0.01196,0.01,-0.00968));
#5466=CARTESIAN_POINT('',(-0.01196,0.01,-0.00318000000000004));
#5467=CARTESIAN_POINT('',(-0.01246,0.01,-0.00318000000000004));
#5468=CARTESIAN_POINT('',(-0.01246,0.01,-0.00268000000000004));
#5469=CARTESIAN_POINT('',(-0.01896,0.01,-0.00268000000000004));
#5470=CARTESIAN_POINT('',(-0.000250000000002505,-0.0055,-0.0403));
#5471=CARTESIAN_POINT('',(-0.0229580389999995,0.01,-0.0403000000000031));
#5472=CARTESIAN_POINT('',(-0.0229580389999995,0.0072,-0.0403000000000031));
#5473=CARTESIAN_POINT('',(-0.0229580389999986,0.0036,-0.0403));
#5474=CARTESIAN_POINT('',(-0.000250000000002505,0.0072,-0.0403));
#5475=CARTESIAN_POINT('',(-0.0254999994938,0.0072,-0.0403));
#5476=CARTESIAN_POINT('',(-0.0254999994938,-0.0055,-0.0403));
#5477=CARTESIAN_POINT('',(-0.0254999994938,0.0036,-0.0403));
#5478=CARTESIAN_POINT('',(-0.000250000000000549,0.0036,-0.0403));
#5479=CARTESIAN_POINT('',(-0.000250000000000549,0.0036,0.000399999999999915));
#5480=CARTESIAN_POINT('',(-0.02,0.0036,-0.04080000014511));
#5481=CARTESIAN_POINT('',(-0.01855,0.0036,-0.04080000014511));
#5482=CARTESIAN_POINT('',(0.00950000049999999,0.0036,0.0415999983534));
#5483=CARTESIAN_POINT('',(0.0109500005,0.0036,0.0415999983534));
#5484=CARTESIAN_POINT('',(-0.0095,0.0036,0.0415999989450999));
#5485=CARTESIAN_POINT('',(-0.00805,0.0036,0.0415999989450999));
#5486=CARTESIAN_POINT('',(0.0205011434286,0.0036,-0.0407931969162401));
#5487=CARTESIAN_POINT('',(0.0219511434286,0.0036,-0.0407931969162401));
#5488=CARTESIAN_POINT('',(-0.000250000000002505,0.0036,-0.0443));
#5489=CARTESIAN_POINT('',(-0.0254999994938,0.0036,-0.0443));
#5490=CARTESIAN_POINT('',(0.024999999493795,0.0036,-0.0443));
#5491=CARTESIAN_POINT('',(0.025202150528839,0.0036,-0.0348021505288392));
#5492=CARTESIAN_POINT('',(0.0347,0.0036,-0.0345999994938));
#5493=CARTESIAN_POINT('',(0.0347,0.0036,0.000399999999974955));
#5494=CARTESIAN_POINT('',(0.0347,0.0036,0.03539999949375));
#5495=CARTESIAN_POINT('',(0.025202150528789,0.0036,0.035602150528788));
#5496=CARTESIAN_POINT('',(0.024999999493795,0.0036,0.0451));
#5497=CARTESIAN_POINT('',(-0.000250000000003407,0.0036,0.0451));
#5498=CARTESIAN_POINT('',(-0.0254999994938018,0.0036,0.0451));
#5499=CARTESIAN_POINT('',(-0.0257021505288419,0.0036,0.0356021505288409));
#5500=CARTESIAN_POINT('',(-0.0352,0.0036,0.03539999949375));
#5501=CARTESIAN_POINT('',(-0.0352,0.0036,0.000399999999974109));
#5502=CARTESIAN_POINT('',(-0.0352,0.0036,-0.0345999994938017));
#5503=CARTESIAN_POINT('',(-0.0257021505288407,0.0036,-0.0348021505288408));
#5504=CARTESIAN_POINT('',(-0.000250000000000549,0.0036,0.0411));
#5505=CARTESIAN_POINT('',(0.024999999493795,0.0036,0.0411));
#5506=CARTESIAN_POINT('',(0.0124580390000158,0.0036,0.0411));
#5507=CARTESIAN_POINT('',(0.024999999493795,0.0036,0.035399999493795));
#5508=CARTESIAN_POINT('',(0.0307,0.0036,0.03539999949375));
#5509=CARTESIAN_POINT('',(0.0307,0.0036,0.000399999999999915));
#5510=CARTESIAN_POINT('',(0.0307,0.0036,-0.0345999994938));
#5511=CARTESIAN_POINT('',(0.0249999994938001,0.0036,-0.0345999994938));
#5512=CARTESIAN_POINT('',(0.0205011434286,0.0036,-0.0407931969162401));
#5513=CARTESIAN_POINT('',(-0.02,0.0036,-0.04080000014511));
#5514=CARTESIAN_POINT('',(-0.0254999994938,0.0036,-0.0345999994938));
#5515=CARTESIAN_POINT('',(-0.0312,0.0036,-0.0345999994938017));
#5516=CARTESIAN_POINT('',(-0.0312,0.0036,0.000399999999999915));
#5517=CARTESIAN_POINT('',(-0.0312,0.0036,0.03539999949375));
#5518=CARTESIAN_POINT('',(-0.0254999994938018,0.0036,0.0353999994938018));
#5519=CARTESIAN_POINT('',(-0.0095,0.0036,0.0415999989450999));
#5520=CARTESIAN_POINT('',(0.00950000049999999,0.0036,0.0415999983534));
#5521=CARTESIAN_POINT('',(-0.000250000000002505,0.01,-0.0443));
#5522=CARTESIAN_POINT('',(0.00325495535714345,0.007645,-0.0443));
#5523=CARTESIAN_POINT('',(0.00327000000000059,0.00511,-0.0443));
#5524=CARTESIAN_POINT('',(0.024999999493795,0.01,-0.0443));
#5525=CARTESIAN_POINT('',(-0.0254999994938,0.01,-0.0443));
#5526=CARTESIAN_POINT('',(-0.0254999994938,0.007,-0.0443));
#5527=CARTESIAN_POINT('',(-0.000250000000002505,0.007,-0.0443));
#5528=CARTESIAN_POINT('',(-0.00562157092493713,0.007,-0.0443));
#5529=CARTESIAN_POINT('',(-0.00316999999999941,0.007645,-0.0443));
#5530=CARTESIAN_POINT('',(-0.00316999999999941,0.00511,-0.0443));
#5531=CARTESIAN_POINT('',(-0.000250000000002505,0.00511,-0.0443));
#5532=CARTESIAN_POINT('',(-0.0257021505288407,0.01,-0.0348021505288408));
#5533=CARTESIAN_POINT('',(-0.0352,0.01,-0.0345999994938017));
#5534=CARTESIAN_POINT('',(-0.0352,0.007,-0.0345999994938017));
#5535=CARTESIAN_POINT('',(-0.0257021505288407,0.007,-0.0348021505288408));
#5536=CARTESIAN_POINT('',(-0.0352,0.01,0.000399999999974109));
#5537=CARTESIAN_POINT('',(-0.0352,0.01,0.03539999949375));
#5538=CARTESIAN_POINT('',(-0.0352,0.007,0.03539999949375));
#5539=CARTESIAN_POINT('',(-0.0352,0.007,0.000399999999974109));
#5540=CARTESIAN_POINT('',(-0.0257021505288419,0.01,0.0356021505288409));
#5541=CARTESIAN_POINT('',(-0.0254999994938018,0.01,0.0451));
#5542=CARTESIAN_POINT('',(-0.0254999994938018,0.007,0.0451));
#5543=CARTESIAN_POINT('',(-0.0257021505288419,0.007,0.0356021505288409));
#5544=CARTESIAN_POINT('',(-0.000250000000003407,0.01,0.0451));
#5545=CARTESIAN_POINT('',(0.024999999493795,0.01,0.0451));
#5546=CARTESIAN_POINT('',(0.024999999493795,0.007,0.0451));
#5547=CARTESIAN_POINT('',(-0.000250000000003407,0.007,0.0451));
#5548=CARTESIAN_POINT('',(0.025202150528789,0.01,0.035602150528788));
#5549=CARTESIAN_POINT('',(0.0347,0.01,0.03539999949375));
#5550=CARTESIAN_POINT('',(0.0347,0.007,0.03539999949375));
#5551=CARTESIAN_POINT('',(0.025202150528789,0.007,0.035602150528788));
#5552=CARTESIAN_POINT('',(0.0347,0.01,0.000399999999974955));
#5553=CARTESIAN_POINT('',(0.0347,0.01,-0.0345999994938));
#5554=CARTESIAN_POINT('',(0.0347,0.007,-0.0345999994938));
#5555=CARTESIAN_POINT('',(0.0347,0.007,0.000399999999974955));
#5556=CARTESIAN_POINT('',(0.0135,0.01,-0.0231));
#5557=CARTESIAN_POINT('',(0.0135,0.0072,-0.0231));
#5558=CARTESIAN_POINT('',(0.013,0.0072,-0.0231));
#5559=CARTESIAN_POINT('',(0.0135,0.0072,-0.0226));
#5560=CARTESIAN_POINT('',(0.013,0.01,-0.0231));
#5561=CARTESIAN_POINT('',(0.0135,0.01,-0.0226));
#5562=CARTESIAN_POINT('',(0.013,0.01,-0.0296));
#5563=CARTESIAN_POINT('',(0.013,0.0072,-0.0296));
#5564=CARTESIAN_POINT('',(0.013,0.0072,-0.0361));
#5565=CARTESIAN_POINT('',(0.013,0.01,-0.0361));
#5566=CARTESIAN_POINT('',(0.0135,0.01,-0.0361));
#5567=CARTESIAN_POINT('',(0.0135,0.0072,-0.0361));
#5568=CARTESIAN_POINT('',(0.0135,0.0072,-0.0366));
#5569=CARTESIAN_POINT('',(0.0135,0.01,-0.0366));
#5570=CARTESIAN_POINT('',(0.02,0.01,-0.0366));
#5571=CARTESIAN_POINT('',(0.02,0.0072,-0.0366));
#5572=CARTESIAN_POINT('',(0.0265,0.0072,-0.0366));
#5573=CARTESIAN_POINT('',(0.0265,0.01,-0.0366));
#5574=CARTESIAN_POINT('',(0.0265,0.01,-0.0361));
#5575=CARTESIAN_POINT('',(0.0265,0.0072,-0.0361));
#5576=CARTESIAN_POINT('',(0.027,0.0072,-0.0361));
#5577=CARTESIAN_POINT('',(0.027,0.01,-0.0361));
#5578=CARTESIAN_POINT('',(0.027,0.01,-0.0296));
#5579=CARTESIAN_POINT('',(0.027,0.0072,-0.0296));
#5580=CARTESIAN_POINT('',(0.027,0.0072,-0.0231));
#5581=CARTESIAN_POINT('',(0.027,0.01,-0.0231));
#5582=CARTESIAN_POINT('',(0.0265,0.01,-0.0231));
#5583=CARTESIAN_POINT('',(0.0265,0.0072,-0.0231));
#5584=CARTESIAN_POINT('',(0.0265,0.0072,-0.0226));
#5585=CARTESIAN_POINT('',(0.0265,0.01,-0.0226));
#5586=CARTESIAN_POINT('',(-0.0265,0.01,-0.0231));
#5587=CARTESIAN_POINT('',(-0.0265,0.0072,-0.0231));
#5588=CARTESIAN_POINT('',(-0.027,0.0072,-0.0231));
#5589=CARTESIAN_POINT('',(-0.0265,0.0072,-0.0226));
#5590=CARTESIAN_POINT('',(-0.027,0.01,-0.0231));
#5591=CARTESIAN_POINT('',(-0.0265,0.01,-0.0226));
#5592=CARTESIAN_POINT('',(-0.027,0.01,-0.0296));
#5593=CARTESIAN_POINT('',(-0.027,0.0072,-0.0296));
#5594=CARTESIAN_POINT('',(-0.027,0.0072,-0.0361));
#5595=CARTESIAN_POINT('',(-0.027,0.01,-0.0361));
#5596=CARTESIAN_POINT('',(-0.0265,0.01,-0.0361));
#5597=CARTESIAN_POINT('',(-0.0265,0.0072,-0.0361));
#5598=CARTESIAN_POINT('',(-0.0265,0.0072,-0.0366));
#5599=CARTESIAN_POINT('',(-0.0265,0.01,-0.0366));
#5600=CARTESIAN_POINT('',(-0.02,0.01,-0.0366));
#5601=CARTESIAN_POINT('',(-0.02,0.0072,-0.0366));
#5602=CARTESIAN_POINT('',(-0.0135,0.0072,-0.0366));
#5603=CARTESIAN_POINT('',(-0.0135,0.01,-0.0366));
#5604=CARTESIAN_POINT('',(-0.0135,0.01,-0.0361));
#5605=CARTESIAN_POINT('',(-0.0135,0.0072,-0.0361));
#5606=CARTESIAN_POINT('',(-0.013,0.0072,-0.0361));
#5607=CARTESIAN_POINT('',(-0.013,0.01,-0.0361));
#5608=CARTESIAN_POINT('',(-0.013,0.01,-0.0296));
#5609=CARTESIAN_POINT('',(-0.013,0.0072,-0.0296));
#5610=CARTESIAN_POINT('',(-0.013,0.0072,-0.0231));
#5611=CARTESIAN_POINT('',(-0.013,0.01,-0.0231));
#5612=CARTESIAN_POINT('',(-0.0135,0.01,-0.0231));
#5613=CARTESIAN_POINT('',(-0.0135,0.0072,-0.0231));
#5614=CARTESIAN_POINT('',(-0.0135,0.0072,-0.0226));
#5615=CARTESIAN_POINT('',(-0.0135,0.01,-0.0226));
#5616=CARTESIAN_POINT('',(0.01254,0.01,0.03482));
#5617=CARTESIAN_POINT('',(0.01254,0.0072,0.03482));
#5618=CARTESIAN_POINT('',(0.01204,0.0072,0.03482));
#5619=CARTESIAN_POINT('',(0.01254,0.0072,0.03532));
#5620=CARTESIAN_POINT('',(0.01204,0.01,0.03482));
#5621=CARTESIAN_POINT('',(0.01254,0.01,0.03532));
#5622=CARTESIAN_POINT('',(0.01204,0.01,0.02832));
#5623=CARTESIAN_POINT('',(0.01204,0.0072,0.02832));
#5624=CARTESIAN_POINT('',(0.01204,0.0072,0.02182));
#5625=CARTESIAN_POINT('',(0.01204,0.01,0.02182));
#5626=CARTESIAN_POINT('',(0.01254,0.01,0.02182));
#5627=CARTESIAN_POINT('',(0.01254,0.0072,0.02182));
#5628=CARTESIAN_POINT('',(0.01254,0.0072,0.02132));
#5629=CARTESIAN_POINT('',(0.01254,0.01,0.02132));
#5630=CARTESIAN_POINT('',(0.01904,0.01,0.02132));
#5631=CARTESIAN_POINT('',(0.01904,0.0072,0.02132));
#5632=CARTESIAN_POINT('',(0.02554,0.0072,0.02132));
#5633=CARTESIAN_POINT('',(0.02554,0.01,0.02132));
#5634=CARTESIAN_POINT('',(0.02554,0.01,0.02182));
#5635=CARTESIAN_POINT('',(0.02554,0.0072,0.02182));
#5636=CARTESIAN_POINT('',(0.02604,0.0072,0.02182));
#5637=CARTESIAN_POINT('',(0.02604,0.01,0.02182));
#5638=CARTESIAN_POINT('',(0.02604,0.01,0.02832));
#5639=CARTESIAN_POINT('',(0.02604,0.0072,0.02832));
#5640=CARTESIAN_POINT('',(0.02604,0.0072,0.03482));
#5641=CARTESIAN_POINT('',(0.02604,0.01,0.03482));
#5642=CARTESIAN_POINT('',(0.02554,0.01,0.03482));
#5643=CARTESIAN_POINT('',(0.02554,0.0072,0.03482));
#5644=CARTESIAN_POINT('',(0.02554,0.0072,0.03532));
#5645=CARTESIAN_POINT('',(0.02554,0.01,0.03532));
#5646=CARTESIAN_POINT('',(0.01254,0.01,0.01582));
#5647=CARTESIAN_POINT('',(0.01254,0.0072,0.01582));
#5648=CARTESIAN_POINT('',(0.01204,0.0072,0.01582));
#5649=CARTESIAN_POINT('',(0.01254,0.0072,0.01632));
#5650=CARTESIAN_POINT('',(0.01204,0.01,0.01582));
#5651=CARTESIAN_POINT('',(0.01254,0.01,0.01632));
#5652=CARTESIAN_POINT('',(0.01204,0.01,0.00932));
#5653=CARTESIAN_POINT('',(0.01204,0.0072,0.00932));
#5654=CARTESIAN_POINT('',(0.01204,0.0072,0.00281999999999996));
#5655=CARTESIAN_POINT('',(0.01204,0.01,0.00281999999999995));
#5656=CARTESIAN_POINT('',(0.01254,0.01,0.00281999999999995));
#5657=CARTESIAN_POINT('',(0.01254,0.0072,0.00281999999999996));
#5658=CARTESIAN_POINT('',(0.01254,0.0072,0.00231999999999996));
#5659=CARTESIAN_POINT('',(0.01254,0.01,0.00231999999999995));
#5660=CARTESIAN_POINT('',(0.01904,0.01,0.00231999999999995));
#5661=CARTESIAN_POINT('',(0.01904,0.0072,0.00231999999999996));
#5662=CARTESIAN_POINT('',(0.02554,0.0072,0.00231999999999995));
#5663=CARTESIAN_POINT('',(0.02554,0.01,0.00231999999999995));
#5664=CARTESIAN_POINT('',(0.02554,0.01,0.00281999999999995));
#5665=CARTESIAN_POINT('',(0.02554,0.0072,0.00281999999999996));
#5666=CARTESIAN_POINT('',(0.02604,0.0072,0.00281999999999995));
#5667=CARTESIAN_POINT('',(0.02604,0.01,0.00281999999999995));
#5668=CARTESIAN_POINT('',(0.02604,0.01,0.00932));
#5669=CARTESIAN_POINT('',(0.02604,0.0072,0.00932));
#5670=CARTESIAN_POINT('',(0.02604,0.0072,0.01582));
#5671=CARTESIAN_POINT('',(0.02604,0.01,0.01582));
#5672=CARTESIAN_POINT('',(0.02554,0.01,0.01582));
#5673=CARTESIAN_POINT('',(0.02554,0.0072,0.01582));
#5674=CARTESIAN_POINT('',(0.02554,0.0072,0.01632));
#5675=CARTESIAN_POINT('',(0.02554,0.01,0.01632));
#5676=CARTESIAN_POINT('',(0.01254,0.01,-0.00318000000000004));
#5677=CARTESIAN_POINT('',(0.01254,0.0072,-0.00318000000000004));
#5678=CARTESIAN_POINT('',(0.01204,0.0072,-0.00318));
#5679=CARTESIAN_POINT('',(0.01254,0.0072,-0.00268000000000004));
#5680=CARTESIAN_POINT('',(0.01204,0.01,-0.00318000000000004));
#5681=CARTESIAN_POINT('',(0.01254,0.01,-0.00268000000000004));
#5682=CARTESIAN_POINT('',(0.01204,0.01,-0.00968));
#5683=CARTESIAN_POINT('',(0.01204,0.0072,-0.00968));
#5684=CARTESIAN_POINT('',(0.01204,0.0072,-0.01618));
#5685=CARTESIAN_POINT('',(0.01204,0.01,-0.01618));
#5686=CARTESIAN_POINT('',(0.01254,0.01,-0.01618));
#5687=CARTESIAN_POINT('',(0.01254,0.0072,-0.01618));
#5688=CARTESIAN_POINT('',(0.01254,0.0072,-0.01668));
#5689=CARTESIAN_POINT('',(0.01254,0.01,-0.01668));
#5690=CARTESIAN_POINT('',(0.01904,0.01,-0.01668));
#5691=CARTESIAN_POINT('',(0.01904,0.0072,-0.01668));
#5692=CARTESIAN_POINT('',(0.02554,0.0072,-0.01668));
#5693=CARTESIAN_POINT('',(0.02554,0.01,-0.01668));
#5694=CARTESIAN_POINT('',(0.02554,0.01,-0.01618));
#5695=CARTESIAN_POINT('',(0.02554,0.0072,-0.01618));
#5696=CARTESIAN_POINT('',(0.02604,0.0072,-0.01618));
#5697=CARTESIAN_POINT('',(0.02604,0.01,-0.01618));
#5698=CARTESIAN_POINT('',(0.02604,0.01,-0.00968));
#5699=CARTESIAN_POINT('',(0.02604,0.0072,-0.00968));
#5700=CARTESIAN_POINT('',(0.02604,0.0072,-0.00318000000000004));
#5701=CARTESIAN_POINT('',(0.02604,0.01,-0.00318000000000004));
#5702=CARTESIAN_POINT('',(0.02554,0.01,-0.00318));
#5703=CARTESIAN_POINT('',(0.02554,0.0072,-0.00318));
#5704=CARTESIAN_POINT('',(0.02554,0.0072,-0.00268));
#5705=CARTESIAN_POINT('',(0.02554,0.01,-0.00268000000000004));
#5706=CARTESIAN_POINT('',(-0.00646,0.01,0.03482));
#5707=CARTESIAN_POINT('',(-0.00646,0.0072,0.03482));
#5708=CARTESIAN_POINT('',(-0.00696,0.0072,0.03482));
#5709=CARTESIAN_POINT('',(-0.00646,0.0072,0.03532));
#5710=CARTESIAN_POINT('',(-0.00696,0.01,0.03482));
#5711=CARTESIAN_POINT('',(-0.00646,0.01,0.03532));
#5712=CARTESIAN_POINT('',(-0.00696,0.01,0.02832));
#5713=CARTESIAN_POINT('',(-0.00696,0.0072,0.02832));
#5714=CARTESIAN_POINT('',(-0.00696,0.0072,0.02182));
#5715=CARTESIAN_POINT('',(-0.00696,0.01,0.02182));
#5716=CARTESIAN_POINT('',(-0.00646,0.01,0.02182));
#5717=CARTESIAN_POINT('',(-0.00646,0.0072,0.02182));
#5718=CARTESIAN_POINT('',(-0.00646,0.0072,0.02132));
#5719=CARTESIAN_POINT('',(-0.00646,0.01,0.02132));
#5720=CARTESIAN_POINT('',(3.99999999999836E-5,0.01,0.02132));
#5721=CARTESIAN_POINT('',(3.99999999999845E-5,0.0072,0.02132));
#5722=CARTESIAN_POINT('',(0.00654,0.0072,0.02132));
#5723=CARTESIAN_POINT('',(0.00654,0.01,0.02132));
#5724=CARTESIAN_POINT('',(0.00654,0.01,0.02182));
#5725=CARTESIAN_POINT('',(0.00654,0.0072,0.02182));
#5726=CARTESIAN_POINT('',(0.00704,0.0072,0.02182));
#5727=CARTESIAN_POINT('',(0.00704,0.01,0.02182));
#5728=CARTESIAN_POINT('',(0.00704,0.01,0.02832));
#5729=CARTESIAN_POINT('',(0.00704,0.0072,0.02832));
#5730=CARTESIAN_POINT('',(0.00704,0.0072,0.03482));
#5731=CARTESIAN_POINT('',(0.00704,0.01,0.03482));
#5732=CARTESIAN_POINT('',(0.00654,0.01,0.03482));
#5733=CARTESIAN_POINT('',(0.00654,0.0072,0.03482));
#5734=CARTESIAN_POINT('',(0.00654,0.0072,0.03532));
#5735=CARTESIAN_POINT('',(0.00654,0.01,0.03532));
#5736=CARTESIAN_POINT('',(-0.02546,0.01,0.03482));
#5737=CARTESIAN_POINT('',(-0.02546,0.0072,0.03482));
#5738=CARTESIAN_POINT('',(-0.02596,0.0072,0.03482));
#5739=CARTESIAN_POINT('',(-0.02546,0.0072,0.03532));
#5740=CARTESIAN_POINT('',(-0.02596,0.01,0.03482));
#5741=CARTESIAN_POINT('',(-0.02546,0.01,0.03532));
#5742=CARTESIAN_POINT('',(-0.02596,0.01,0.02832));
#5743=CARTESIAN_POINT('',(-0.02596,0.0072,0.02832));
#5744=CARTESIAN_POINT('',(-0.02596,0.0072,0.02182));
#5745=CARTESIAN_POINT('',(-0.02596,0.01,0.02182));
#5746=CARTESIAN_POINT('',(-0.02546,0.01,0.02182));
#5747=CARTESIAN_POINT('',(-0.02546,0.0072,0.02182));
#5748=CARTESIAN_POINT('',(-0.02546,0.0072,0.02132));
#5749=CARTESIAN_POINT('',(-0.02546,0.01,0.02132));
#5750=CARTESIAN_POINT('',(-0.01896,0.01,0.02132));
#5751=CARTESIAN_POINT('',(-0.01896,0.0072,0.02132));
#5752=CARTESIAN_POINT('',(-0.01246,0.0072,0.02132));
#5753=CARTESIAN_POINT('',(-0.01246,0.01,0.02132));
#5754=CARTESIAN_POINT('',(-0.01246,0.01,0.02182));
#5755=CARTESIAN_POINT('',(-0.01246,0.0072,0.02182));
#5756=CARTESIAN_POINT('',(-0.01196,0.0072,0.02182));
#5757=CARTESIAN_POINT('',(-0.01196,0.01,0.02182));
#5758=CARTESIAN_POINT('',(-0.01196,0.01,0.02832));
#5759=CARTESIAN_POINT('',(-0.01196,0.0072,0.02832));
#5760=CARTESIAN_POINT('',(-0.01196,0.0072,0.03482));
#5761=CARTESIAN_POINT('',(-0.01196,0.01,0.03482));
#5762=CARTESIAN_POINT('',(-0.01246,0.01,0.03482));
#5763=CARTESIAN_POINT('',(-0.01246,0.0072,0.03482));
#5764=CARTESIAN_POINT('',(-0.01246,0.0072,0.03532));
#5765=CARTESIAN_POINT('',(-0.01246,0.01,0.03532));
#5766=CARTESIAN_POINT('',(-0.00646,0.01,0.01582));
#5767=CARTESIAN_POINT('',(-0.00646,0.0072,0.01582));
#5768=CARTESIAN_POINT('',(-0.00696,0.0072,0.01582));
#5769=CARTESIAN_POINT('',(-0.00646,0.0072,0.01632));
#5770=CARTESIAN_POINT('',(-0.00696,0.01,0.01582));
#5771=CARTESIAN_POINT('',(-0.00646,0.01,0.01632));
#5772=CARTESIAN_POINT('',(-0.00696,0.01,0.00932));
#5773=CARTESIAN_POINT('',(-0.00696,0.0072,0.00932));
#5774=CARTESIAN_POINT('',(-0.00696,0.0072,0.00281999999999995));
#5775=CARTESIAN_POINT('',(-0.00696,0.01,0.00281999999999995));
#5776=CARTESIAN_POINT('',(-0.00646,0.01,0.00281999999999995));
#5777=CARTESIAN_POINT('',(-0.00646,0.0072,0.00281999999999995));
#5778=CARTESIAN_POINT('',(-0.00646,0.0072,0.00231999999999996));
#5779=CARTESIAN_POINT('',(-0.00646,0.01,0.00231999999999995));
#5780=CARTESIAN_POINT('',(3.99999999999836E-5,0.01,0.00231999999999995));
#5781=CARTESIAN_POINT('',(3.99999999999845E-5,0.0072,0.00231999999999996));
#5782=CARTESIAN_POINT('',(0.00654,0.0072,0.00231999999999995));
#5783=CARTESIAN_POINT('',(0.00654,0.01,0.00231999999999995));
#5784=CARTESIAN_POINT('',(0.00654,0.01,0.00281999999999995));
#5785=CARTESIAN_POINT('',(0.00654,0.0072,0.00281999999999995));
#5786=CARTESIAN_POINT('',(0.00704,0.0072,0.00281999999999995));
#5787=CARTESIAN_POINT('',(0.00704,0.01,0.00281999999999995));
#5788=CARTESIAN_POINT('',(0.00704,0.01,0.00932));
#5789=CARTESIAN_POINT('',(0.00704,0.0072,0.00932));
#5790=CARTESIAN_POINT('',(0.00704,0.0072,0.01582));
#5791=CARTESIAN_POINT('',(0.00704,0.01,0.01582));
#5792=CARTESIAN_POINT('',(0.00654,0.01,0.01582));
#5793=CARTESIAN_POINT('',(0.00654,0.0072,0.01582));
#5794=CARTESIAN_POINT('',(0.00654,0.0072,0.01632));
#5795=CARTESIAN_POINT('',(0.00654,0.01,0.01632));
#5796=CARTESIAN_POINT('',(-0.02546,0.01,0.01582));
#5797=CARTESIAN_POINT('',(-0.02546,0.0072,0.01582));
#5798=CARTESIAN_POINT('',(-0.02596,0.0072,0.01582));
#5799=CARTESIAN_POINT('',(-0.02546,0.0072,0.01632));
#5800=CARTESIAN_POINT('',(-0.02596,0.01,0.01582));
#5801=CARTESIAN_POINT('',(-0.02546,0.01,0.01632));
#5802=CARTESIAN_POINT('',(-0.02596,0.01,0.00932));
#5803=CARTESIAN_POINT('',(-0.02596,0.0072,0.00932));
#5804=CARTESIAN_POINT('',(-0.02596,0.0072,0.00281999999999996));
#5805=CARTESIAN_POINT('',(-0.02596,0.01,0.00281999999999995));
#5806=CARTESIAN_POINT('',(-0.02546,0.01,0.00281999999999995));
#5807=CARTESIAN_POINT('',(-0.02546,0.0072,0.00282));
#5808=CARTESIAN_POINT('',(-0.02546,0.0072,0.00231999999999996));
#5809=CARTESIAN_POINT('',(-0.02546,0.01,0.00231999999999995));
#5810=CARTESIAN_POINT('',(-0.01896,0.01,0.00231999999999995));
#5811=CARTESIAN_POINT('',(-0.01896,0.0072,0.00231999999999996));
#5812=CARTESIAN_POINT('',(-0.01246,0.0072,0.00231999999999995));
#5813=CARTESIAN_POINT('',(-0.01246,0.01,0.00231999999999995));
#5814=CARTESIAN_POINT('',(-0.01246,0.01,0.00281999999999995));
#5815=CARTESIAN_POINT('',(-0.01246,0.0072,0.00281999999999995));
#5816=CARTESIAN_POINT('',(-0.01196,0.0072,0.00281999999999995));
#5817=CARTESIAN_POINT('',(-0.01196,0.01,0.00281999999999995));
#5818=CARTESIAN_POINT('',(-0.01196,0.01,0.00932));
#5819=CARTESIAN_POINT('',(-0.01196,0.0072,0.00932));
#5820=CARTESIAN_POINT('',(-0.01196,0.0072,0.01582));
#5821=CARTESIAN_POINT('',(-0.01196,0.01,0.01582));
#5822=CARTESIAN_POINT('',(-0.01246,0.01,0.01582));
#5823=CARTESIAN_POINT('',(-0.01246,0.0072,0.01582));
#5824=CARTESIAN_POINT('',(-0.01246,0.0072,0.01632));
#5825=CARTESIAN_POINT('',(-0.01246,0.01,0.01632));
#5826=CARTESIAN_POINT('',(-0.00646,0.01,-0.00318000000000004));
#5827=CARTESIAN_POINT('',(-0.00646,0.0072,-0.00318000000000004));
#5828=CARTESIAN_POINT('',(-0.00696,0.0072,-0.00318));
#5829=CARTESIAN_POINT('',(-0.00646,0.0072,-0.00268000000000004));
#5830=CARTESIAN_POINT('',(-0.00696,0.01,-0.00318000000000004));
#5831=CARTESIAN_POINT('',(-0.00646,0.01,-0.00268000000000004));
#5832=CARTESIAN_POINT('',(-0.00696,0.01,-0.00968));
#5833=CARTESIAN_POINT('',(-0.00696,0.0072,-0.00968));
#5834=CARTESIAN_POINT('',(-0.00696,0.0072,-0.01618));
#5835=CARTESIAN_POINT('',(-0.00696,0.01,-0.01618));
#5836=CARTESIAN_POINT('',(-0.00646,0.01,-0.01618));
#5837=CARTESIAN_POINT('',(-0.00646,0.0072,-0.01618));
#5838=CARTESIAN_POINT('',(-0.00646,0.0072,-0.01668));
#5839=CARTESIAN_POINT('',(-0.00646,0.01,-0.01668));
#5840=CARTESIAN_POINT('',(3.99999999999836E-5,0.01,-0.01668));
#5841=CARTESIAN_POINT('',(3.99999999999845E-5,0.0072,-0.01668));
#5842=CARTESIAN_POINT('',(0.00654,0.0072,-0.01668));
#5843=CARTESIAN_POINT('',(0.00654,0.01,-0.01668));
#5844=CARTESIAN_POINT('',(0.00654,0.01,-0.01618));
#5845=CARTESIAN_POINT('',(0.00654,0.0072,-0.01618));
#5846=CARTESIAN_POINT('',(0.00704,0.0072,-0.01618));
#5847=CARTESIAN_POINT('',(0.00704,0.01,-0.01618));
#5848=CARTESIAN_POINT('',(0.00704,0.01,-0.00968));
#5849=CARTESIAN_POINT('',(0.00704,0.0072,-0.00968));
#5850=CARTESIAN_POINT('',(0.00704,0.0072,-0.00318000000000004));
#5851=CARTESIAN_POINT('',(0.00704,0.01,-0.00318000000000004));
#5852=CARTESIAN_POINT('',(0.00654,0.01,-0.00318000000000004));
#5853=CARTESIAN_POINT('',(0.00654,0.0072,-0.00318000000000004));
#5854=CARTESIAN_POINT('',(0.00654,0.0072,-0.00268));
#5855=CARTESIAN_POINT('',(0.00654,0.01,-0.00268000000000004));
#5856=CARTESIAN_POINT('',(-0.02546,0.01,-0.00318000000000004));
#5857=CARTESIAN_POINT('',(-0.02546,0.0072,-0.00318));
#5858=CARTESIAN_POINT('',(-0.02596,0.0072,-0.00318));
#5859=CARTESIAN_POINT('',(-0.02546,0.0072,-0.00268000000000004));
#5860=CARTESIAN_POINT('',(-0.02596,0.01,-0.00318000000000004));
#5861=CARTESIAN_POINT('',(-0.02546,0.01,-0.00268000000000004));
#5862=CARTESIAN_POINT('',(-0.02596,0.01,-0.00968));
#5863=CARTESIAN_POINT('',(-0.02596,0.0072,-0.00968));
#5864=CARTESIAN_POINT('',(-0.02596,0.0072,-0.01618));
#5865=CARTESIAN_POINT('',(-0.02596,0.01,-0.01618));
#5866=CARTESIAN_POINT('',(-0.02546,0.01,-0.01618));
#5867=CARTESIAN_POINT('',(-0.02546,0.0072,-0.01618));
#5868=CARTESIAN_POINT('',(-0.02546,0.0072,-0.01668));
#5869=CARTESIAN_POINT('',(-0.02546,0.01,-0.01668));
#5870=CARTESIAN_POINT('',(-0.01896,0.01,-0.01668));
#5871=CARTESIAN_POINT('',(-0.01896,0.0072,-0.01668));
#5872=CARTESIAN_POINT('',(-0.01246,0.0072,-0.01668));
#5873=CARTESIAN_POINT('',(-0.01246,0.01,-0.01668));
#5874=CARTESIAN_POINT('',(-0.01246,0.01,-0.01618));
#5875=CARTESIAN_POINT('',(-0.01246,0.0072,-0.01618));
#5876=CARTESIAN_POINT('',(-0.01196,0.0072,-0.01618));
#5877=CARTESIAN_POINT('',(-0.01196,0.01,-0.01618));
#5878=CARTESIAN_POINT('',(-0.01196,0.01,-0.00968));
#5879=CARTESIAN_POINT('',(-0.01196,0.0072,-0.00968));
#5880=CARTESIAN_POINT('',(-0.01196,0.0072,-0.00318000000000004));
#5881=CARTESIAN_POINT('',(-0.01196,0.01,-0.00318000000000004));
#5882=CARTESIAN_POINT('',(-0.01246,0.01,-0.00318000000000004));
#5883=CARTESIAN_POINT('',(-0.01246,0.0072,-0.00318000000000004));
#5884=CARTESIAN_POINT('',(-0.01246,0.0072,-0.00268));
#5885=CARTESIAN_POINT('',(-0.01246,0.01,-0.00268000000000004));
#5886=CARTESIAN_POINT('',(0.02,0.01,-0.0226));
#5887=CARTESIAN_POINT('',(0.02,0.0072,-0.0226));
#5888=CARTESIAN_POINT('',(-0.02,0.01,-0.0226));
#5889=CARTESIAN_POINT('',(-0.02,0.0072,-0.0226));
#5890=CARTESIAN_POINT('',(0.01904,0.01,0.03532));
#5891=CARTESIAN_POINT('',(0.01904,0.0072,0.03532));
#5892=CARTESIAN_POINT('',(0.01904,0.01,0.01632));
#5893=CARTESIAN_POINT('',(0.01904,0.0072,0.01632));
#5894=CARTESIAN_POINT('',(0.01904,0.01,-0.00268000000000004));
#5895=CARTESIAN_POINT('',(0.01904,0.0072,-0.00268000000000004));
#5896=CARTESIAN_POINT('',(3.99999999999871E-5,0.01,0.03532));
#5897=CARTESIAN_POINT('',(3.99999999999915E-5,0.0072,0.03532));
#5898=CARTESIAN_POINT('',(-0.01896,0.01,0.03532));
#5899=CARTESIAN_POINT('',(-0.01896,0.0072,0.03532));
#5900=CARTESIAN_POINT('',(3.99999999999871E-5,0.01,0.01632));
#5901=CARTESIAN_POINT('',(3.99999999999915E-5,0.0072,0.01632));
#5902=CARTESIAN_POINT('',(-0.01896,0.01,0.01632));
#5903=CARTESIAN_POINT('',(-0.01896,0.0072,0.01632));
#5904=CARTESIAN_POINT('',(3.99999999999871E-5,0.01,-0.00268000000000004));
#5905=CARTESIAN_POINT('',(3.99999999999915E-5,0.0072,-0.00268000000000004));
#5906=CARTESIAN_POINT('',(-0.01896,0.01,-0.00268000000000004));
#5907=CARTESIAN_POINT('',(-0.01896,0.0072,-0.00268000000000004));
#5908=CARTESIAN_POINT('',(0.025202150528839,0.01,-0.0348021505288392));
#5909=CARTESIAN_POINT('',(0.025202150528839,0.007,-0.0348021505288392));
#5910=CARTESIAN_POINT('',(0.025202150528839,0.007,-0.0348021505288392));
#5911=CARTESIAN_POINT('',(0.0347,0.007,-0.0345999994938));
#5912=CARTESIAN_POINT('',(0.0347,0.00779239055468805,-0.0345999994938));
#5913=CARTESIAN_POINT('',(0.0340533568131201,0.00934516398592637,-0.03460667864394));
#5914=CARTESIAN_POINT('',(0.0324811298218615,0.01,-0.0346249191163893));
#5915=CARTESIAN_POINT('',(0.0317,0.01,-0.0346349415854978));
#5916=CARTESIAN_POINT('',(-0.000250000000002505,0.007,-0.0413));
#5917=CARTESIAN_POINT('',(-0.00570499999999941,0.008355,-0.0439765602926144));
#5918=CARTESIAN_POINT('',(-0.00570499999999941,0.00936905300912025,-0.0434631992332169));
#5919=CARTESIAN_POINT('',(-0.00509878199908589,0.01,-0.042436149404663));
#5920=CARTESIAN_POINT('',(-0.00509878199908589,0.01,-0.0413));
#5921=CARTESIAN_POINT('',(-0.00570499999999941,0.008355,-0.0439765602926144));
#5922=CARTESIAN_POINT('',(-0.00570499999999941,0.007,-0.0413));
#5923=CARTESIAN_POINT('',(-0.00570499999999941,0.007645,-0.0442298421459185));
#5924=CARTESIAN_POINT('',(-0.00562157092493713,0.007,-0.0443));
#5925=CARTESIAN_POINT('',(-0.00567783753046705,0.00721386290567768,-0.0443));
#5926=CARTESIAN_POINT('',(-0.00570499999999941,0.00742903074405505,-0.0442773874275913));
#5927=CARTESIAN_POINT('',(-0.00570499999999941,0.007645,-0.0442298421459185));
#5928=CARTESIAN_POINT('',(-0.0254999994938,0.007,-0.0443));
#5929=CARTESIAN_POINT('',(-0.0254999994938,0.00779239055468805,-0.0443));
#5930=CARTESIAN_POINT('',(-0.0255066786439388,0.00934516398592638,-0.0436533568131201));
#5931=CARTESIAN_POINT('',(-0.0255249191163907,0.01,-0.0420811298218615));
#5932=CARTESIAN_POINT('',(-0.0255349415854987,0.01,-0.0413));
#5933=CARTESIAN_POINT('',(0.0317,0.007,0.000399999999974955));
#5934=CARTESIAN_POINT('',(0.0347,0.007,0.03539999949375));
#5935=CARTESIAN_POINT('',(0.0347,0.00779239055468805,0.03539999949375));
#5936=CARTESIAN_POINT('',(0.0340533568131201,0.00934516398592638,0.0354066786438904));
#5937=CARTESIAN_POINT('',(0.0324811298218615,0.01,0.0354249191163403));
#5938=CARTESIAN_POINT('',(0.0317,0.01,0.0354349415854476));
#5939=CARTESIAN_POINT('',(-0.0257021505288407,0.007,-0.0348021505288408));
#5940=CARTESIAN_POINT('',(-0.0352,0.007,-0.0345999994938017));
#5941=CARTESIAN_POINT('',(-0.0352,0.00779239055468805,-0.0345999994938017));
#5942=CARTESIAN_POINT('',(-0.0345533568131201,0.00934516398592638,-0.0346066786439411));
#5943=CARTESIAN_POINT('',(-0.0329811298218615,0.01,-0.0346249191163919));
#5944=CARTESIAN_POINT('',(-0.0322,0.01,-0.0346349415854993));
#5945=CARTESIAN_POINT('',(0.025202150528789,0.007,0.035602150528788));
#5946=CARTESIAN_POINT('',(0.024999999493795,0.007,0.0451));
#5947=CARTESIAN_POINT('',(0.024999999493795,0.00779239055468804,0.0451));
#5948=CARTESIAN_POINT('',(0.0250066786439389,0.00934516398592634,0.0444533568131201));
#5949=CARTESIAN_POINT('',(0.0250249191163813,0.00999999999999998,0.0428811298218615));
#5950=CARTESIAN_POINT('',(0.0250349415854847,0.01,0.0421));
#5951=CARTESIAN_POINT('',(-0.0322,0.007,0.000399999999974109));
#5952=CARTESIAN_POINT('',(-0.0352,0.007,0.03539999949375));
#5953=CARTESIAN_POINT('',(-0.0352,0.00779239055468806,0.03539999949375));
#5954=CARTESIAN_POINT('',(-0.03455335681312,0.00934516398592638,0.0354066786438892));
#5955=CARTESIAN_POINT('',(-0.0329811298218615,0.01,0.035424919116354));
#5956=CARTESIAN_POINT('',(-0.0322,0.01,0.035434941585457));
#5957=CARTESIAN_POINT('',(-0.000250000000003407,0.007,0.0421));
#5958=CARTESIAN_POINT('',(-0.0254999994938018,0.007,0.0451));
#5959=CARTESIAN_POINT('',(-0.0254999994938018,0.00779239055468805,0.0451));
#5960=CARTESIAN_POINT('',(-0.0255066786439484,0.00934516398592636,0.0444533568131201));
#5961=CARTESIAN_POINT('',(-0.0255249191163845,0.01,0.0428811298218614));
#5962=CARTESIAN_POINT('',(-0.0255349415854999,0.01,0.0421));
#5963=CARTESIAN_POINT('',(-0.0257021505288419,0.007,0.0356021505288409));
#5964=CARTESIAN_POINT('',(-0.000250000000003407,-0.0055,0.0411));
#5965=CARTESIAN_POINT('',(0.0124580390000156,0.01,0.0410999999999986));
#5966=CARTESIAN_POINT('',(0.0124580390000156,0.0072,0.0410999999999986));
#5967=CARTESIAN_POINT('',(-0.000250000000003407,0.0072,0.0411));
#5968=CARTESIAN_POINT('',(0.024999999493795,0.0072,0.0411));
#5969=CARTESIAN_POINT('',(0.024999999493795,-0.0055,0.0411));
#5970=CARTESIAN_POINT('',(0.024999999493795,-0.0055,0.035399999493795));
#5971=CARTESIAN_POINT('',(0.024999999493795,0.0072,0.035399999493795));
#5972=CARTESIAN_POINT('',(0.0307,0.0072,0.03539999949375));
#5973=CARTESIAN_POINT('',(0.0307,-0.0055,0.03539999949375));
#5974=CARTESIAN_POINT('',(0.0307,-0.0055,0.000399999999974955));
#5975=CARTESIAN_POINT('',(0.0307,0.0072,0.000399999999974955));
#5976=CARTESIAN_POINT('',(0.0307,0.0072,-0.0345999994938));
#5977=CARTESIAN_POINT('',(0.0307,-0.0055,-0.0345999994938));
#5978=CARTESIAN_POINT('',(0.0249999994938001,-0.0055,-0.0345999994938));
#5979=CARTESIAN_POINT('',(0.0249999994938001,0.0072,-0.0345999994938));
#5980=CARTESIAN_POINT('',(-0.0254999994938,-0.0055,-0.0345999994938));
#5981=CARTESIAN_POINT('',(-0.0254999994938,0.0072,-0.0345999994938));
#5982=CARTESIAN_POINT('',(-0.0312,0.0072,-0.0345999994938017));
#5983=CARTESIAN_POINT('',(-0.0312,-0.0055,-0.0345999994938017));
#5984=CARTESIAN_POINT('',(-0.0312,-0.0055,0.000399999999974109));
#5985=CARTESIAN_POINT('',(-0.0312,0.0072,0.000399999999974109));
#5986=CARTESIAN_POINT('',(-0.0312,0.0072,0.03539999949375));
#5987=CARTESIAN_POINT('',(-0.0312,-0.0055,0.03539999949375));
#5988=CARTESIAN_POINT('',(-0.0254999994938018,-0.0055,0.0353999994938018));
#5989=CARTESIAN_POINT('',(-0.0254999994938018,0.0072,0.0353999994938018));
#5990=CARTESIAN_POINT('',(-0.00025,0.0072,0.000400000000000005));
#5991=CARTESIAN_POINT('',(-0.02,0.0072,-0.04080000014511));
#5992=CARTESIAN_POINT('',(-0.00662000000000122,0.0072,-0.0382066666952469));
#5993=CARTESIAN_POINT('',(-0.0092,0.0072,-0.0382066666952469));
#5994=CARTESIAN_POINT('',(-0.0092,0.0072,0.000400000000000007));
#5995=CARTESIAN_POINT('',(-0.0092,0.0072,-0.0209666666952448));
#5996=CARTESIAN_POINT('',(-0.00662000000000079,0.0072,-0.0209666666952448));
#5997=CARTESIAN_POINT('',(-0.00662,0.0072,-0.0183866666952457));
#5998=CARTESIAN_POINT('',(-0.00025,0.0072,-0.0183866666952457));
#5999=CARTESIAN_POINT('',(0.0071199999999715,0.0072,-0.0183866666952457));
#6000=CARTESIAN_POINT('',(0.00711999999999487,0.0072,-0.020966666695248));
#6001=CARTESIAN_POINT('',(0.0096999999999972,0.0072,-0.020966666695248));
#6002=CARTESIAN_POINT('',(0.0096999999999972,0.0072,0.0004));
#6003=CARTESIAN_POINT('',(0.0096999999999972,0.0072,-0.0382066666952457));
#6004=CARTESIAN_POINT('',(0.00711999999999717,0.0072,-0.0382066666952457));
#6005=CARTESIAN_POINT('',(0.0205011434286,0.0072,-0.0407931969162401));
#6006=CARTESIAN_POINT('',(0.00950000049999999,0.0072,0.0415999983534));
#6007=CARTESIAN_POINT('',(-0.0095,0.0072,0.0415999989450999));
#6008=CARTESIAN_POINT('',(0.00024999999998575,0.03011,-0.0183866666952457));
#6009=CARTESIAN_POINT('',(0.0071199999999715,0.03011,-0.0183866666952457));
#6010=CARTESIAN_POINT('',(-0.00662,0.03011,-0.0183866666952457));
#6011=CARTESIAN_POINT('',(0.00711999999999487,0.03011,-0.020966666695248));
#6012=CARTESIAN_POINT('',(0.0096999999999972,0.03011,-0.020966666695248));
#6013=CARTESIAN_POINT('',(0.0096999999999972,0.03011,-0.0295866666952468));
#6014=CARTESIAN_POINT('',(0.0096999999999972,0.03011,-0.0382066666952457));
#6015=CARTESIAN_POINT('',(-0.0092,0.03011,-0.0295866666952458));
#6016=CARTESIAN_POINT('',(-0.0092,0.03011,-0.0209666666952448));
#6017=CARTESIAN_POINT('',(-0.0092,0.03011,-0.0382066666952469));
#6018=CARTESIAN_POINT('',(-0.00662000000000079,0.03011,-0.0209666666952448));
#6019=CARTESIAN_POINT('',(0.00711999999999717,0.03011,-0.0382066666952457));
#6020=CARTESIAN_POINT('',(0.00711999999999717,0.00511,-0.0382066666952457));
#6021=CARTESIAN_POINT('',(0.000249999999998597,0.03011,-0.0407866666952457));
#6022=CARTESIAN_POINT('',(-0.00570499999999941,0.03011,-0.0407866666952457));
#6023=CARTESIAN_POINT('',(-0.00570499999999941,0.007645,-0.0407866666952457));
#6024=CARTESIAN_POINT('',(-0.00570499999999941,0.008355,-0.0407866666952457));
#6025=CARTESIAN_POINT('',(-0.00316999999999941,0.008355,-0.0407866666952457));
#6026=CARTESIAN_POINT('',(-0.00662,0.03011,-0.0407866666952457));
#6027=CARTESIAN_POINT('',(-0.00662,0.00511,-0.0407866666952457));
#6028=CARTESIAN_POINT('',(0.000249999999998597,0.00511,-0.0407866666952457));
#6029=CARTESIAN_POINT('',(-0.00316999999999941,0.00511,-0.0407866666952457));
#6030=CARTESIAN_POINT('',(-0.00316999999999941,0.007645,-0.0407866666952457));
#6031=CARTESIAN_POINT('',(-0.00662000000000122,0.03011,-0.0382066666952469));
#6032=CARTESIAN_POINT('',(-0.00662000000000122,0.00511,-0.0382066666952469));
#6033=CARTESIAN_POINT('',(0.000249999999998599,0.00511,-0.0297366666952479));
#6034=CARTESIAN_POINT('',(0.00327000000000059,0.00511,-0.045));
#6035=CARTESIAN_POINT('',(-0.00316999999999941,0.00511,-0.045));
#6036=CARTESIAN_POINT('',(0.00325495535714345,0.007645,-0.045));
#6037=CARTESIAN_POINT('',(0.00579000000000059,0.007645,-0.045));
#6038=CARTESIAN_POINT('',(0.00579000000000059,0.008,-0.045));
#6039=CARTESIAN_POINT('',(0.00579000000000059,0.008355,-0.045));
#6040=CARTESIAN_POINT('',(-0.00570499999999941,0.008,-0.045));
#6041=CARTESIAN_POINT('',(-0.00570499999999941,0.008355,-0.045));
#6042=CARTESIAN_POINT('',(-0.00570499999999941,0.007645,-0.045));
#6043=CARTESIAN_POINT('',(-0.00316999999999941,0.007645,-0.045));
#6044=CARTESIAN_POINT('',(0.00325495535714345,0.008355,-0.045));
#6045=CARTESIAN_POINT('',(-0.00316999999999941,0.008355,-0.045));
#6046=CARTESIAN_POINT('',(-0.0095,0.01,0.0415999989450999));
#6047=CARTESIAN_POINT('',(0.00950000049999999,0.01,0.0415999983534));
#6048=CARTESIAN_POINT('',(0.0205011434286,0.01,-0.0407931969162401));
#6049=CARTESIAN_POINT('',(-0.02,0.01,-0.04080000014511));
#6050=CARTESIAN_POINT('',(0.0205011434286,0.0057,-0.0407931969162401));
#6051=CARTESIAN_POINT('',(0.0205011434286,0.0057,-0.0407931969162401));
#6052=CARTESIAN_POINT('',(0.0219511434286,0.0057,-0.0407931969162401));
#6053=CARTESIAN_POINT('',(0.000249999999996322,0.0057,0.000399999399994959));
#6054=CARTESIAN_POINT('',(-0.0095,0.0057,0.0415999989450999));
#6055=CARTESIAN_POINT('',(-0.0095,0.0057,0.0415999989450999));
#6056=CARTESIAN_POINT('',(-0.00805,0.0057,0.0415999989450999));
#6057=CARTESIAN_POINT('',(0.000249999999996322,0.0057,0.000399999399994959));
#6058=CARTESIAN_POINT('',(0.00950000049999999,0.0057,0.0415999983534));
#6059=CARTESIAN_POINT('',(0.00950000049999999,0.0057,0.0415999983534));
#6060=CARTESIAN_POINT('',(0.0109500005,0.0057,0.0415999983534));
#6061=CARTESIAN_POINT('',(0.000249999999996322,0.0057,0.000399999399994959));
#6062=CARTESIAN_POINT('',(-0.02,0.0057,-0.04080000014511));
#6063=CARTESIAN_POINT('',(-0.02,0.0057,-0.04080000014511));
#6064=CARTESIAN_POINT('',(-0.01855,0.0057,-0.04080000014511));
#6065=CARTESIAN_POINT('',(0.000249999999996322,0.0057,0.000399999399994959));
#6066=MECHANICAL_DESIGN_GEOMETRIC_PRESENTATION_REPRESENTATION('',(#3541),
#6068);
#6067=MECHANICAL_DESIGN_GEOMETRIC_PRESENTATION_REPRESENTATION('',(#3542),
#6069);
#6068=(
GEOMETRIC_REPRESENTATION_CONTEXT(3)
GLOBAL_UNCERTAINTY_ASSIGNED_CONTEXT((#6070))
GLOBAL_UNIT_ASSIGNED_CONTEXT((#6076,#6074,#6072))
REPRESENTATION_CONTEXT('Case Bottom','TOP_LEVEL_ASSEMBLY_PART')
);
#6069=(
GEOMETRIC_REPRESENTATION_CONTEXT(3)
GLOBAL_UNCERTAINTY_ASSIGNED_CONTEXT((#6071))
GLOBAL_UNIT_ASSIGNED_CONTEXT((#6077,#6075,#6073))
REPRESENTATION_CONTEXT('Case Top','TOP_LEVEL_ASSEMBLY_PART')
);
#6070=UNCERTAINTY_MEASURE_WITH_UNIT(LENGTH_MEASURE(1.E-8),#6076,
'DISTANCE_ACCURACY_VALUE','Maximum Tolerance applied to model');
#6071=UNCERTAINTY_MEASURE_WITH_UNIT(LENGTH_MEASURE(2.10618572147048E-5),
#6077,'DISTANCE_ACCURACY_VALUE','Maximum Tolerance applied to model');
#6072=(
NAMED_UNIT(*)
SI_UNIT($,.STERADIAN.)
SOLID_ANGLE_UNIT()
);
#6073=(
NAMED_UNIT(*)
SI_UNIT($,.STERADIAN.)
SOLID_ANGLE_UNIT()
);
#6074=(
NAMED_UNIT(*)
PLANE_ANGLE_UNIT()
SI_UNIT($,.RADIAN.)
);
#6075=(
NAMED_UNIT(*)
PLANE_ANGLE_UNIT()
SI_UNIT($,.RADIAN.)
);
#6076=(
LENGTH_UNIT()
NAMED_UNIT(*)
SI_UNIT($,.METRE.)
);
#6077=(
LENGTH_UNIT()
NAMED_UNIT(*)
SI_UNIT($,.METRE.)
);
#6078=PRODUCT_DEFINITION_SHAPE('','',#6080);
#6079=PRODUCT_DEFINITION_SHAPE('','',#6081);
#6080=PRODUCT_DEFINITION('','',#6084,#6082);
#6081=PRODUCT_DEFINITION('','',#6085,#6083);
#6082=PRODUCT_DEFINITION_CONTEXT('',#6096,'design');
#6083=PRODUCT_DEFINITION_CONTEXT('',#6097,'design');
#6084=PRODUCT_DEFINITION_FORMATION_WITH_SPECIFIED_SOURCE('','',#6088,
 .NOT_KNOWN.);
#6085=PRODUCT_DEFINITION_FORMATION_WITH_SPECIFIED_SOURCE('','',#6089,
 .NOT_KNOWN.);
#6086=PRODUCT_RELATED_PRODUCT_CATEGORY('','',(#6088));
#6087=PRODUCT_RELATED_PRODUCT_CATEGORY('','',(#6089));
#6088=PRODUCT('Case Bottom','Case Bottom','Case Bottom',(#6092));
#6089=PRODUCT('Case Top','Case Top','Case Top',(#6093));
#6090=PRODUCT_CATEGORY('','');
#6091=PRODUCT_CATEGORY('','');
#6092=PRODUCT_CONTEXT('',#6096,'mechanical');
#6093=PRODUCT_CONTEXT('',#6097,'mechanical');
#6094=APPLICATION_PROTOCOL_DEFINITION('international standard',
'ap242_managed_model_based_3d_engineering',2020,#6096);
#6095=APPLICATION_PROTOCOL_DEFINITION('international standard',
'ap242_managed_model_based_3d_engineering',2020,#6097);
#6096=APPLICATION_CONTEXT('managed model based 3d engineering');
#6097=APPLICATION_CONTEXT('managed model based 3d engineering');
ENDSEC;
END-ISO-10303-21;
