ISO-10303-21;
HEADER;
/* Generated by software containing ST-Developer
 * from STEP Tools, Inc. (www.steptools.com) 
 */
/* OPTION: using custom renumber hook */

FILE_DESCRIPTION(
/* description */ ('STEP AP242 Edition 2',
'CAx-IF Rec.Pracs.---Representation and Presentation of Product Manufa
cturing Information (PMI)---4.0---2014-10-13',
'CAx-IF Rec.Pracs.---3D Tessellated Geometry---0.4---2014-09-14','2;1',
'CAx-IF Rec.Pracs.---User Defined Attributes---1.5---2016-08-15'),
/* implementation_level */ '2;1');

FILE_NAME(
/* name */ 'KnowledgeBoard',
/* time_stamp */ '2026-07-31T17:35:52Z',
/* author */ (''),
/* organization */ (''),
/* preprocessor_version */ 'ST-DEVELOPER v20',
/* originating_system */ 'ONSHAPE BY PTC INC, 1.218',
/* authorisation */ '  ');

FILE_SCHEMA (('AP242_MANAGED_MODEL_BASED_3D_ENGINEERING_MIM_LF { 1 0 10303 442 3 1 4 }'));
ENDSEC;

DATA;
#10=TOROIDAL_SURFACE('',#4281,0.0065000005062,0.003);
#11=TOROIDAL_SURFACE('',#4283,0.0065000005061983,0.003);
#12=TOROIDAL_SURFACE('',#4284,0.00650000050625,0.003);
#13=TOROIDAL_SURFACE('',#4286,0.00650000050619818,0.003);
#14=B_SPLINE_CURVE_WITH_KNOTS('',3,(#5817,#5818,#5819,#5820,#5821,#5822,
#5823,#5824,#5825),.UNSPECIFIED.,.F.,.F.,(4,1,1,1,1,1,4),(0.,0.00174785408029194,
0.00262178112043791,0.00349570816058388,0.00436963520072985,0.00524356224087582,
0.00699141632116775),.UNSPECIFIED.);
#15=B_SPLINE_CURVE_WITH_KNOTS('',3,(#5829,#5830,#5831,#5832,#5833),
 .UNSPECIFIED.,.F.,.F.,(4,1,4),(0.,0.00234343053765947,0.00468686107531894),
 .UNSPECIFIED.);
#16=B_SPLINE_CURVE_WITH_KNOTS('',3,(#5837,#5838,#5839,#5840,#5841),
 .UNSPECIFIED.,.F.,.F.,(4,1,4),(0.,0.00118593988997684,0.00237187977995368),
 .UNSPECIFIED.);
#17=B_SPLINE_CURVE_WITH_KNOTS('',3,(#5845,#5846,#5847,#5848),
 .UNSPECIFIED.,.F.,.F.,(4,4),(0.,0.00144288605372851),.UNSPECIFIED.);
#18=B_SPLINE_CURVE_WITH_KNOTS('',3,(#5853,#5854,#5855,#5856,#5857,#5858,
#5859,#5860,#5861),.UNSPECIFIED.,.F.,.F.,(4,1,1,1,1,1,4),(0.,0.00175206563929454,
0.00262809845894181,0.00350413127858907,0.00438016409823634,0.00525619691788361,
0.00700826255717815),.UNSPECIFIED.);
#19=B_SPLINE_CURVE_WITH_KNOTS('',3,(#5865,#5866,#5867,#5868),
 .UNSPECIFIED.,.F.,.F.,(4,4),(0.,0.00144290338910974),.UNSPECIFIED.);
#20=B_SPLINE_CURVE_WITH_KNOTS('',3,(#5872,#5873,#5874,#5875,#5876),
 .UNSPECIFIED.,.F.,.F.,(4,1,4),(0.,0.00118594002770332,0.00237188005540663),
 .UNSPECIFIED.);
#21=B_SPLINE_CURVE_WITH_KNOTS('',3,(#5880,#5881,#5882,#5883,#5884),
 .UNSPECIFIED.,.F.,.F.,(4,1,4),(0.,0.00234343053765947,0.00468686107531894),
 .UNSPECIFIED.);
#22=B_SPLINE_CURVE_WITH_KNOTS('',3,(#5889,#5890,#5891,#5892,#5893,#5894,
#5895,#5896,#5897),.UNSPECIFIED.,.F.,.F.,(4,1,1,1,1,1,4),(0.,0.00175206452875046,
0.00262809679312569,0.00350412905750092,0.00438016132187615,0.00525619358625138,
0.00700825811500184),.UNSPECIFIED.);
#23=B_SPLINE_CURVE_WITH_KNOTS('',3,(#5901,#5902,#5903,#5904,#5905,#5906,
#5907,#5908,#5909),.UNSPECIFIED.,.F.,.F.,(4,1,1,1,1,1,4),(0.,0.00175206489549996,
0.00262809734324995,0.00350412979099993,0.00438016223874991,0.00525619468649989,
0.00700825958199986),.UNSPECIFIED.);
#24=B_SPLINE_CURVE_WITH_KNOTS('',3,(#5913,#5914,#5915,#5916,#5917),
 .UNSPECIFIED.,.F.,.F.,(4,1,4),(0.,0.00234343053765944,0.00468686107531889),
 .UNSPECIFIED.);
#25=B_SPLINE_CURVE_WITH_KNOTS('',3,(#5921,#5922,#5923,#5924,#5925),
 .UNSPECIFIED.,.F.,.F.,(4,1,4),(0.,0.00234343053765943,0.00468686107531886),
 .UNSPECIFIED.);
#26=B_SPLINE_CURVE_WITH_KNOTS('',3,(#6610,#6611,#6612,#6613,#6614),
 .UNSPECIFIED.,.F.,.F.,(4,1,4),(0.,0.00234343053765946,0.00468686107531891),
 .UNSPECIFIED.);
#27=B_SPLINE_CURVE_WITH_KNOTS('',3,(#6616,#6617,#6618,#6619,#6620),
 .UNSPECIFIED.,.F.,.F.,(4,1,4),(0.,0.00234343053765946,0.00468686107531892),
 .UNSPECIFIED.);
#28=B_SPLINE_CURVE_WITH_KNOTS('',3,(#6622,#6623,#6624,#6625,#6626),
 .UNSPECIFIED.,.F.,.F.,(4,1,4),(0.,0.00234343053765946,0.00468686107531891),
 .UNSPECIFIED.);
#29=B_SPLINE_CURVE_WITH_KNOTS('',3,(#6629,#6630,#6631,#6632,#6633),
 .UNSPECIFIED.,.F.,.F.,(4,1,4),(0.,0.00234343053765948,0.00468686107531896),
 .UNSPECIFIED.);
#30=SHAPE_REPRESENTATION_RELATIONSHIP('','',#3933,#32);
#31=SHAPE_REPRESENTATION_RELATIONSHIP('','',#3934,#33);
#32=ADVANCED_BREP_SHAPE_REPRESENTATION('',(#3929),#6731);
#33=ADVANCED_BREP_SHAPE_REPRESENTATION('',(#3930),#6732);
#34=CYLINDRICAL_SURFACE('',#3982,0.0097000005061982);
#35=CYLINDRICAL_SURFACE('',#3985,0.00970000050625001);
#36=CYLINDRICAL_SURFACE('',#3988,0.00970000050619999);
#37=CYLINDRICAL_SURFACE('',#3993,0.00970000050619832);
#38=CYLINDRICAL_SURFACE('',#3996,0.00570000050619826);
#39=CYLINDRICAL_SURFACE('',#3999,0.00570000050619818);
#40=CYLINDRICAL_SURFACE('',#4002,0.00570000050625007);
#41=CYLINDRICAL_SURFACE('',#4004,0.00570000050619996);
#42=CYLINDRICAL_SURFACE('',#4005,0.00420000101241018);
#43=CYLINDRICAL_SURFACE('',#4007,0.00419999999999326);
#44=CYLINDRICAL_SURFACE('',#4011,0.0041999999999483);
#45=CYLINDRICAL_SURFACE('',#4014,0.00420000101239998);
#46=CYLINDRICAL_SURFACE('',#4028,0.00258);
#47=CYLINDRICAL_SURFACE('',#4031,0.00257999999999878);
#48=CYLINDRICAL_SURFACE('',#4032,0.00253504464285714);
#49=CYLINDRICAL_SURFACE('',#4033,0.002535);
#50=CYLINDRICAL_SURFACE('',#4034,0.002999998945104);
#51=CYLINDRICAL_SURFACE('',#4035,0.002999998353496);
#52=CYLINDRICAL_SURFACE('',#4036,0.002997744922155);
#53=CYLINDRICAL_SURFACE('',#4037,0.002999999145104);
#54=CYLINDRICAL_SURFACE('',#4038,0.00145);
#55=CYLINDRICAL_SURFACE('',#4041,0.00145);
#56=CYLINDRICAL_SURFACE('',#4044,0.00145);
#57=CYLINDRICAL_SURFACE('',#4047,0.00145);
#58=CYLINDRICAL_SURFACE('',#4051,0.003);
#59=CYLINDRICAL_SURFACE('',#4053,0.003);
#60=CYLINDRICAL_SURFACE('',#4055,0.003);
#61=CYLINDRICAL_SURFACE('',#4056,0.00145);
#62=CYLINDRICAL_SURFACE('',#4059,0.00145);
#63=CYLINDRICAL_SURFACE('',#4062,0.00145);
#64=CYLINDRICAL_SURFACE('',#4065,0.00145);
#65=CYLINDRICAL_SURFACE('',#4149,0.0005);
#66=CYLINDRICAL_SURFACE('',#4152,0.000499999999999994);
#67=CYLINDRICAL_SURFACE('',#4155,0.0005);
#68=CYLINDRICAL_SURFACE('',#4158,0.000500000000000006);
#69=CYLINDRICAL_SURFACE('',#4160,0.0005);
#70=CYLINDRICAL_SURFACE('',#4163,0.0005);
#71=CYLINDRICAL_SURFACE('',#4166,0.0005);
#72=CYLINDRICAL_SURFACE('',#4169,0.0005);
#73=CYLINDRICAL_SURFACE('',#4171,0.0005);
#74=CYLINDRICAL_SURFACE('',#4174,0.000499999999999991);
#75=CYLINDRICAL_SURFACE('',#4177,0.0005);
#76=CYLINDRICAL_SURFACE('',#4180,0.0005);
#77=CYLINDRICAL_SURFACE('',#4182,0.0005);
#78=CYLINDRICAL_SURFACE('',#4185,0.000499999999999994);
#79=CYLINDRICAL_SURFACE('',#4188,0.0005);
#80=CYLINDRICAL_SURFACE('',#4191,0.0005);
#81=CYLINDRICAL_SURFACE('',#4193,0.0005);
#82=CYLINDRICAL_SURFACE('',#4196,0.000499999999999994);
#83=CYLINDRICAL_SURFACE('',#4199,0.0005);
#84=CYLINDRICAL_SURFACE('',#4202,0.0005);
#85=CYLINDRICAL_SURFACE('',#4204,0.0005);
#86=CYLINDRICAL_SURFACE('',#4207,0.000499999999999991);
#87=CYLINDRICAL_SURFACE('',#4210,0.0005);
#88=CYLINDRICAL_SURFACE('',#4213,0.0005);
#89=CYLINDRICAL_SURFACE('',#4215,0.0005);
#90=CYLINDRICAL_SURFACE('',#4218,0.00049999999999999);
#91=CYLINDRICAL_SURFACE('',#4221,0.0005);
#92=CYLINDRICAL_SURFACE('',#4224,0.0005);
#93=CYLINDRICAL_SURFACE('',#4226,0.0005);
#94=CYLINDRICAL_SURFACE('',#4229,0.0005);
#95=CYLINDRICAL_SURFACE('',#4232,0.0005);
#96=CYLINDRICAL_SURFACE('',#4235,0.0005);
#97=CYLINDRICAL_SURFACE('',#4237,0.0005);
#98=CYLINDRICAL_SURFACE('',#4240,0.000499999999999994);
#99=CYLINDRICAL_SURFACE('',#4243,0.0005);
#100=CYLINDRICAL_SURFACE('',#4246,0.0005);
#101=CYLINDRICAL_SURFACE('',#4248,0.0005);
#102=CYLINDRICAL_SURFACE('',#4251,0.000499999999999994);
#103=CYLINDRICAL_SURFACE('',#4254,0.0005);
#104=CYLINDRICAL_SURFACE('',#4257,0.0005);
#105=CYLINDRICAL_SURFACE('',#4259,0.0005);
#106=CYLINDRICAL_SURFACE('',#4262,0.000499999999999994);
#107=CYLINDRICAL_SURFACE('',#4265,0.0005);
#108=CYLINDRICAL_SURFACE('',#4268,0.0005);
#109=CYLINDRICAL_SURFACE('',#4282,0.003);
#110=CYLINDRICAL_SURFACE('',#4285,0.003);
#111=CYLINDRICAL_SURFACE('',#4288,0.00570000050620499);
#112=CYLINDRICAL_SURFACE('',#4291,0.00570000050619995);
#113=CYLINDRICAL_SURFACE('',#4293,0.00570000050619998);
#114=CYLINDRICAL_SURFACE('',#4296,0.00570000050619819);
#115=CYLINDRICAL_SURFACE('',#4311,0.00258000000000233);
#116=CYLINDRICAL_SURFACE('',#4313,0.00258);
#117=CYLINDRICAL_SURFACE('',#4314,0.00257999999999878);
#118=CYLINDRICAL_SURFACE('',#4316,0.00257999999999921);
#119=CYLINDRICAL_SURFACE('',#4317,0.002535);
#120=CYLINDRICAL_SURFACE('',#4319,0.002535);
#121=CYLINDRICAL_SURFACE('',#4321,0.00253504464285714);
#122=CYLINDRICAL_SURFACE('',#4322,0.00253504464285714);
#123=CYLINDRICAL_SURFACE('',#4323,0.002999998945104);
#124=CYLINDRICAL_SURFACE('',#4324,0.002999998353496);
#125=CYLINDRICAL_SURFACE('',#4325,0.002997744922155);
#126=CYLINDRICAL_SURFACE('',#4326,0.002999999145104);
#127=CYLINDRICAL_SURFACE('',#4327,0.0025);
#128=CYLINDRICAL_SURFACE('',#4330,0.0025);
#129=CYLINDRICAL_SURFACE('',#4333,0.0025);
#130=CYLINDRICAL_SURFACE('',#4336,0.0025);
#131=CIRCLE('',#3947,0.002999999145104);
#132=CIRCLE('',#3948,0.002997744922155);
#133=CIRCLE('',#3950,0.002997744922155);
#134=CIRCLE('',#3951,0.00420000101239998);
#135=CIRCLE('',#3952,0.00420000101241018);
#136=CIRCLE('',#3953,0.002999998353496);
#137=CIRCLE('',#3954,0.00570000101241);
#138=CIRCLE('',#3955,0.00570000101240002);
#139=CIRCLE('',#3957,0.002999998353496);
#140=CIRCLE('',#3958,0.002999998945104);
#141=CIRCLE('',#3960,0.00253504464285714);
#142=CIRCLE('',#3963,0.00145);
#143=CIRCLE('',#3964,0.00145);
#144=CIRCLE('',#3965,0.00145);
#145=CIRCLE('',#3966,0.00145);
#146=CIRCLE('',#3967,0.00258);
#147=CIRCLE('',#3968,0.002997744922155);
#148=CIRCLE('',#3969,0.00570000050619996);
#149=CIRCLE('',#3970,0.00570000050625007);
#150=CIRCLE('',#3971,0.002999998353496);
#151=CIRCLE('',#3972,0.002999998945104);
#152=CIRCLE('',#3973,0.00570000050619818);
#153=CIRCLE('',#3974,0.00570000050619826);
#154=CIRCLE('',#3975,0.002999999145104);
#155=CIRCLE('',#3976,0.00257999999999878);
#156=CIRCLE('',#3977,0.00970000050619832);
#157=CIRCLE('',#3978,0.0097000005061982);
#158=CIRCLE('',#3979,0.00970000050625001);
#159=CIRCLE('',#3980,0.00970000050619999);
#160=CIRCLE('',#3983,0.0097000005061982);
#161=CIRCLE('',#3986,0.00970000050625001);
#162=CIRCLE('',#3989,0.00970000050619999);
#163=CIRCLE('',#3991,0.00253504464285714);
#164=CIRCLE('',#3992,0.002535);
#165=CIRCLE('',#3994,0.00970000050619832);
#166=CIRCLE('',#3997,0.00570000101239998);
#167=CIRCLE('',#4000,0.00570000101239998);
#168=CIRCLE('',#4006,0.00420000101241018);
#169=CIRCLE('',#4008,0.00419999999999326);
#170=CIRCLE('',#4009,0.00419999999999326);
#171=CIRCLE('',#4012,0.0041999999999483);
#172=CIRCLE('',#4013,0.0041999999999483);
#173=CIRCLE('',#4015,0.00420000101239998);
#174=CIRCLE('',#4018,0.002999999145104);
#175=CIRCLE('',#4019,0.002999998945104);
#176=CIRCLE('',#4021,0.002999999145104);
#177=CIRCLE('',#4022,0.002999998945104);
#178=CIRCLE('',#4023,0.002999998353496);
#179=CIRCLE('',#4024,0.002997744922155);
#180=CIRCLE('',#4026,0.00258);
#181=CIRCLE('',#4027,0.00257999999999878);
#182=CIRCLE('',#4030,0.002535);
#183=CIRCLE('',#4039,0.00145);
#184=CIRCLE('',#4042,0.00145);
#185=CIRCLE('',#4045,0.00145);
#186=CIRCLE('',#4048,0.00145);
#187=CIRCLE('',#4052,0.003);
#188=CIRCLE('',#4054,0.003);
#189=CIRCLE('',#4057,0.00145);
#190=CIRCLE('',#4058,0.00145);
#191=CIRCLE('',#4060,0.00145);
#192=CIRCLE('',#4061,0.00145);
#193=CIRCLE('',#4063,0.00145);
#194=CIRCLE('',#4064,0.00145);
#195=CIRCLE('',#4066,0.00145);
#196=CIRCLE('',#4067,0.00145);
#197=CIRCLE('',#4073,0.00253504464285714);
#198=CIRCLE('',#4074,0.00253504464285714);
#199=CIRCLE('',#4076,0.0025);
#200=CIRCLE('',#4077,0.0065000005061983);
#201=CIRCLE('',#4078,0.00650000050619818);
#202=CIRCLE('',#4079,0.0025);
#203=CIRCLE('',#4080,0.0025);
#204=CIRCLE('',#4081,0.00650000050625);
#205=CIRCLE('',#4082,0.0065000005062);
#206=CIRCLE('',#4083,0.0025);
#207=CIRCLE('',#4084,0.00258);
#208=CIRCLE('',#4085,0.00258000000000233);
#209=CIRCLE('',#4086,0.00257999999999921);
#210=CIRCLE('',#4087,0.00257999999999878);
#211=CIRCLE('',#4088,0.0005);
#212=CIRCLE('',#4089,0.000499999999999994);
#213=CIRCLE('',#4090,0.0005);
#214=CIRCLE('',#4091,0.000500000000000006);
#215=CIRCLE('',#4092,0.0005);
#216=CIRCLE('',#4093,0.0005);
#217=CIRCLE('',#4094,0.0005);
#218=CIRCLE('',#4095,0.0005);
#219=CIRCLE('',#4096,0.0005);
#220=CIRCLE('',#4097,0.000499999999999991);
#221=CIRCLE('',#4098,0.0005);
#222=CIRCLE('',#4099,0.0005);
#223=CIRCLE('',#4100,0.0005);
#224=CIRCLE('',#4101,0.000499999999999994);
#225=CIRCLE('',#4102,0.0005);
#226=CIRCLE('',#4103,0.0005);
#227=CIRCLE('',#4104,0.0005);
#228=CIRCLE('',#4105,0.000499999999999994);
#229=CIRCLE('',#4106,0.0005);
#230=CIRCLE('',#4107,0.0005);
#231=CIRCLE('',#4108,0.0005);
#232=CIRCLE('',#4109,0.000499999999999991);
#233=CIRCLE('',#4110,0.0005);
#234=CIRCLE('',#4111,0.0005);
#235=CIRCLE('',#4112,0.0005);
#236=CIRCLE('',#4113,0.00049999999999999);
#237=CIRCLE('',#4114,0.0005);
#238=CIRCLE('',#4115,0.0005);
#239=CIRCLE('',#4116,0.0005);
#240=CIRCLE('',#4117,0.0005);
#241=CIRCLE('',#4118,0.0005);
#242=CIRCLE('',#4119,0.0005);
#243=CIRCLE('',#4120,0.0005);
#244=CIRCLE('',#4121,0.000499999999999994);
#245=CIRCLE('',#4122,0.0005);
#246=CIRCLE('',#4123,0.0005);
#247=CIRCLE('',#4124,0.0005);
#248=CIRCLE('',#4125,0.000499999999999994);
#249=CIRCLE('',#4126,0.0005);
#250=CIRCLE('',#4127,0.0005);
#251=CIRCLE('',#4128,0.0005);
#252=CIRCLE('',#4129,0.000499999999999994);
#253=CIRCLE('',#4130,0.0005);
#254=CIRCLE('',#4131,0.0005);
#255=CIRCLE('',#4135,0.0095000005062);
#256=CIRCLE('',#4136,0.00950000050625);
#257=CIRCLE('',#4137,0.00950000050619818);
#258=CIRCLE('',#4138,0.0095000005061983);
#259=CIRCLE('',#4139,0.00257999999999878);
#260=CIRCLE('',#4140,0.002999999145104);
#261=CIRCLE('',#4141,0.00570000050619998);
#262=CIRCLE('',#4142,0.00570000050619819);
#263=CIRCLE('',#4143,0.002999998945104);
#264=CIRCLE('',#4144,0.002999998353496);
#265=CIRCLE('',#4145,0.00570000050620499);
#266=CIRCLE('',#4146,0.00570000050619995);
#267=CIRCLE('',#4147,0.002997744922155);
#268=CIRCLE('',#4148,0.00258);
#269=CIRCLE('',#4150,0.0005);
#270=CIRCLE('',#4153,0.000499999999999994);
#271=CIRCLE('',#4156,0.0005);
#272=CIRCLE('',#4159,0.0005);
#273=CIRCLE('',#4161,0.0005);
#274=CIRCLE('',#4164,0.000499999999999994);
#275=CIRCLE('',#4167,0.0005);
#276=CIRCLE('',#4170,0.0005);
#277=CIRCLE('',#4172,0.0005);
#278=CIRCLE('',#4175,0.000499999999999994);
#279=CIRCLE('',#4178,0.0005);
#280=CIRCLE('',#4181,0.0005);
#281=CIRCLE('',#4183,0.0005);
#282=CIRCLE('',#4186,0.000499999999999994);
#283=CIRCLE('',#4189,0.0005);
#284=CIRCLE('',#4192,0.0005);
#285=CIRCLE('',#4194,0.0005);
#286=CIRCLE('',#4197,0.000499999999999994);
#287=CIRCLE('',#4200,0.0005);
#288=CIRCLE('',#4203,0.0005);
#289=CIRCLE('',#4205,0.0005);
#290=CIRCLE('',#4208,0.000499999999999994);
#291=CIRCLE('',#4211,0.0005);
#292=CIRCLE('',#4214,0.0005);
#293=CIRCLE('',#4216,0.0005);
#294=CIRCLE('',#4219,0.0005);
#295=CIRCLE('',#4222,0.0005);
#296=CIRCLE('',#4225,0.0005);
#297=CIRCLE('',#4227,0.0005);
#298=CIRCLE('',#4230,0.000499999999999994);
#299=CIRCLE('',#4233,0.0005);
#300=CIRCLE('',#4236,0.0005);
#301=CIRCLE('',#4238,0.0005);
#302=CIRCLE('',#4241,0.0005);
#303=CIRCLE('',#4244,0.0005);
#304=CIRCLE('',#4247,0.0005);
#305=CIRCLE('',#4249,0.0005);
#306=CIRCLE('',#4252,0.000499999999999994);
#307=CIRCLE('',#4255,0.0005);
#308=CIRCLE('',#4258,0.0005);
#309=CIRCLE('',#4260,0.0005);
#310=CIRCLE('',#4263,0.0005);
#311=CIRCLE('',#4266,0.0005);
#312=CIRCLE('',#4269,0.0005);
#313=CIRCLE('',#4289,0.00570000050620499);
#314=CIRCLE('',#4292,0.00570000050619995);
#315=CIRCLE('',#4294,0.00570000050619998);
#316=CIRCLE('',#4297,0.00570000050619819);
#317=CIRCLE('',#4299,0.002999999145104);
#318=CIRCLE('',#4300,0.00257999999999878);
#319=CIRCLE('',#4301,0.00257999999999921);
#320=CIRCLE('',#4302,0.00258000000000233);
#321=CIRCLE('',#4303,0.00258);
#322=CIRCLE('',#4304,0.002997744922155);
#323=CIRCLE('',#4305,0.002999998353496);
#324=CIRCLE('',#4306,0.002999998945104);
#325=CIRCLE('',#4308,0.002535);
#326=CIRCLE('',#4309,0.002535);
#327=CIRCLE('',#4328,0.0025);
#328=CIRCLE('',#4331,0.0025);
#329=CIRCLE('',#4334,0.0025);
#330=CIRCLE('',#4337,0.0025);
#331=ORIENTED_EDGE('',*,*,#1463,.F.);
#332=ORIENTED_EDGE('',*,*,#1464,.T.);
#333=ORIENTED_EDGE('',*,*,#1465,.T.);
#334=ORIENTED_EDGE('',*,*,#1466,.T.);
#335=ORIENTED_EDGE('',*,*,#1467,.T.);
#336=ORIENTED_EDGE('',*,*,#1468,.T.);
#337=ORIENTED_EDGE('',*,*,#1469,.T.);
#338=ORIENTED_EDGE('',*,*,#1470,.F.);
#339=ORIENTED_EDGE('',*,*,#1471,.F.);
#340=ORIENTED_EDGE('',*,*,#1472,.T.);
#341=ORIENTED_EDGE('',*,*,#1473,.T.);
#342=ORIENTED_EDGE('',*,*,#1474,.T.);
#343=ORIENTED_EDGE('',*,*,#1475,.T.);
#344=ORIENTED_EDGE('',*,*,#1476,.T.);
#345=ORIENTED_EDGE('',*,*,#1477,.T.);
#346=ORIENTED_EDGE('',*,*,#1478,.F.);
#347=ORIENTED_EDGE('',*,*,#1479,.T.);
#348=ORIENTED_EDGE('',*,*,#1480,.F.);
#349=ORIENTED_EDGE('',*,*,#1481,.F.);
#350=ORIENTED_EDGE('',*,*,#1482,.F.);
#351=ORIENTED_EDGE('',*,*,#1483,.F.);
#352=ORIENTED_EDGE('',*,*,#1484,.T.);
#353=ORIENTED_EDGE('',*,*,#1485,.F.);
#354=ORIENTED_EDGE('',*,*,#1486,.F.);
#355=ORIENTED_EDGE('',*,*,#1487,.F.);
#356=ORIENTED_EDGE('',*,*,#1488,.F.);
#357=ORIENTED_EDGE('',*,*,#1489,.T.);
#358=ORIENTED_EDGE('',*,*,#1490,.T.);
#359=ORIENTED_EDGE('',*,*,#1491,.F.);
#360=ORIENTED_EDGE('',*,*,#1492,.T.);
#361=ORIENTED_EDGE('',*,*,#1493,.F.);
#362=ORIENTED_EDGE('',*,*,#1494,.F.);
#363=ORIENTED_EDGE('',*,*,#1495,.F.);
#364=ORIENTED_EDGE('',*,*,#1496,.T.);
#365=ORIENTED_EDGE('',*,*,#1497,.F.);
#366=ORIENTED_EDGE('',*,*,#1498,.F.);
#367=ORIENTED_EDGE('',*,*,#1499,.F.);
#368=ORIENTED_EDGE('',*,*,#1500,.F.);
#369=ORIENTED_EDGE('',*,*,#1501,.T.);
#370=ORIENTED_EDGE('',*,*,#1502,.T.);
#371=ORIENTED_EDGE('',*,*,#1503,.F.);
#372=ORIENTED_EDGE('',*,*,#1504,.T.);
#373=ORIENTED_EDGE('',*,*,#1505,.F.);
#374=ORIENTED_EDGE('',*,*,#1506,.F.);
#375=ORIENTED_EDGE('',*,*,#1477,.F.);
#376=ORIENTED_EDGE('',*,*,#1507,.T.);
#377=ORIENTED_EDGE('',*,*,#1498,.T.);
#378=ORIENTED_EDGE('',*,*,#1508,.T.);
#379=ORIENTED_EDGE('',*,*,#1509,.F.);
#380=ORIENTED_EDGE('',*,*,#1510,.T.);
#381=ORIENTED_EDGE('',*,*,#1506,.T.);
#382=ORIENTED_EDGE('',*,*,#1511,.F.);
#383=ORIENTED_EDGE('',*,*,#1512,.T.);
#384=ORIENTED_EDGE('',*,*,#1513,.F.);
#385=ORIENTED_EDGE('',*,*,#1488,.T.);
#386=ORIENTED_EDGE('',*,*,#1514,.T.);
#387=ORIENTED_EDGE('',*,*,#1466,.F.);
#388=ORIENTED_EDGE('',*,*,#1515,.T.);
#389=ORIENTED_EDGE('',*,*,#1516,.F.);
#390=ORIENTED_EDGE('',*,*,#1517,.T.);
#391=ORIENTED_EDGE('',*,*,#1469,.F.);
#392=ORIENTED_EDGE('',*,*,#1518,.T.);
#393=ORIENTED_EDGE('',*,*,#1486,.T.);
#394=ORIENTED_EDGE('',*,*,#1519,.T.);
#395=ORIENTED_EDGE('',*,*,#1520,.T.);
#396=ORIENTED_EDGE('',*,*,#1521,.T.);
#397=ORIENTED_EDGE('',*,*,#1522,.T.);
#398=ORIENTED_EDGE('',*,*,#1523,.F.);
#399=ORIENTED_EDGE('',*,*,#1524,.T.);
#400=ORIENTED_EDGE('',*,*,#1525,.T.);
#401=ORIENTED_EDGE('',*,*,#1509,.T.);
#402=ORIENTED_EDGE('',*,*,#1526,.F.);
#403=ORIENTED_EDGE('',*,*,#1527,.T.);
#404=ORIENTED_EDGE('',*,*,#1528,.T.);
#405=ORIENTED_EDGE('',*,*,#1529,.T.);
#406=ORIENTED_EDGE('',*,*,#1530,.T.);
#407=ORIENTED_EDGE('',*,*,#1531,.F.);
#408=ORIENTED_EDGE('',*,*,#1520,.F.);
#409=ORIENTED_EDGE('',*,*,#1532,.T.);
#410=ORIENTED_EDGE('',*,*,#1479,.F.);
#411=ORIENTED_EDGE('',*,*,#1533,.T.);
#412=ORIENTED_EDGE('',*,*,#1524,.F.);
#413=ORIENTED_EDGE('',*,*,#1534,.T.);
#414=ORIENTED_EDGE('',*,*,#1535,.F.);
#415=ORIENTED_EDGE('',*,*,#1536,.T.);
#416=ORIENTED_EDGE('',*,*,#1464,.F.);
#417=ORIENTED_EDGE('',*,*,#1537,.T.);
#418=ORIENTED_EDGE('',*,*,#1467,.F.);
#419=ORIENTED_EDGE('',*,*,#1538,.T.);
#420=ORIENTED_EDGE('',*,*,#1539,.F.);
#421=ORIENTED_EDGE('',*,*,#1540,.T.);
#422=ORIENTED_EDGE('',*,*,#1541,.F.);
#423=ORIENTED_EDGE('',*,*,#1542,.T.);
#424=ORIENTED_EDGE('',*,*,#1472,.F.);
#425=ORIENTED_EDGE('',*,*,#1543,.T.);
#426=ORIENTED_EDGE('',*,*,#1475,.F.);
#427=ORIENTED_EDGE('',*,*,#1544,.T.);
#428=ORIENTED_EDGE('',*,*,#1545,.F.);
#429=ORIENTED_EDGE('',*,*,#1546,.F.);
#430=ORIENTED_EDGE('',*,*,#1547,.F.);
#431=ORIENTED_EDGE('',*,*,#1548,.T.);
#432=ORIENTED_EDGE('',*,*,#1549,.F.);
#433=ORIENTED_EDGE('',*,*,#1550,.T.);
#434=ORIENTED_EDGE('',*,*,#1551,.F.);
#435=ORIENTED_EDGE('',*,*,#1552,.T.);
#436=ORIENTED_EDGE('',*,*,#1553,.F.);
#437=ORIENTED_EDGE('',*,*,#1554,.T.);
#438=ORIENTED_EDGE('',*,*,#1555,.F.);
#439=ORIENTED_EDGE('',*,*,#1556,.F.);
#440=ORIENTED_EDGE('',*,*,#1557,.F.);
#441=ORIENTED_EDGE('',*,*,#1549,.T.);
#442=ORIENTED_EDGE('',*,*,#1558,.T.);
#443=ORIENTED_EDGE('',*,*,#1559,.T.);
#444=ORIENTED_EDGE('',*,*,#1560,.F.);
#445=ORIENTED_EDGE('',*,*,#1550,.F.);
#446=ORIENTED_EDGE('',*,*,#1557,.T.);
#447=ORIENTED_EDGE('',*,*,#1561,.F.);
#448=ORIENTED_EDGE('',*,*,#1562,.F.);
#449=ORIENTED_EDGE('',*,*,#1551,.T.);
#450=ORIENTED_EDGE('',*,*,#1560,.T.);
#451=ORIENTED_EDGE('',*,*,#1563,.T.);
#452=ORIENTED_EDGE('',*,*,#1564,.F.);
#453=ORIENTED_EDGE('',*,*,#1552,.F.);
#454=ORIENTED_EDGE('',*,*,#1562,.T.);
#455=ORIENTED_EDGE('',*,*,#1565,.F.);
#456=ORIENTED_EDGE('',*,*,#1566,.F.);
#457=ORIENTED_EDGE('',*,*,#1553,.T.);
#458=ORIENTED_EDGE('',*,*,#1564,.T.);
#459=ORIENTED_EDGE('',*,*,#1567,.T.);
#460=ORIENTED_EDGE('',*,*,#1568,.F.);
#461=ORIENTED_EDGE('',*,*,#1554,.F.);
#462=ORIENTED_EDGE('',*,*,#1566,.T.);
#463=ORIENTED_EDGE('',*,*,#1569,.F.);
#464=ORIENTED_EDGE('',*,*,#1555,.T.);
#465=ORIENTED_EDGE('',*,*,#1568,.T.);
#466=ORIENTED_EDGE('',*,*,#1570,.F.);
#467=ORIENTED_EDGE('',*,*,#1571,.F.);
#468=ORIENTED_EDGE('',*,*,#1547,.T.);
#469=ORIENTED_EDGE('',*,*,#1572,.F.);
#470=ORIENTED_EDGE('',*,*,#1573,.T.);
#471=ORIENTED_EDGE('',*,*,#1574,.T.);
#472=ORIENTED_EDGE('',*,*,#1558,.F.);
#473=ORIENTED_EDGE('',*,*,#1548,.F.);
#474=ORIENTED_EDGE('',*,*,#1571,.T.);
#475=ORIENTED_EDGE('',*,*,#1556,.T.);
#476=ORIENTED_EDGE('',*,*,#1574,.F.);
#477=ORIENTED_EDGE('',*,*,#1570,.T.);
#478=ORIENTED_EDGE('',*,*,#1567,.F.);
#479=ORIENTED_EDGE('',*,*,#1565,.T.);
#480=ORIENTED_EDGE('',*,*,#1563,.F.);
#481=ORIENTED_EDGE('',*,*,#1561,.T.);
#482=ORIENTED_EDGE('',*,*,#1559,.F.);
#483=ORIENTED_EDGE('',*,*,#1575,.F.);
#484=ORIENTED_EDGE('',*,*,#1473,.F.);
#485=ORIENTED_EDGE('',*,*,#1542,.F.);
#486=ORIENTED_EDGE('',*,*,#1576,.T.);
#487=ORIENTED_EDGE('',*,*,#1577,.T.);
#488=ORIENTED_EDGE('',*,*,#1578,.T.);
#489=ORIENTED_EDGE('',*,*,#1576,.F.);
#490=ORIENTED_EDGE('',*,*,#1541,.T.);
#491=ORIENTED_EDGE('',*,*,#1579,.F.);
#492=ORIENTED_EDGE('',*,*,#1577,.F.);
#493=ORIENTED_EDGE('',*,*,#1540,.F.);
#494=ORIENTED_EDGE('',*,*,#1580,.T.);
#495=ORIENTED_EDGE('',*,*,#1539,.T.);
#496=ORIENTED_EDGE('',*,*,#1581,.T.);
#497=ORIENTED_EDGE('',*,*,#1582,.T.);
#498=ORIENTED_EDGE('',*,*,#1580,.F.);
#499=ORIENTED_EDGE('',*,*,#1515,.F.);
#500=ORIENTED_EDGE('',*,*,#1465,.F.);
#501=ORIENTED_EDGE('',*,*,#1536,.F.);
#502=ORIENTED_EDGE('',*,*,#1583,.T.);
#503=ORIENTED_EDGE('',*,*,#1584,.T.);
#504=ORIENTED_EDGE('',*,*,#1516,.T.);
#505=ORIENTED_EDGE('',*,*,#1583,.F.);
#506=ORIENTED_EDGE('',*,*,#1535,.T.);
#507=ORIENTED_EDGE('',*,*,#1517,.F.);
#508=ORIENTED_EDGE('',*,*,#1584,.F.);
#509=ORIENTED_EDGE('',*,*,#1534,.F.);
#510=ORIENTED_EDGE('',*,*,#1526,.T.);
#511=ORIENTED_EDGE('',*,*,#1585,.F.);
#512=ORIENTED_EDGE('',*,*,#1489,.F.);
#513=ORIENTED_EDGE('',*,*,#1513,.T.);
#514=ORIENTED_EDGE('',*,*,#1586,.T.);
#515=ORIENTED_EDGE('',*,*,#1587,.F.);
#516=ORIENTED_EDGE('',*,*,#1588,.F.);
#517=ORIENTED_EDGE('',*,*,#1589,.T.);
#518=ORIENTED_EDGE('',*,*,#1493,.T.);
#519=ORIENTED_EDGE('',*,*,#1590,.T.);
#520=ORIENTED_EDGE('',*,*,#1591,.F.);
#521=ORIENTED_EDGE('',*,*,#1592,.F.);
#522=ORIENTED_EDGE('',*,*,#1588,.T.);
#523=ORIENTED_EDGE('',*,*,#1593,.F.);
#524=ORIENTED_EDGE('',*,*,#1501,.F.);
#525=ORIENTED_EDGE('',*,*,#1594,.T.);
#526=ORIENTED_EDGE('',*,*,#1591,.T.);
#527=ORIENTED_EDGE('',*,*,#1595,.F.);
#528=ORIENTED_EDGE('',*,*,#1596,.F.);
#529=ORIENTED_EDGE('',*,*,#1511,.T.);
#530=ORIENTED_EDGE('',*,*,#1505,.T.);
#531=ORIENTED_EDGE('',*,*,#1597,.T.);
#532=ORIENTED_EDGE('',*,*,#1586,.F.);
#533=ORIENTED_EDGE('',*,*,#1512,.F.);
#534=ORIENTED_EDGE('',*,*,#1596,.T.);
#535=ORIENTED_EDGE('',*,*,#1500,.T.);
#536=ORIENTED_EDGE('',*,*,#1598,.T.);
#537=ORIENTED_EDGE('',*,*,#1474,.F.);
#538=ORIENTED_EDGE('',*,*,#1575,.T.);
#539=ORIENTED_EDGE('',*,*,#1578,.F.);
#540=ORIENTED_EDGE('',*,*,#1579,.T.);
#541=ORIENTED_EDGE('',*,*,#1582,.F.);
#542=ORIENTED_EDGE('',*,*,#1599,.T.);
#543=ORIENTED_EDGE('',*,*,#1494,.T.);
#544=ORIENTED_EDGE('',*,*,#1589,.F.);
#545=ORIENTED_EDGE('',*,*,#1592,.T.);
#546=ORIENTED_EDGE('',*,*,#1594,.F.);
#547=ORIENTED_EDGE('',*,*,#1496,.F.);
#548=ORIENTED_EDGE('',*,*,#1600,.T.);
#549=ORIENTED_EDGE('',*,*,#1502,.F.);
#550=ORIENTED_EDGE('',*,*,#1593,.T.);
#551=ORIENTED_EDGE('',*,*,#1590,.F.);
#552=ORIENTED_EDGE('',*,*,#1587,.T.);
#553=ORIENTED_EDGE('',*,*,#1492,.F.);
#554=ORIENTED_EDGE('',*,*,#1601,.T.);
#555=ORIENTED_EDGE('',*,*,#1484,.F.);
#556=ORIENTED_EDGE('',*,*,#1602,.T.);
#557=ORIENTED_EDGE('',*,*,#1490,.F.);
#558=ORIENTED_EDGE('',*,*,#1585,.T.);
#559=ORIENTED_EDGE('',*,*,#1597,.F.);
#560=ORIENTED_EDGE('',*,*,#1595,.T.);
#561=ORIENTED_EDGE('',*,*,#1504,.F.);
#562=ORIENTED_EDGE('',*,*,#1603,.T.);
#563=ORIENTED_EDGE('',*,*,#1481,.T.);
#564=ORIENTED_EDGE('',*,*,#1604,.T.);
#565=ORIENTED_EDGE('',*,*,#1522,.F.);
#566=ORIENTED_EDGE('',*,*,#1605,.F.);
#567=ORIENTED_EDGE('',*,*,#1573,.F.);
#568=ORIENTED_EDGE('',*,*,#1606,.T.);
#569=ORIENTED_EDGE('',*,*,#1607,.F.);
#570=ORIENTED_EDGE('',*,*,#1608,.T.);
#571=ORIENTED_EDGE('',*,*,#1523,.T.);
#572=ORIENTED_EDGE('',*,*,#1604,.F.);
#573=ORIENTED_EDGE('',*,*,#1480,.T.);
#574=ORIENTED_EDGE('',*,*,#1532,.F.);
#575=ORIENTED_EDGE('',*,*,#1607,.T.);
#576=ORIENTED_EDGE('',*,*,#1609,.T.);
#577=ORIENTED_EDGE('',*,*,#1545,.T.);
#578=ORIENTED_EDGE('',*,*,#1610,.T.);
#579=ORIENTED_EDGE('',*,*,#1482,.T.);
#580=ORIENTED_EDGE('',*,*,#1608,.F.);
#581=ORIENTED_EDGE('',*,*,#1610,.F.);
#582=ORIENTED_EDGE('',*,*,#1544,.F.);
#583=ORIENTED_EDGE('',*,*,#1569,.T.);
#584=ORIENTED_EDGE('',*,*,#1605,.T.);
#585=ORIENTED_EDGE('',*,*,#1521,.F.);
#586=ORIENTED_EDGE('',*,*,#1531,.T.);
#587=ORIENTED_EDGE('',*,*,#1572,.T.);
#588=ORIENTED_EDGE('',*,*,#1546,.T.);
#589=ORIENTED_EDGE('',*,*,#1609,.F.);
#590=ORIENTED_EDGE('',*,*,#1606,.F.);
#591=ORIENTED_EDGE('',*,*,#1599,.F.);
#592=ORIENTED_EDGE('',*,*,#1581,.F.);
#593=ORIENTED_EDGE('',*,*,#1538,.F.);
#594=ORIENTED_EDGE('',*,*,#1470,.T.);
#595=ORIENTED_EDGE('',*,*,#1519,.F.);
#596=ORIENTED_EDGE('',*,*,#1485,.T.);
#597=ORIENTED_EDGE('',*,*,#1601,.F.);
#598=ORIENTED_EDGE('',*,*,#1491,.T.);
#599=ORIENTED_EDGE('',*,*,#1518,.F.);
#600=ORIENTED_EDGE('',*,*,#1468,.F.);
#601=ORIENTED_EDGE('',*,*,#1537,.F.);
#602=ORIENTED_EDGE('',*,*,#1463,.T.);
#603=ORIENTED_EDGE('',*,*,#1514,.F.);
#604=ORIENTED_EDGE('',*,*,#1487,.T.);
#605=ORIENTED_EDGE('',*,*,#1602,.F.);
#606=ORIENTED_EDGE('',*,*,#1483,.T.);
#607=ORIENTED_EDGE('',*,*,#1510,.F.);
#608=ORIENTED_EDGE('',*,*,#1525,.F.);
#609=ORIENTED_EDGE('',*,*,#1533,.F.);
#610=ORIENTED_EDGE('',*,*,#1478,.T.);
#611=ORIENTED_EDGE('',*,*,#1508,.F.);
#612=ORIENTED_EDGE('',*,*,#1497,.T.);
#613=ORIENTED_EDGE('',*,*,#1603,.F.);
#614=ORIENTED_EDGE('',*,*,#1503,.T.);
#615=ORIENTED_EDGE('',*,*,#1507,.F.);
#616=ORIENTED_EDGE('',*,*,#1476,.F.);
#617=ORIENTED_EDGE('',*,*,#1543,.F.);
#618=ORIENTED_EDGE('',*,*,#1471,.T.);
#619=ORIENTED_EDGE('',*,*,#1598,.F.);
#620=ORIENTED_EDGE('',*,*,#1499,.T.);
#621=ORIENTED_EDGE('',*,*,#1600,.F.);
#622=ORIENTED_EDGE('',*,*,#1495,.T.);
#623=ORIENTED_EDGE('',*,*,#1530,.F.);
#624=ORIENTED_EDGE('',*,*,#1611,.F.);
#625=ORIENTED_EDGE('',*,*,#1611,.T.);
#626=ORIENTED_EDGE('',*,*,#1529,.F.);
#627=ORIENTED_EDGE('',*,*,#1612,.F.);
#628=ORIENTED_EDGE('',*,*,#1612,.T.);
#629=ORIENTED_EDGE('',*,*,#1528,.F.);
#630=ORIENTED_EDGE('',*,*,#1613,.F.);
#631=ORIENTED_EDGE('',*,*,#1613,.T.);
#632=ORIENTED_EDGE('',*,*,#1527,.F.);
#633=ORIENTED_EDGE('',*,*,#1614,.F.);
#634=ORIENTED_EDGE('',*,*,#1614,.T.);
#635=ORIENTED_EDGE('',*,*,#1615,.F.);
#636=ORIENTED_EDGE('',*,*,#1616,.T.);
#637=ORIENTED_EDGE('',*,*,#1617,.F.);
#638=ORIENTED_EDGE('',*,*,#1618,.T.);
#639=ORIENTED_EDGE('',*,*,#1619,.F.);
#640=ORIENTED_EDGE('',*,*,#1620,.F.);
#641=ORIENTED_EDGE('',*,*,#1621,.T.);
#642=ORIENTED_EDGE('',*,*,#1622,.F.);
#643=ORIENTED_EDGE('',*,*,#1623,.F.);
#644=ORIENTED_EDGE('',*,*,#1624,.T.);
#645=ORIENTED_EDGE('',*,*,#1625,.F.);
#646=ORIENTED_EDGE('',*,*,#1626,.F.);
#647=ORIENTED_EDGE('',*,*,#1627,.F.);
#648=ORIENTED_EDGE('',*,*,#1628,.F.);
#649=ORIENTED_EDGE('',*,*,#1629,.F.);
#650=ORIENTED_EDGE('',*,*,#1630,.F.);
#651=ORIENTED_EDGE('',*,*,#1631,.F.);
#652=ORIENTED_EDGE('',*,*,#1632,.T.);
#653=ORIENTED_EDGE('',*,*,#1633,.F.);
#654=ORIENTED_EDGE('',*,*,#1634,.T.);
#655=ORIENTED_EDGE('',*,*,#1635,.F.);
#656=ORIENTED_EDGE('',*,*,#1636,.F.);
#657=ORIENTED_EDGE('',*,*,#1637,.F.);
#658=ORIENTED_EDGE('',*,*,#1638,.T.);
#659=ORIENTED_EDGE('',*,*,#1639,.T.);
#660=ORIENTED_EDGE('',*,*,#1640,.T.);
#661=ORIENTED_EDGE('',*,*,#1641,.T.);
#662=ORIENTED_EDGE('',*,*,#1642,.T.);
#663=ORIENTED_EDGE('',*,*,#1643,.T.);
#664=ORIENTED_EDGE('',*,*,#1644,.T.);
#665=ORIENTED_EDGE('',*,*,#1645,.T.);
#666=ORIENTED_EDGE('',*,*,#1646,.T.);
#667=ORIENTED_EDGE('',*,*,#1647,.F.);
#668=ORIENTED_EDGE('',*,*,#1648,.T.);
#669=ORIENTED_EDGE('',*,*,#1649,.T.);
#670=ORIENTED_EDGE('',*,*,#1650,.T.);
#671=ORIENTED_EDGE('',*,*,#1651,.F.);
#672=ORIENTED_EDGE('',*,*,#1652,.T.);
#673=ORIENTED_EDGE('',*,*,#1653,.T.);
#674=ORIENTED_EDGE('',*,*,#1654,.F.);
#675=ORIENTED_EDGE('',*,*,#1655,.F.);
#676=ORIENTED_EDGE('',*,*,#1656,.T.);
#677=ORIENTED_EDGE('',*,*,#1657,.T.);
#678=ORIENTED_EDGE('',*,*,#1658,.T.);
#679=ORIENTED_EDGE('',*,*,#1659,.F.);
#680=ORIENTED_EDGE('',*,*,#1660,.T.);
#681=ORIENTED_EDGE('',*,*,#1661,.T.);
#682=ORIENTED_EDGE('',*,*,#1662,.T.);
#683=ORIENTED_EDGE('',*,*,#1663,.F.);
#684=ORIENTED_EDGE('',*,*,#1664,.T.);
#685=ORIENTED_EDGE('',*,*,#1665,.F.);
#686=ORIENTED_EDGE('',*,*,#1666,.F.);
#687=ORIENTED_EDGE('',*,*,#1667,.T.);
#688=ORIENTED_EDGE('',*,*,#1668,.T.);
#689=ORIENTED_EDGE('',*,*,#1625,.T.);
#690=ORIENTED_EDGE('',*,*,#1669,.T.);
#691=ORIENTED_EDGE('',*,*,#1623,.T.);
#692=ORIENTED_EDGE('',*,*,#1670,.T.);
#693=ORIENTED_EDGE('',*,*,#1671,.T.);
#694=ORIENTED_EDGE('',*,*,#1672,.T.);
#695=ORIENTED_EDGE('',*,*,#1635,.T.);
#696=ORIENTED_EDGE('',*,*,#1673,.T.);
#697=ORIENTED_EDGE('',*,*,#1633,.T.);
#698=ORIENTED_EDGE('',*,*,#1674,.T.);
#699=ORIENTED_EDGE('',*,*,#1631,.T.);
#700=ORIENTED_EDGE('',*,*,#1675,.T.);
#701=ORIENTED_EDGE('',*,*,#1676,.T.);
#702=ORIENTED_EDGE('',*,*,#1677,.T.);
#703=ORIENTED_EDGE('',*,*,#1617,.T.);
#704=ORIENTED_EDGE('',*,*,#1678,.T.);
#705=ORIENTED_EDGE('',*,*,#1615,.T.);
#706=ORIENTED_EDGE('',*,*,#1679,.F.);
#707=ORIENTED_EDGE('',*,*,#1667,.F.);
#708=ORIENTED_EDGE('',*,*,#1680,.T.);
#709=ORIENTED_EDGE('',*,*,#1681,.F.);
#710=ORIENTED_EDGE('',*,*,#1682,.T.);
#711=ORIENTED_EDGE('',*,*,#1683,.F.);
#712=ORIENTED_EDGE('',*,*,#1684,.T.);
#713=ORIENTED_EDGE('',*,*,#1685,.T.);
#714=ORIENTED_EDGE('',*,*,#1686,.T.);
#715=ORIENTED_EDGE('',*,*,#1687,.F.);
#716=ORIENTED_EDGE('',*,*,#1688,.F.);
#717=ORIENTED_EDGE('',*,*,#1689,.F.);
#718=ORIENTED_EDGE('',*,*,#1690,.F.);
#719=ORIENTED_EDGE('',*,*,#1691,.F.);
#720=ORIENTED_EDGE('',*,*,#1692,.T.);
#721=ORIENTED_EDGE('',*,*,#1693,.F.);
#722=ORIENTED_EDGE('',*,*,#1694,.T.);
#723=ORIENTED_EDGE('',*,*,#1695,.F.);
#724=ORIENTED_EDGE('',*,*,#1696,.F.);
#725=ORIENTED_EDGE('',*,*,#1697,.F.);
#726=ORIENTED_EDGE('',*,*,#1698,.F.);
#727=ORIENTED_EDGE('',*,*,#1699,.F.);
#728=ORIENTED_EDGE('',*,*,#1700,.T.);
#729=ORIENTED_EDGE('',*,*,#1701,.F.);
#730=ORIENTED_EDGE('',*,*,#1702,.T.);
#731=ORIENTED_EDGE('',*,*,#1703,.F.);
#732=ORIENTED_EDGE('',*,*,#1704,.F.);
#733=ORIENTED_EDGE('',*,*,#1705,.F.);
#734=ORIENTED_EDGE('',*,*,#1706,.F.);
#735=ORIENTED_EDGE('',*,*,#1707,.F.);
#736=ORIENTED_EDGE('',*,*,#1708,.T.);
#737=ORIENTED_EDGE('',*,*,#1709,.F.);
#738=ORIENTED_EDGE('',*,*,#1710,.T.);
#739=ORIENTED_EDGE('',*,*,#1711,.F.);
#740=ORIENTED_EDGE('',*,*,#1712,.F.);
#741=ORIENTED_EDGE('',*,*,#1713,.F.);
#742=ORIENTED_EDGE('',*,*,#1714,.F.);
#743=ORIENTED_EDGE('',*,*,#1715,.F.);
#744=ORIENTED_EDGE('',*,*,#1716,.T.);
#745=ORIENTED_EDGE('',*,*,#1717,.F.);
#746=ORIENTED_EDGE('',*,*,#1718,.T.);
#747=ORIENTED_EDGE('',*,*,#1719,.F.);
#748=ORIENTED_EDGE('',*,*,#1720,.F.);
#749=ORIENTED_EDGE('',*,*,#1721,.F.);
#750=ORIENTED_EDGE('',*,*,#1722,.F.);
#751=ORIENTED_EDGE('',*,*,#1723,.F.);
#752=ORIENTED_EDGE('',*,*,#1724,.T.);
#753=ORIENTED_EDGE('',*,*,#1725,.F.);
#754=ORIENTED_EDGE('',*,*,#1726,.T.);
#755=ORIENTED_EDGE('',*,*,#1727,.F.);
#756=ORIENTED_EDGE('',*,*,#1728,.F.);
#757=ORIENTED_EDGE('',*,*,#1729,.F.);
#758=ORIENTED_EDGE('',*,*,#1730,.F.);
#759=ORIENTED_EDGE('',*,*,#1731,.F.);
#760=ORIENTED_EDGE('',*,*,#1732,.T.);
#761=ORIENTED_EDGE('',*,*,#1733,.F.);
#762=ORIENTED_EDGE('',*,*,#1734,.T.);
#763=ORIENTED_EDGE('',*,*,#1735,.F.);
#764=ORIENTED_EDGE('',*,*,#1736,.F.);
#765=ORIENTED_EDGE('',*,*,#1737,.F.);
#766=ORIENTED_EDGE('',*,*,#1738,.F.);
#767=ORIENTED_EDGE('',*,*,#1739,.F.);
#768=ORIENTED_EDGE('',*,*,#1740,.T.);
#769=ORIENTED_EDGE('',*,*,#1741,.F.);
#770=ORIENTED_EDGE('',*,*,#1742,.T.);
#771=ORIENTED_EDGE('',*,*,#1743,.F.);
#772=ORIENTED_EDGE('',*,*,#1744,.F.);
#773=ORIENTED_EDGE('',*,*,#1745,.F.);
#774=ORIENTED_EDGE('',*,*,#1746,.F.);
#775=ORIENTED_EDGE('',*,*,#1747,.F.);
#776=ORIENTED_EDGE('',*,*,#1748,.T.);
#777=ORIENTED_EDGE('',*,*,#1749,.F.);
#778=ORIENTED_EDGE('',*,*,#1750,.T.);
#779=ORIENTED_EDGE('',*,*,#1751,.F.);
#780=ORIENTED_EDGE('',*,*,#1752,.F.);
#781=ORIENTED_EDGE('',*,*,#1753,.F.);
#782=ORIENTED_EDGE('',*,*,#1754,.F.);
#783=ORIENTED_EDGE('',*,*,#1755,.F.);
#784=ORIENTED_EDGE('',*,*,#1756,.T.);
#785=ORIENTED_EDGE('',*,*,#1757,.F.);
#786=ORIENTED_EDGE('',*,*,#1758,.T.);
#787=ORIENTED_EDGE('',*,*,#1759,.F.);
#788=ORIENTED_EDGE('',*,*,#1760,.F.);
#789=ORIENTED_EDGE('',*,*,#1761,.F.);
#790=ORIENTED_EDGE('',*,*,#1762,.F.);
#791=ORIENTED_EDGE('',*,*,#1763,.F.);
#792=ORIENTED_EDGE('',*,*,#1764,.T.);
#793=ORIENTED_EDGE('',*,*,#1765,.F.);
#794=ORIENTED_EDGE('',*,*,#1766,.T.);
#795=ORIENTED_EDGE('',*,*,#1767,.F.);
#796=ORIENTED_EDGE('',*,*,#1768,.F.);
#797=ORIENTED_EDGE('',*,*,#1769,.F.);
#798=ORIENTED_EDGE('',*,*,#1770,.F.);
#799=ORIENTED_EDGE('',*,*,#1771,.F.);
#800=ORIENTED_EDGE('',*,*,#1772,.T.);
#801=ORIENTED_EDGE('',*,*,#1773,.F.);
#802=ORIENTED_EDGE('',*,*,#1774,.T.);
#803=ORIENTED_EDGE('',*,*,#1775,.F.);
#804=ORIENTED_EDGE('',*,*,#1776,.F.);
#805=ORIENTED_EDGE('',*,*,#1777,.F.);
#806=ORIENTED_EDGE('',*,*,#1778,.F.);
#807=ORIENTED_EDGE('',*,*,#1779,.T.);
#808=ORIENTED_EDGE('',*,*,#1780,.T.);
#809=ORIENTED_EDGE('',*,*,#1781,.F.);
#810=ORIENTED_EDGE('',*,*,#1782,.F.);
#811=ORIENTED_EDGE('',*,*,#1783,.F.);
#812=ORIENTED_EDGE('',*,*,#1784,.T.);
#813=ORIENTED_EDGE('',*,*,#1643,.F.);
#814=ORIENTED_EDGE('',*,*,#1641,.F.);
#815=ORIENTED_EDGE('',*,*,#1639,.F.);
#816=ORIENTED_EDGE('',*,*,#1645,.F.);
#817=ORIENTED_EDGE('',*,*,#1665,.T.);
#818=ORIENTED_EDGE('',*,*,#1785,.T.);
#819=ORIENTED_EDGE('',*,*,#1619,.T.);
#820=ORIENTED_EDGE('',*,*,#1786,.F.);
#821=ORIENTED_EDGE('',*,*,#1787,.T.);
#822=ORIENTED_EDGE('',*,*,#1788,.F.);
#823=ORIENTED_EDGE('',*,*,#1637,.T.);
#824=ORIENTED_EDGE('',*,*,#1789,.F.);
#825=ORIENTED_EDGE('',*,*,#1790,.T.);
#826=ORIENTED_EDGE('',*,*,#1791,.F.);
#827=ORIENTED_EDGE('',*,*,#1629,.T.);
#828=ORIENTED_EDGE('',*,*,#1792,.T.);
#829=ORIENTED_EDGE('',*,*,#1793,.T.);
#830=ORIENTED_EDGE('',*,*,#1794,.F.);
#831=ORIENTED_EDGE('',*,*,#1649,.F.);
#832=ORIENTED_EDGE('',*,*,#1795,.F.);
#833=ORIENTED_EDGE('',*,*,#1784,.F.);
#834=ORIENTED_EDGE('',*,*,#1796,.T.);
#835=ORIENTED_EDGE('',*,*,#1797,.F.);
#836=ORIENTED_EDGE('',*,*,#1798,.T.);
#837=ORIENTED_EDGE('',*,*,#1657,.F.);
#838=ORIENTED_EDGE('',*,*,#1799,.F.);
#839=ORIENTED_EDGE('',*,*,#1653,.F.);
#840=ORIENTED_EDGE('',*,*,#1800,.F.);
#841=ORIENTED_EDGE('',*,*,#1801,.F.);
#842=ORIENTED_EDGE('',*,*,#1802,.T.);
#843=ORIENTED_EDGE('',*,*,#1803,.F.);
#844=ORIENTED_EDGE('',*,*,#1804,.T.);
#845=ORIENTED_EDGE('',*,*,#1661,.F.);
#846=ORIENTED_EDGE('',*,*,#1805,.F.);
#847=ORIENTED_EDGE('',*,*,#1780,.F.);
#848=ORIENTED_EDGE('',*,*,#1806,.F.);
#849=ORIENTED_EDGE('',*,*,#1807,.F.);
#850=ORIENTED_EDGE('',*,*,#1808,.F.);
#851=ORIENTED_EDGE('',*,*,#1689,.T.);
#852=ORIENTED_EDGE('',*,*,#1809,.T.);
#853=ORIENTED_EDGE('',*,*,#1810,.F.);
#854=ORIENTED_EDGE('',*,*,#1811,.F.);
#855=ORIENTED_EDGE('',*,*,#1690,.T.);
#856=ORIENTED_EDGE('',*,*,#1808,.T.);
#857=ORIENTED_EDGE('',*,*,#1812,.F.);
#858=ORIENTED_EDGE('',*,*,#1813,.F.);
#859=ORIENTED_EDGE('',*,*,#1691,.T.);
#860=ORIENTED_EDGE('',*,*,#1811,.T.);
#861=ORIENTED_EDGE('',*,*,#1813,.T.);
#862=ORIENTED_EDGE('',*,*,#1814,.T.);
#863=ORIENTED_EDGE('',*,*,#1815,.F.);
#864=ORIENTED_EDGE('',*,*,#1692,.F.);
#865=ORIENTED_EDGE('',*,*,#1816,.F.);
#866=ORIENTED_EDGE('',*,*,#1817,.F.);
#867=ORIENTED_EDGE('',*,*,#1693,.T.);
#868=ORIENTED_EDGE('',*,*,#1815,.T.);
#869=ORIENTED_EDGE('',*,*,#1817,.T.);
#870=ORIENTED_EDGE('',*,*,#1818,.T.);
#871=ORIENTED_EDGE('',*,*,#1819,.F.);
#872=ORIENTED_EDGE('',*,*,#1694,.F.);
#873=ORIENTED_EDGE('',*,*,#1820,.F.);
#874=ORIENTED_EDGE('',*,*,#1821,.F.);
#875=ORIENTED_EDGE('',*,*,#1695,.T.);
#876=ORIENTED_EDGE('',*,*,#1819,.T.);
#877=ORIENTED_EDGE('',*,*,#1822,.F.);
#878=ORIENTED_EDGE('',*,*,#1823,.F.);
#879=ORIENTED_EDGE('',*,*,#1697,.T.);
#880=ORIENTED_EDGE('',*,*,#1824,.T.);
#881=ORIENTED_EDGE('',*,*,#1825,.F.);
#882=ORIENTED_EDGE('',*,*,#1826,.F.);
#883=ORIENTED_EDGE('',*,*,#1698,.T.);
#884=ORIENTED_EDGE('',*,*,#1823,.T.);
#885=ORIENTED_EDGE('',*,*,#1827,.F.);
#886=ORIENTED_EDGE('',*,*,#1828,.F.);
#887=ORIENTED_EDGE('',*,*,#1699,.T.);
#888=ORIENTED_EDGE('',*,*,#1826,.T.);
#889=ORIENTED_EDGE('',*,*,#1828,.T.);
#890=ORIENTED_EDGE('',*,*,#1829,.T.);
#891=ORIENTED_EDGE('',*,*,#1830,.F.);
#892=ORIENTED_EDGE('',*,*,#1700,.F.);
#893=ORIENTED_EDGE('',*,*,#1831,.F.);
#894=ORIENTED_EDGE('',*,*,#1832,.F.);
#895=ORIENTED_EDGE('',*,*,#1701,.T.);
#896=ORIENTED_EDGE('',*,*,#1830,.T.);
#897=ORIENTED_EDGE('',*,*,#1832,.T.);
#898=ORIENTED_EDGE('',*,*,#1833,.T.);
#899=ORIENTED_EDGE('',*,*,#1834,.F.);
#900=ORIENTED_EDGE('',*,*,#1702,.F.);
#901=ORIENTED_EDGE('',*,*,#1835,.F.);
#902=ORIENTED_EDGE('',*,*,#1836,.F.);
#903=ORIENTED_EDGE('',*,*,#1703,.T.);
#904=ORIENTED_EDGE('',*,*,#1834,.T.);
#905=ORIENTED_EDGE('',*,*,#1837,.F.);
#906=ORIENTED_EDGE('',*,*,#1838,.F.);
#907=ORIENTED_EDGE('',*,*,#1705,.T.);
#908=ORIENTED_EDGE('',*,*,#1839,.T.);
#909=ORIENTED_EDGE('',*,*,#1840,.F.);
#910=ORIENTED_EDGE('',*,*,#1841,.F.);
#911=ORIENTED_EDGE('',*,*,#1706,.T.);
#912=ORIENTED_EDGE('',*,*,#1838,.T.);
#913=ORIENTED_EDGE('',*,*,#1842,.F.);
#914=ORIENTED_EDGE('',*,*,#1843,.F.);
#915=ORIENTED_EDGE('',*,*,#1707,.T.);
#916=ORIENTED_EDGE('',*,*,#1841,.T.);
#917=ORIENTED_EDGE('',*,*,#1843,.T.);
#918=ORIENTED_EDGE('',*,*,#1844,.T.);
#919=ORIENTED_EDGE('',*,*,#1845,.F.);
#920=ORIENTED_EDGE('',*,*,#1708,.F.);
#921=ORIENTED_EDGE('',*,*,#1846,.F.);
#922=ORIENTED_EDGE('',*,*,#1847,.F.);
#923=ORIENTED_EDGE('',*,*,#1709,.T.);
#924=ORIENTED_EDGE('',*,*,#1845,.T.);
#925=ORIENTED_EDGE('',*,*,#1847,.T.);
#926=ORIENTED_EDGE('',*,*,#1848,.T.);
#927=ORIENTED_EDGE('',*,*,#1849,.F.);
#928=ORIENTED_EDGE('',*,*,#1710,.F.);
#929=ORIENTED_EDGE('',*,*,#1850,.F.);
#930=ORIENTED_EDGE('',*,*,#1851,.F.);
#931=ORIENTED_EDGE('',*,*,#1711,.T.);
#932=ORIENTED_EDGE('',*,*,#1849,.T.);
#933=ORIENTED_EDGE('',*,*,#1852,.F.);
#934=ORIENTED_EDGE('',*,*,#1853,.F.);
#935=ORIENTED_EDGE('',*,*,#1713,.T.);
#936=ORIENTED_EDGE('',*,*,#1854,.T.);
#937=ORIENTED_EDGE('',*,*,#1855,.F.);
#938=ORIENTED_EDGE('',*,*,#1856,.F.);
#939=ORIENTED_EDGE('',*,*,#1714,.T.);
#940=ORIENTED_EDGE('',*,*,#1853,.T.);
#941=ORIENTED_EDGE('',*,*,#1857,.F.);
#942=ORIENTED_EDGE('',*,*,#1858,.F.);
#943=ORIENTED_EDGE('',*,*,#1715,.T.);
#944=ORIENTED_EDGE('',*,*,#1856,.T.);
#945=ORIENTED_EDGE('',*,*,#1858,.T.);
#946=ORIENTED_EDGE('',*,*,#1859,.T.);
#947=ORIENTED_EDGE('',*,*,#1860,.F.);
#948=ORIENTED_EDGE('',*,*,#1716,.F.);
#949=ORIENTED_EDGE('',*,*,#1861,.F.);
#950=ORIENTED_EDGE('',*,*,#1862,.F.);
#951=ORIENTED_EDGE('',*,*,#1717,.T.);
#952=ORIENTED_EDGE('',*,*,#1860,.T.);
#953=ORIENTED_EDGE('',*,*,#1862,.T.);
#954=ORIENTED_EDGE('',*,*,#1863,.T.);
#955=ORIENTED_EDGE('',*,*,#1864,.F.);
#956=ORIENTED_EDGE('',*,*,#1718,.F.);
#957=ORIENTED_EDGE('',*,*,#1865,.F.);
#958=ORIENTED_EDGE('',*,*,#1866,.F.);
#959=ORIENTED_EDGE('',*,*,#1719,.T.);
#960=ORIENTED_EDGE('',*,*,#1864,.T.);
#961=ORIENTED_EDGE('',*,*,#1867,.F.);
#962=ORIENTED_EDGE('',*,*,#1868,.F.);
#963=ORIENTED_EDGE('',*,*,#1721,.T.);
#964=ORIENTED_EDGE('',*,*,#1869,.T.);
#965=ORIENTED_EDGE('',*,*,#1870,.F.);
#966=ORIENTED_EDGE('',*,*,#1871,.F.);
#967=ORIENTED_EDGE('',*,*,#1722,.T.);
#968=ORIENTED_EDGE('',*,*,#1868,.T.);
#969=ORIENTED_EDGE('',*,*,#1872,.F.);
#970=ORIENTED_EDGE('',*,*,#1873,.F.);
#971=ORIENTED_EDGE('',*,*,#1723,.T.);
#972=ORIENTED_EDGE('',*,*,#1871,.T.);
#973=ORIENTED_EDGE('',*,*,#1873,.T.);
#974=ORIENTED_EDGE('',*,*,#1874,.T.);
#975=ORIENTED_EDGE('',*,*,#1875,.F.);
#976=ORIENTED_EDGE('',*,*,#1724,.F.);
#977=ORIENTED_EDGE('',*,*,#1876,.F.);
#978=ORIENTED_EDGE('',*,*,#1877,.F.);
#979=ORIENTED_EDGE('',*,*,#1725,.T.);
#980=ORIENTED_EDGE('',*,*,#1875,.T.);
#981=ORIENTED_EDGE('',*,*,#1877,.T.);
#982=ORIENTED_EDGE('',*,*,#1878,.T.);
#983=ORIENTED_EDGE('',*,*,#1879,.F.);
#984=ORIENTED_EDGE('',*,*,#1726,.F.);
#985=ORIENTED_EDGE('',*,*,#1880,.F.);
#986=ORIENTED_EDGE('',*,*,#1881,.F.);
#987=ORIENTED_EDGE('',*,*,#1727,.T.);
#988=ORIENTED_EDGE('',*,*,#1879,.T.);
#989=ORIENTED_EDGE('',*,*,#1882,.F.);
#990=ORIENTED_EDGE('',*,*,#1883,.F.);
#991=ORIENTED_EDGE('',*,*,#1729,.T.);
#992=ORIENTED_EDGE('',*,*,#1884,.T.);
#993=ORIENTED_EDGE('',*,*,#1885,.F.);
#994=ORIENTED_EDGE('',*,*,#1886,.F.);
#995=ORIENTED_EDGE('',*,*,#1730,.T.);
#996=ORIENTED_EDGE('',*,*,#1883,.T.);
#997=ORIENTED_EDGE('',*,*,#1887,.F.);
#998=ORIENTED_EDGE('',*,*,#1888,.F.);
#999=ORIENTED_EDGE('',*,*,#1731,.T.);
#1000=ORIENTED_EDGE('',*,*,#1886,.T.);
#1001=ORIENTED_EDGE('',*,*,#1888,.T.);
#1002=ORIENTED_EDGE('',*,*,#1889,.T.);
#1003=ORIENTED_EDGE('',*,*,#1890,.F.);
#1004=ORIENTED_EDGE('',*,*,#1732,.F.);
#1005=ORIENTED_EDGE('',*,*,#1891,.F.);
#1006=ORIENTED_EDGE('',*,*,#1892,.F.);
#1007=ORIENTED_EDGE('',*,*,#1733,.T.);
#1008=ORIENTED_EDGE('',*,*,#1890,.T.);
#1009=ORIENTED_EDGE('',*,*,#1892,.T.);
#1010=ORIENTED_EDGE('',*,*,#1893,.T.);
#1011=ORIENTED_EDGE('',*,*,#1894,.F.);
#1012=ORIENTED_EDGE('',*,*,#1734,.F.);
#1013=ORIENTED_EDGE('',*,*,#1895,.F.);
#1014=ORIENTED_EDGE('',*,*,#1896,.F.);
#1015=ORIENTED_EDGE('',*,*,#1735,.T.);
#1016=ORIENTED_EDGE('',*,*,#1894,.T.);
#1017=ORIENTED_EDGE('',*,*,#1897,.F.);
#1018=ORIENTED_EDGE('',*,*,#1898,.F.);
#1019=ORIENTED_EDGE('',*,*,#1737,.T.);
#1020=ORIENTED_EDGE('',*,*,#1899,.T.);
#1021=ORIENTED_EDGE('',*,*,#1900,.F.);
#1022=ORIENTED_EDGE('',*,*,#1901,.F.);
#1023=ORIENTED_EDGE('',*,*,#1738,.T.);
#1024=ORIENTED_EDGE('',*,*,#1898,.T.);
#1025=ORIENTED_EDGE('',*,*,#1902,.F.);
#1026=ORIENTED_EDGE('',*,*,#1903,.F.);
#1027=ORIENTED_EDGE('',*,*,#1739,.T.);
#1028=ORIENTED_EDGE('',*,*,#1901,.T.);
#1029=ORIENTED_EDGE('',*,*,#1903,.T.);
#1030=ORIENTED_EDGE('',*,*,#1904,.T.);
#1031=ORIENTED_EDGE('',*,*,#1905,.F.);
#1032=ORIENTED_EDGE('',*,*,#1740,.F.);
#1033=ORIENTED_EDGE('',*,*,#1906,.F.);
#1034=ORIENTED_EDGE('',*,*,#1907,.F.);
#1035=ORIENTED_EDGE('',*,*,#1741,.T.);
#1036=ORIENTED_EDGE('',*,*,#1905,.T.);
#1037=ORIENTED_EDGE('',*,*,#1907,.T.);
#1038=ORIENTED_EDGE('',*,*,#1908,.T.);
#1039=ORIENTED_EDGE('',*,*,#1909,.F.);
#1040=ORIENTED_EDGE('',*,*,#1742,.F.);
#1041=ORIENTED_EDGE('',*,*,#1910,.F.);
#1042=ORIENTED_EDGE('',*,*,#1911,.F.);
#1043=ORIENTED_EDGE('',*,*,#1743,.T.);
#1044=ORIENTED_EDGE('',*,*,#1909,.T.);
#1045=ORIENTED_EDGE('',*,*,#1912,.F.);
#1046=ORIENTED_EDGE('',*,*,#1913,.F.);
#1047=ORIENTED_EDGE('',*,*,#1745,.T.);
#1048=ORIENTED_EDGE('',*,*,#1914,.T.);
#1049=ORIENTED_EDGE('',*,*,#1915,.F.);
#1050=ORIENTED_EDGE('',*,*,#1916,.F.);
#1051=ORIENTED_EDGE('',*,*,#1746,.T.);
#1052=ORIENTED_EDGE('',*,*,#1913,.T.);
#1053=ORIENTED_EDGE('',*,*,#1917,.F.);
#1054=ORIENTED_EDGE('',*,*,#1918,.F.);
#1055=ORIENTED_EDGE('',*,*,#1747,.T.);
#1056=ORIENTED_EDGE('',*,*,#1916,.T.);
#1057=ORIENTED_EDGE('',*,*,#1918,.T.);
#1058=ORIENTED_EDGE('',*,*,#1919,.T.);
#1059=ORIENTED_EDGE('',*,*,#1920,.F.);
#1060=ORIENTED_EDGE('',*,*,#1748,.F.);
#1061=ORIENTED_EDGE('',*,*,#1921,.F.);
#1062=ORIENTED_EDGE('',*,*,#1922,.F.);
#1063=ORIENTED_EDGE('',*,*,#1749,.T.);
#1064=ORIENTED_EDGE('',*,*,#1920,.T.);
#1065=ORIENTED_EDGE('',*,*,#1922,.T.);
#1066=ORIENTED_EDGE('',*,*,#1923,.T.);
#1067=ORIENTED_EDGE('',*,*,#1924,.F.);
#1068=ORIENTED_EDGE('',*,*,#1750,.F.);
#1069=ORIENTED_EDGE('',*,*,#1925,.F.);
#1070=ORIENTED_EDGE('',*,*,#1926,.F.);
#1071=ORIENTED_EDGE('',*,*,#1751,.T.);
#1072=ORIENTED_EDGE('',*,*,#1924,.T.);
#1073=ORIENTED_EDGE('',*,*,#1927,.F.);
#1074=ORIENTED_EDGE('',*,*,#1928,.F.);
#1075=ORIENTED_EDGE('',*,*,#1753,.T.);
#1076=ORIENTED_EDGE('',*,*,#1929,.T.);
#1077=ORIENTED_EDGE('',*,*,#1930,.F.);
#1078=ORIENTED_EDGE('',*,*,#1931,.F.);
#1079=ORIENTED_EDGE('',*,*,#1754,.T.);
#1080=ORIENTED_EDGE('',*,*,#1928,.T.);
#1081=ORIENTED_EDGE('',*,*,#1932,.F.);
#1082=ORIENTED_EDGE('',*,*,#1933,.F.);
#1083=ORIENTED_EDGE('',*,*,#1755,.T.);
#1084=ORIENTED_EDGE('',*,*,#1931,.T.);
#1085=ORIENTED_EDGE('',*,*,#1933,.T.);
#1086=ORIENTED_EDGE('',*,*,#1934,.T.);
#1087=ORIENTED_EDGE('',*,*,#1935,.F.);
#1088=ORIENTED_EDGE('',*,*,#1756,.F.);
#1089=ORIENTED_EDGE('',*,*,#1936,.F.);
#1090=ORIENTED_EDGE('',*,*,#1937,.F.);
#1091=ORIENTED_EDGE('',*,*,#1757,.T.);
#1092=ORIENTED_EDGE('',*,*,#1935,.T.);
#1093=ORIENTED_EDGE('',*,*,#1937,.T.);
#1094=ORIENTED_EDGE('',*,*,#1938,.T.);
#1095=ORIENTED_EDGE('',*,*,#1939,.F.);
#1096=ORIENTED_EDGE('',*,*,#1758,.F.);
#1097=ORIENTED_EDGE('',*,*,#1940,.F.);
#1098=ORIENTED_EDGE('',*,*,#1941,.F.);
#1099=ORIENTED_EDGE('',*,*,#1759,.T.);
#1100=ORIENTED_EDGE('',*,*,#1939,.T.);
#1101=ORIENTED_EDGE('',*,*,#1942,.F.);
#1102=ORIENTED_EDGE('',*,*,#1943,.F.);
#1103=ORIENTED_EDGE('',*,*,#1761,.T.);
#1104=ORIENTED_EDGE('',*,*,#1944,.T.);
#1105=ORIENTED_EDGE('',*,*,#1945,.F.);
#1106=ORIENTED_EDGE('',*,*,#1946,.F.);
#1107=ORIENTED_EDGE('',*,*,#1762,.T.);
#1108=ORIENTED_EDGE('',*,*,#1943,.T.);
#1109=ORIENTED_EDGE('',*,*,#1947,.F.);
#1110=ORIENTED_EDGE('',*,*,#1948,.F.);
#1111=ORIENTED_EDGE('',*,*,#1763,.T.);
#1112=ORIENTED_EDGE('',*,*,#1946,.T.);
#1113=ORIENTED_EDGE('',*,*,#1948,.T.);
#1114=ORIENTED_EDGE('',*,*,#1949,.T.);
#1115=ORIENTED_EDGE('',*,*,#1950,.F.);
#1116=ORIENTED_EDGE('',*,*,#1764,.F.);
#1117=ORIENTED_EDGE('',*,*,#1951,.F.);
#1118=ORIENTED_EDGE('',*,*,#1952,.F.);
#1119=ORIENTED_EDGE('',*,*,#1765,.T.);
#1120=ORIENTED_EDGE('',*,*,#1950,.T.);
#1121=ORIENTED_EDGE('',*,*,#1952,.T.);
#1122=ORIENTED_EDGE('',*,*,#1953,.T.);
#1123=ORIENTED_EDGE('',*,*,#1954,.F.);
#1124=ORIENTED_EDGE('',*,*,#1766,.F.);
#1125=ORIENTED_EDGE('',*,*,#1955,.F.);
#1126=ORIENTED_EDGE('',*,*,#1956,.F.);
#1127=ORIENTED_EDGE('',*,*,#1767,.T.);
#1128=ORIENTED_EDGE('',*,*,#1954,.T.);
#1129=ORIENTED_EDGE('',*,*,#1957,.F.);
#1130=ORIENTED_EDGE('',*,*,#1958,.F.);
#1131=ORIENTED_EDGE('',*,*,#1769,.T.);
#1132=ORIENTED_EDGE('',*,*,#1959,.T.);
#1133=ORIENTED_EDGE('',*,*,#1960,.F.);
#1134=ORIENTED_EDGE('',*,*,#1961,.F.);
#1135=ORIENTED_EDGE('',*,*,#1770,.T.);
#1136=ORIENTED_EDGE('',*,*,#1958,.T.);
#1137=ORIENTED_EDGE('',*,*,#1962,.F.);
#1138=ORIENTED_EDGE('',*,*,#1963,.F.);
#1139=ORIENTED_EDGE('',*,*,#1771,.T.);
#1140=ORIENTED_EDGE('',*,*,#1961,.T.);
#1141=ORIENTED_EDGE('',*,*,#1963,.T.);
#1142=ORIENTED_EDGE('',*,*,#1964,.T.);
#1143=ORIENTED_EDGE('',*,*,#1965,.F.);
#1144=ORIENTED_EDGE('',*,*,#1772,.F.);
#1145=ORIENTED_EDGE('',*,*,#1966,.F.);
#1146=ORIENTED_EDGE('',*,*,#1967,.F.);
#1147=ORIENTED_EDGE('',*,*,#1773,.T.);
#1148=ORIENTED_EDGE('',*,*,#1965,.T.);
#1149=ORIENTED_EDGE('',*,*,#1967,.T.);
#1150=ORIENTED_EDGE('',*,*,#1968,.T.);
#1151=ORIENTED_EDGE('',*,*,#1969,.F.);
#1152=ORIENTED_EDGE('',*,*,#1774,.F.);
#1153=ORIENTED_EDGE('',*,*,#1970,.F.);
#1154=ORIENTED_EDGE('',*,*,#1971,.F.);
#1155=ORIENTED_EDGE('',*,*,#1775,.T.);
#1156=ORIENTED_EDGE('',*,*,#1969,.T.);
#1157=ORIENTED_EDGE('',*,*,#1972,.F.);
#1158=ORIENTED_EDGE('',*,*,#1809,.F.);
#1159=ORIENTED_EDGE('',*,*,#1696,.T.);
#1160=ORIENTED_EDGE('',*,*,#1821,.T.);
#1161=ORIENTED_EDGE('',*,*,#1973,.F.);
#1162=ORIENTED_EDGE('',*,*,#1824,.F.);
#1163=ORIENTED_EDGE('',*,*,#1704,.T.);
#1164=ORIENTED_EDGE('',*,*,#1836,.T.);
#1165=ORIENTED_EDGE('',*,*,#1974,.F.);
#1166=ORIENTED_EDGE('',*,*,#1839,.F.);
#1167=ORIENTED_EDGE('',*,*,#1712,.T.);
#1168=ORIENTED_EDGE('',*,*,#1851,.T.);
#1169=ORIENTED_EDGE('',*,*,#1975,.F.);
#1170=ORIENTED_EDGE('',*,*,#1854,.F.);
#1171=ORIENTED_EDGE('',*,*,#1720,.T.);
#1172=ORIENTED_EDGE('',*,*,#1866,.T.);
#1173=ORIENTED_EDGE('',*,*,#1976,.F.);
#1174=ORIENTED_EDGE('',*,*,#1869,.F.);
#1175=ORIENTED_EDGE('',*,*,#1728,.T.);
#1176=ORIENTED_EDGE('',*,*,#1881,.T.);
#1177=ORIENTED_EDGE('',*,*,#1977,.F.);
#1178=ORIENTED_EDGE('',*,*,#1884,.F.);
#1179=ORIENTED_EDGE('',*,*,#1736,.T.);
#1180=ORIENTED_EDGE('',*,*,#1896,.T.);
#1181=ORIENTED_EDGE('',*,*,#1978,.F.);
#1182=ORIENTED_EDGE('',*,*,#1899,.F.);
#1183=ORIENTED_EDGE('',*,*,#1744,.T.);
#1184=ORIENTED_EDGE('',*,*,#1911,.T.);
#1185=ORIENTED_EDGE('',*,*,#1979,.F.);
#1186=ORIENTED_EDGE('',*,*,#1914,.F.);
#1187=ORIENTED_EDGE('',*,*,#1752,.T.);
#1188=ORIENTED_EDGE('',*,*,#1926,.T.);
#1189=ORIENTED_EDGE('',*,*,#1980,.F.);
#1190=ORIENTED_EDGE('',*,*,#1929,.F.);
#1191=ORIENTED_EDGE('',*,*,#1760,.T.);
#1192=ORIENTED_EDGE('',*,*,#1941,.T.);
#1193=ORIENTED_EDGE('',*,*,#1981,.F.);
#1194=ORIENTED_EDGE('',*,*,#1944,.F.);
#1195=ORIENTED_EDGE('',*,*,#1768,.T.);
#1196=ORIENTED_EDGE('',*,*,#1956,.T.);
#1197=ORIENTED_EDGE('',*,*,#1982,.F.);
#1198=ORIENTED_EDGE('',*,*,#1959,.F.);
#1199=ORIENTED_EDGE('',*,*,#1776,.T.);
#1200=ORIENTED_EDGE('',*,*,#1971,.T.);
#1201=ORIENTED_EDGE('',*,*,#1983,.F.);
#1202=ORIENTED_EDGE('',*,*,#1786,.T.);
#1203=ORIENTED_EDGE('',*,*,#1618,.F.);
#1204=ORIENTED_EDGE('',*,*,#1677,.F.);
#1205=ORIENTED_EDGE('',*,*,#1983,.T.);
#1206=ORIENTED_EDGE('',*,*,#1676,.F.);
#1207=ORIENTED_EDGE('',*,*,#1984,.F.);
#1208=ORIENTED_EDGE('',*,*,#1787,.F.);
#1209=ORIENTED_EDGE('',*,*,#1630,.T.);
#1210=ORIENTED_EDGE('',*,*,#1791,.T.);
#1211=ORIENTED_EDGE('',*,*,#1985,.F.);
#1212=ORIENTED_EDGE('',*,*,#1670,.F.);
#1213=ORIENTED_EDGE('',*,*,#1984,.T.);
#1214=ORIENTED_EDGE('',*,*,#1675,.F.);
#1215=ORIENTED_EDGE('',*,*,#1638,.F.);
#1216=ORIENTED_EDGE('',*,*,#1788,.T.);
#1217=ORIENTED_EDGE('',*,*,#1985,.T.);
#1218=ORIENTED_EDGE('',*,*,#1790,.F.);
#1219=ORIENTED_EDGE('',*,*,#1986,.F.);
#1220=ORIENTED_EDGE('',*,*,#1671,.F.);
#1221=ORIENTED_EDGE('',*,*,#1986,.T.);
#1222=ORIENTED_EDGE('',*,*,#1789,.T.);
#1223=ORIENTED_EDGE('',*,*,#1636,.T.);
#1224=ORIENTED_EDGE('',*,*,#1672,.F.);
#1225=ORIENTED_EDGE('',*,*,#1987,.F.);
#1226=ORIENTED_EDGE('',*,*,#1988,.F.);
#1227=ORIENTED_EDGE('',*,*,#1989,.F.);
#1228=ORIENTED_EDGE('',*,*,#1801,.T.);
#1229=ORIENTED_EDGE('',*,*,#1990,.T.);
#1230=ORIENTED_EDGE('',*,*,#1991,.F.);
#1231=ORIENTED_EDGE('',*,*,#1802,.F.);
#1232=ORIENTED_EDGE('',*,*,#1989,.T.);
#1233=ORIENTED_EDGE('',*,*,#1992,.F.);
#1234=ORIENTED_EDGE('',*,*,#1993,.F.);
#1235=ORIENTED_EDGE('',*,*,#1803,.T.);
#1236=ORIENTED_EDGE('',*,*,#1991,.T.);
#1237=ORIENTED_EDGE('',*,*,#1994,.T.);
#1238=ORIENTED_EDGE('',*,*,#1662,.F.);
#1239=ORIENTED_EDGE('',*,*,#1804,.F.);
#1240=ORIENTED_EDGE('',*,*,#1993,.T.);
#1241=ORIENTED_EDGE('',*,*,#1995,.T.);
#1242=ORIENTED_EDGE('',*,*,#1996,.F.);
#1243=ORIENTED_EDGE('',*,*,#1796,.F.);
#1244=ORIENTED_EDGE('',*,*,#1783,.T.);
#1245=ORIENTED_EDGE('',*,*,#1997,.F.);
#1246=ORIENTED_EDGE('',*,*,#1998,.F.);
#1247=ORIENTED_EDGE('',*,*,#1797,.T.);
#1248=ORIENTED_EDGE('',*,*,#1996,.T.);
#1249=ORIENTED_EDGE('',*,*,#1999,.T.);
#1250=ORIENTED_EDGE('',*,*,#1658,.F.);
#1251=ORIENTED_EDGE('',*,*,#1798,.F.);
#1252=ORIENTED_EDGE('',*,*,#1998,.T.);
#1253=ORIENTED_EDGE('',*,*,#2000,.F.);
#1254=ORIENTED_EDGE('',*,*,#1647,.T.);
#1255=ORIENTED_EDGE('',*,*,#2001,.F.);
#1256=ORIENTED_EDGE('',*,*,#2002,.F.);
#1257=ORIENTED_EDGE('',*,*,#2003,.F.);
#1258=ORIENTED_EDGE('',*,*,#2004,.T.);
#1259=ORIENTED_EDGE('',*,*,#2005,.F.);
#1260=ORIENTED_EDGE('',*,*,#2006,.T.);
#1261=ORIENTED_EDGE('',*,*,#2007,.F.);
#1262=ORIENTED_EDGE('',*,*,#1778,.T.);
#1263=ORIENTED_EDGE('',*,*,#2008,.F.);
#1264=ORIENTED_EDGE('',*,*,#1659,.T.);
#1265=ORIENTED_EDGE('',*,*,#1994,.F.);
#1266=ORIENTED_EDGE('',*,*,#1992,.T.);
#1267=ORIENTED_EDGE('',*,*,#1990,.F.);
#1268=ORIENTED_EDGE('',*,*,#1988,.T.);
#1269=ORIENTED_EDGE('',*,*,#2009,.F.);
#1270=ORIENTED_EDGE('',*,*,#1651,.T.);
#1271=ORIENTED_EDGE('',*,*,#2010,.F.);
#1272=ORIENTED_EDGE('',*,*,#1655,.T.);
#1273=ORIENTED_EDGE('',*,*,#1999,.F.);
#1274=ORIENTED_EDGE('',*,*,#1997,.T.);
#1275=ORIENTED_EDGE('',*,*,#1995,.F.);
#1276=ORIENTED_EDGE('',*,*,#1782,.T.);
#1277=ORIENTED_EDGE('',*,*,#1957,.T.);
#1278=ORIENTED_EDGE('',*,*,#1982,.T.);
#1279=ORIENTED_EDGE('',*,*,#1970,.T.);
#1280=ORIENTED_EDGE('',*,*,#1968,.F.);
#1281=ORIENTED_EDGE('',*,*,#1966,.T.);
#1282=ORIENTED_EDGE('',*,*,#1964,.F.);
#1283=ORIENTED_EDGE('',*,*,#1962,.T.);
#1284=ORIENTED_EDGE('',*,*,#1960,.T.);
#1285=ORIENTED_EDGE('',*,*,#1942,.T.);
#1286=ORIENTED_EDGE('',*,*,#1981,.T.);
#1287=ORIENTED_EDGE('',*,*,#1955,.T.);
#1288=ORIENTED_EDGE('',*,*,#1953,.F.);
#1289=ORIENTED_EDGE('',*,*,#1951,.T.);
#1290=ORIENTED_EDGE('',*,*,#1949,.F.);
#1291=ORIENTED_EDGE('',*,*,#1947,.T.);
#1292=ORIENTED_EDGE('',*,*,#1945,.T.);
#1293=ORIENTED_EDGE('',*,*,#1927,.T.);
#1294=ORIENTED_EDGE('',*,*,#1980,.T.);
#1295=ORIENTED_EDGE('',*,*,#1940,.T.);
#1296=ORIENTED_EDGE('',*,*,#1938,.F.);
#1297=ORIENTED_EDGE('',*,*,#1936,.T.);
#1298=ORIENTED_EDGE('',*,*,#1934,.F.);
#1299=ORIENTED_EDGE('',*,*,#1932,.T.);
#1300=ORIENTED_EDGE('',*,*,#1930,.T.);
#1301=ORIENTED_EDGE('',*,*,#1912,.T.);
#1302=ORIENTED_EDGE('',*,*,#1979,.T.);
#1303=ORIENTED_EDGE('',*,*,#1925,.T.);
#1304=ORIENTED_EDGE('',*,*,#1923,.F.);
#1305=ORIENTED_EDGE('',*,*,#1921,.T.);
#1306=ORIENTED_EDGE('',*,*,#1919,.F.);
#1307=ORIENTED_EDGE('',*,*,#1917,.T.);
#1308=ORIENTED_EDGE('',*,*,#1915,.T.);
#1309=ORIENTED_EDGE('',*,*,#1897,.T.);
#1310=ORIENTED_EDGE('',*,*,#1978,.T.);
#1311=ORIENTED_EDGE('',*,*,#1910,.T.);
#1312=ORIENTED_EDGE('',*,*,#1908,.F.);
#1313=ORIENTED_EDGE('',*,*,#1906,.T.);
#1314=ORIENTED_EDGE('',*,*,#1904,.F.);
#1315=ORIENTED_EDGE('',*,*,#1902,.T.);
#1316=ORIENTED_EDGE('',*,*,#1900,.T.);
#1317=ORIENTED_EDGE('',*,*,#1882,.T.);
#1318=ORIENTED_EDGE('',*,*,#1977,.T.);
#1319=ORIENTED_EDGE('',*,*,#1895,.T.);
#1320=ORIENTED_EDGE('',*,*,#1893,.F.);
#1321=ORIENTED_EDGE('',*,*,#1891,.T.);
#1322=ORIENTED_EDGE('',*,*,#1889,.F.);
#1323=ORIENTED_EDGE('',*,*,#1887,.T.);
#1324=ORIENTED_EDGE('',*,*,#1885,.T.);
#1325=ORIENTED_EDGE('',*,*,#1867,.T.);
#1326=ORIENTED_EDGE('',*,*,#1976,.T.);
#1327=ORIENTED_EDGE('',*,*,#1880,.T.);
#1328=ORIENTED_EDGE('',*,*,#1878,.F.);
#1329=ORIENTED_EDGE('',*,*,#1876,.T.);
#1330=ORIENTED_EDGE('',*,*,#1874,.F.);
#1331=ORIENTED_EDGE('',*,*,#1872,.T.);
#1332=ORIENTED_EDGE('',*,*,#1870,.T.);
#1333=ORIENTED_EDGE('',*,*,#1852,.T.);
#1334=ORIENTED_EDGE('',*,*,#1975,.T.);
#1335=ORIENTED_EDGE('',*,*,#1865,.T.);
#1336=ORIENTED_EDGE('',*,*,#1863,.F.);
#1337=ORIENTED_EDGE('',*,*,#1861,.T.);
#1338=ORIENTED_EDGE('',*,*,#1859,.F.);
#1339=ORIENTED_EDGE('',*,*,#1857,.T.);
#1340=ORIENTED_EDGE('',*,*,#1855,.T.);
#1341=ORIENTED_EDGE('',*,*,#1837,.T.);
#1342=ORIENTED_EDGE('',*,*,#1974,.T.);
#1343=ORIENTED_EDGE('',*,*,#1850,.T.);
#1344=ORIENTED_EDGE('',*,*,#1848,.F.);
#1345=ORIENTED_EDGE('',*,*,#1846,.T.);
#1346=ORIENTED_EDGE('',*,*,#1844,.F.);
#1347=ORIENTED_EDGE('',*,*,#1842,.T.);
#1348=ORIENTED_EDGE('',*,*,#1840,.T.);
#1349=ORIENTED_EDGE('',*,*,#1822,.T.);
#1350=ORIENTED_EDGE('',*,*,#1973,.T.);
#1351=ORIENTED_EDGE('',*,*,#1835,.T.);
#1352=ORIENTED_EDGE('',*,*,#1833,.F.);
#1353=ORIENTED_EDGE('',*,*,#1831,.T.);
#1354=ORIENTED_EDGE('',*,*,#1829,.F.);
#1355=ORIENTED_EDGE('',*,*,#1827,.T.);
#1356=ORIENTED_EDGE('',*,*,#1825,.T.);
#1357=ORIENTED_EDGE('',*,*,#1807,.T.);
#1358=ORIENTED_EDGE('',*,*,#1972,.T.);
#1359=ORIENTED_EDGE('',*,*,#1820,.T.);
#1360=ORIENTED_EDGE('',*,*,#1818,.F.);
#1361=ORIENTED_EDGE('',*,*,#1816,.T.);
#1362=ORIENTED_EDGE('',*,*,#1814,.F.);
#1363=ORIENTED_EDGE('',*,*,#1812,.T.);
#1364=ORIENTED_EDGE('',*,*,#1810,.T.);
#1365=ORIENTED_EDGE('',*,*,#2011,.T.);
#1366=ORIENTED_EDGE('',*,*,#2012,.T.);
#1367=ORIENTED_EDGE('',*,*,#1687,.T.);
#1368=ORIENTED_EDGE('',*,*,#2013,.T.);
#1369=ORIENTED_EDGE('',*,*,#1793,.F.);
#1370=ORIENTED_EDGE('',*,*,#2014,.T.);
#1371=ORIENTED_EDGE('',*,*,#1683,.T.);
#1372=ORIENTED_EDGE('',*,*,#2015,.T.);
#1373=ORIENTED_EDGE('',*,*,#2004,.F.);
#1374=ORIENTED_EDGE('',*,*,#2016,.F.);
#1375=ORIENTED_EDGE('',*,*,#2017,.T.);
#1376=ORIENTED_EDGE('',*,*,#2005,.T.);
#1377=ORIENTED_EDGE('',*,*,#2015,.F.);
#1378=ORIENTED_EDGE('',*,*,#1682,.F.);
#1379=ORIENTED_EDGE('',*,*,#1681,.T.);
#1380=ORIENTED_EDGE('',*,*,#2018,.T.);
#1381=ORIENTED_EDGE('',*,*,#2006,.F.);
#1382=ORIENTED_EDGE('',*,*,#2017,.F.);
#1383=ORIENTED_EDGE('',*,*,#1666,.T.);
#1384=ORIENTED_EDGE('',*,*,#1806,.T.);
#1385=ORIENTED_EDGE('',*,*,#1779,.F.);
#1386=ORIENTED_EDGE('',*,*,#2007,.T.);
#1387=ORIENTED_EDGE('',*,*,#2018,.F.);
#1388=ORIENTED_EDGE('',*,*,#1680,.F.);
#1389=ORIENTED_EDGE('',*,*,#2019,.T.);
#1390=ORIENTED_EDGE('',*,*,#2001,.T.);
#1391=ORIENTED_EDGE('',*,*,#1650,.F.);
#1392=ORIENTED_EDGE('',*,*,#1794,.T.);
#1393=ORIENTED_EDGE('',*,*,#2013,.F.);
#1394=ORIENTED_EDGE('',*,*,#1686,.F.);
#1395=ORIENTED_EDGE('',*,*,#2020,.T.);
#1396=ORIENTED_EDGE('',*,*,#2002,.T.);
#1397=ORIENTED_EDGE('',*,*,#2019,.F.);
#1398=ORIENTED_EDGE('',*,*,#1685,.F.);
#1399=ORIENTED_EDGE('',*,*,#2016,.T.);
#1400=ORIENTED_EDGE('',*,*,#2003,.T.);
#1401=ORIENTED_EDGE('',*,*,#2020,.F.);
#1402=ORIENTED_EDGE('',*,*,#1684,.F.);
#1403=ORIENTED_EDGE('',*,*,#1628,.T.);
#1404=ORIENTED_EDGE('',*,*,#2021,.T.);
#1405=ORIENTED_EDGE('',*,*,#2014,.F.);
#1406=ORIENTED_EDGE('',*,*,#1792,.F.);
#1407=ORIENTED_EDGE('',*,*,#1627,.T.);
#1408=ORIENTED_EDGE('',*,*,#2022,.T.);
#1409=ORIENTED_EDGE('',*,*,#2011,.F.);
#1410=ORIENTED_EDGE('',*,*,#2021,.F.);
#1411=ORIENTED_EDGE('',*,*,#1626,.T.);
#1412=ORIENTED_EDGE('',*,*,#1688,.T.);
#1413=ORIENTED_EDGE('',*,*,#2012,.F.);
#1414=ORIENTED_EDGE('',*,*,#2022,.F.);
#1415=ORIENTED_EDGE('',*,*,#2023,.T.);
#1416=ORIENTED_EDGE('',*,*,#1663,.T.);
#1417=ORIENTED_EDGE('',*,*,#2024,.F.);
#1418=ORIENTED_EDGE('',*,*,#1621,.F.);
#1419=ORIENTED_EDGE('',*,*,#1620,.T.);
#1420=ORIENTED_EDGE('',*,*,#1785,.F.);
#1421=ORIENTED_EDGE('',*,*,#1664,.F.);
#1422=ORIENTED_EDGE('',*,*,#2023,.F.);
#1423=ORIENTED_EDGE('',*,*,#1622,.T.);
#1424=ORIENTED_EDGE('',*,*,#2024,.T.);
#1425=ORIENTED_EDGE('',*,*,#1668,.F.);
#1426=ORIENTED_EDGE('',*,*,#1679,.T.);
#1427=ORIENTED_EDGE('',*,*,#1656,.F.);
#1428=ORIENTED_EDGE('',*,*,#2010,.T.);
#1429=ORIENTED_EDGE('',*,*,#1654,.T.);
#1430=ORIENTED_EDGE('',*,*,#1799,.T.);
#1431=ORIENTED_EDGE('',*,*,#1652,.F.);
#1432=ORIENTED_EDGE('',*,*,#2009,.T.);
#1433=ORIENTED_EDGE('',*,*,#1987,.T.);
#1434=ORIENTED_EDGE('',*,*,#1800,.T.);
#1435=ORIENTED_EDGE('',*,*,#1660,.F.);
#1436=ORIENTED_EDGE('',*,*,#2008,.T.);
#1437=ORIENTED_EDGE('',*,*,#1777,.T.);
#1438=ORIENTED_EDGE('',*,*,#1805,.T.);
#1439=ORIENTED_EDGE('',*,*,#1648,.F.);
#1440=ORIENTED_EDGE('',*,*,#2000,.T.);
#1441=ORIENTED_EDGE('',*,*,#1781,.T.);
#1442=ORIENTED_EDGE('',*,*,#1795,.T.);
#1443=ORIENTED_EDGE('',*,*,#1678,.F.);
#1444=ORIENTED_EDGE('',*,*,#1616,.F.);
#1445=ORIENTED_EDGE('',*,*,#2025,.F.);
#1446=ORIENTED_EDGE('',*,*,#1646,.F.);
#1447=ORIENTED_EDGE('',*,*,#2025,.T.);
#1448=ORIENTED_EDGE('',*,*,#1669,.F.);
#1449=ORIENTED_EDGE('',*,*,#1624,.F.);
#1450=ORIENTED_EDGE('',*,*,#2026,.F.);
#1451=ORIENTED_EDGE('',*,*,#1644,.F.);
#1452=ORIENTED_EDGE('',*,*,#2026,.T.);
#1453=ORIENTED_EDGE('',*,*,#1674,.F.);
#1454=ORIENTED_EDGE('',*,*,#1632,.F.);
#1455=ORIENTED_EDGE('',*,*,#2027,.F.);
#1456=ORIENTED_EDGE('',*,*,#1642,.F.);
#1457=ORIENTED_EDGE('',*,*,#2027,.T.);
#1458=ORIENTED_EDGE('',*,*,#1673,.F.);
#1459=ORIENTED_EDGE('',*,*,#1634,.F.);
#1460=ORIENTED_EDGE('',*,*,#2028,.F.);
#1461=ORIENTED_EDGE('',*,*,#1640,.F.);
#1462=ORIENTED_EDGE('',*,*,#2028,.T.);
#1463=EDGE_CURVE('',#2029,#2030,#2413,.T.);
#1464=EDGE_CURVE('',#2029,#2031,#2414,.T.);
#1465=EDGE_CURVE('',#2031,#2032,#2415,.T.);
#1466=EDGE_CURVE('',#2032,#2030,#2416,.T.);
#1467=EDGE_CURVE('',#2033,#2034,#2417,.T.);
#1468=EDGE_CURVE('',#2034,#2035,#2418,.T.);
#1469=EDGE_CURVE('',#2035,#2036,#2419,.T.);
#1470=EDGE_CURVE('',#2033,#2036,#2420,.T.);
#1471=EDGE_CURVE('',#2037,#2038,#2421,.T.);
#1472=EDGE_CURVE('',#2037,#2039,#2422,.T.);
#1473=EDGE_CURVE('',#2039,#2040,#2423,.T.);
#1474=EDGE_CURVE('',#2040,#2038,#2424,.T.);
#1475=EDGE_CURVE('',#2041,#2042,#2425,.T.);
#1476=EDGE_CURVE('',#2042,#2043,#2426,.T.);
#1477=EDGE_CURVE('',#2043,#2044,#2427,.T.);
#1478=EDGE_CURVE('',#2045,#2044,#2428,.T.);
#1479=EDGE_CURVE('',#2045,#2046,#2429,.T.);
#1480=EDGE_CURVE('',#2047,#2046,#2430,.F.);
#1481=EDGE_CURVE('',#2048,#2047,#2431,.T.);
#1482=EDGE_CURVE('',#2041,#2048,#2432,.T.);
#1483=EDGE_CURVE('',#2049,#2050,#2433,.F.);
#1484=EDGE_CURVE('',#2049,#2051,#2434,.T.);
#1485=EDGE_CURVE('',#2052,#2051,#2435,.T.);
#1486=EDGE_CURVE('',#2050,#2052,#2436,.T.);
#1487=EDGE_CURVE('',#2053,#2054,#2437,.T.);
#1488=EDGE_CURVE('',#2055,#2053,#2438,.T.);
#1489=EDGE_CURVE('',#2055,#2056,#2439,.T.);
#1490=EDGE_CURVE('',#2056,#2054,#2440,.T.);
#1491=EDGE_CURVE('',#2057,#2058,#2441,.F.);
#1492=EDGE_CURVE('',#2057,#2059,#2442,.T.);
#1493=EDGE_CURVE('',#2060,#2059,#2443,.T.);
#1494=EDGE_CURVE('',#2058,#2060,#2444,.T.);
#1495=EDGE_CURVE('',#2061,#2062,#2445,.F.);
#1496=EDGE_CURVE('',#2061,#2063,#2446,.T.);
#1497=EDGE_CURVE('',#2064,#2063,#2447,.T.);
#1498=EDGE_CURVE('',#2062,#2064,#2448,.T.);
#1499=EDGE_CURVE('',#2065,#2066,#2449,.T.);
#1500=EDGE_CURVE('',#2067,#2065,#2450,.T.);
#1501=EDGE_CURVE('',#2067,#2068,#2451,.T.);
#1502=EDGE_CURVE('',#2068,#2066,#2452,.T.);
#1503=EDGE_CURVE('',#2069,#2070,#2453,.F.);
#1504=EDGE_CURVE('',#2069,#2071,#2454,.T.);
#1505=EDGE_CURVE('',#2072,#2071,#2455,.T.);
#1506=EDGE_CURVE('',#2070,#2072,#2456,.T.);
#1507=EDGE_CURVE('',#2043,#2062,#131,.F.);
#1508=EDGE_CURVE('',#2064,#2044,#132,.F.);
#1509=EDGE_CURVE('',#2073,#2074,#2457,.T.);
#1510=EDGE_CURVE('',#2073,#2070,#133,.F.);
#1511=EDGE_CURVE('',#2075,#2072,#134,.T.);
#1512=EDGE_CURVE('',#2075,#2076,#2458,.T.);
#1513=EDGE_CURVE('',#2055,#2076,#135,.T.);
#1514=EDGE_CURVE('',#2053,#2030,#136,.F.);
#1515=EDGE_CURVE('',#2032,#2077,#137,.T.);
#1516=EDGE_CURVE('',#2078,#2077,#2459,.T.);
#1517=EDGE_CURVE('',#2078,#2074,#138,.T.);
#1518=EDGE_CURVE('',#2035,#2050,#139,.F.);
#1519=EDGE_CURVE('',#2052,#2036,#140,.F.);
#1520=EDGE_CURVE('',#2079,#2080,#2460,.T.);
#1521=EDGE_CURVE('',#2080,#2081,#141,.T.);
#1522=EDGE_CURVE('',#2081,#2082,#2461,.T.);
#1523=EDGE_CURVE('',#2079,#2082,#2462,.T.);
#1524=EDGE_CURVE('',#2083,#2084,#2463,.T.);
#1525=EDGE_CURVE('',#2084,#2073,#2464,.T.);
#1526=EDGE_CURVE('',#2083,#2074,#2465,.T.);
#1527=EDGE_CURVE('',#2085,#2085,#142,.F.);
#1528=EDGE_CURVE('',#2086,#2086,#143,.F.);
#1529=EDGE_CURVE('',#2087,#2087,#144,.F.);
#1530=EDGE_CURVE('',#2088,#2088,#145,.F.);
#1531=EDGE_CURVE('',#2080,#2089,#2466,.F.);
#1532=EDGE_CURVE('',#2079,#2046,#146,.F.);
#1533=EDGE_CURVE('',#2045,#2084,#147,.T.);
#1534=EDGE_CURVE('',#2083,#2090,#148,.F.);
#1535=EDGE_CURVE('',#2091,#2090,#2467,.T.);
#1536=EDGE_CURVE('',#2091,#2031,#149,.F.);
#1537=EDGE_CURVE('',#2029,#2034,#150,.T.);
#1538=EDGE_CURVE('',#2033,#2092,#151,.T.);
#1539=EDGE_CURVE('',#2093,#2092,#2468,.T.);
#1540=EDGE_CURVE('',#2093,#2094,#152,.F.);
#1541=EDGE_CURVE('',#2095,#2094,#2469,.T.);
#1542=EDGE_CURVE('',#2095,#2039,#153,.F.);
#1543=EDGE_CURVE('',#2037,#2042,#154,.T.);
#1544=EDGE_CURVE('',#2041,#2096,#155,.F.);
#1545=EDGE_CURVE('',#2097,#2096,#2470,.T.);
#1546=EDGE_CURVE('',#2098,#2097,#2471,.T.);
#1547=EDGE_CURVE('',#2099,#2098,#2472,.T.);
#1548=EDGE_CURVE('',#2099,#2100,#156,.T.);
#1549=EDGE_CURVE('',#2101,#2100,#2473,.T.);
#1550=EDGE_CURVE('',#2101,#2102,#157,.T.);
#1551=EDGE_CURVE('',#2103,#2102,#2474,.T.);
#1552=EDGE_CURVE('',#2103,#2104,#158,.T.);
#1553=EDGE_CURVE('',#2105,#2104,#2475,.T.);
#1554=EDGE_CURVE('',#2105,#2106,#159,.T.);
#1555=EDGE_CURVE('',#2089,#2106,#2476,.T.);
#1556=EDGE_CURVE('',#2107,#2108,#2477,.T.);
#1557=EDGE_CURVE('',#2101,#2107,#2478,.T.);
#1558=EDGE_CURVE('',#2100,#2108,#2479,.T.);
#1559=EDGE_CURVE('',#2107,#2109,#160,.T.);
#1560=EDGE_CURVE('',#2102,#2109,#2480,.T.);
#1561=EDGE_CURVE('',#2110,#2109,#2481,.T.);
#1562=EDGE_CURVE('',#2103,#2110,#2482,.T.);
#1563=EDGE_CURVE('',#2110,#2111,#161,.T.);
#1564=EDGE_CURVE('',#2104,#2111,#2483,.T.);
#1565=EDGE_CURVE('',#2112,#2111,#2484,.T.);
#1566=EDGE_CURVE('',#2105,#2112,#2485,.T.);
#1567=EDGE_CURVE('',#2112,#2113,#162,.T.);
#1568=EDGE_CURVE('',#2106,#2113,#2486,.T.);
#1569=EDGE_CURVE('',#2089,#2114,#163,.T.);
#1570=EDGE_CURVE('',#2115,#2113,#2487,.T.);
#1571=EDGE_CURVE('',#2099,#2115,#2488,.T.);
#1572=EDGE_CURVE('',#2116,#2098,#164,.T.);
#1573=EDGE_CURVE('',#2116,#2114,#2489,.T.);
#1574=EDGE_CURVE('',#2115,#2108,#165,.T.);
#1575=EDGE_CURVE('',#2040,#2117,#166,.T.);
#1576=EDGE_CURVE('',#2095,#2117,#2490,.T.);
#1577=EDGE_CURVE('',#2094,#2118,#2491,.T.);
#1578=EDGE_CURVE('',#2118,#2117,#2492,.T.);
#1579=EDGE_CURVE('',#2118,#2119,#167,.T.);
#1580=EDGE_CURVE('',#2093,#2119,#2493,.T.);
#1581=EDGE_CURVE('',#2092,#2120,#2494,.T.);
#1582=EDGE_CURVE('',#2120,#2119,#2495,.T.);
#1583=EDGE_CURVE('',#2091,#2077,#2496,.T.);
#1584=EDGE_CURVE('',#2090,#2078,#2497,.T.);
#1585=EDGE_CURVE('',#2056,#2121,#168,.T.);
#1586=EDGE_CURVE('',#2076,#2121,#2498,.T.);
#1587=EDGE_CURVE('',#2122,#2059,#169,.T.);
#1588=EDGE_CURVE('',#2123,#2122,#2499,.T.);
#1589=EDGE_CURVE('',#2123,#2060,#170,.T.);
#1590=EDGE_CURVE('',#2122,#2124,#2500,.T.);
#1591=EDGE_CURVE('',#2125,#2124,#2501,.T.);
#1592=EDGE_CURVE('',#2123,#2125,#2502,.T.);
#1593=EDGE_CURVE('',#2068,#2124,#171,.T.);
#1594=EDGE_CURVE('',#2067,#2125,#172,.T.);
#1595=EDGE_CURVE('',#2126,#2071,#173,.T.);
#1596=EDGE_CURVE('',#2075,#2126,#2503,.T.);
#1597=EDGE_CURVE('',#2126,#2121,#2504,.T.);
#1598=EDGE_CURVE('',#2065,#2038,#174,.F.);
#1599=EDGE_CURVE('',#2120,#2058,#175,.F.);
#1600=EDGE_CURVE('',#2061,#2066,#176,.F.);
#1601=EDGE_CURVE('',#2057,#2051,#177,.F.);
#1602=EDGE_CURVE('',#2049,#2054,#178,.F.);
#1603=EDGE_CURVE('',#2069,#2063,#179,.F.);
#1604=EDGE_CURVE('',#2047,#2082,#180,.T.);
#1605=EDGE_CURVE('',#2114,#2081,#2505,.T.);
#1606=EDGE_CURVE('',#2116,#2127,#2506,.T.);
#1607=EDGE_CURVE('',#2128,#2127,#2507,.T.);
#1608=EDGE_CURVE('',#2128,#2048,#181,.T.);
#1609=EDGE_CURVE('',#2127,#2097,#182,.T.);
#1610=EDGE_CURVE('',#2096,#2128,#2508,.T.);
#1611=EDGE_CURVE('',#2129,#2129,#183,.T.);
#1612=EDGE_CURVE('',#2130,#2130,#184,.T.);
#1613=EDGE_CURVE('',#2131,#2131,#185,.T.);
#1614=EDGE_CURVE('',#2132,#2132,#186,.T.);
#1615=EDGE_CURVE('',#2133,#2134,#2509,.F.);
#1616=EDGE_CURVE('',#2133,#2135,#14,.T.);
#1617=EDGE_CURVE('',#2136,#2135,#2510,.F.);
#1618=EDGE_CURVE('',#2136,#2137,#15,.F.);
#1619=EDGE_CURVE('',#2138,#2137,#2511,.T.);
#1620=EDGE_CURVE('',#2139,#2138,#16,.T.);
#1621=EDGE_CURVE('',#2139,#2140,#187,.F.);
#1622=EDGE_CURVE('',#2134,#2140,#17,.T.);
#1623=EDGE_CURVE('',#2141,#2142,#2512,.F.);
#1624=EDGE_CURVE('',#2141,#2143,#18,.T.);
#1625=EDGE_CURVE('',#2144,#2143,#2513,.F.);
#1626=EDGE_CURVE('',#2145,#2144,#19,.T.);
#1627=EDGE_CURVE('',#2146,#2145,#188,.F.);
#1628=EDGE_CURVE('',#2147,#2146,#20,.T.);
#1629=EDGE_CURVE('',#2148,#2147,#2514,.T.);
#1630=EDGE_CURVE('',#2142,#2148,#21,.F.);
#1631=EDGE_CURVE('',#2149,#2150,#2515,.F.);
#1632=EDGE_CURVE('',#2149,#2151,#22,.T.);
#1633=EDGE_CURVE('',#2152,#2151,#2516,.F.);
#1634=EDGE_CURVE('',#2152,#2153,#23,.T.);
#1635=EDGE_CURVE('',#2154,#2153,#2517,.F.);
#1636=EDGE_CURVE('',#2155,#2154,#24,.T.);
#1637=EDGE_CURVE('',#2156,#2155,#2518,.T.);
#1638=EDGE_CURVE('',#2156,#2150,#25,.T.);
#1639=EDGE_CURVE('',#2157,#2157,#189,.F.);
#1640=EDGE_CURVE('',#2158,#2158,#190,.T.);
#1641=EDGE_CURVE('',#2159,#2159,#191,.F.);
#1642=EDGE_CURVE('',#2160,#2160,#192,.T.);
#1643=EDGE_CURVE('',#2161,#2161,#193,.F.);
#1644=EDGE_CURVE('',#2162,#2162,#194,.T.);
#1645=EDGE_CURVE('',#2163,#2163,#195,.F.);
#1646=EDGE_CURVE('',#2164,#2164,#196,.T.);
#1647=EDGE_CURVE('',#2165,#2166,#2519,.T.);
#1648=EDGE_CURVE('',#2165,#2167,#2520,.T.);
#1649=EDGE_CURVE('',#2167,#2168,#2521,.T.);
#1650=EDGE_CURVE('',#2168,#2166,#2522,.F.);
#1651=EDGE_CURVE('',#2169,#2170,#2523,.T.);
#1652=EDGE_CURVE('',#2169,#2171,#2524,.T.);
#1653=EDGE_CURVE('',#2171,#2172,#2525,.T.);
#1654=EDGE_CURVE('',#2170,#2172,#2526,.T.);
#1655=EDGE_CURVE('',#2173,#2174,#2527,.T.);
#1656=EDGE_CURVE('',#2173,#2175,#2528,.T.);
#1657=EDGE_CURVE('',#2175,#2176,#2529,.T.);
#1658=EDGE_CURVE('',#2176,#2174,#2530,.T.);
#1659=EDGE_CURVE('',#2177,#2178,#2531,.T.);
#1660=EDGE_CURVE('',#2177,#2179,#2532,.T.);
#1661=EDGE_CURVE('',#2179,#2180,#2533,.T.);
#1662=EDGE_CURVE('',#2180,#2178,#2534,.T.);
#1663=EDGE_CURVE('',#2181,#2182,#2535,.T.);
#1664=EDGE_CURVE('',#2181,#2183,#197,.T.);
#1665=EDGE_CURVE('',#2184,#2183,#2536,.T.);
#1666=EDGE_CURVE('',#2185,#2184,#2537,.T.);
#1667=EDGE_CURVE('',#2185,#2186,#2538,.T.);
#1668=EDGE_CURVE('',#2186,#2182,#198,.T.);
#1669=EDGE_CURVE('',#2143,#2141,#199,.F.);
#1670=EDGE_CURVE('',#2142,#2187,#200,.T.);
#1671=EDGE_CURVE('',#2187,#2188,#2539,.F.);
#1672=EDGE_CURVE('',#2188,#2154,#201,.T.);
#1673=EDGE_CURVE('',#2153,#2152,#202,.F.);
#1674=EDGE_CURVE('',#2151,#2149,#203,.F.);
#1675=EDGE_CURVE('',#2150,#2189,#204,.T.);
#1676=EDGE_CURVE('',#2189,#2190,#2540,.F.);
#1677=EDGE_CURVE('',#2190,#2136,#205,.T.);
#1678=EDGE_CURVE('',#2135,#2133,#206,.F.);
#1679=EDGE_CURVE('',#2186,#2134,#2541,.F.);
#1680=EDGE_CURVE('',#2185,#2191,#207,.F.);
#1681=EDGE_CURVE('',#2192,#2191,#2542,.T.);
#1682=EDGE_CURVE('',#2192,#2193,#208,.F.);
#1683=EDGE_CURVE('',#2194,#2193,#2543,.T.);
#1684=EDGE_CURVE('',#2194,#2195,#209,.F.);
#1685=EDGE_CURVE('',#2195,#2196,#2544,.T.);
#1686=EDGE_CURVE('',#2196,#2197,#210,.F.);
#1687=EDGE_CURVE('',#2198,#2197,#2545,.T.);
#1688=EDGE_CURVE('',#2144,#2198,#2546,.T.);
#1689=EDGE_CURVE('',#2199,#2200,#211,.T.);
#1690=EDGE_CURVE('',#2201,#2199,#2547,.T.);
#1691=EDGE_CURVE('',#2202,#2201,#212,.T.);
#1692=EDGE_CURVE('',#2202,#2203,#2548,.T.);
#1693=EDGE_CURVE('',#2204,#2203,#213,.T.);
#1694=EDGE_CURVE('',#2204,#2205,#2549,.T.);
#1695=EDGE_CURVE('',#2206,#2205,#214,.T.);
#1696=EDGE_CURVE('',#2200,#2206,#2550,.T.);
#1697=EDGE_CURVE('',#2207,#2208,#215,.T.);
#1698=EDGE_CURVE('',#2209,#2207,#2551,.T.);
#1699=EDGE_CURVE('',#2210,#2209,#216,.T.);
#1700=EDGE_CURVE('',#2210,#2211,#2552,.T.);
#1701=EDGE_CURVE('',#2212,#2211,#217,.T.);
#1702=EDGE_CURVE('',#2212,#2213,#2553,.T.);
#1703=EDGE_CURVE('',#2214,#2213,#218,.T.);
#1704=EDGE_CURVE('',#2208,#2214,#2554,.T.);
#1705=EDGE_CURVE('',#2215,#2216,#219,.T.);
#1706=EDGE_CURVE('',#2217,#2215,#2555,.T.);
#1707=EDGE_CURVE('',#2218,#2217,#220,.T.);
#1708=EDGE_CURVE('',#2218,#2219,#2556,.T.);
#1709=EDGE_CURVE('',#2220,#2219,#221,.T.);
#1710=EDGE_CURVE('',#2220,#2221,#2557,.T.);
#1711=EDGE_CURVE('',#2222,#2221,#222,.T.);
#1712=EDGE_CURVE('',#2216,#2222,#2558,.T.);
#1713=EDGE_CURVE('',#2223,#2224,#223,.T.);
#1714=EDGE_CURVE('',#2225,#2223,#2559,.T.);
#1715=EDGE_CURVE('',#2226,#2225,#224,.T.);
#1716=EDGE_CURVE('',#2226,#2227,#2560,.T.);
#1717=EDGE_CURVE('',#2228,#2227,#225,.T.);
#1718=EDGE_CURVE('',#2228,#2229,#2561,.T.);
#1719=EDGE_CURVE('',#2230,#2229,#226,.T.);
#1720=EDGE_CURVE('',#2224,#2230,#2562,.T.);
#1721=EDGE_CURVE('',#2231,#2232,#227,.T.);
#1722=EDGE_CURVE('',#2233,#2231,#2563,.T.);
#1723=EDGE_CURVE('',#2234,#2233,#228,.T.);
#1724=EDGE_CURVE('',#2234,#2235,#2564,.T.);
#1725=EDGE_CURVE('',#2236,#2235,#229,.T.);
#1726=EDGE_CURVE('',#2236,#2237,#2565,.T.);
#1727=EDGE_CURVE('',#2238,#2237,#230,.T.);
#1728=EDGE_CURVE('',#2232,#2238,#2566,.T.);
#1729=EDGE_CURVE('',#2239,#2240,#231,.T.);
#1730=EDGE_CURVE('',#2241,#2239,#2567,.T.);
#1731=EDGE_CURVE('',#2242,#2241,#232,.T.);
#1732=EDGE_CURVE('',#2242,#2243,#2568,.T.);
#1733=EDGE_CURVE('',#2244,#2243,#233,.T.);
#1734=EDGE_CURVE('',#2244,#2245,#2569,.T.);
#1735=EDGE_CURVE('',#2246,#2245,#234,.T.);
#1736=EDGE_CURVE('',#2240,#2246,#2570,.T.);
#1737=EDGE_CURVE('',#2247,#2248,#235,.T.);
#1738=EDGE_CURVE('',#2249,#2247,#2571,.T.);
#1739=EDGE_CURVE('',#2250,#2249,#236,.T.);
#1740=EDGE_CURVE('',#2250,#2251,#2572,.T.);
#1741=EDGE_CURVE('',#2252,#2251,#237,.T.);
#1742=EDGE_CURVE('',#2252,#2253,#2573,.T.);
#1743=EDGE_CURVE('',#2254,#2253,#238,.T.);
#1744=EDGE_CURVE('',#2248,#2254,#2574,.T.);
#1745=EDGE_CURVE('',#2255,#2256,#239,.T.);
#1746=EDGE_CURVE('',#2257,#2255,#2575,.T.);
#1747=EDGE_CURVE('',#2258,#2257,#240,.T.);
#1748=EDGE_CURVE('',#2258,#2259,#2576,.T.);
#1749=EDGE_CURVE('',#2260,#2259,#241,.T.);
#1750=EDGE_CURVE('',#2260,#2261,#2577,.T.);
#1751=EDGE_CURVE('',#2262,#2261,#242,.T.);
#1752=EDGE_CURVE('',#2256,#2262,#2578,.T.);
#1753=EDGE_CURVE('',#2263,#2264,#243,.T.);
#1754=EDGE_CURVE('',#2265,#2263,#2579,.T.);
#1755=EDGE_CURVE('',#2266,#2265,#244,.T.);
#1756=EDGE_CURVE('',#2266,#2267,#2580,.T.);
#1757=EDGE_CURVE('',#2268,#2267,#245,.T.);
#1758=EDGE_CURVE('',#2268,#2269,#2581,.T.);
#1759=EDGE_CURVE('',#2270,#2269,#246,.T.);
#1760=EDGE_CURVE('',#2264,#2270,#2582,.T.);
#1761=EDGE_CURVE('',#2271,#2272,#247,.T.);
#1762=EDGE_CURVE('',#2273,#2271,#2583,.T.);
#1763=EDGE_CURVE('',#2274,#2273,#248,.T.);
#1764=EDGE_CURVE('',#2274,#2275,#2584,.T.);
#1765=EDGE_CURVE('',#2276,#2275,#249,.T.);
#1766=EDGE_CURVE('',#2276,#2277,#2585,.T.);
#1767=EDGE_CURVE('',#2278,#2277,#250,.T.);
#1768=EDGE_CURVE('',#2272,#2278,#2586,.T.);
#1769=EDGE_CURVE('',#2279,#2280,#251,.T.);
#1770=EDGE_CURVE('',#2281,#2279,#2587,.T.);
#1771=EDGE_CURVE('',#2282,#2281,#252,.T.);
#1772=EDGE_CURVE('',#2282,#2283,#2588,.T.);
#1773=EDGE_CURVE('',#2284,#2283,#253,.T.);
#1774=EDGE_CURVE('',#2284,#2285,#2589,.T.);
#1775=EDGE_CURVE('',#2286,#2285,#254,.T.);
#1776=EDGE_CURVE('',#2280,#2286,#2590,.T.);
#1777=EDGE_CURVE('',#2287,#2288,#2591,.T.);
#1778=EDGE_CURVE('',#2289,#2287,#2592,.T.);
#1779=EDGE_CURVE('',#2289,#2290,#2593,.T.);
#1780=EDGE_CURVE('',#2290,#2288,#2594,.T.);
#1781=EDGE_CURVE('',#2291,#2292,#2595,.T.);
#1782=EDGE_CURVE('',#2293,#2291,#2596,.T.);
#1783=EDGE_CURVE('',#2294,#2293,#2597,.T.);
#1784=EDGE_CURVE('',#2294,#2292,#2598,.T.);
#1785=EDGE_CURVE('',#2183,#2138,#2599,.F.);
#1786=EDGE_CURVE('',#2295,#2137,#255,.T.);
#1787=EDGE_CURVE('',#2295,#2296,#2600,.T.);
#1788=EDGE_CURVE('',#2156,#2296,#256,.T.);
#1789=EDGE_CURVE('',#2297,#2155,#257,.T.);
#1790=EDGE_CURVE('',#2297,#2298,#2601,.T.);
#1791=EDGE_CURVE('',#2148,#2298,#258,.T.);
#1792=EDGE_CURVE('',#2147,#2299,#2602,.T.);
#1793=EDGE_CURVE('',#2299,#2300,#2603,.T.);
#1794=EDGE_CURVE('',#2168,#2300,#259,.F.);
#1795=EDGE_CURVE('',#2292,#2167,#260,.T.);
#1796=EDGE_CURVE('',#2294,#2301,#261,.T.);
#1797=EDGE_CURVE('',#2302,#2301,#2604,.T.);
#1798=EDGE_CURVE('',#2302,#2176,#262,.T.);
#1799=EDGE_CURVE('',#2172,#2175,#263,.T.);
#1800=EDGE_CURVE('',#2303,#2171,#264,.T.);
#1801=EDGE_CURVE('',#2304,#2303,#2605,.T.);
#1802=EDGE_CURVE('',#2304,#2305,#265,.T.);
#1803=EDGE_CURVE('',#2306,#2305,#2606,.T.);
#1804=EDGE_CURVE('',#2306,#2180,#266,.T.);
#1805=EDGE_CURVE('',#2288,#2179,#267,.T.);
#1806=EDGE_CURVE('',#2184,#2290,#268,.F.);
#1807=EDGE_CURVE('',#2307,#2308,#269,.T.);
#1808=EDGE_CURVE('',#2199,#2307,#2607,.T.);
#1809=EDGE_CURVE('',#2200,#2308,#2608,.T.);
#1810=EDGE_CURVE('',#2309,#2307,#2609,.T.);
#1811=EDGE_CURVE('',#2201,#2309,#2610,.T.);
#1812=EDGE_CURVE('',#2310,#2309,#270,.T.);
#1813=EDGE_CURVE('',#2202,#2310,#2611,.T.);
#1814=EDGE_CURVE('',#2310,#2311,#2612,.T.);
#1815=EDGE_CURVE('',#2203,#2311,#2613,.T.);
#1816=EDGE_CURVE('',#2312,#2311,#271,.T.);
#1817=EDGE_CURVE('',#2204,#2312,#2614,.T.);
#1818=EDGE_CURVE('',#2312,#2313,#2615,.T.);
#1819=EDGE_CURVE('',#2205,#2313,#2616,.T.);
#1820=EDGE_CURVE('',#2314,#2313,#272,.T.);
#1821=EDGE_CURVE('',#2206,#2314,#2617,.T.);
#1822=EDGE_CURVE('',#2315,#2316,#273,.T.);
#1823=EDGE_CURVE('',#2207,#2315,#2618,.T.);
#1824=EDGE_CURVE('',#2208,#2316,#2619,.T.);
#1825=EDGE_CURVE('',#2317,#2315,#2620,.T.);
#1826=EDGE_CURVE('',#2209,#2317,#2621,.T.);
#1827=EDGE_CURVE('',#2318,#2317,#274,.T.);
#1828=EDGE_CURVE('',#2210,#2318,#2622,.T.);
#1829=EDGE_CURVE('',#2318,#2319,#2623,.T.);
#1830=EDGE_CURVE('',#2211,#2319,#2624,.T.);
#1831=EDGE_CURVE('',#2320,#2319,#275,.T.);
#1832=EDGE_CURVE('',#2212,#2320,#2625,.T.);
#1833=EDGE_CURVE('',#2320,#2321,#2626,.T.);
#1834=EDGE_CURVE('',#2213,#2321,#2627,.T.);
#1835=EDGE_CURVE('',#2322,#2321,#276,.T.);
#1836=EDGE_CURVE('',#2214,#2322,#2628,.T.);
#1837=EDGE_CURVE('',#2323,#2324,#277,.T.);
#1838=EDGE_CURVE('',#2215,#2323,#2629,.T.);
#1839=EDGE_CURVE('',#2216,#2324,#2630,.T.);
#1840=EDGE_CURVE('',#2325,#2323,#2631,.T.);
#1841=EDGE_CURVE('',#2217,#2325,#2632,.T.);
#1842=EDGE_CURVE('',#2326,#2325,#278,.T.);
#1843=EDGE_CURVE('',#2218,#2326,#2633,.T.);
#1844=EDGE_CURVE('',#2326,#2327,#2634,.T.);
#1845=EDGE_CURVE('',#2219,#2327,#2635,.T.);
#1846=EDGE_CURVE('',#2328,#2327,#279,.T.);
#1847=EDGE_CURVE('',#2220,#2328,#2636,.T.);
#1848=EDGE_CURVE('',#2328,#2329,#2637,.T.);
#1849=EDGE_CURVE('',#2221,#2329,#2638,.T.);
#1850=EDGE_CURVE('',#2330,#2329,#280,.T.);
#1851=EDGE_CURVE('',#2222,#2330,#2639,.T.);
#1852=EDGE_CURVE('',#2331,#2332,#281,.T.);
#1853=EDGE_CURVE('',#2223,#2331,#2640,.T.);
#1854=EDGE_CURVE('',#2224,#2332,#2641,.T.);
#1855=EDGE_CURVE('',#2333,#2331,#2642,.T.);
#1856=EDGE_CURVE('',#2225,#2333,#2643,.T.);
#1857=EDGE_CURVE('',#2334,#2333,#282,.T.);
#1858=EDGE_CURVE('',#2226,#2334,#2644,.T.);
#1859=EDGE_CURVE('',#2334,#2335,#2645,.T.);
#1860=EDGE_CURVE('',#2227,#2335,#2646,.T.);
#1861=EDGE_CURVE('',#2336,#2335,#283,.T.);
#1862=EDGE_CURVE('',#2228,#2336,#2647,.T.);
#1863=EDGE_CURVE('',#2336,#2337,#2648,.T.);
#1864=EDGE_CURVE('',#2229,#2337,#2649,.T.);
#1865=EDGE_CURVE('',#2338,#2337,#284,.T.);
#1866=EDGE_CURVE('',#2230,#2338,#2650,.T.);
#1867=EDGE_CURVE('',#2339,#2340,#285,.T.);
#1868=EDGE_CURVE('',#2231,#2339,#2651,.T.);
#1869=EDGE_CURVE('',#2232,#2340,#2652,.T.);
#1870=EDGE_CURVE('',#2341,#2339,#2653,.T.);
#1871=EDGE_CURVE('',#2233,#2341,#2654,.T.);
#1872=EDGE_CURVE('',#2342,#2341,#286,.T.);
#1873=EDGE_CURVE('',#2234,#2342,#2655,.T.);
#1874=EDGE_CURVE('',#2342,#2343,#2656,.T.);
#1875=EDGE_CURVE('',#2235,#2343,#2657,.T.);
#1876=EDGE_CURVE('',#2344,#2343,#287,.T.);
#1877=EDGE_CURVE('',#2236,#2344,#2658,.T.);
#1878=EDGE_CURVE('',#2344,#2345,#2659,.T.);
#1879=EDGE_CURVE('',#2237,#2345,#2660,.T.);
#1880=EDGE_CURVE('',#2346,#2345,#288,.T.);
#1881=EDGE_CURVE('',#2238,#2346,#2661,.T.);
#1882=EDGE_CURVE('',#2347,#2348,#289,.T.);
#1883=EDGE_CURVE('',#2239,#2347,#2662,.T.);
#1884=EDGE_CURVE('',#2240,#2348,#2663,.T.);
#1885=EDGE_CURVE('',#2349,#2347,#2664,.T.);
#1886=EDGE_CURVE('',#2241,#2349,#2665,.T.);
#1887=EDGE_CURVE('',#2350,#2349,#290,.T.);
#1888=EDGE_CURVE('',#2242,#2350,#2666,.T.);
#1889=EDGE_CURVE('',#2350,#2351,#2667,.T.);
#1890=EDGE_CURVE('',#2243,#2351,#2668,.T.);
#1891=EDGE_CURVE('',#2352,#2351,#291,.T.);
#1892=EDGE_CURVE('',#2244,#2352,#2669,.T.);
#1893=EDGE_CURVE('',#2352,#2353,#2670,.T.);
#1894=EDGE_CURVE('',#2245,#2353,#2671,.T.);
#1895=EDGE_CURVE('',#2354,#2353,#292,.T.);
#1896=EDGE_CURVE('',#2246,#2354,#2672,.T.);
#1897=EDGE_CURVE('',#2355,#2356,#293,.T.);
#1898=EDGE_CURVE('',#2247,#2355,#2673,.T.);
#1899=EDGE_CURVE('',#2248,#2356,#2674,.T.);
#1900=EDGE_CURVE('',#2357,#2355,#2675,.T.);
#1901=EDGE_CURVE('',#2249,#2357,#2676,.T.);
#1902=EDGE_CURVE('',#2358,#2357,#294,.T.);
#1903=EDGE_CURVE('',#2250,#2358,#2677,.T.);
#1904=EDGE_CURVE('',#2358,#2359,#2678,.T.);
#1905=EDGE_CURVE('',#2251,#2359,#2679,.T.);
#1906=EDGE_CURVE('',#2360,#2359,#295,.T.);
#1907=EDGE_CURVE('',#2252,#2360,#2680,.T.);
#1908=EDGE_CURVE('',#2360,#2361,#2681,.T.);
#1909=EDGE_CURVE('',#2253,#2361,#2682,.T.);
#1910=EDGE_CURVE('',#2362,#2361,#296,.T.);
#1911=EDGE_CURVE('',#2254,#2362,#2683,.T.);
#1912=EDGE_CURVE('',#2363,#2364,#297,.T.);
#1913=EDGE_CURVE('',#2255,#2363,#2684,.T.);
#1914=EDGE_CURVE('',#2256,#2364,#2685,.T.);
#1915=EDGE_CURVE('',#2365,#2363,#2686,.T.);
#1916=EDGE_CURVE('',#2257,#2365,#2687,.T.);
#1917=EDGE_CURVE('',#2366,#2365,#298,.T.);
#1918=EDGE_CURVE('',#2258,#2366,#2688,.T.);
#1919=EDGE_CURVE('',#2366,#2367,#2689,.T.);
#1920=EDGE_CURVE('',#2259,#2367,#2690,.T.);
#1921=EDGE_CURVE('',#2368,#2367,#299,.T.);
#1922=EDGE_CURVE('',#2260,#2368,#2691,.T.);
#1923=EDGE_CURVE('',#2368,#2369,#2692,.T.);
#1924=EDGE_CURVE('',#2261,#2369,#2693,.T.);
#1925=EDGE_CURVE('',#2370,#2369,#300,.T.);
#1926=EDGE_CURVE('',#2262,#2370,#2694,.T.);
#1927=EDGE_CURVE('',#2371,#2372,#301,.T.);
#1928=EDGE_CURVE('',#2263,#2371,#2695,.T.);
#1929=EDGE_CURVE('',#2264,#2372,#2696,.T.);
#1930=EDGE_CURVE('',#2373,#2371,#2697,.T.);
#1931=EDGE_CURVE('',#2265,#2373,#2698,.T.);
#1932=EDGE_CURVE('',#2374,#2373,#302,.T.);
#1933=EDGE_CURVE('',#2266,#2374,#2699,.T.);
#1934=EDGE_CURVE('',#2374,#2375,#2700,.T.);
#1935=EDGE_CURVE('',#2267,#2375,#2701,.T.);
#1936=EDGE_CURVE('',#2376,#2375,#303,.T.);
#1937=EDGE_CURVE('',#2268,#2376,#2702,.T.);
#1938=EDGE_CURVE('',#2376,#2377,#2703,.T.);
#1939=EDGE_CURVE('',#2269,#2377,#2704,.T.);
#1940=EDGE_CURVE('',#2378,#2377,#304,.T.);
#1941=EDGE_CURVE('',#2270,#2378,#2705,.T.);
#1942=EDGE_CURVE('',#2379,#2380,#305,.T.);
#1943=EDGE_CURVE('',#2271,#2379,#2706,.T.);
#1944=EDGE_CURVE('',#2272,#2380,#2707,.T.);
#1945=EDGE_CURVE('',#2381,#2379,#2708,.T.);
#1946=EDGE_CURVE('',#2273,#2381,#2709,.T.);
#1947=EDGE_CURVE('',#2382,#2381,#306,.T.);
#1948=EDGE_CURVE('',#2274,#2382,#2710,.T.);
#1949=EDGE_CURVE('',#2382,#2383,#2711,.T.);
#1950=EDGE_CURVE('',#2275,#2383,#2712,.T.);
#1951=EDGE_CURVE('',#2384,#2383,#307,.T.);
#1952=EDGE_CURVE('',#2276,#2384,#2713,.T.);
#1953=EDGE_CURVE('',#2384,#2385,#2714,.T.);
#1954=EDGE_CURVE('',#2277,#2385,#2715,.T.);
#1955=EDGE_CURVE('',#2386,#2385,#308,.T.);
#1956=EDGE_CURVE('',#2278,#2386,#2716,.T.);
#1957=EDGE_CURVE('',#2387,#2388,#309,.T.);
#1958=EDGE_CURVE('',#2279,#2387,#2717,.T.);
#1959=EDGE_CURVE('',#2280,#2388,#2718,.T.);
#1960=EDGE_CURVE('',#2389,#2387,#2719,.T.);
#1961=EDGE_CURVE('',#2281,#2389,#2720,.T.);
#1962=EDGE_CURVE('',#2390,#2389,#310,.T.);
#1963=EDGE_CURVE('',#2282,#2390,#2721,.T.);
#1964=EDGE_CURVE('',#2390,#2391,#2722,.T.);
#1965=EDGE_CURVE('',#2283,#2391,#2723,.T.);
#1966=EDGE_CURVE('',#2392,#2391,#311,.T.);
#1967=EDGE_CURVE('',#2284,#2392,#2724,.T.);
#1968=EDGE_CURVE('',#2392,#2393,#2725,.T.);
#1969=EDGE_CURVE('',#2285,#2393,#2726,.T.);
#1970=EDGE_CURVE('',#2394,#2393,#312,.T.);
#1971=EDGE_CURVE('',#2286,#2394,#2727,.T.);
#1972=EDGE_CURVE('',#2308,#2314,#2728,.T.);
#1973=EDGE_CURVE('',#2316,#2322,#2729,.T.);
#1974=EDGE_CURVE('',#2324,#2330,#2730,.T.);
#1975=EDGE_CURVE('',#2332,#2338,#2731,.T.);
#1976=EDGE_CURVE('',#2340,#2346,#2732,.T.);
#1977=EDGE_CURVE('',#2348,#2354,#2733,.T.);
#1978=EDGE_CURVE('',#2356,#2362,#2734,.T.);
#1979=EDGE_CURVE('',#2364,#2370,#2735,.T.);
#1980=EDGE_CURVE('',#2372,#2378,#2736,.T.);
#1981=EDGE_CURVE('',#2380,#2386,#2737,.T.);
#1982=EDGE_CURVE('',#2388,#2394,#2738,.T.);
#1983=EDGE_CURVE('',#2295,#2190,#26,.T.);
#1984=EDGE_CURVE('',#2296,#2189,#27,.T.);
#1985=EDGE_CURVE('',#2187,#2298,#28,.F.);
#1986=EDGE_CURVE('',#2188,#2297,#29,.F.);
#1987=EDGE_CURVE('',#2395,#2303,#2739,.T.);
#1988=EDGE_CURVE('',#2396,#2395,#2740,.T.);
#1989=EDGE_CURVE('',#2304,#2396,#2741,.T.);
#1990=EDGE_CURVE('',#2396,#2397,#313,.T.);
#1991=EDGE_CURVE('',#2305,#2397,#2742,.T.);
#1992=EDGE_CURVE('',#2398,#2397,#2743,.T.);
#1993=EDGE_CURVE('',#2306,#2398,#2744,.T.);
#1994=EDGE_CURVE('',#2398,#2178,#314,.T.);
#1995=EDGE_CURVE('',#2293,#2399,#315,.T.);
#1996=EDGE_CURVE('',#2301,#2399,#2745,.T.);
#1997=EDGE_CURVE('',#2400,#2399,#2746,.T.);
#1998=EDGE_CURVE('',#2302,#2400,#2747,.T.);
#1999=EDGE_CURVE('',#2400,#2174,#316,.T.);
#2000=EDGE_CURVE('',#2165,#2291,#317,.F.);
#2001=EDGE_CURVE('',#2401,#2166,#318,.F.);
#2002=EDGE_CURVE('',#2402,#2401,#2748,.T.);
#2003=EDGE_CURVE('',#2403,#2402,#319,.F.);
#2004=EDGE_CURVE('',#2403,#2404,#2749,.T.);
#2005=EDGE_CURVE('',#2405,#2404,#320,.F.);
#2006=EDGE_CURVE('',#2405,#2406,#2750,.T.);
#2007=EDGE_CURVE('',#2289,#2406,#321,.F.);
#2008=EDGE_CURVE('',#2177,#2287,#322,.F.);
#2009=EDGE_CURVE('',#2169,#2395,#323,.F.);
#2010=EDGE_CURVE('',#2173,#2170,#324,.F.);
#2011=EDGE_CURVE('',#2407,#2408,#2751,.T.);
#2012=EDGE_CURVE('',#2408,#2198,#325,.T.);
#2013=EDGE_CURVE('',#2197,#2300,#2752,.T.);
#2014=EDGE_CURVE('',#2299,#2407,#326,.T.);
#2015=EDGE_CURVE('',#2193,#2404,#2753,.T.);
#2016=EDGE_CURVE('',#2194,#2403,#2754,.T.);
#2017=EDGE_CURVE('',#2192,#2405,#2755,.T.);
#2018=EDGE_CURVE('',#2191,#2406,#2756,.T.);
#2019=EDGE_CURVE('',#2196,#2401,#2757,.T.);
#2020=EDGE_CURVE('',#2195,#2402,#2758,.T.);
#2021=EDGE_CURVE('',#2146,#2407,#2759,.T.);
#2022=EDGE_CURVE('',#2145,#2408,#2760,.T.);
#2023=EDGE_CURVE('',#2139,#2181,#2761,.T.);
#2024=EDGE_CURVE('',#2140,#2182,#2762,.T.);
#2025=EDGE_CURVE('',#2409,#2409,#327,.T.);
#2026=EDGE_CURVE('',#2410,#2410,#328,.T.);
#2027=EDGE_CURVE('',#2411,#2411,#329,.T.);
#2028=EDGE_CURVE('',#2412,#2412,#330,.T.);
#2029=VERTEX_POINT('',#5500);
#2030=VERTEX_POINT('',#5501);
#2031=VERTEX_POINT('',#5503);
#2032=VERTEX_POINT('',#5505);
#2033=VERTEX_POINT('',#5509);
#2034=VERTEX_POINT('',#5510);
#2035=VERTEX_POINT('',#5512);
#2036=VERTEX_POINT('',#5514);
#2037=VERTEX_POINT('',#5518);
#2038=VERTEX_POINT('',#5519);
#2039=VERTEX_POINT('',#5521);
#2040=VERTEX_POINT('',#5523);
#2041=VERTEX_POINT('',#5527);
#2042=VERTEX_POINT('',#5528);
#2043=VERTEX_POINT('',#5530);
#2044=VERTEX_POINT('',#5532);
#2045=VERTEX_POINT('',#5534);
#2046=VERTEX_POINT('',#5536);
#2047=VERTEX_POINT('',#5538);
#2048=VERTEX_POINT('',#5540);
#2049=VERTEX_POINT('',#5544);
#2050=VERTEX_POINT('',#5545);
#2051=VERTEX_POINT('',#5547);
#2052=VERTEX_POINT('',#5549);
#2053=VERTEX_POINT('',#5553);
#2054=VERTEX_POINT('',#5554);
#2055=VERTEX_POINT('',#5556);
#2056=VERTEX_POINT('',#5558);
#2057=VERTEX_POINT('',#5562);
#2058=VERTEX_POINT('',#5563);
#2059=VERTEX_POINT('',#5565);
#2060=VERTEX_POINT('',#5567);
#2061=VERTEX_POINT('',#5571);
#2062=VERTEX_POINT('',#5572);
#2063=VERTEX_POINT('',#5574);
#2064=VERTEX_POINT('',#5576);
#2065=VERTEX_POINT('',#5580);
#2066=VERTEX_POINT('',#5581);
#2067=VERTEX_POINT('',#5583);
#2068=VERTEX_POINT('',#5585);
#2069=VERTEX_POINT('',#5589);
#2070=VERTEX_POINT('',#5590);
#2071=VERTEX_POINT('',#5592);
#2072=VERTEX_POINT('',#5594);
#2073=VERTEX_POINT('',#5601);
#2074=VERTEX_POINT('',#5602);
#2075=VERTEX_POINT('',#5605);
#2076=VERTEX_POINT('',#5607);
#2077=VERTEX_POINT('',#5611);
#2078=VERTEX_POINT('',#5613);
#2079=VERTEX_POINT('',#5620);
#2080=VERTEX_POINT('',#5621);
#2081=VERTEX_POINT('',#5623);
#2082=VERTEX_POINT('',#5625);
#2083=VERTEX_POINT('',#5629);
#2084=VERTEX_POINT('',#5630);
#2085=VERTEX_POINT('',#5635);
#2086=VERTEX_POINT('',#5637);
#2087=VERTEX_POINT('',#5639);
#2088=VERTEX_POINT('',#5641);
#2089=VERTEX_POINT('',#5643);
#2090=VERTEX_POINT('',#5647);
#2091=VERTEX_POINT('',#5649);
#2092=VERTEX_POINT('',#5653);
#2093=VERTEX_POINT('',#5655);
#2094=VERTEX_POINT('',#5657);
#2095=VERTEX_POINT('',#5659);
#2096=VERTEX_POINT('',#5663);
#2097=VERTEX_POINT('',#5665);
#2098=VERTEX_POINT('',#5667);
#2099=VERTEX_POINT('',#5669);
#2100=VERTEX_POINT('',#5671);
#2101=VERTEX_POINT('',#5673);
#2102=VERTEX_POINT('',#5675);
#2103=VERTEX_POINT('',#5677);
#2104=VERTEX_POINT('',#5679);
#2105=VERTEX_POINT('',#5681);
#2106=VERTEX_POINT('',#5683);
#2107=VERTEX_POINT('',#5687);
#2108=VERTEX_POINT('',#5688);
#2109=VERTEX_POINT('',#5693);
#2110=VERTEX_POINT('',#5697);
#2111=VERTEX_POINT('',#5701);
#2112=VERTEX_POINT('',#5705);
#2113=VERTEX_POINT('',#5709);
#2114=VERTEX_POINT('',#5713);
#2115=VERTEX_POINT('',#5715);
#2116=VERTEX_POINT('',#5718);
#2117=VERTEX_POINT('',#5725);
#2118=VERTEX_POINT('',#5729);
#2119=VERTEX_POINT('',#5733);
#2120=VERTEX_POINT('',#5737);
#2121=VERTEX_POINT('',#5746);
#2122=VERTEX_POINT('',#5750);
#2123=VERTEX_POINT('',#5752);
#2124=VERTEX_POINT('',#5756);
#2125=VERTEX_POINT('',#5758);
#2126=VERTEX_POINT('',#5765);
#2127=VERTEX_POINT('',#5781);
#2128=VERTEX_POINT('',#5783);
#2129=VERTEX_POINT('',#5798);
#2130=VERTEX_POINT('',#5802);
#2131=VERTEX_POINT('',#5806);
#2132=VERTEX_POINT('',#5810);
#2133=VERTEX_POINT('',#5815);
#2134=VERTEX_POINT('',#5816);
#2135=VERTEX_POINT('',#5826);
#2136=VERTEX_POINT('',#5828);
#2137=VERTEX_POINT('',#5834);
#2138=VERTEX_POINT('',#5836);
#2139=VERTEX_POINT('',#5842);
#2140=VERTEX_POINT('',#5844);
#2141=VERTEX_POINT('',#5851);
#2142=VERTEX_POINT('',#5852);
#2143=VERTEX_POINT('',#5862);
#2144=VERTEX_POINT('',#5864);
#2145=VERTEX_POINT('',#5869);
#2146=VERTEX_POINT('',#5871);
#2147=VERTEX_POINT('',#5877);
#2148=VERTEX_POINT('',#5879);
#2149=VERTEX_POINT('',#5887);
#2150=VERTEX_POINT('',#5888);
#2151=VERTEX_POINT('',#5898);
#2152=VERTEX_POINT('',#5900);
#2153=VERTEX_POINT('',#5910);
#2154=VERTEX_POINT('',#5912);
#2155=VERTEX_POINT('',#5918);
#2156=VERTEX_POINT('',#5920);
#2157=VERTEX_POINT('',#5928);
#2158=VERTEX_POINT('',#5930);
#2159=VERTEX_POINT('',#5933);
#2160=VERTEX_POINT('',#5935);
#2161=VERTEX_POINT('',#5938);
#2162=VERTEX_POINT('',#5940);
#2163=VERTEX_POINT('',#5943);
#2164=VERTEX_POINT('',#5945);
#2165=VERTEX_POINT('',#5948);
#2166=VERTEX_POINT('',#5949);
#2167=VERTEX_POINT('',#5951);
#2168=VERTEX_POINT('',#5953);
#2169=VERTEX_POINT('',#5957);
#2170=VERTEX_POINT('',#5958);
#2171=VERTEX_POINT('',#5960);
#2172=VERTEX_POINT('',#5962);
#2173=VERTEX_POINT('',#5966);
#2174=VERTEX_POINT('',#5967);
#2175=VERTEX_POINT('',#5969);
#2176=VERTEX_POINT('',#5971);
#2177=VERTEX_POINT('',#5975);
#2178=VERTEX_POINT('',#5976);
#2179=VERTEX_POINT('',#5978);
#2180=VERTEX_POINT('',#5980);
#2181=VERTEX_POINT('',#5984);
#2182=VERTEX_POINT('',#5985);
#2183=VERTEX_POINT('',#5987);
#2184=VERTEX_POINT('',#5989);
#2185=VERTEX_POINT('',#5991);
#2186=VERTEX_POINT('',#5993);
#2187=VERTEX_POINT('',#5998);
#2188=VERTEX_POINT('',#6000);
#2189=VERTEX_POINT('',#6005);
#2190=VERTEX_POINT('',#6007);
#2191=VERTEX_POINT('',#6012);
#2192=VERTEX_POINT('',#6014);
#2193=VERTEX_POINT('',#6016);
#2194=VERTEX_POINT('',#6018);
#2195=VERTEX_POINT('',#6020);
#2196=VERTEX_POINT('',#6022);
#2197=VERTEX_POINT('',#6024);
#2198=VERTEX_POINT('',#6026);
#2199=VERTEX_POINT('',#6029);
#2200=VERTEX_POINT('',#6030);
#2201=VERTEX_POINT('',#6032);
#2202=VERTEX_POINT('',#6034);
#2203=VERTEX_POINT('',#6036);
#2204=VERTEX_POINT('',#6038);
#2205=VERTEX_POINT('',#6040);
#2206=VERTEX_POINT('',#6042);
#2207=VERTEX_POINT('',#6045);
#2208=VERTEX_POINT('',#6046);
#2209=VERTEX_POINT('',#6048);
#2210=VERTEX_POINT('',#6050);
#2211=VERTEX_POINT('',#6052);
#2212=VERTEX_POINT('',#6054);
#2213=VERTEX_POINT('',#6056);
#2214=VERTEX_POINT('',#6058);
#2215=VERTEX_POINT('',#6061);
#2216=VERTEX_POINT('',#6062);
#2217=VERTEX_POINT('',#6064);
#2218=VERTEX_POINT('',#6066);
#2219=VERTEX_POINT('',#6068);
#2220=VERTEX_POINT('',#6070);
#2221=VERTEX_POINT('',#6072);
#2222=VERTEX_POINT('',#6074);
#2223=VERTEX_POINT('',#6077);
#2224=VERTEX_POINT('',#6078);
#2225=VERTEX_POINT('',#6080);
#2226=VERTEX_POINT('',#6082);
#2227=VERTEX_POINT('',#6084);
#2228=VERTEX_POINT('',#6086);
#2229=VERTEX_POINT('',#6088);
#2230=VERTEX_POINT('',#6090);
#2231=VERTEX_POINT('',#6093);
#2232=VERTEX_POINT('',#6094);
#2233=VERTEX_POINT('',#6096);
#2234=VERTEX_POINT('',#6098);
#2235=VERTEX_POINT('',#6100);
#2236=VERTEX_POINT('',#6102);
#2237=VERTEX_POINT('',#6104);
#2238=VERTEX_POINT('',#6106);
#2239=VERTEX_POINT('',#6109);
#2240=VERTEX_POINT('',#6110);
#2241=VERTEX_POINT('',#6112);
#2242=VERTEX_POINT('',#6114);
#2243=VERTEX_POINT('',#6116);
#2244=VERTEX_POINT('',#6118);
#2245=VERTEX_POINT('',#6120);
#2246=VERTEX_POINT('',#6122);
#2247=VERTEX_POINT('',#6125);
#2248=VERTEX_POINT('',#6126);
#2249=VERTEX_POINT('',#6128);
#2250=VERTEX_POINT('',#6130);
#2251=VERTEX_POINT('',#6132);
#2252=VERTEX_POINT('',#6134);
#2253=VERTEX_POINT('',#6136);
#2254=VERTEX_POINT('',#6138);
#2255=VERTEX_POINT('',#6141);
#2256=VERTEX_POINT('',#6142);
#2257=VERTEX_POINT('',#6144);
#2258=VERTEX_POINT('',#6146);
#2259=VERTEX_POINT('',#6148);
#2260=VERTEX_POINT('',#6150);
#2261=VERTEX_POINT('',#6152);
#2262=VERTEX_POINT('',#6154);
#2263=VERTEX_POINT('',#6157);
#2264=VERTEX_POINT('',#6158);
#2265=VERTEX_POINT('',#6160);
#2266=VERTEX_POINT('',#6162);
#2267=VERTEX_POINT('',#6164);
#2268=VERTEX_POINT('',#6166);
#2269=VERTEX_POINT('',#6168);
#2270=VERTEX_POINT('',#6170);
#2271=VERTEX_POINT('',#6173);
#2272=VERTEX_POINT('',#6174);
#2273=VERTEX_POINT('',#6176);
#2274=VERTEX_POINT('',#6178);
#2275=VERTEX_POINT('',#6180);
#2276=VERTEX_POINT('',#6182);
#2277=VERTEX_POINT('',#6184);
#2278=VERTEX_POINT('',#6186);
#2279=VERTEX_POINT('',#6189);
#2280=VERTEX_POINT('',#6190);
#2281=VERTEX_POINT('',#6192);
#2282=VERTEX_POINT('',#6194);
#2283=VERTEX_POINT('',#6196);
#2284=VERTEX_POINT('',#6198);
#2285=VERTEX_POINT('',#6200);
#2286=VERTEX_POINT('',#6202);
#2287=VERTEX_POINT('',#6206);
#2288=VERTEX_POINT('',#6207);
#2289=VERTEX_POINT('',#6209);
#2290=VERTEX_POINT('',#6211);
#2291=VERTEX_POINT('',#6215);
#2292=VERTEX_POINT('',#6216);
#2293=VERTEX_POINT('',#6218);
#2294=VERTEX_POINT('',#6220);
#2295=VERTEX_POINT('',#6225);
#2296=VERTEX_POINT('',#6227);
#2297=VERTEX_POINT('',#6230);
#2298=VERTEX_POINT('',#6232);
#2299=VERTEX_POINT('',#6235);
#2300=VERTEX_POINT('',#6237);
#2301=VERTEX_POINT('',#6241);
#2302=VERTEX_POINT('',#6243);
#2303=VERTEX_POINT('',#6247);
#2304=VERTEX_POINT('',#6249);
#2305=VERTEX_POINT('',#6251);
#2306=VERTEX_POINT('',#6253);
#2307=VERTEX_POINT('',#6259);
#2308=VERTEX_POINT('',#6260);
#2309=VERTEX_POINT('',#6265);
#2310=VERTEX_POINT('',#6269);
#2311=VERTEX_POINT('',#6273);
#2312=VERTEX_POINT('',#6277);
#2313=VERTEX_POINT('',#6281);
#2314=VERTEX_POINT('',#6285);
#2315=VERTEX_POINT('',#6289);
#2316=VERTEX_POINT('',#6290);
#2317=VERTEX_POINT('',#6295);
#2318=VERTEX_POINT('',#6299);
#2319=VERTEX_POINT('',#6303);
#2320=VERTEX_POINT('',#6307);
#2321=VERTEX_POINT('',#6311);
#2322=VERTEX_POINT('',#6315);
#2323=VERTEX_POINT('',#6319);
#2324=VERTEX_POINT('',#6320);
#2325=VERTEX_POINT('',#6325);
#2326=VERTEX_POINT('',#6329);
#2327=VERTEX_POINT('',#6333);
#2328=VERTEX_POINT('',#6337);
#2329=VERTEX_POINT('',#6341);
#2330=VERTEX_POINT('',#6345);
#2331=VERTEX_POINT('',#6349);
#2332=VERTEX_POINT('',#6350);
#2333=VERTEX_POINT('',#6355);
#2334=VERTEX_POINT('',#6359);
#2335=VERTEX_POINT('',#6363);
#2336=VERTEX_POINT('',#6367);
#2337=VERTEX_POINT('',#6371);
#2338=VERTEX_POINT('',#6375);
#2339=VERTEX_POINT('',#6379);
#2340=VERTEX_POINT('',#6380);
#2341=VERTEX_POINT('',#6385);
#2342=VERTEX_POINT('',#6389);
#2343=VERTEX_POINT('',#6393);
#2344=VERTEX_POINT('',#6397);
#2345=VERTEX_POINT('',#6401);
#2346=VERTEX_POINT('',#6405);
#2347=VERTEX_POINT('',#6409);
#2348=VERTEX_POINT('',#6410);
#2349=VERTEX_POINT('',#6415);
#2350=VERTEX_POINT('',#6419);
#2351=VERTEX_POINT('',#6423);
#2352=VERTEX_POINT('',#6427);
#2353=VERTEX_POINT('',#6431);
#2354=VERTEX_POINT('',#6435);
#2355=VERTEX_POINT('',#6439);
#2356=VERTEX_POINT('',#6440);
#2357=VERTEX_POINT('',#6445);
#2358=VERTEX_POINT('',#6449);
#2359=VERTEX_POINT('',#6453);
#2360=VERTEX_POINT('',#6457);
#2361=VERTEX_POINT('',#6461);
#2362=VERTEX_POINT('',#6465);
#2363=VERTEX_POINT('',#6469);
#2364=VERTEX_POINT('',#6470);
#2365=VERTEX_POINT('',#6475);
#2366=VERTEX_POINT('',#6479);
#2367=VERTEX_POINT('',#6483);
#2368=VERTEX_POINT('',#6487);
#2369=VERTEX_POINT('',#6491);
#2370=VERTEX_POINT('',#6495);
#2371=VERTEX_POINT('',#6499);
#2372=VERTEX_POINT('',#6500);
#2373=VERTEX_POINT('',#6505);
#2374=VERTEX_POINT('',#6509);
#2375=VERTEX_POINT('',#6513);
#2376=VERTEX_POINT('',#6517);
#2377=VERTEX_POINT('',#6521);
#2378=VERTEX_POINT('',#6525);
#2379=VERTEX_POINT('',#6529);
#2380=VERTEX_POINT('',#6530);
#2381=VERTEX_POINT('',#6535);
#2382=VERTEX_POINT('',#6539);
#2383=VERTEX_POINT('',#6543);
#2384=VERTEX_POINT('',#6547);
#2385=VERTEX_POINT('',#6551);
#2386=VERTEX_POINT('',#6555);
#2387=VERTEX_POINT('',#6559);
#2388=VERTEX_POINT('',#6560);
#2389=VERTEX_POINT('',#6565);
#2390=VERTEX_POINT('',#6569);
#2391=VERTEX_POINT('',#6573);
#2392=VERTEX_POINT('',#6577);
#2393=VERTEX_POINT('',#6581);
#2394=VERTEX_POINT('',#6585);
#2395=VERTEX_POINT('',#6637);
#2396=VERTEX_POINT('',#6639);
#2397=VERTEX_POINT('',#6643);
#2398=VERTEX_POINT('',#6647);
#2399=VERTEX_POINT('',#6653);
#2400=VERTEX_POINT('',#6657);
#2401=VERTEX_POINT('',#6664);
#2402=VERTEX_POINT('',#6666);
#2403=VERTEX_POINT('',#6668);
#2404=VERTEX_POINT('',#6670);
#2405=VERTEX_POINT('',#6672);
#2406=VERTEX_POINT('',#6674);
#2407=VERTEX_POINT('',#6681);
#2408=VERTEX_POINT('',#6682);
#2409=VERTEX_POINT('',#6715);
#2410=VERTEX_POINT('',#6719);
#2411=VERTEX_POINT('',#6723);
#2412=VERTEX_POINT('',#6727);
#2413=LINE('',#5499,#2763);
#2414=LINE('',#5502,#2764);
#2415=LINE('',#5504,#2765);
#2416=LINE('',#5506,#2766);
#2417=LINE('',#5508,#2767);
#2418=LINE('',#5511,#2768);
#2419=LINE('',#5513,#2769);
#2420=LINE('',#5515,#2770);
#2421=LINE('',#5517,#2771);
#2422=LINE('',#5520,#2772);
#2423=LINE('',#5522,#2773);
#2424=LINE('',#5524,#2774);
#2425=LINE('',#5526,#2775);
#2426=LINE('',#5529,#2776);
#2427=LINE('',#5531,#2777);
#2428=LINE('',#5533,#2778);
#2429=LINE('',#5535,#2779);
#2430=LINE('',#5537,#2780);
#2431=LINE('',#5539,#2781);
#2432=LINE('',#5541,#2782);
#2433=LINE('',#5543,#2783);
#2434=LINE('',#5546,#2784);
#2435=LINE('',#5548,#2785);
#2436=LINE('',#5550,#2786);
#2437=LINE('',#5552,#2787);
#2438=LINE('',#5555,#2788);
#2439=LINE('',#5557,#2789);
#2440=LINE('',#5559,#2790);
#2441=LINE('',#5561,#2791);
#2442=LINE('',#5564,#2792);
#2443=LINE('',#5566,#2793);
#2444=LINE('',#5568,#2794);
#2445=LINE('',#5570,#2795);
#2446=LINE('',#5573,#2796);
#2447=LINE('',#5575,#2797);
#2448=LINE('',#5577,#2798);
#2449=LINE('',#5579,#2799);
#2450=LINE('',#5582,#2800);
#2451=LINE('',#5584,#2801);
#2452=LINE('',#5586,#2802);
#2453=LINE('',#5588,#2803);
#2454=LINE('',#5591,#2804);
#2455=LINE('',#5593,#2805);
#2456=LINE('',#5595,#2806);
#2457=LINE('',#5600,#2807);
#2458=LINE('',#5606,#2808);
#2459=LINE('',#5612,#2809);
#2460=LINE('',#5619,#2810);
#2461=LINE('',#5624,#2811);
#2462=LINE('',#5626,#2812);
#2463=LINE('',#5628,#2813);
#2464=LINE('',#5631,#2814);
#2465=LINE('',#5632,#2815);
#2466=LINE('',#5642,#2816);
#2467=LINE('',#5648,#2817);
#2468=LINE('',#5654,#2818);
#2469=LINE('',#5658,#2819);
#2470=LINE('',#5664,#2820);
#2471=LINE('',#5666,#2821);
#2472=LINE('',#5668,#2822);
#2473=LINE('',#5672,#2823);
#2474=LINE('',#5676,#2824);
#2475=LINE('',#5680,#2825);
#2476=LINE('',#5684,#2826);
#2477=LINE('',#5686,#2827);
#2478=LINE('',#5689,#2828);
#2479=LINE('',#5690,#2829);
#2480=LINE('',#5694,#2830);
#2481=LINE('',#5696,#2831);
#2482=LINE('',#5698,#2832);
#2483=LINE('',#5702,#2833);
#2484=LINE('',#5704,#2834);
#2485=LINE('',#5706,#2835);
#2486=LINE('',#5710,#2836);
#2487=LINE('',#5714,#2837);
#2488=LINE('',#5716,#2838);
#2489=LINE('',#5719,#2839);
#2490=LINE('',#5726,#2840);
#2491=LINE('',#5728,#2841);
#2492=LINE('',#5730,#2842);
#2493=LINE('',#5734,#2843);
#2494=LINE('',#5736,#2844);
#2495=LINE('',#5738,#2845);
#2496=LINE('',#5740,#2846);
#2497=LINE('',#5742,#2847);
#2498=LINE('',#5747,#2848);
#2499=LINE('',#5751,#2849);
#2500=LINE('',#5755,#2850);
#2501=LINE('',#5757,#2851);
#2502=LINE('',#5759,#2852);
#2503=LINE('',#5766,#2853);
#2504=LINE('',#5768,#2854);
#2505=LINE('',#5779,#2855);
#2506=LINE('',#5780,#2856);
#2507=LINE('',#5782,#2857);
#2508=LINE('',#5788,#2858);
#2509=LINE('',#5814,#2859);
#2510=LINE('',#5827,#2860);
#2511=LINE('',#5835,#2861);
#2512=LINE('',#5850,#2862);
#2513=LINE('',#5863,#2863);
#2514=LINE('',#5878,#2864);
#2515=LINE('',#5886,#2865);
#2516=LINE('',#5899,#2866);
#2517=LINE('',#5911,#2867);
#2518=LINE('',#5919,#2868);
#2519=LINE('',#5947,#2869);
#2520=LINE('',#5950,#2870);
#2521=LINE('',#5952,#2871);
#2522=LINE('',#5954,#2872);
#2523=LINE('',#5956,#2873);
#2524=LINE('',#5959,#2874);
#2525=LINE('',#5961,#2875);
#2526=LINE('',#5963,#2876);
#2527=LINE('',#5965,#2877);
#2528=LINE('',#5968,#2878);
#2529=LINE('',#5970,#2879);
#2530=LINE('',#5972,#2880);
#2531=LINE('',#5974,#2881);
#2532=LINE('',#5977,#2882);
#2533=LINE('',#5979,#2883);
#2534=LINE('',#5981,#2884);
#2535=LINE('',#5983,#2885);
#2536=LINE('',#5988,#2886);
#2537=LINE('',#5990,#2887);
#2538=LINE('',#5992,#2888);
#2539=LINE('',#5999,#2889);
#2540=LINE('',#6006,#2890);
#2541=LINE('',#6010,#2891);
#2542=LINE('',#6013,#2892);
#2543=LINE('',#6017,#2893);
#2544=LINE('',#6021,#2894);
#2545=LINE('',#6025,#2895);
#2546=LINE('',#6027,#2896);
#2547=LINE('',#6031,#2897);
#2548=LINE('',#6035,#2898);
#2549=LINE('',#6039,#2899);
#2550=LINE('',#6043,#2900);
#2551=LINE('',#6047,#2901);
#2552=LINE('',#6051,#2902);
#2553=LINE('',#6055,#2903);
#2554=LINE('',#6059,#2904);
#2555=LINE('',#6063,#2905);
#2556=LINE('',#6067,#2906);
#2557=LINE('',#6071,#2907);
#2558=LINE('',#6075,#2908);
#2559=LINE('',#6079,#2909);
#2560=LINE('',#6083,#2910);
#2561=LINE('',#6087,#2911);
#2562=LINE('',#6091,#2912);
#2563=LINE('',#6095,#2913);
#2564=LINE('',#6099,#2914);
#2565=LINE('',#6103,#2915);
#2566=LINE('',#6107,#2916);
#2567=LINE('',#6111,#2917);
#2568=LINE('',#6115,#2918);
#2569=LINE('',#6119,#2919);
#2570=LINE('',#6123,#2920);
#2571=LINE('',#6127,#2921);
#2572=LINE('',#6131,#2922);
#2573=LINE('',#6135,#2923);
#2574=LINE('',#6139,#2924);
#2575=LINE('',#6143,#2925);
#2576=LINE('',#6147,#2926);
#2577=LINE('',#6151,#2927);
#2578=LINE('',#6155,#2928);
#2579=LINE('',#6159,#2929);
#2580=LINE('',#6163,#2930);
#2581=LINE('',#6167,#2931);
#2582=LINE('',#6171,#2932);
#2583=LINE('',#6175,#2933);
#2584=LINE('',#6179,#2934);
#2585=LINE('',#6183,#2935);
#2586=LINE('',#6187,#2936);
#2587=LINE('',#6191,#2937);
#2588=LINE('',#6195,#2938);
#2589=LINE('',#6199,#2939);
#2590=LINE('',#6203,#2940);
#2591=LINE('',#6205,#2941);
#2592=LINE('',#6208,#2942);
#2593=LINE('',#6210,#2943);
#2594=LINE('',#6212,#2944);
#2595=LINE('',#6214,#2945);
#2596=LINE('',#6217,#2946);
#2597=LINE('',#6219,#2947);
#2598=LINE('',#6221,#2948);
#2599=LINE('',#6223,#2949);
#2600=LINE('',#6226,#2950);
#2601=LINE('',#6231,#2951);
#2602=LINE('',#6234,#2952);
#2603=LINE('',#6236,#2953);
#2604=LINE('',#6242,#2954);
#2605=LINE('',#6248,#2955);
#2606=LINE('',#6252,#2956);
#2607=LINE('',#6261,#2957);
#2608=LINE('',#6262,#2958);
#2609=LINE('',#6264,#2959);
#2610=LINE('',#6266,#2960);
#2611=LINE('',#6270,#2961);
#2612=LINE('',#6272,#2962);
#2613=LINE('',#6274,#2963);
#2614=LINE('',#6278,#2964);
#2615=LINE('',#6280,#2965);
#2616=LINE('',#6282,#2966);
#2617=LINE('',#6286,#2967);
#2618=LINE('',#6291,#2968);
#2619=LINE('',#6292,#2969);
#2620=LINE('',#6294,#2970);
#2621=LINE('',#6296,#2971);
#2622=LINE('',#6300,#2972);
#2623=LINE('',#6302,#2973);
#2624=LINE('',#6304,#2974);
#2625=LINE('',#6308,#2975);
#2626=LINE('',#6310,#2976);
#2627=LINE('',#6312,#2977);
#2628=LINE('',#6316,#2978);
#2629=LINE('',#6321,#2979);
#2630=LINE('',#6322,#2980);
#2631=LINE('',#6324,#2981);
#2632=LINE('',#6326,#2982);
#2633=LINE('',#6330,#2983);
#2634=LINE('',#6332,#2984);
#2635=LINE('',#6334,#2985);
#2636=LINE('',#6338,#2986);
#2637=LINE('',#6340,#2987);
#2638=LINE('',#6342,#2988);
#2639=LINE('',#6346,#2989);
#2640=LINE('',#6351,#2990);
#2641=LINE('',#6352,#2991);
#2642=LINE('',#6354,#2992);
#2643=LINE('',#6356,#2993);
#2644=LINE('',#6360,#2994);
#2645=LINE('',#6362,#2995);
#2646=LINE('',#6364,#2996);
#2647=LINE('',#6368,#2997);
#2648=LINE('',#6370,#2998);
#2649=LINE('',#6372,#2999);
#2650=LINE('',#6376,#3000);
#2651=LINE('',#6381,#3001);
#2652=LINE('',#6382,#3002);
#2653=LINE('',#6384,#3003);
#2654=LINE('',#6386,#3004);
#2655=LINE('',#6390,#3005);
#2656=LINE('',#6392,#3006);
#2657=LINE('',#6394,#3007);
#2658=LINE('',#6398,#3008);
#2659=LINE('',#6400,#3009);
#2660=LINE('',#6402,#3010);
#2661=LINE('',#6406,#3011);
#2662=LINE('',#6411,#3012);
#2663=LINE('',#6412,#3013);
#2664=LINE('',#6414,#3014);
#2665=LINE('',#6416,#3015);
#2666=LINE('',#6420,#3016);
#2667=LINE('',#6422,#3017);
#2668=LINE('',#6424,#3018);
#2669=LINE('',#6428,#3019);
#2670=LINE('',#6430,#3020);
#2671=LINE('',#6432,#3021);
#2672=LINE('',#6436,#3022);
#2673=LINE('',#6441,#3023);
#2674=LINE('',#6442,#3024);
#2675=LINE('',#6444,#3025);
#2676=LINE('',#6446,#3026);
#2677=LINE('',#6450,#3027);
#2678=LINE('',#6452,#3028);
#2679=LINE('',#6454,#3029);
#2680=LINE('',#6458,#3030);
#2681=LINE('',#6460,#3031);
#2682=LINE('',#6462,#3032);
#2683=LINE('',#6466,#3033);
#2684=LINE('',#6471,#3034);
#2685=LINE('',#6472,#3035);
#2686=LINE('',#6474,#3036);
#2687=LINE('',#6476,#3037);
#2688=LINE('',#6480,#3038);
#2689=LINE('',#6482,#3039);
#2690=LINE('',#6484,#3040);
#2691=LINE('',#6488,#3041);
#2692=LINE('',#6490,#3042);
#2693=LINE('',#6492,#3043);
#2694=LINE('',#6496,#3044);
#2695=LINE('',#6501,#3045);
#2696=LINE('',#6502,#3046);
#2697=LINE('',#6504,#3047);
#2698=LINE('',#6506,#3048);
#2699=LINE('',#6510,#3049);
#2700=LINE('',#6512,#3050);
#2701=LINE('',#6514,#3051);
#2702=LINE('',#6518,#3052);
#2703=LINE('',#6520,#3053);
#2704=LINE('',#6522,#3054);
#2705=LINE('',#6526,#3055);
#2706=LINE('',#6531,#3056);
#2707=LINE('',#6532,#3057);
#2708=LINE('',#6534,#3058);
#2709=LINE('',#6536,#3059);
#2710=LINE('',#6540,#3060);
#2711=LINE('',#6542,#3061);
#2712=LINE('',#6544,#3062);
#2713=LINE('',#6548,#3063);
#2714=LINE('',#6550,#3064);
#2715=LINE('',#6552,#3065);
#2716=LINE('',#6556,#3066);
#2717=LINE('',#6561,#3067);
#2718=LINE('',#6562,#3068);
#2719=LINE('',#6564,#3069);
#2720=LINE('',#6566,#3070);
#2721=LINE('',#6570,#3071);
#2722=LINE('',#6572,#3072);
#2723=LINE('',#6574,#3073);
#2724=LINE('',#6578,#3074);
#2725=LINE('',#6580,#3075);
#2726=LINE('',#6582,#3076);
#2727=LINE('',#6586,#3077);
#2728=LINE('',#6588,#3078);
#2729=LINE('',#6590,#3079);
#2730=LINE('',#6592,#3080);
#2731=LINE('',#6594,#3081);
#2732=LINE('',#6596,#3082);
#2733=LINE('',#6598,#3083);
#2734=LINE('',#6600,#3084);
#2735=LINE('',#6602,#3085);
#2736=LINE('',#6604,#3086);
#2737=LINE('',#6606,#3087);
#2738=LINE('',#6608,#3088);
#2739=LINE('',#6636,#3089);
#2740=LINE('',#6638,#3090);
#2741=LINE('',#6640,#3091);
#2742=LINE('',#6644,#3092);
#2743=LINE('',#6646,#3093);
#2744=LINE('',#6648,#3094);
#2745=LINE('',#6654,#3095);
#2746=LINE('',#6656,#3096);
#2747=LINE('',#6658,#3097);
#2748=LINE('',#6665,#3098);
#2749=LINE('',#6669,#3099);
#2750=LINE('',#6673,#3100);
#2751=LINE('',#6680,#3101);
#2752=LINE('',#6684,#3102);
#2753=LINE('',#6687,#3103);
#2754=LINE('',#6688,#3104);
#2755=LINE('',#6690,#3105);
#2756=LINE('',#6692,#3106);
#2757=LINE('',#6695,#3107);
#2758=LINE('',#6697,#3108);
#2759=LINE('',#6700,#3109);
#2760=LINE('',#6702,#3110);
#2761=LINE('',#6705,#3111);
#2762=LINE('',#6706,#3112);
#2763=VECTOR('',#4343,1.);
#2764=VECTOR('',#4344,1.);
#2765=VECTOR('',#4345,1.);
#2766=VECTOR('',#4346,1.);
#2767=VECTOR('',#4349,1.);
#2768=VECTOR('',#4350,1.);
#2769=VECTOR('',#4351,1.);
#2770=VECTOR('',#4352,1.);
#2771=VECTOR('',#4355,1.);
#2772=VECTOR('',#4356,1.);
#2773=VECTOR('',#4357,1.);
#2774=VECTOR('',#4358,1.);
#2775=VECTOR('',#4361,1.);
#2776=VECTOR('',#4362,1.);
#2777=VECTOR('',#4363,1.);
#2778=VECTOR('',#4364,1.);
#2779=VECTOR('',#4365,1.);
#2780=VECTOR('',#4366,1.);
#2781=VECTOR('',#4367,1.);
#2782=VECTOR('',#4368,1.);
#2783=VECTOR('',#4371,1.);
#2784=VECTOR('',#4372,1.);
#2785=VECTOR('',#4373,1.);
#2786=VECTOR('',#4374,1.);
#2787=VECTOR('',#4377,1.);
#2788=VECTOR('',#4378,1.);
#2789=VECTOR('',#4379,1.);
#2790=VECTOR('',#4380,1.);
#2791=VECTOR('',#4383,1.);
#2792=VECTOR('',#4384,1.);
#2793=VECTOR('',#4385,1.);
#2794=VECTOR('',#4386,1.);
#2795=VECTOR('',#4389,1.);
#2796=VECTOR('',#4390,1.);
#2797=VECTOR('',#4391,1.);
#2798=VECTOR('',#4392,1.);
#2799=VECTOR('',#4395,1.);
#2800=VECTOR('',#4396,1.);
#2801=VECTOR('',#4397,1.);
#2802=VECTOR('',#4398,1.);
#2803=VECTOR('',#4401,1.);
#2804=VECTOR('',#4402,1.);
#2805=VECTOR('',#4403,1.);
#2806=VECTOR('',#4404,1.);
#2807=VECTOR('',#4413,1.);
#2808=VECTOR('',#4418,1.);
#2809=VECTOR('',#4425,1.);
#2810=VECTOR('',#4436,1.);
#2811=VECTOR('',#4439,1.);
#2812=VECTOR('',#4440,1.);
#2813=VECTOR('',#4443,1.);
#2814=VECTOR('',#4444,1.);
#2815=VECTOR('',#4445,1.);
#2816=VECTOR('',#4456,1.);
#2817=VECTOR('',#4463,1.);
#2818=VECTOR('',#4470,1.);
#2819=VECTOR('',#4473,1.);
#2820=VECTOR('',#4480,1.);
#2821=VECTOR('',#4481,1.);
#2822=VECTOR('',#4482,1.);
#2823=VECTOR('',#4485,1.);
#2824=VECTOR('',#4488,1.);
#2825=VECTOR('',#4491,1.);
#2826=VECTOR('',#4494,1.);
#2827=VECTOR('',#4497,1.);
#2828=VECTOR('',#4498,1.);
#2829=VECTOR('',#4499,1.);
#2830=VECTOR('',#4504,1.);
#2831=VECTOR('',#4507,1.);
#2832=VECTOR('',#4508,1.);
#2833=VECTOR('',#4513,1.);
#2834=VECTOR('',#4516,1.);
#2835=VECTOR('',#4517,1.);
#2836=VECTOR('',#4522,1.);
#2837=VECTOR('',#4527,1.);
#2838=VECTOR('',#4528,1.);
#2839=VECTOR('',#4531,1.);
#2840=VECTOR('',#4542,1.);
#2841=VECTOR('',#4545,1.);
#2842=VECTOR('',#4546,1.);
#2843=VECTOR('',#4551,1.);
#2844=VECTOR('',#4554,1.);
#2845=VECTOR('',#4555,1.);
#2846=VECTOR('',#4558,1.);
#2847=VECTOR('',#4561,1.);
#2848=VECTOR('',#4568,1.);
#2849=VECTOR('',#4573,1.);
#2850=VECTOR('',#4578,1.);
#2851=VECTOR('',#4579,1.);
#2852=VECTOR('',#4580,1.);
#2853=VECTOR('',#4591,1.);
#2854=VECTOR('',#4594,1.);
#2855=VECTOR('',#4615,1.);
#2856=VECTOR('',#4616,1.);
#2857=VECTOR('',#4617,1.);
#2858=VECTOR('',#4626,1.);
#2859=VECTOR('',#4669,1.);
#2860=VECTOR('',#4670,1.);
#2861=VECTOR('',#4671,1.);
#2862=VECTOR('',#4676,1.);
#2863=VECTOR('',#4677,1.);
#2864=VECTOR('',#4680,1.);
#2865=VECTOR('',#4683,1.);
#2866=VECTOR('',#4684,1.);
#2867=VECTOR('',#4685,1.);
#2868=VECTOR('',#4686,1.);
#2869=VECTOR('',#4713,1.);
#2870=VECTOR('',#4714,1.);
#2871=VECTOR('',#4715,1.);
#2872=VECTOR('',#4716,1.);
#2873=VECTOR('',#4719,1.);
#2874=VECTOR('',#4720,1.);
#2875=VECTOR('',#4721,1.);
#2876=VECTOR('',#4722,1.);
#2877=VECTOR('',#4725,1.);
#2878=VECTOR('',#4726,1.);
#2879=VECTOR('',#4727,1.);
#2880=VECTOR('',#4728,1.);
#2881=VECTOR('',#4731,1.);
#2882=VECTOR('',#4732,1.);
#2883=VECTOR('',#4733,1.);
#2884=VECTOR('',#4734,1.);
#2885=VECTOR('',#4737,1.);
#2886=VECTOR('',#4740,1.);
#2887=VECTOR('',#4741,1.);
#2888=VECTOR('',#4742,1.);
#2889=VECTOR('',#4751,1.);
#2890=VECTOR('',#4760,1.);
#2891=VECTOR('',#4765,1.);
#2892=VECTOR('',#4768,1.);
#2893=VECTOR('',#4771,1.);
#2894=VECTOR('',#4774,1.);
#2895=VECTOR('',#4777,1.);
#2896=VECTOR('',#4778,1.);
#2897=VECTOR('',#4781,1.);
#2898=VECTOR('',#4784,1.);
#2899=VECTOR('',#4787,1.);
#2900=VECTOR('',#4790,1.);
#2901=VECTOR('',#4793,1.);
#2902=VECTOR('',#4796,1.);
#2903=VECTOR('',#4799,1.);
#2904=VECTOR('',#4802,1.);
#2905=VECTOR('',#4805,1.);
#2906=VECTOR('',#4808,1.);
#2907=VECTOR('',#4811,1.);
#2908=VECTOR('',#4814,1.);
#2909=VECTOR('',#4817,1.);
#2910=VECTOR('',#4820,1.);
#2911=VECTOR('',#4823,1.);
#2912=VECTOR('',#4826,1.);
#2913=VECTOR('',#4829,1.);
#2914=VECTOR('',#4832,1.);
#2915=VECTOR('',#4835,1.);
#2916=VECTOR('',#4838,1.);
#2917=VECTOR('',#4841,1.);
#2918=VECTOR('',#4844,1.);
#2919=VECTOR('',#4847,1.);
#2920=VECTOR('',#4850,1.);
#2921=VECTOR('',#4853,1.);
#2922=VECTOR('',#4856,1.);
#2923=VECTOR('',#4859,1.);
#2924=VECTOR('',#4862,1.);
#2925=VECTOR('',#4865,1.);
#2926=VECTOR('',#4868,1.);
#2927=VECTOR('',#4871,1.);
#2928=VECTOR('',#4874,1.);
#2929=VECTOR('',#4877,1.);
#2930=VECTOR('',#4880,1.);
#2931=VECTOR('',#4883,1.);
#2932=VECTOR('',#4886,1.);
#2933=VECTOR('',#4889,1.);
#2934=VECTOR('',#4892,1.);
#2935=VECTOR('',#4895,1.);
#2936=VECTOR('',#4898,1.);
#2937=VECTOR('',#4901,1.);
#2938=VECTOR('',#4904,1.);
#2939=VECTOR('',#4907,1.);
#2940=VECTOR('',#4910,1.);
#2941=VECTOR('',#4913,1.);
#2942=VECTOR('',#4914,1.);
#2943=VECTOR('',#4915,1.);
#2944=VECTOR('',#4916,1.);
#2945=VECTOR('',#4919,1.);
#2946=VECTOR('',#4920,1.);
#2947=VECTOR('',#4921,1.);
#2948=VECTOR('',#4922,1.);
#2949=VECTOR('',#4925,1.);
#2950=VECTOR('',#4928,1.);
#2951=VECTOR('',#4933,1.);
#2952=VECTOR('',#4936,1.);
#2953=VECTOR('',#4937,1.);
#2954=VECTOR('',#4944,1.);
#2955=VECTOR('',#4951,1.);
#2956=VECTOR('',#4954,1.);
#2957=VECTOR('',#4965,1.);
#2958=VECTOR('',#4966,1.);
#2959=VECTOR('',#4969,1.);
#2960=VECTOR('',#4970,1.);
#2961=VECTOR('',#4975,1.);
#2962=VECTOR('',#4978,1.);
#2963=VECTOR('',#4979,1.);
#2964=VECTOR('',#4984,1.);
#2965=VECTOR('',#4987,1.);
#2966=VECTOR('',#4988,1.);
#2967=VECTOR('',#4993,1.);
#2968=VECTOR('',#4998,1.);
#2969=VECTOR('',#4999,1.);
#2970=VECTOR('',#5002,1.);
#2971=VECTOR('',#5003,1.);
#2972=VECTOR('',#5008,1.);
#2973=VECTOR('',#5011,1.);
#2974=VECTOR('',#5012,1.);
#2975=VECTOR('',#5017,1.);
#2976=VECTOR('',#5020,1.);
#2977=VECTOR('',#5021,1.);
#2978=VECTOR('',#5026,1.);
#2979=VECTOR('',#5031,1.);
#2980=VECTOR('',#5032,1.);
#2981=VECTOR('',#5035,1.);
#2982=VECTOR('',#5036,1.);
#2983=VECTOR('',#5041,1.);
#2984=VECTOR('',#5044,1.);
#2985=VECTOR('',#5045,1.);
#2986=VECTOR('',#5050,1.);
#2987=VECTOR('',#5053,1.);
#2988=VECTOR('',#5054,1.);
#2989=VECTOR('',#5059,1.);
#2990=VECTOR('',#5064,1.);
#2991=VECTOR('',#5065,1.);
#2992=VECTOR('',#5068,1.);
#2993=VECTOR('',#5069,1.);
#2994=VECTOR('',#5074,1.);
#2995=VECTOR('',#5077,1.);
#2996=VECTOR('',#5078,1.);
#2997=VECTOR('',#5083,1.);
#2998=VECTOR('',#5086,1.);
#2999=VECTOR('',#5087,1.);
#3000=VECTOR('',#5092,1.);
#3001=VECTOR('',#5097,1.);
#3002=VECTOR('',#5098,1.);
#3003=VECTOR('',#5101,1.);
#3004=VECTOR('',#5102,1.);
#3005=VECTOR('',#5107,1.);
#3006=VECTOR('',#5110,1.);
#3007=VECTOR('',#5111,1.);
#3008=VECTOR('',#5116,1.);
#3009=VECTOR('',#5119,1.);
#3010=VECTOR('',#5120,1.);
#3011=VECTOR('',#5125,1.);
#3012=VECTOR('',#5130,1.);
#3013=VECTOR('',#5131,1.);
#3014=VECTOR('',#5134,1.);
#3015=VECTOR('',#5135,1.);
#3016=VECTOR('',#5140,1.);
#3017=VECTOR('',#5143,1.);
#3018=VECTOR('',#5144,1.);
#3019=VECTOR('',#5149,1.);
#3020=VECTOR('',#5152,1.);
#3021=VECTOR('',#5153,1.);
#3022=VECTOR('',#5158,1.);
#3023=VECTOR('',#5163,1.);
#3024=VECTOR('',#5164,1.);
#3025=VECTOR('',#5167,1.);
#3026=VECTOR('',#5168,1.);
#3027=VECTOR('',#5173,1.);
#3028=VECTOR('',#5176,1.);
#3029=VECTOR('',#5177,1.);
#3030=VECTOR('',#5182,1.);
#3031=VECTOR('',#5185,1.);
#3032=VECTOR('',#5186,1.);
#3033=VECTOR('',#5191,1.);
#3034=VECTOR('',#5196,1.);
#3035=VECTOR('',#5197,1.);
#3036=VECTOR('',#5200,1.);
#3037=VECTOR('',#5201,1.);
#3038=VECTOR('',#5206,1.);
#3039=VECTOR('',#5209,1.);
#3040=VECTOR('',#5210,1.);
#3041=VECTOR('',#5215,1.);
#3042=VECTOR('',#5218,1.);
#3043=VECTOR('',#5219,1.);
#3044=VECTOR('',#5224,1.);
#3045=VECTOR('',#5229,1.);
#3046=VECTOR('',#5230,1.);
#3047=VECTOR('',#5233,1.);
#3048=VECTOR('',#5234,1.);
#3049=VECTOR('',#5239,1.);
#3050=VECTOR('',#5242,1.);
#3051=VECTOR('',#5243,1.);
#3052=VECTOR('',#5248,1.);
#3053=VECTOR('',#5251,1.);
#3054=VECTOR('',#5252,1.);
#3055=VECTOR('',#5257,1.);
#3056=VECTOR('',#5262,1.);
#3057=VECTOR('',#5263,1.);
#3058=VECTOR('',#5266,1.);
#3059=VECTOR('',#5267,1.);
#3060=VECTOR('',#5272,1.);
#3061=VECTOR('',#5275,1.);
#3062=VECTOR('',#5276,1.);
#3063=VECTOR('',#5281,1.);
#3064=VECTOR('',#5284,1.);
#3065=VECTOR('',#5285,1.);
#3066=VECTOR('',#5290,1.);
#3067=VECTOR('',#5295,1.);
#3068=VECTOR('',#5296,1.);
#3069=VECTOR('',#5299,1.);
#3070=VECTOR('',#5300,1.);
#3071=VECTOR('',#5305,1.);
#3072=VECTOR('',#5308,1.);
#3073=VECTOR('',#5309,1.);
#3074=VECTOR('',#5314,1.);
#3075=VECTOR('',#5317,1.);
#3076=VECTOR('',#5318,1.);
#3077=VECTOR('',#5323,1.);
#3078=VECTOR('',#5326,1.);
#3079=VECTOR('',#5329,1.);
#3080=VECTOR('',#5332,1.);
#3081=VECTOR('',#5335,1.);
#3082=VECTOR('',#5338,1.);
#3083=VECTOR('',#5341,1.);
#3084=VECTOR('',#5344,1.);
#3085=VECTOR('',#5347,1.);
#3086=VECTOR('',#5350,1.);
#3087=VECTOR('',#5353,1.);
#3088=VECTOR('',#5356,1.);
#3089=VECTOR('',#5371,1.);
#3090=VECTOR('',#5372,1.);
#3091=VECTOR('',#5373,1.);
#3092=VECTOR('',#5378,1.);
#3093=VECTOR('',#5381,1.);
#3094=VECTOR('',#5382,1.);
#3095=VECTOR('',#5391,1.);
#3096=VECTOR('',#5394,1.);
#3097=VECTOR('',#5395,1.);
#3098=VECTOR('',#5406,1.);
#3099=VECTOR('',#5409,1.);
#3100=VECTOR('',#5412,1.);
#3101=VECTOR('',#5423,1.);
#3102=VECTOR('',#5426,1.);
#3103=VECTOR('',#5431,1.);
#3104=VECTOR('',#5432,1.);
#3105=VECTOR('',#5435,1.);
#3106=VECTOR('',#5438,1.);
#3107=VECTOR('',#5443,1.);
#3108=VECTOR('',#5446,1.);
#3109=VECTOR('',#5451,1.);
#3110=VECTOR('',#5454,1.);
#3111=VECTOR('',#5459,1.);
#3112=VECTOR('',#5460,1.);
#3113=EDGE_LOOP('',(#331,#332,#333,#334));
#3114=EDGE_LOOP('',(#335,#336,#337,#338));
#3115=EDGE_LOOP('',(#339,#340,#341,#342));
#3116=EDGE_LOOP('',(#343,#344,#345,#346,#347,#348,#349,#350));
#3117=EDGE_LOOP('',(#351,#352,#353,#354));
#3118=EDGE_LOOP('',(#355,#356,#357,#358));
#3119=EDGE_LOOP('',(#359,#360,#361,#362));
#3120=EDGE_LOOP('',(#363,#364,#365,#366));
#3121=EDGE_LOOP('',(#367,#368,#369,#370));
#3122=EDGE_LOOP('',(#371,#372,#373,#374));
#3123=EDGE_LOOP('',(#375,#376,#377,#378));
#3124=EDGE_LOOP('',(#379,#380,#381,#382,#383,#384,#385,#386,#387,#388,#389,
#390));
#3125=EDGE_LOOP('',(#391,#392,#393,#394));
#3126=EDGE_LOOP('',(#395,#396,#397,#398));
#3127=EDGE_LOOP('',(#399,#400,#401,#402));
#3128=EDGE_LOOP('',(#403));
#3129=EDGE_LOOP('',(#404));
#3130=EDGE_LOOP('',(#405));
#3131=EDGE_LOOP('',(#406));
#3132=EDGE_LOOP('',(#407,#408,#409,#410,#411,#412,#413,#414,#415,#416,#417,
#418,#419,#420,#421,#422,#423,#424,#425,#426,#427,#428,#429,#430,#431,#432,
#433,#434,#435,#436,#437,#438));
#3133=EDGE_LOOP('',(#439,#440,#441,#442));
#3134=EDGE_LOOP('',(#443,#444,#445,#446));
#3135=EDGE_LOOP('',(#447,#448,#449,#450));
#3136=EDGE_LOOP('',(#451,#452,#453,#454));
#3137=EDGE_LOOP('',(#455,#456,#457,#458));
#3138=EDGE_LOOP('',(#459,#460,#461,#462));
#3139=EDGE_LOOP('',(#463,#464,#465,#466,#467,#468,#469,#470));
#3140=EDGE_LOOP('',(#471,#472,#473,#474));
#3141=EDGE_LOOP('',(#475,#476,#477,#478,#479,#480,#481,#482));
#3142=EDGE_LOOP('',(#483,#484,#485,#486));
#3143=EDGE_LOOP('',(#487,#488,#489,#490));
#3144=EDGE_LOOP('',(#491,#492,#493,#494));
#3145=EDGE_LOOP('',(#495,#496,#497,#498));
#3146=EDGE_LOOP('',(#499,#500,#501,#502));
#3147=EDGE_LOOP('',(#503,#504,#505,#506));
#3148=EDGE_LOOP('',(#507,#508,#509,#510));
#3149=EDGE_LOOP('',(#511,#512,#513,#514));
#3150=EDGE_LOOP('',(#515,#516,#517,#518));
#3151=EDGE_LOOP('',(#519,#520,#521,#522));
#3152=EDGE_LOOP('',(#523,#524,#525,#526));
#3153=EDGE_LOOP('',(#527,#528,#529,#530));
#3154=EDGE_LOOP('',(#531,#532,#533,#534));
#3155=EDGE_LOOP('',(#535,#536,#537,#538,#539,#540,#541,#542,#543,#544,#545,
#546));
#3156=EDGE_LOOP('',(#547,#548,#549,#550,#551,#552,#553,#554,#555,#556,#557,
#558,#559,#560,#561,#562));
#3157=EDGE_LOOP('',(#563,#564,#565,#566,#567,#568,#569,#570));
#3158=EDGE_LOOP('',(#571,#572,#573,#574));
#3159=EDGE_LOOP('',(#575,#576,#577,#578));
#3160=EDGE_LOOP('',(#579,#580,#581,#582));
#3161=EDGE_LOOP('',(#583,#584,#585,#586));
#3162=EDGE_LOOP('',(#587,#588,#589,#590));
#3163=EDGE_LOOP('',(#591,#592,#593,#594,#595,#596,#597,#598));
#3164=EDGE_LOOP('',(#599,#600,#601,#602,#603,#604,#605,#606));
#3165=EDGE_LOOP('',(#607,#608,#609,#610,#611,#612,#613,#614));
#3166=EDGE_LOOP('',(#615,#616,#617,#618,#619,#620,#621,#622));
#3167=EDGE_LOOP('',(#623));
#3168=EDGE_LOOP('',(#624));
#3169=EDGE_LOOP('',(#625));
#3170=EDGE_LOOP('',(#626));
#3171=EDGE_LOOP('',(#627));
#3172=EDGE_LOOP('',(#628));
#3173=EDGE_LOOP('',(#629));
#3174=EDGE_LOOP('',(#630));
#3175=EDGE_LOOP('',(#631));
#3176=EDGE_LOOP('',(#632));
#3177=EDGE_LOOP('',(#633));
#3178=EDGE_LOOP('',(#634));
#3179=EDGE_LOOP('',(#635,#636,#637,#638,#639,#640,#641,#642));
#3180=EDGE_LOOP('',(#643,#644,#645,#646,#647,#648,#649,#650));
#3181=EDGE_LOOP('',(#651,#652,#653,#654,#655,#656,#657,#658));
#3182=EDGE_LOOP('',(#659));
#3183=EDGE_LOOP('',(#660));
#3184=EDGE_LOOP('',(#661));
#3185=EDGE_LOOP('',(#662));
#3186=EDGE_LOOP('',(#663));
#3187=EDGE_LOOP('',(#664));
#3188=EDGE_LOOP('',(#665));
#3189=EDGE_LOOP('',(#666));
#3190=EDGE_LOOP('',(#667,#668,#669,#670));
#3191=EDGE_LOOP('',(#671,#672,#673,#674));
#3192=EDGE_LOOP('',(#675,#676,#677,#678));
#3193=EDGE_LOOP('',(#679,#680,#681,#682));
#3194=EDGE_LOOP('',(#683,#684,#685,#686,#687,#688));
#3195=EDGE_LOOP('',(#689,#690,#691,#692,#693,#694,#695,#696,#697,#698,#699,
#700,#701,#702,#703,#704,#705,#706,#707,#708,#709,#710,#711,#712,#713,#714,
#715,#716));
#3196=EDGE_LOOP('',(#717,#718,#719,#720,#721,#722,#723,#724));
#3197=EDGE_LOOP('',(#725,#726,#727,#728,#729,#730,#731,#732));
#3198=EDGE_LOOP('',(#733,#734,#735,#736,#737,#738,#739,#740));
#3199=EDGE_LOOP('',(#741,#742,#743,#744,#745,#746,#747,#748));
#3200=EDGE_LOOP('',(#749,#750,#751,#752,#753,#754,#755,#756));
#3201=EDGE_LOOP('',(#757,#758,#759,#760,#761,#762,#763,#764));
#3202=EDGE_LOOP('',(#765,#766,#767,#768,#769,#770,#771,#772));
#3203=EDGE_LOOP('',(#773,#774,#775,#776,#777,#778,#779,#780));
#3204=EDGE_LOOP('',(#781,#782,#783,#784,#785,#786,#787,#788));
#3205=EDGE_LOOP('',(#789,#790,#791,#792,#793,#794,#795,#796));
#3206=EDGE_LOOP('',(#797,#798,#799,#800,#801,#802,#803,#804));
#3207=EDGE_LOOP('',(#805,#806,#807,#808));
#3208=EDGE_LOOP('',(#809,#810,#811,#812));
#3209=EDGE_LOOP('',(#813));
#3210=EDGE_LOOP('',(#814));
#3211=EDGE_LOOP('',(#815));
#3212=EDGE_LOOP('',(#816));
#3213=EDGE_LOOP('',(#817,#818,#819,#820,#821,#822,#823,#824,#825,#826,#827,
#828,#829,#830,#831,#832,#833,#834,#835,#836,#837,#838,#839,#840,#841,#842,
#843,#844,#845,#846,#847,#848));
#3214=EDGE_LOOP('',(#849,#850,#851,#852));
#3215=EDGE_LOOP('',(#853,#854,#855,#856));
#3216=EDGE_LOOP('',(#857,#858,#859,#860));
#3217=EDGE_LOOP('',(#861,#862,#863,#864));
#3218=EDGE_LOOP('',(#865,#866,#867,#868));
#3219=EDGE_LOOP('',(#869,#870,#871,#872));
#3220=EDGE_LOOP('',(#873,#874,#875,#876));
#3221=EDGE_LOOP('',(#877,#878,#879,#880));
#3222=EDGE_LOOP('',(#881,#882,#883,#884));
#3223=EDGE_LOOP('',(#885,#886,#887,#888));
#3224=EDGE_LOOP('',(#889,#890,#891,#892));
#3225=EDGE_LOOP('',(#893,#894,#895,#896));
#3226=EDGE_LOOP('',(#897,#898,#899,#900));
#3227=EDGE_LOOP('',(#901,#902,#903,#904));
#3228=EDGE_LOOP('',(#905,#906,#907,#908));
#3229=EDGE_LOOP('',(#909,#910,#911,#912));
#3230=EDGE_LOOP('',(#913,#914,#915,#916));
#3231=EDGE_LOOP('',(#917,#918,#919,#920));
#3232=EDGE_LOOP('',(#921,#922,#923,#924));
#3233=EDGE_LOOP('',(#925,#926,#927,#928));
#3234=EDGE_LOOP('',(#929,#930,#931,#932));
#3235=EDGE_LOOP('',(#933,#934,#935,#936));
#3236=EDGE_LOOP('',(#937,#938,#939,#940));
#3237=EDGE_LOOP('',(#941,#942,#943,#944));
#3238=EDGE_LOOP('',(#945,#946,#947,#948));
#3239=EDGE_LOOP('',(#949,#950,#951,#952));
#3240=EDGE_LOOP('',(#953,#954,#955,#956));
#3241=EDGE_LOOP('',(#957,#958,#959,#960));
#3242=EDGE_LOOP('',(#961,#962,#963,#964));
#3243=EDGE_LOOP('',(#965,#966,#967,#968));
#3244=EDGE_LOOP('',(#969,#970,#971,#972));
#3245=EDGE_LOOP('',(#973,#974,#975,#976));
#3246=EDGE_LOOP('',(#977,#978,#979,#980));
#3247=EDGE_LOOP('',(#981,#982,#983,#984));
#3248=EDGE_LOOP('',(#985,#986,#987,#988));
#3249=EDGE_LOOP('',(#989,#990,#991,#992));
#3250=EDGE_LOOP('',(#993,#994,#995,#996));
#3251=EDGE_LOOP('',(#997,#998,#999,#1000));
#3252=EDGE_LOOP('',(#1001,#1002,#1003,#1004));
#3253=EDGE_LOOP('',(#1005,#1006,#1007,#1008));
#3254=EDGE_LOOP('',(#1009,#1010,#1011,#1012));
#3255=EDGE_LOOP('',(#1013,#1014,#1015,#1016));
#3256=EDGE_LOOP('',(#1017,#1018,#1019,#1020));
#3257=EDGE_LOOP('',(#1021,#1022,#1023,#1024));
#3258=EDGE_LOOP('',(#1025,#1026,#1027,#1028));
#3259=EDGE_LOOP('',(#1029,#1030,#1031,#1032));
#3260=EDGE_LOOP('',(#1033,#1034,#1035,#1036));
#3261=EDGE_LOOP('',(#1037,#1038,#1039,#1040));
#3262=EDGE_LOOP('',(#1041,#1042,#1043,#1044));
#3263=EDGE_LOOP('',(#1045,#1046,#1047,#1048));
#3264=EDGE_LOOP('',(#1049,#1050,#1051,#1052));
#3265=EDGE_LOOP('',(#1053,#1054,#1055,#1056));
#3266=EDGE_LOOP('',(#1057,#1058,#1059,#1060));
#3267=EDGE_LOOP('',(#1061,#1062,#1063,#1064));
#3268=EDGE_LOOP('',(#1065,#1066,#1067,#1068));
#3269=EDGE_LOOP('',(#1069,#1070,#1071,#1072));
#3270=EDGE_LOOP('',(#1073,#1074,#1075,#1076));
#3271=EDGE_LOOP('',(#1077,#1078,#1079,#1080));
#3272=EDGE_LOOP('',(#1081,#1082,#1083,#1084));
#3273=EDGE_LOOP('',(#1085,#1086,#1087,#1088));
#3274=EDGE_LOOP('',(#1089,#1090,#1091,#1092));
#3275=EDGE_LOOP('',(#1093,#1094,#1095,#1096));
#3276=EDGE_LOOP('',(#1097,#1098,#1099,#1100));
#3277=EDGE_LOOP('',(#1101,#1102,#1103,#1104));
#3278=EDGE_LOOP('',(#1105,#1106,#1107,#1108));
#3279=EDGE_LOOP('',(#1109,#1110,#1111,#1112));
#3280=EDGE_LOOP('',(#1113,#1114,#1115,#1116));
#3281=EDGE_LOOP('',(#1117,#1118,#1119,#1120));
#3282=EDGE_LOOP('',(#1121,#1122,#1123,#1124));
#3283=EDGE_LOOP('',(#1125,#1126,#1127,#1128));
#3284=EDGE_LOOP('',(#1129,#1130,#1131,#1132));
#3285=EDGE_LOOP('',(#1133,#1134,#1135,#1136));
#3286=EDGE_LOOP('',(#1137,#1138,#1139,#1140));
#3287=EDGE_LOOP('',(#1141,#1142,#1143,#1144));
#3288=EDGE_LOOP('',(#1145,#1146,#1147,#1148));
#3289=EDGE_LOOP('',(#1149,#1150,#1151,#1152));
#3290=EDGE_LOOP('',(#1153,#1154,#1155,#1156));
#3291=EDGE_LOOP('',(#1157,#1158,#1159,#1160));
#3292=EDGE_LOOP('',(#1161,#1162,#1163,#1164));
#3293=EDGE_LOOP('',(#1165,#1166,#1167,#1168));
#3294=EDGE_LOOP('',(#1169,#1170,#1171,#1172));
#3295=EDGE_LOOP('',(#1173,#1174,#1175,#1176));
#3296=EDGE_LOOP('',(#1177,#1178,#1179,#1180));
#3297=EDGE_LOOP('',(#1181,#1182,#1183,#1184));
#3298=EDGE_LOOP('',(#1185,#1186,#1187,#1188));
#3299=EDGE_LOOP('',(#1189,#1190,#1191,#1192));
#3300=EDGE_LOOP('',(#1193,#1194,#1195,#1196));
#3301=EDGE_LOOP('',(#1197,#1198,#1199,#1200));
#3302=EDGE_LOOP('',(#1201,#1202,#1203,#1204));
#3303=EDGE_LOOP('',(#1205,#1206,#1207,#1208));
#3304=EDGE_LOOP('',(#1209,#1210,#1211,#1212));
#3305=EDGE_LOOP('',(#1213,#1214,#1215,#1216));
#3306=EDGE_LOOP('',(#1217,#1218,#1219,#1220));
#3307=EDGE_LOOP('',(#1221,#1222,#1223,#1224));
#3308=EDGE_LOOP('',(#1225,#1226,#1227,#1228));
#3309=EDGE_LOOP('',(#1229,#1230,#1231,#1232));
#3310=EDGE_LOOP('',(#1233,#1234,#1235,#1236));
#3311=EDGE_LOOP('',(#1237,#1238,#1239,#1240));
#3312=EDGE_LOOP('',(#1241,#1242,#1243,#1244));
#3313=EDGE_LOOP('',(#1245,#1246,#1247,#1248));
#3314=EDGE_LOOP('',(#1249,#1250,#1251,#1252));
#3315=EDGE_LOOP('',(#1253,#1254,#1255,#1256,#1257,#1258,#1259,#1260,#1261,
#1262,#1263,#1264,#1265,#1266,#1267,#1268,#1269,#1270,#1271,#1272,#1273,
#1274,#1275,#1276));
#3316=EDGE_LOOP('',(#1277,#1278,#1279,#1280,#1281,#1282,#1283,#1284));
#3317=EDGE_LOOP('',(#1285,#1286,#1287,#1288,#1289,#1290,#1291,#1292));
#3318=EDGE_LOOP('',(#1293,#1294,#1295,#1296,#1297,#1298,#1299,#1300));
#3319=EDGE_LOOP('',(#1301,#1302,#1303,#1304,#1305,#1306,#1307,#1308));
#3320=EDGE_LOOP('',(#1309,#1310,#1311,#1312,#1313,#1314,#1315,#1316));
#3321=EDGE_LOOP('',(#1317,#1318,#1319,#1320,#1321,#1322,#1323,#1324));
#3322=EDGE_LOOP('',(#1325,#1326,#1327,#1328,#1329,#1330,#1331,#1332));
#3323=EDGE_LOOP('',(#1333,#1334,#1335,#1336,#1337,#1338,#1339,#1340));
#3324=EDGE_LOOP('',(#1341,#1342,#1343,#1344,#1345,#1346,#1347,#1348));
#3325=EDGE_LOOP('',(#1349,#1350,#1351,#1352,#1353,#1354,#1355,#1356));
#3326=EDGE_LOOP('',(#1357,#1358,#1359,#1360,#1361,#1362,#1363,#1364));
#3327=EDGE_LOOP('',(#1365,#1366,#1367,#1368,#1369,#1370));
#3328=EDGE_LOOP('',(#1371,#1372,#1373,#1374));
#3329=EDGE_LOOP('',(#1375,#1376,#1377,#1378));
#3330=EDGE_LOOP('',(#1379,#1380,#1381,#1382));
#3331=EDGE_LOOP('',(#1383,#1384,#1385,#1386,#1387,#1388));
#3332=EDGE_LOOP('',(#1389,#1390,#1391,#1392,#1393,#1394));
#3333=EDGE_LOOP('',(#1395,#1396,#1397,#1398));
#3334=EDGE_LOOP('',(#1399,#1400,#1401,#1402));
#3335=EDGE_LOOP('',(#1403,#1404,#1405,#1406));
#3336=EDGE_LOOP('',(#1407,#1408,#1409,#1410));
#3337=EDGE_LOOP('',(#1411,#1412,#1413,#1414));
#3338=EDGE_LOOP('',(#1415,#1416,#1417,#1418));
#3339=EDGE_LOOP('',(#1419,#1420,#1421,#1422));
#3340=EDGE_LOOP('',(#1423,#1424,#1425,#1426));
#3341=EDGE_LOOP('',(#1427,#1428,#1429,#1430));
#3342=EDGE_LOOP('',(#1431,#1432,#1433,#1434));
#3343=EDGE_LOOP('',(#1435,#1436,#1437,#1438));
#3344=EDGE_LOOP('',(#1439,#1440,#1441,#1442));
#3345=EDGE_LOOP('',(#1443,#1444));
#3346=EDGE_LOOP('',(#1445));
#3347=EDGE_LOOP('',(#1446));
#3348=EDGE_LOOP('',(#1447));
#3349=EDGE_LOOP('',(#1448,#1449));
#3350=EDGE_LOOP('',(#1450));
#3351=EDGE_LOOP('',(#1451));
#3352=EDGE_LOOP('',(#1452));
#3353=EDGE_LOOP('',(#1453,#1454));
#3354=EDGE_LOOP('',(#1455));
#3355=EDGE_LOOP('',(#1456));
#3356=EDGE_LOOP('',(#1457));
#3357=EDGE_LOOP('',(#1458,#1459));
#3358=EDGE_LOOP('',(#1460));
#3359=EDGE_LOOP('',(#1461));
#3360=EDGE_LOOP('',(#1462));
#3361=FACE_BOUND('',#3113,.T.);
#3362=FACE_BOUND('',#3114,.T.);
#3363=FACE_BOUND('',#3115,.T.);
#3364=FACE_BOUND('',#3116,.T.);
#3365=FACE_BOUND('',#3117,.T.);
#3366=FACE_BOUND('',#3118,.T.);
#3367=FACE_BOUND('',#3119,.T.);
#3368=FACE_BOUND('',#3120,.T.);
#3369=FACE_BOUND('',#3121,.T.);
#3370=FACE_BOUND('',#3122,.T.);
#3371=FACE_BOUND('',#3123,.T.);
#3372=FACE_BOUND('',#3124,.T.);
#3373=FACE_BOUND('',#3125,.T.);
#3374=FACE_BOUND('',#3126,.T.);
#3375=FACE_BOUND('',#3127,.T.);
#3376=FACE_BOUND('',#3128,.T.);
#3377=FACE_BOUND('',#3129,.T.);
#3378=FACE_BOUND('',#3130,.T.);
#3379=FACE_BOUND('',#3131,.T.);
#3380=FACE_BOUND('',#3132,.T.);
#3381=FACE_BOUND('',#3133,.T.);
#3382=FACE_BOUND('',#3134,.T.);
#3383=FACE_BOUND('',#3135,.T.);
#3384=FACE_BOUND('',#3136,.T.);
#3385=FACE_BOUND('',#3137,.T.);
#3386=FACE_BOUND('',#3138,.T.);
#3387=FACE_BOUND('',#3139,.T.);
#3388=FACE_BOUND('',#3140,.T.);
#3389=FACE_BOUND('',#3141,.T.);
#3390=FACE_BOUND('',#3142,.T.);
#3391=FACE_BOUND('',#3143,.T.);
#3392=FACE_BOUND('',#3144,.T.);
#3393=FACE_BOUND('',#3145,.T.);
#3394=FACE_BOUND('',#3146,.T.);
#3395=FACE_BOUND('',#3147,.T.);
#3396=FACE_BOUND('',#3148,.T.);
#3397=FACE_BOUND('',#3149,.T.);
#3398=FACE_BOUND('',#3150,.T.);
#3399=FACE_BOUND('',#3151,.T.);
#3400=FACE_BOUND('',#3152,.T.);
#3401=FACE_BOUND('',#3153,.T.);
#3402=FACE_BOUND('',#3154,.T.);
#3403=FACE_BOUND('',#3155,.T.);
#3404=FACE_BOUND('',#3156,.T.);
#3405=FACE_BOUND('',#3157,.T.);
#3406=FACE_BOUND('',#3158,.T.);
#3407=FACE_BOUND('',#3159,.T.);
#3408=FACE_BOUND('',#3160,.T.);
#3409=FACE_BOUND('',#3161,.T.);
#3410=FACE_BOUND('',#3162,.T.);
#3411=FACE_BOUND('',#3163,.T.);
#3412=FACE_BOUND('',#3164,.T.);
#3413=FACE_BOUND('',#3165,.T.);
#3414=FACE_BOUND('',#3166,.T.);
#3415=FACE_BOUND('',#3167,.T.);
#3416=FACE_BOUND('',#3168,.T.);
#3417=FACE_BOUND('',#3169,.T.);
#3418=FACE_BOUND('',#3170,.T.);
#3419=FACE_BOUND('',#3171,.T.);
#3420=FACE_BOUND('',#3172,.T.);
#3421=FACE_BOUND('',#3173,.T.);
#3422=FACE_BOUND('',#3174,.T.);
#3423=FACE_BOUND('',#3175,.T.);
#3424=FACE_BOUND('',#3176,.T.);
#3425=FACE_BOUND('',#3177,.T.);
#3426=FACE_BOUND('',#3178,.T.);
#3427=FACE_BOUND('',#3179,.T.);
#3428=FACE_BOUND('',#3180,.T.);
#3429=FACE_BOUND('',#3181,.T.);
#3430=FACE_BOUND('',#3182,.T.);
#3431=FACE_BOUND('',#3183,.T.);
#3432=FACE_BOUND('',#3184,.T.);
#3433=FACE_BOUND('',#3185,.T.);
#3434=FACE_BOUND('',#3186,.T.);
#3435=FACE_BOUND('',#3187,.T.);
#3436=FACE_BOUND('',#3188,.T.);
#3437=FACE_BOUND('',#3189,.T.);
#3438=FACE_BOUND('',#3190,.T.);
#3439=FACE_BOUND('',#3191,.T.);
#3440=FACE_BOUND('',#3192,.T.);
#3441=FACE_BOUND('',#3193,.T.);
#3442=FACE_BOUND('',#3194,.T.);
#3443=FACE_BOUND('',#3195,.T.);
#3444=FACE_BOUND('',#3196,.T.);
#3445=FACE_BOUND('',#3197,.T.);
#3446=FACE_BOUND('',#3198,.T.);
#3447=FACE_BOUND('',#3199,.T.);
#3448=FACE_BOUND('',#3200,.T.);
#3449=FACE_BOUND('',#3201,.T.);
#3450=FACE_BOUND('',#3202,.T.);
#3451=FACE_BOUND('',#3203,.T.);
#3452=FACE_BOUND('',#3204,.T.);
#3453=FACE_BOUND('',#3205,.T.);
#3454=FACE_BOUND('',#3206,.T.);
#3455=FACE_BOUND('',#3207,.T.);
#3456=FACE_BOUND('',#3208,.T.);
#3457=FACE_BOUND('',#3209,.T.);
#3458=FACE_BOUND('',#3210,.T.);
#3459=FACE_BOUND('',#3211,.T.);
#3460=FACE_BOUND('',#3212,.T.);
#3461=FACE_BOUND('',#3213,.T.);
#3462=FACE_BOUND('',#3214,.T.);
#3463=FACE_BOUND('',#3215,.T.);
#3464=FACE_BOUND('',#3216,.T.);
#3465=FACE_BOUND('',#3217,.T.);
#3466=FACE_BOUND('',#3218,.T.);
#3467=FACE_BOUND('',#3219,.T.);
#3468=FACE_BOUND('',#3220,.T.);
#3469=FACE_BOUND('',#3221,.T.);
#3470=FACE_BOUND('',#3222,.T.);
#3471=FACE_BOUND('',#3223,.T.);
#3472=FACE_BOUND('',#3224,.T.);
#3473=FACE_BOUND('',#3225,.T.);
#3474=FACE_BOUND('',#3226,.T.);
#3475=FACE_BOUND('',#3227,.T.);
#3476=FACE_BOUND('',#3228,.T.);
#3477=FACE_BOUND('',#3229,.T.);
#3478=FACE_BOUND('',#3230,.T.);
#3479=FACE_BOUND('',#3231,.T.);
#3480=FACE_BOUND('',#3232,.T.);
#3481=FACE_BOUND('',#3233,.T.);
#3482=FACE_BOUND('',#3234,.T.);
#3483=FACE_BOUND('',#3235,.T.);
#3484=FACE_BOUND('',#3236,.T.);
#3485=FACE_BOUND('',#3237,.T.);
#3486=FACE_BOUND('',#3238,.T.);
#3487=FACE_BOUND('',#3239,.T.);
#3488=FACE_BOUND('',#3240,.T.);
#3489=FACE_BOUND('',#3241,.T.);
#3490=FACE_BOUND('',#3242,.T.);
#3491=FACE_BOUND('',#3243,.T.);
#3492=FACE_BOUND('',#3244,.T.);
#3493=FACE_BOUND('',#3245,.T.);
#3494=FACE_BOUND('',#3246,.T.);
#3495=FACE_BOUND('',#3247,.T.);
#3496=FACE_BOUND('',#3248,.T.);
#3497=FACE_BOUND('',#3249,.T.);
#3498=FACE_BOUND('',#3250,.T.);
#3499=FACE_BOUND('',#3251,.T.);
#3500=FACE_BOUND('',#3252,.T.);
#3501=FACE_BOUND('',#3253,.T.);
#3502=FACE_BOUND('',#3254,.T.);
#3503=FACE_BOUND('',#3255,.T.);
#3504=FACE_BOUND('',#3256,.T.);
#3505=FACE_BOUND('',#3257,.T.);
#3506=FACE_BOUND('',#3258,.T.);
#3507=FACE_BOUND('',#3259,.T.);
#3508=FACE_BOUND('',#3260,.T.);
#3509=FACE_BOUND('',#3261,.T.);
#3510=FACE_BOUND('',#3262,.T.);
#3511=FACE_BOUND('',#3263,.T.);
#3512=FACE_BOUND('',#3264,.T.);
#3513=FACE_BOUND('',#3265,.T.);
#3514=FACE_BOUND('',#3266,.T.);
#3515=FACE_BOUND('',#3267,.T.);
#3516=FACE_BOUND('',#3268,.T.);
#3517=FACE_BOUND('',#3269,.T.);
#3518=FACE_BOUND('',#3270,.T.);
#3519=FACE_BOUND('',#3271,.T.);
#3520=FACE_BOUND('',#3272,.T.);
#3521=FACE_BOUND('',#3273,.T.);
#3522=FACE_BOUND('',#3274,.T.);
#3523=FACE_BOUND('',#3275,.T.);
#3524=FACE_BOUND('',#3276,.T.);
#3525=FACE_BOUND('',#3277,.T.);
#3526=FACE_BOUND('',#3278,.T.);
#3527=FACE_BOUND('',#3279,.T.);
#3528=FACE_BOUND('',#3280,.T.);
#3529=FACE_BOUND('',#3281,.T.);
#3530=FACE_BOUND('',#3282,.T.);
#3531=FACE_BOUND('',#3283,.T.);
#3532=FACE_BOUND('',#3284,.T.);
#3533=FACE_BOUND('',#3285,.T.);
#3534=FACE_BOUND('',#3286,.T.);
#3535=FACE_BOUND('',#3287,.T.);
#3536=FACE_BOUND('',#3288,.T.);
#3537=FACE_BOUND('',#3289,.T.);
#3538=FACE_BOUND('',#3290,.T.);
#3539=FACE_BOUND('',#3291,.T.);
#3540=FACE_BOUND('',#3292,.T.);
#3541=FACE_BOUND('',#3293,.T.);
#3542=FACE_BOUND('',#3294,.T.);
#3543=FACE_BOUND('',#3295,.T.);
#3544=FACE_BOUND('',#3296,.T.);
#3545=FACE_BOUND('',#3297,.T.);
#3546=FACE_BOUND('',#3298,.T.);
#3547=FACE_BOUND('',#3299,.T.);
#3548=FACE_BOUND('',#3300,.T.);
#3549=FACE_BOUND('',#3301,.T.);
#3550=FACE_BOUND('',#3302,.T.);
#3551=FACE_BOUND('',#3303,.T.);
#3552=FACE_BOUND('',#3304,.T.);
#3553=FACE_BOUND('',#3305,.T.);
#3554=FACE_BOUND('',#3306,.T.);
#3555=FACE_BOUND('',#3307,.T.);
#3556=FACE_BOUND('',#3308,.T.);
#3557=FACE_BOUND('',#3309,.T.);
#3558=FACE_BOUND('',#3310,.T.);
#3559=FACE_BOUND('',#3311,.T.);
#3560=FACE_BOUND('',#3312,.T.);
#3561=FACE_BOUND('',#3313,.T.);
#3562=FACE_BOUND('',#3314,.T.);
#3563=FACE_BOUND('',#3315,.T.);
#3564=FACE_BOUND('',#3316,.T.);
#3565=FACE_BOUND('',#3317,.T.);
#3566=FACE_BOUND('',#3318,.T.);
#3567=FACE_BOUND('',#3319,.T.);
#3568=FACE_BOUND('',#3320,.T.);
#3569=FACE_BOUND('',#3321,.T.);
#3570=FACE_BOUND('',#3322,.T.);
#3571=FACE_BOUND('',#3323,.T.);
#3572=FACE_BOUND('',#3324,.T.);
#3573=FACE_BOUND('',#3325,.T.);
#3574=FACE_BOUND('',#3326,.T.);
#3575=FACE_BOUND('',#3327,.T.);
#3576=FACE_BOUND('',#3328,.T.);
#3577=FACE_BOUND('',#3329,.T.);
#3578=FACE_BOUND('',#3330,.T.);
#3579=FACE_BOUND('',#3331,.T.);
#3580=FACE_BOUND('',#3332,.T.);
#3581=FACE_BOUND('',#3333,.T.);
#3582=FACE_BOUND('',#3334,.T.);
#3583=FACE_BOUND('',#3335,.T.);
#3584=FACE_BOUND('',#3336,.T.);
#3585=FACE_BOUND('',#3337,.T.);
#3586=FACE_BOUND('',#3338,.T.);
#3587=FACE_BOUND('',#3339,.T.);
#3588=FACE_BOUND('',#3340,.T.);
#3589=FACE_BOUND('',#3341,.T.);
#3590=FACE_BOUND('',#3342,.T.);
#3591=FACE_BOUND('',#3343,.T.);
#3592=FACE_BOUND('',#3344,.T.);
#3593=FACE_BOUND('',#3345,.T.);
#3594=FACE_BOUND('',#3346,.T.);
#3595=FACE_BOUND('',#3347,.T.);
#3596=FACE_BOUND('',#3348,.T.);
#3597=FACE_BOUND('',#3349,.T.);
#3598=FACE_BOUND('',#3350,.T.);
#3599=FACE_BOUND('',#3351,.T.);
#3600=FACE_BOUND('',#3352,.T.);
#3601=FACE_BOUND('',#3353,.T.);
#3602=FACE_BOUND('',#3354,.T.);
#3603=FACE_BOUND('',#3355,.T.);
#3604=FACE_BOUND('',#3356,.T.);
#3605=FACE_BOUND('',#3357,.T.);
#3606=FACE_BOUND('',#3358,.T.);
#3607=FACE_BOUND('',#3359,.T.);
#3608=FACE_BOUND('',#3360,.T.);
#3609=PLANE('',#3936);
#3610=PLANE('',#3937);
#3611=PLANE('',#3938);
#3612=PLANE('',#3939);
#3613=PLANE('',#3940);
#3614=PLANE('',#3941);
#3615=PLANE('',#3942);
#3616=PLANE('',#3943);
#3617=PLANE('',#3944);
#3618=PLANE('',#3945);
#3619=PLANE('',#3946);
#3620=PLANE('',#3949);
#3621=PLANE('',#3956);
#3622=PLANE('',#3959);
#3623=PLANE('',#3961);
#3624=PLANE('',#3962);
#3625=PLANE('',#3981);
#3626=PLANE('',#3984);
#3627=PLANE('',#3987);
#3628=PLANE('',#3990);
#3629=PLANE('',#3995);
#3630=PLANE('',#3998);
#3631=PLANE('',#4001);
#3632=PLANE('',#4003);
#3633=PLANE('',#4010);
#3634=PLANE('',#4016);
#3635=PLANE('',#4017);
#3636=PLANE('',#4020);
#3637=PLANE('',#4025);
#3638=PLANE('',#4029);
#3639=PLANE('',#4040);
#3640=PLANE('',#4043);
#3641=PLANE('',#4046);
#3642=PLANE('',#4049);
#3643=PLANE('',#4068);
#3644=PLANE('',#4069);
#3645=PLANE('',#4070);
#3646=PLANE('',#4071);
#3647=PLANE('',#4072);
#3648=PLANE('',#4075);
#3649=PLANE('',#4132);
#3650=PLANE('',#4133);
#3651=PLANE('',#4134);
#3652=PLANE('',#4151);
#3653=PLANE('',#4154);
#3654=PLANE('',#4157);
#3655=PLANE('',#4162);
#3656=PLANE('',#4165);
#3657=PLANE('',#4168);
#3658=PLANE('',#4173);
#3659=PLANE('',#4176);
#3660=PLANE('',#4179);
#3661=PLANE('',#4184);
#3662=PLANE('',#4187);
#3663=PLANE('',#4190);
#3664=PLANE('',#4195);
#3665=PLANE('',#4198);
#3666=PLANE('',#4201);
#3667=PLANE('',#4206);
#3668=PLANE('',#4209);
#3669=PLANE('',#4212);
#3670=PLANE('',#4217);
#3671=PLANE('',#4220);
#3672=PLANE('',#4223);
#3673=PLANE('',#4228);
#3674=PLANE('',#4231);
#3675=PLANE('',#4234);
#3676=PLANE('',#4239);
#3677=PLANE('',#4242);
#3678=PLANE('',#4245);
#3679=PLANE('',#4250);
#3680=PLANE('',#4253);
#3681=PLANE('',#4256);
#3682=PLANE('',#4261);
#3683=PLANE('',#4264);
#3684=PLANE('',#4267);
#3685=PLANE('',#4270);
#3686=PLANE('',#4271);
#3687=PLANE('',#4272);
#3688=PLANE('',#4273);
#3689=PLANE('',#4274);
#3690=PLANE('',#4275);
#3691=PLANE('',#4276);
#3692=PLANE('',#4277);
#3693=PLANE('',#4278);
#3694=PLANE('',#4279);
#3695=PLANE('',#4280);
#3696=PLANE('',#4287);
#3697=PLANE('',#4290);
#3698=PLANE('',#4295);
#3699=PLANE('',#4298);
#3700=PLANE('',#4307);
#3701=PLANE('',#4310);
#3702=PLANE('',#4312);
#3703=PLANE('',#4315);
#3704=PLANE('',#4318);
#3705=PLANE('',#4320);
#3706=PLANE('',#4329);
#3707=PLANE('',#4332);
#3708=PLANE('',#4335);
#3709=PLANE('',#4338);
#3710=ADVANCED_FACE('',(#3361),#3609,.F.);
#3711=ADVANCED_FACE('',(#3362),#3610,.F.);
#3712=ADVANCED_FACE('',(#3363),#3611,.F.);
#3713=ADVANCED_FACE('',(#3364),#3612,.F.);
#3714=ADVANCED_FACE('',(#3365),#3613,.F.);
#3715=ADVANCED_FACE('',(#3366),#3614,.F.);
#3716=ADVANCED_FACE('',(#3367),#3615,.F.);
#3717=ADVANCED_FACE('',(#3368),#3616,.F.);
#3718=ADVANCED_FACE('',(#3369),#3617,.F.);
#3719=ADVANCED_FACE('',(#3370),#3618,.F.);
#3720=ADVANCED_FACE('',(#3371),#3619,.T.);
#3721=ADVANCED_FACE('',(#3372),#3620,.T.);
#3722=ADVANCED_FACE('',(#3373),#3621,.T.);
#3723=ADVANCED_FACE('',(#3374),#3622,.F.);
#3724=ADVANCED_FACE('',(#3375),#3623,.F.);
#3725=ADVANCED_FACE('',(#3376,#3377,#3378,#3379,#3380),#3624,.T.);
#3726=ADVANCED_FACE('',(#3381),#3625,.T.);
#3727=ADVANCED_FACE('',(#3382),#34,.T.);
#3728=ADVANCED_FACE('',(#3383),#3626,.T.);
#3729=ADVANCED_FACE('',(#3384),#35,.T.);
#3730=ADVANCED_FACE('',(#3385),#3627,.T.);
#3731=ADVANCED_FACE('',(#3386),#36,.T.);
#3732=ADVANCED_FACE('',(#3387),#3628,.T.);
#3733=ADVANCED_FACE('',(#3388),#37,.T.);
#3734=ADVANCED_FACE('',(#3389),#3629,.F.);
#3735=ADVANCED_FACE('',(#3390),#38,.F.);
#3736=ADVANCED_FACE('',(#3391),#3630,.F.);
#3737=ADVANCED_FACE('',(#3392),#39,.F.);
#3738=ADVANCED_FACE('',(#3393),#3631,.F.);
#3739=ADVANCED_FACE('',(#3394),#40,.F.);
#3740=ADVANCED_FACE('',(#3395),#3632,.F.);
#3741=ADVANCED_FACE('',(#3396),#41,.F.);
#3742=ADVANCED_FACE('',(#3397),#42,.F.);
#3743=ADVANCED_FACE('',(#3398),#43,.F.);
#3744=ADVANCED_FACE('',(#3399),#3633,.F.);
#3745=ADVANCED_FACE('',(#3400),#44,.F.);
#3746=ADVANCED_FACE('',(#3401),#45,.F.);
#3747=ADVANCED_FACE('',(#3402),#3634,.F.);
#3748=ADVANCED_FACE('',(#3403),#3635,.T.);
#3749=ADVANCED_FACE('',(#3404),#3636,.T.);
#3750=ADVANCED_FACE('',(#3405),#3637,.T.);
#3751=ADVANCED_FACE('',(#3406),#46,.F.);
#3752=ADVANCED_FACE('',(#3407),#3638,.F.);
#3753=ADVANCED_FACE('',(#3408),#47,.F.);
#3754=ADVANCED_FACE('',(#3409),#48,.F.);
#3755=ADVANCED_FACE('',(#3410),#49,.F.);
#3756=ADVANCED_FACE('',(#3411),#50,.T.);
#3757=ADVANCED_FACE('',(#3412),#51,.T.);
#3758=ADVANCED_FACE('',(#3413),#52,.T.);
#3759=ADVANCED_FACE('',(#3414),#53,.T.);
#3760=ADVANCED_FACE('',(#3415,#3416),#54,.F.);
#3761=ADVANCED_FACE('',(#3417),#3639,.T.);
#3762=ADVANCED_FACE('',(#3418,#3419),#55,.F.);
#3763=ADVANCED_FACE('',(#3420),#3640,.T.);
#3764=ADVANCED_FACE('',(#3421,#3422),#56,.F.);
#3765=ADVANCED_FACE('',(#3423),#3641,.T.);
#3766=ADVANCED_FACE('',(#3424,#3425),#57,.F.);
#3767=ADVANCED_FACE('',(#3426),#3642,.T.);
#3768=ADVANCED_FACE('',(#3427),#58,.T.);
#3769=ADVANCED_FACE('',(#3428),#59,.T.);
#3770=ADVANCED_FACE('',(#3429),#60,.T.);
#3771=ADVANCED_FACE('',(#3430,#3431),#61,.F.);
#3772=ADVANCED_FACE('',(#3432,#3433),#62,.F.);
#3773=ADVANCED_FACE('',(#3434,#3435),#63,.F.);
#3774=ADVANCED_FACE('',(#3436,#3437),#64,.F.);
#3775=ADVANCED_FACE('',(#3438),#3643,.T.);
#3776=ADVANCED_FACE('',(#3439),#3644,.T.);
#3777=ADVANCED_FACE('',(#3440),#3645,.T.);
#3778=ADVANCED_FACE('',(#3441),#3646,.T.);
#3779=ADVANCED_FACE('',(#3442),#3647,.F.);
#3780=ADVANCED_FACE('',(#3443,#3444,#3445,#3446,#3447,#3448,#3449,#3450,
#3451,#3452,#3453,#3454),#3648,.T.);
#3781=ADVANCED_FACE('',(#3455),#3649,.T.);
#3782=ADVANCED_FACE('',(#3456),#3650,.T.);
#3783=ADVANCED_FACE('',(#3457,#3458,#3459,#3460,#3461),#3651,.F.);
#3784=ADVANCED_FACE('',(#3462),#65,.F.);
#3785=ADVANCED_FACE('',(#3463),#3652,.T.);
#3786=ADVANCED_FACE('',(#3464),#66,.F.);
#3787=ADVANCED_FACE('',(#3465),#3653,.F.);
#3788=ADVANCED_FACE('',(#3466),#67,.F.);
#3789=ADVANCED_FACE('',(#3467),#3654,.F.);
#3790=ADVANCED_FACE('',(#3468),#68,.F.);
#3791=ADVANCED_FACE('',(#3469),#69,.F.);
#3792=ADVANCED_FACE('',(#3470),#3655,.T.);
#3793=ADVANCED_FACE('',(#3471),#70,.F.);
#3794=ADVANCED_FACE('',(#3472),#3656,.F.);
#3795=ADVANCED_FACE('',(#3473),#71,.F.);
#3796=ADVANCED_FACE('',(#3474),#3657,.F.);
#3797=ADVANCED_FACE('',(#3475),#72,.F.);
#3798=ADVANCED_FACE('',(#3476),#73,.F.);
#3799=ADVANCED_FACE('',(#3477),#3658,.T.);
#3800=ADVANCED_FACE('',(#3478),#74,.F.);
#3801=ADVANCED_FACE('',(#3479),#3659,.F.);
#3802=ADVANCED_FACE('',(#3480),#75,.F.);
#3803=ADVANCED_FACE('',(#3481),#3660,.F.);
#3804=ADVANCED_FACE('',(#3482),#76,.F.);
#3805=ADVANCED_FACE('',(#3483),#77,.F.);
#3806=ADVANCED_FACE('',(#3484),#3661,.T.);
#3807=ADVANCED_FACE('',(#3485),#78,.F.);
#3808=ADVANCED_FACE('',(#3486),#3662,.F.);
#3809=ADVANCED_FACE('',(#3487),#79,.F.);
#3810=ADVANCED_FACE('',(#3488),#3663,.F.);
#3811=ADVANCED_FACE('',(#3489),#80,.F.);
#3812=ADVANCED_FACE('',(#3490),#81,.F.);
#3813=ADVANCED_FACE('',(#3491),#3664,.T.);
#3814=ADVANCED_FACE('',(#3492),#82,.F.);
#3815=ADVANCED_FACE('',(#3493),#3665,.F.);
#3816=ADVANCED_FACE('',(#3494),#83,.F.);
#3817=ADVANCED_FACE('',(#3495),#3666,.F.);
#3818=ADVANCED_FACE('',(#3496),#84,.F.);
#3819=ADVANCED_FACE('',(#3497),#85,.F.);
#3820=ADVANCED_FACE('',(#3498),#3667,.T.);
#3821=ADVANCED_FACE('',(#3499),#86,.F.);
#3822=ADVANCED_FACE('',(#3500),#3668,.F.);
#3823=ADVANCED_FACE('',(#3501),#87,.F.);
#3824=ADVANCED_FACE('',(#3502),#3669,.F.);
#3825=ADVANCED_FACE('',(#3503),#88,.F.);
#3826=ADVANCED_FACE('',(#3504),#89,.F.);
#3827=ADVANCED_FACE('',(#3505),#3670,.T.);
#3828=ADVANCED_FACE('',(#3506),#90,.F.);
#3829=ADVANCED_FACE('',(#3507),#3671,.F.);
#3830=ADVANCED_FACE('',(#3508),#91,.F.);
#3831=ADVANCED_FACE('',(#3509),#3672,.F.);
#3832=ADVANCED_FACE('',(#3510),#92,.F.);
#3833=ADVANCED_FACE('',(#3511),#93,.F.);
#3834=ADVANCED_FACE('',(#3512),#3673,.T.);
#3835=ADVANCED_FACE('',(#3513),#94,.F.);
#3836=ADVANCED_FACE('',(#3514),#3674,.F.);
#3837=ADVANCED_FACE('',(#3515),#95,.F.);
#3838=ADVANCED_FACE('',(#3516),#3675,.F.);
#3839=ADVANCED_FACE('',(#3517),#96,.F.);
#3840=ADVANCED_FACE('',(#3518),#97,.F.);
#3841=ADVANCED_FACE('',(#3519),#3676,.T.);
#3842=ADVANCED_FACE('',(#3520),#98,.F.);
#3843=ADVANCED_FACE('',(#3521),#3677,.F.);
#3844=ADVANCED_FACE('',(#3522),#99,.F.);
#3845=ADVANCED_FACE('',(#3523),#3678,.F.);
#3846=ADVANCED_FACE('',(#3524),#100,.F.);
#3847=ADVANCED_FACE('',(#3525),#101,.F.);
#3848=ADVANCED_FACE('',(#3526),#3679,.T.);
#3849=ADVANCED_FACE('',(#3527),#102,.F.);
#3850=ADVANCED_FACE('',(#3528),#3680,.F.);
#3851=ADVANCED_FACE('',(#3529),#103,.F.);
#3852=ADVANCED_FACE('',(#3530),#3681,.F.);
#3853=ADVANCED_FACE('',(#3531),#104,.F.);
#3854=ADVANCED_FACE('',(#3532),#105,.F.);
#3855=ADVANCED_FACE('',(#3533),#3682,.T.);
#3856=ADVANCED_FACE('',(#3534),#106,.F.);
#3857=ADVANCED_FACE('',(#3535),#3683,.F.);
#3858=ADVANCED_FACE('',(#3536),#107,.F.);
#3859=ADVANCED_FACE('',(#3537),#3684,.F.);
#3860=ADVANCED_FACE('',(#3538),#108,.F.);
#3861=ADVANCED_FACE('',(#3539),#3685,.T.);
#3862=ADVANCED_FACE('',(#3540),#3686,.T.);
#3863=ADVANCED_FACE('',(#3541),#3687,.T.);
#3864=ADVANCED_FACE('',(#3542),#3688,.T.);
#3865=ADVANCED_FACE('',(#3543),#3689,.T.);
#3866=ADVANCED_FACE('',(#3544),#3690,.T.);
#3867=ADVANCED_FACE('',(#3545),#3691,.T.);
#3868=ADVANCED_FACE('',(#3546),#3692,.T.);
#3869=ADVANCED_FACE('',(#3547),#3693,.T.);
#3870=ADVANCED_FACE('',(#3548),#3694,.T.);
#3871=ADVANCED_FACE('',(#3549),#3695,.T.);
#3872=ADVANCED_FACE('',(#3550),#10,.T.);
#3873=ADVANCED_FACE('',(#3551),#109,.T.);
#3874=ADVANCED_FACE('',(#3552),#11,.T.);
#3875=ADVANCED_FACE('',(#3553),#12,.T.);
#3876=ADVANCED_FACE('',(#3554),#110,.T.);
#3877=ADVANCED_FACE('',(#3555),#13,.T.);
#3878=ADVANCED_FACE('',(#3556),#3696,.T.);
#3879=ADVANCED_FACE('',(#3557),#111,.F.);
#3880=ADVANCED_FACE('',(#3558),#3697,.T.);
#3881=ADVANCED_FACE('',(#3559),#112,.F.);
#3882=ADVANCED_FACE('',(#3560),#113,.F.);
#3883=ADVANCED_FACE('',(#3561),#3698,.T.);
#3884=ADVANCED_FACE('',(#3562),#114,.F.);
#3885=ADVANCED_FACE('',(#3563,#3564,#3565,#3566,#3567,#3568,#3569,#3570,
#3571,#3572,#3573,#3574),#3699,.F.);
#3886=ADVANCED_FACE('',(#3575),#3700,.F.);
#3887=ADVANCED_FACE('',(#3576),#3701,.F.);
#3888=ADVANCED_FACE('',(#3577),#115,.F.);
#3889=ADVANCED_FACE('',(#3578),#3702,.F.);
#3890=ADVANCED_FACE('',(#3579),#116,.F.);
#3891=ADVANCED_FACE('',(#3580),#117,.F.);
#3892=ADVANCED_FACE('',(#3581),#3703,.T.);
#3893=ADVANCED_FACE('',(#3582),#118,.F.);
#3894=ADVANCED_FACE('',(#3583),#119,.F.);
#3895=ADVANCED_FACE('',(#3584),#3704,.F.);
#3896=ADVANCED_FACE('',(#3585),#120,.F.);
#3897=ADVANCED_FACE('',(#3586),#3705,.T.);
#3898=ADVANCED_FACE('',(#3587),#121,.F.);
#3899=ADVANCED_FACE('',(#3588),#122,.F.);
#3900=ADVANCED_FACE('',(#3589),#123,.T.);
#3901=ADVANCED_FACE('',(#3590),#124,.T.);
#3902=ADVANCED_FACE('',(#3591),#125,.T.);
#3903=ADVANCED_FACE('',(#3592),#126,.T.);
#3904=ADVANCED_FACE('',(#3593,#3594),#127,.F.);
#3905=ADVANCED_FACE('',(#3595,#3596),#3706,.T.);
#3906=ADVANCED_FACE('',(#3597,#3598),#128,.F.);
#3907=ADVANCED_FACE('',(#3599,#3600),#3707,.T.);
#3908=ADVANCED_FACE('',(#3601,#3602),#129,.F.);
#3909=ADVANCED_FACE('',(#3603,#3604),#3708,.T.);
#3910=ADVANCED_FACE('',(#3605,#3606),#130,.F.);
#3911=ADVANCED_FACE('',(#3607,#3608),#3709,.T.);
#3912=CLOSED_SHELL('',(#3710,#3711,#3712,#3713,#3714,#3715,#3716,#3717,
#3718,#3719,#3720,#3721,#3722,#3723,#3724,#3725,#3726,#3727,#3728,#3729,
#3730,#3731,#3732,#3733,#3734,#3735,#3736,#3737,#3738,#3739,#3740,#3741,
#3742,#3743,#3744,#3745,#3746,#3747,#3748,#3749,#3750,#3751,#3752,#3753,
#3754,#3755,#3756,#3757,#3758,#3759,#3760,#3761,#3762,#3763,#3764,#3765,
#3766,#3767));
#3913=CLOSED_SHELL('',(#3768,#3769,#3770,#3771,#3772,#3773,#3774,#3775,
#3776,#3777,#3778,#3779,#3780,#3781,#3782,#3783,#3784,#3785,#3786,#3787,
#3788,#3789,#3790,#3791,#3792,#3793,#3794,#3795,#3796,#3797,#3798,#3799,
#3800,#3801,#3802,#3803,#3804,#3805,#3806,#3807,#3808,#3809,#3810,#3811,
#3812,#3813,#3814,#3815,#3816,#3817,#3818,#3819,#3820,#3821,#3822,#3823,
#3824,#3825,#3826,#3827,#3828,#3829,#3830,#3831,#3832,#3833,#3834,#3835,
#3836,#3837,#3838,#3839,#3840,#3841,#3842,#3843,#3844,#3845,#3846,#3847,
#3848,#3849,#3850,#3851,#3852,#3853,#3854,#3855,#3856,#3857,#3858,#3859,
#3860,#3861,#3862,#3863,#3864,#3865,#3866,#3867,#3868,#3869,#3870,#3871,
#3872,#3873,#3874,#3875,#3876,#3877,#3878,#3879,#3880,#3881,#3882,#3883,
#3884,#3885,#3886,#3887,#3888,#3889,#3890,#3891,#3892,#3893,#3894,#3895,
#3896,#3897,#3898,#3899,#3900,#3901,#3902,#3903,#3904,#3905,#3906,#3907,
#3908,#3909,#3910,#3911));
#3914=STYLED_ITEM('',(#3916),#3929);
#3915=STYLED_ITEM('',(#3917),#3930);
#3916=PRESENTATION_STYLE_ASSIGNMENT((#3918));
#3917=PRESENTATION_STYLE_ASSIGNMENT((#3919));
#3918=SURFACE_STYLE_USAGE(.BOTH.,#3920);
#3919=SURFACE_STYLE_USAGE(.BOTH.,#3921);
#3920=SURFACE_SIDE_STYLE('',(#3922));
#3921=SURFACE_SIDE_STYLE('',(#3923));
#3922=SURFACE_STYLE_FILL_AREA(#3924);
#3923=SURFACE_STYLE_FILL_AREA(#3925);
#3924=FILL_AREA_STYLE('',(#3926));
#3925=FILL_AREA_STYLE('',(#3927));
#3926=FILL_AREA_STYLE_COLOUR('',#3928);
#3927=FILL_AREA_STYLE_COLOUR('',#3928);
#3928=DRAUGHTING_PRE_DEFINED_COLOUR('white');
#3929=MANIFOLD_SOLID_BREP('Case Bottom',#3912);
#3930=MANIFOLD_SOLID_BREP('Case Top',#3913);
#3931=SHAPE_DEFINITION_REPRESENTATION(#6741,#3933);
#3932=SHAPE_DEFINITION_REPRESENTATION(#6742,#3934);
#3933=SHAPE_REPRESENTATION('Case Bottom',(#3935),#6731);
#3934=SHAPE_REPRESENTATION('Case Top',(#4050),#6732);
#3935=AXIS2_PLACEMENT_3D('',#5497,#4339,#4340);
#3936=AXIS2_PLACEMENT_3D('',#5498,#4341,#4342);
#3937=AXIS2_PLACEMENT_3D('',#5507,#4347,#4348);
#3938=AXIS2_PLACEMENT_3D('',#5516,#4353,#4354);
#3939=AXIS2_PLACEMENT_3D('',#5525,#4359,#4360);
#3940=AXIS2_PLACEMENT_3D('',#5542,#4369,#4370);
#3941=AXIS2_PLACEMENT_3D('',#5551,#4375,#4376);
#3942=AXIS2_PLACEMENT_3D('',#5560,#4381,#4382);
#3943=AXIS2_PLACEMENT_3D('',#5569,#4387,#4388);
#3944=AXIS2_PLACEMENT_3D('',#5578,#4393,#4394);
#3945=AXIS2_PLACEMENT_3D('',#5587,#4399,#4400);
#3946=AXIS2_PLACEMENT_3D('',#5596,#4405,#4406);
#3947=AXIS2_PLACEMENT_3D('',#5597,#4407,#4408);
#3948=AXIS2_PLACEMENT_3D('',#5598,#4409,#4410);
#3949=AXIS2_PLACEMENT_3D('',#5599,#4411,#4412);
#3950=AXIS2_PLACEMENT_3D('',#5603,#4414,#4415);
#3951=AXIS2_PLACEMENT_3D('',#5604,#4416,#4417);
#3952=AXIS2_PLACEMENT_3D('',#5608,#4419,#4420);
#3953=AXIS2_PLACEMENT_3D('',#5609,#4421,#4422);
#3954=AXIS2_PLACEMENT_3D('',#5610,#4423,#4424);
#3955=AXIS2_PLACEMENT_3D('',#5614,#4426,#4427);
#3956=AXIS2_PLACEMENT_3D('',#5615,#4428,#4429);
#3957=AXIS2_PLACEMENT_3D('',#5616,#4430,#4431);
#3958=AXIS2_PLACEMENT_3D('',#5617,#4432,#4433);
#3959=AXIS2_PLACEMENT_3D('',#5618,#4434,#4435);
#3960=AXIS2_PLACEMENT_3D('',#5622,#4437,#4438);
#3961=AXIS2_PLACEMENT_3D('',#5627,#4441,#4442);
#3962=AXIS2_PLACEMENT_3D('',#5633,#4446,#4447);
#3963=AXIS2_PLACEMENT_3D('',#5634,#4448,#4449);
#3964=AXIS2_PLACEMENT_3D('',#5636,#4450,#4451);
#3965=AXIS2_PLACEMENT_3D('',#5638,#4452,#4453);
#3966=AXIS2_PLACEMENT_3D('',#5640,#4454,#4455);
#3967=AXIS2_PLACEMENT_3D('',#5644,#4457,#4458);
#3968=AXIS2_PLACEMENT_3D('',#5645,#4459,#4460);
#3969=AXIS2_PLACEMENT_3D('',#5646,#4461,#4462);
#3970=AXIS2_PLACEMENT_3D('',#5650,#4464,#4465);
#3971=AXIS2_PLACEMENT_3D('',#5651,#4466,#4467);
#3972=AXIS2_PLACEMENT_3D('',#5652,#4468,#4469);
#3973=AXIS2_PLACEMENT_3D('',#5656,#4471,#4472);
#3974=AXIS2_PLACEMENT_3D('',#5660,#4474,#4475);
#3975=AXIS2_PLACEMENT_3D('',#5661,#4476,#4477);
#3976=AXIS2_PLACEMENT_3D('',#5662,#4478,#4479);
#3977=AXIS2_PLACEMENT_3D('',#5670,#4483,#4484);
#3978=AXIS2_PLACEMENT_3D('',#5674,#4486,#4487);
#3979=AXIS2_PLACEMENT_3D('',#5678,#4489,#4490);
#3980=AXIS2_PLACEMENT_3D('',#5682,#4492,#4493);
#3981=AXIS2_PLACEMENT_3D('',#5685,#4495,#4496);
#3982=AXIS2_PLACEMENT_3D('',#5691,#4500,#4501);
#3983=AXIS2_PLACEMENT_3D('',#5692,#4502,#4503);
#3984=AXIS2_PLACEMENT_3D('',#5695,#4505,#4506);
#3985=AXIS2_PLACEMENT_3D('',#5699,#4509,#4510);
#3986=AXIS2_PLACEMENT_3D('',#5700,#4511,#4512);
#3987=AXIS2_PLACEMENT_3D('',#5703,#4514,#4515);
#3988=AXIS2_PLACEMENT_3D('',#5707,#4518,#4519);
#3989=AXIS2_PLACEMENT_3D('',#5708,#4520,#4521);
#3990=AXIS2_PLACEMENT_3D('',#5711,#4523,#4524);
#3991=AXIS2_PLACEMENT_3D('',#5712,#4525,#4526);
#3992=AXIS2_PLACEMENT_3D('',#5717,#4529,#4530);
#3993=AXIS2_PLACEMENT_3D('',#5720,#4532,#4533);
#3994=AXIS2_PLACEMENT_3D('',#5721,#4534,#4535);
#3995=AXIS2_PLACEMENT_3D('',#5722,#4536,#4537);
#3996=AXIS2_PLACEMENT_3D('',#5723,#4538,#4539);
#3997=AXIS2_PLACEMENT_3D('',#5724,#4540,#4541);
#3998=AXIS2_PLACEMENT_3D('',#5727,#4543,#4544);
#3999=AXIS2_PLACEMENT_3D('',#5731,#4547,#4548);
#4000=AXIS2_PLACEMENT_3D('',#5732,#4549,#4550);
#4001=AXIS2_PLACEMENT_3D('',#5735,#4552,#4553);
#4002=AXIS2_PLACEMENT_3D('',#5739,#4556,#4557);
#4003=AXIS2_PLACEMENT_3D('',#5741,#4559,#4560);
#4004=AXIS2_PLACEMENT_3D('',#5743,#4562,#4563);
#4005=AXIS2_PLACEMENT_3D('',#5744,#4564,#4565);
#4006=AXIS2_PLACEMENT_3D('',#5745,#4566,#4567);
#4007=AXIS2_PLACEMENT_3D('',#5748,#4569,#4570);
#4008=AXIS2_PLACEMENT_3D('',#5749,#4571,#4572);
#4009=AXIS2_PLACEMENT_3D('',#5753,#4574,#4575);
#4010=AXIS2_PLACEMENT_3D('',#5754,#4576,#4577);
#4011=AXIS2_PLACEMENT_3D('',#5760,#4581,#4582);
#4012=AXIS2_PLACEMENT_3D('',#5761,#4583,#4584);
#4013=AXIS2_PLACEMENT_3D('',#5762,#4585,#4586);
#4014=AXIS2_PLACEMENT_3D('',#5763,#4587,#4588);
#4015=AXIS2_PLACEMENT_3D('',#5764,#4589,#4590);
#4016=AXIS2_PLACEMENT_3D('',#5767,#4592,#4593);
#4017=AXIS2_PLACEMENT_3D('',#5769,#4595,#4596);
#4018=AXIS2_PLACEMENT_3D('',#5770,#4597,#4598);
#4019=AXIS2_PLACEMENT_3D('',#5771,#4599,#4600);
#4020=AXIS2_PLACEMENT_3D('',#5772,#4601,#4602);
#4021=AXIS2_PLACEMENT_3D('',#5773,#4603,#4604);
#4022=AXIS2_PLACEMENT_3D('',#5774,#4605,#4606);
#4023=AXIS2_PLACEMENT_3D('',#5775,#4607,#4608);
#4024=AXIS2_PLACEMENT_3D('',#5776,#4609,#4610);
#4025=AXIS2_PLACEMENT_3D('',#5777,#4611,#4612);
#4026=AXIS2_PLACEMENT_3D('',#5778,#4613,#4614);
#4027=AXIS2_PLACEMENT_3D('',#5784,#4618,#4619);
#4028=AXIS2_PLACEMENT_3D('',#5785,#4620,#4621);
#4029=AXIS2_PLACEMENT_3D('',#5786,#4622,#4623);
#4030=AXIS2_PLACEMENT_3D('',#5787,#4624,#4625);
#4031=AXIS2_PLACEMENT_3D('',#5789,#4627,#4628);
#4032=AXIS2_PLACEMENT_3D('',#5790,#4629,#4630);
#4033=AXIS2_PLACEMENT_3D('',#5791,#4631,#4632);
#4034=AXIS2_PLACEMENT_3D('',#5792,#4633,#4634);
#4035=AXIS2_PLACEMENT_3D('',#5793,#4635,#4636);
#4036=AXIS2_PLACEMENT_3D('',#5794,#4637,#4638);
#4037=AXIS2_PLACEMENT_3D('',#5795,#4639,#4640);
#4038=AXIS2_PLACEMENT_3D('',#5796,#4641,#4642);
#4039=AXIS2_PLACEMENT_3D('',#5797,#4643,#4644);
#4040=AXIS2_PLACEMENT_3D('',#5799,#4645,#4646);
#4041=AXIS2_PLACEMENT_3D('',#5800,#4647,#4648);
#4042=AXIS2_PLACEMENT_3D('',#5801,#4649,#4650);
#4043=AXIS2_PLACEMENT_3D('',#5803,#4651,#4652);
#4044=AXIS2_PLACEMENT_3D('',#5804,#4653,#4654);
#4045=AXIS2_PLACEMENT_3D('',#5805,#4655,#4656);
#4046=AXIS2_PLACEMENT_3D('',#5807,#4657,#4658);
#4047=AXIS2_PLACEMENT_3D('',#5808,#4659,#4660);
#4048=AXIS2_PLACEMENT_3D('',#5809,#4661,#4662);
#4049=AXIS2_PLACEMENT_3D('',#5811,#4663,#4664);
#4050=AXIS2_PLACEMENT_3D('',#5812,#4665,#4666);
#4051=AXIS2_PLACEMENT_3D('',#5813,#4667,#4668);
#4052=AXIS2_PLACEMENT_3D('',#5843,#4672,#4673);
#4053=AXIS2_PLACEMENT_3D('',#5849,#4674,#4675);
#4054=AXIS2_PLACEMENT_3D('',#5870,#4678,#4679);
#4055=AXIS2_PLACEMENT_3D('',#5885,#4681,#4682);
#4056=AXIS2_PLACEMENT_3D('',#5926,#4687,#4688);
#4057=AXIS2_PLACEMENT_3D('',#5927,#4689,#4690);
#4058=AXIS2_PLACEMENT_3D('',#5929,#4691,#4692);
#4059=AXIS2_PLACEMENT_3D('',#5931,#4693,#4694);
#4060=AXIS2_PLACEMENT_3D('',#5932,#4695,#4696);
#4061=AXIS2_PLACEMENT_3D('',#5934,#4697,#4698);
#4062=AXIS2_PLACEMENT_3D('',#5936,#4699,#4700);
#4063=AXIS2_PLACEMENT_3D('',#5937,#4701,#4702);
#4064=AXIS2_PLACEMENT_3D('',#5939,#4703,#4704);
#4065=AXIS2_PLACEMENT_3D('',#5941,#4705,#4706);
#4066=AXIS2_PLACEMENT_3D('',#5942,#4707,#4708);
#4067=AXIS2_PLACEMENT_3D('',#5944,#4709,#4710);
#4068=AXIS2_PLACEMENT_3D('',#5946,#4711,#4712);
#4069=AXIS2_PLACEMENT_3D('',#5955,#4717,#4718);
#4070=AXIS2_PLACEMENT_3D('',#5964,#4723,#4724);
#4071=AXIS2_PLACEMENT_3D('',#5973,#4729,#4730);
#4072=AXIS2_PLACEMENT_3D('',#5982,#4735,#4736);
#4073=AXIS2_PLACEMENT_3D('',#5986,#4738,#4739);
#4074=AXIS2_PLACEMENT_3D('',#5994,#4743,#4744);
#4075=AXIS2_PLACEMENT_3D('',#5995,#4745,#4746);
#4076=AXIS2_PLACEMENT_3D('',#5996,#4747,#4748);
#4077=AXIS2_PLACEMENT_3D('',#5997,#4749,#4750);
#4078=AXIS2_PLACEMENT_3D('',#6001,#4752,#4753);
#4079=AXIS2_PLACEMENT_3D('',#6002,#4754,#4755);
#4080=AXIS2_PLACEMENT_3D('',#6003,#4756,#4757);
#4081=AXIS2_PLACEMENT_3D('',#6004,#4758,#4759);
#4082=AXIS2_PLACEMENT_3D('',#6008,#4761,#4762);
#4083=AXIS2_PLACEMENT_3D('',#6009,#4763,#4764);
#4084=AXIS2_PLACEMENT_3D('',#6011,#4766,#4767);
#4085=AXIS2_PLACEMENT_3D('',#6015,#4769,#4770);
#4086=AXIS2_PLACEMENT_3D('',#6019,#4772,#4773);
#4087=AXIS2_PLACEMENT_3D('',#6023,#4775,#4776);
#4088=AXIS2_PLACEMENT_3D('',#6028,#4779,#4780);
#4089=AXIS2_PLACEMENT_3D('',#6033,#4782,#4783);
#4090=AXIS2_PLACEMENT_3D('',#6037,#4785,#4786);
#4091=AXIS2_PLACEMENT_3D('',#6041,#4788,#4789);
#4092=AXIS2_PLACEMENT_3D('',#6044,#4791,#4792);
#4093=AXIS2_PLACEMENT_3D('',#6049,#4794,#4795);
#4094=AXIS2_PLACEMENT_3D('',#6053,#4797,#4798);
#4095=AXIS2_PLACEMENT_3D('',#6057,#4800,#4801);
#4096=AXIS2_PLACEMENT_3D('',#6060,#4803,#4804);
#4097=AXIS2_PLACEMENT_3D('',#6065,#4806,#4807);
#4098=AXIS2_PLACEMENT_3D('',#6069,#4809,#4810);
#4099=AXIS2_PLACEMENT_3D('',#6073,#4812,#4813);
#4100=AXIS2_PLACEMENT_3D('',#6076,#4815,#4816);
#4101=AXIS2_PLACEMENT_3D('',#6081,#4818,#4819);
#4102=AXIS2_PLACEMENT_3D('',#6085,#4821,#4822);
#4103=AXIS2_PLACEMENT_3D('',#6089,#4824,#4825);
#4104=AXIS2_PLACEMENT_3D('',#6092,#4827,#4828);
#4105=AXIS2_PLACEMENT_3D('',#6097,#4830,#4831);
#4106=AXIS2_PLACEMENT_3D('',#6101,#4833,#4834);
#4107=AXIS2_PLACEMENT_3D('',#6105,#4836,#4837);
#4108=AXIS2_PLACEMENT_3D('',#6108,#4839,#4840);
#4109=AXIS2_PLACEMENT_3D('',#6113,#4842,#4843);
#4110=AXIS2_PLACEMENT_3D('',#6117,#4845,#4846);
#4111=AXIS2_PLACEMENT_3D('',#6121,#4848,#4849);
#4112=AXIS2_PLACEMENT_3D('',#6124,#4851,#4852);
#4113=AXIS2_PLACEMENT_3D('',#6129,#4854,#4855);
#4114=AXIS2_PLACEMENT_3D('',#6133,#4857,#4858);
#4115=AXIS2_PLACEMENT_3D('',#6137,#4860,#4861);
#4116=AXIS2_PLACEMENT_3D('',#6140,#4863,#4864);
#4117=AXIS2_PLACEMENT_3D('',#6145,#4866,#4867);
#4118=AXIS2_PLACEMENT_3D('',#6149,#4869,#4870);
#4119=AXIS2_PLACEMENT_3D('',#6153,#4872,#4873);
#4120=AXIS2_PLACEMENT_3D('',#6156,#4875,#4876);
#4121=AXIS2_PLACEMENT_3D('',#6161,#4878,#4879);
#4122=AXIS2_PLACEMENT_3D('',#6165,#4881,#4882);
#4123=AXIS2_PLACEMENT_3D('',#6169,#4884,#4885);
#4124=AXIS2_PLACEMENT_3D('',#6172,#4887,#4888);
#4125=AXIS2_PLACEMENT_3D('',#6177,#4890,#4891);
#4126=AXIS2_PLACEMENT_3D('',#6181,#4893,#4894);
#4127=AXIS2_PLACEMENT_3D('',#6185,#4896,#4897);
#4128=AXIS2_PLACEMENT_3D('',#6188,#4899,#4900);
#4129=AXIS2_PLACEMENT_3D('',#6193,#4902,#4903);
#4130=AXIS2_PLACEMENT_3D('',#6197,#4905,#4906);
#4131=AXIS2_PLACEMENT_3D('',#6201,#4908,#4909);
#4132=AXIS2_PLACEMENT_3D('',#6204,#4911,#4912);
#4133=AXIS2_PLACEMENT_3D('',#6213,#4917,#4918);
#4134=AXIS2_PLACEMENT_3D('',#6222,#4923,#4924);
#4135=AXIS2_PLACEMENT_3D('',#6224,#4926,#4927);
#4136=AXIS2_PLACEMENT_3D('',#6228,#4929,#4930);
#4137=AXIS2_PLACEMENT_3D('',#6229,#4931,#4932);
#4138=AXIS2_PLACEMENT_3D('',#6233,#4934,#4935);
#4139=AXIS2_PLACEMENT_3D('',#6238,#4938,#4939);
#4140=AXIS2_PLACEMENT_3D('',#6239,#4940,#4941);
#4141=AXIS2_PLACEMENT_3D('',#6240,#4942,#4943);
#4142=AXIS2_PLACEMENT_3D('',#6244,#4945,#4946);
#4143=AXIS2_PLACEMENT_3D('',#6245,#4947,#4948);
#4144=AXIS2_PLACEMENT_3D('',#6246,#4949,#4950);
#4145=AXIS2_PLACEMENT_3D('',#6250,#4952,#4953);
#4146=AXIS2_PLACEMENT_3D('',#6254,#4955,#4956);
#4147=AXIS2_PLACEMENT_3D('',#6255,#4957,#4958);
#4148=AXIS2_PLACEMENT_3D('',#6256,#4959,#4960);
#4149=AXIS2_PLACEMENT_3D('',#6257,#4961,#4962);
#4150=AXIS2_PLACEMENT_3D('',#6258,#4963,#4964);
#4151=AXIS2_PLACEMENT_3D('',#6263,#4967,#4968);
#4152=AXIS2_PLACEMENT_3D('',#6267,#4971,#4972);
#4153=AXIS2_PLACEMENT_3D('',#6268,#4973,#4974);
#4154=AXIS2_PLACEMENT_3D('',#6271,#4976,#4977);
#4155=AXIS2_PLACEMENT_3D('',#6275,#4980,#4981);
#4156=AXIS2_PLACEMENT_3D('',#6276,#4982,#4983);
#4157=AXIS2_PLACEMENT_3D('',#6279,#4985,#4986);
#4158=AXIS2_PLACEMENT_3D('',#6283,#4989,#4990);
#4159=AXIS2_PLACEMENT_3D('',#6284,#4991,#4992);
#4160=AXIS2_PLACEMENT_3D('',#6287,#4994,#4995);
#4161=AXIS2_PLACEMENT_3D('',#6288,#4996,#4997);
#4162=AXIS2_PLACEMENT_3D('',#6293,#5000,#5001);
#4163=AXIS2_PLACEMENT_3D('',#6297,#5004,#5005);
#4164=AXIS2_PLACEMENT_3D('',#6298,#5006,#5007);
#4165=AXIS2_PLACEMENT_3D('',#6301,#5009,#5010);
#4166=AXIS2_PLACEMENT_3D('',#6305,#5013,#5014);
#4167=AXIS2_PLACEMENT_3D('',#6306,#5015,#5016);
#4168=AXIS2_PLACEMENT_3D('',#6309,#5018,#5019);
#4169=AXIS2_PLACEMENT_3D('',#6313,#5022,#5023);
#4170=AXIS2_PLACEMENT_3D('',#6314,#5024,#5025);
#4171=AXIS2_PLACEMENT_3D('',#6317,#5027,#5028);
#4172=AXIS2_PLACEMENT_3D('',#6318,#5029,#5030);
#4173=AXIS2_PLACEMENT_3D('',#6323,#5033,#5034);
#4174=AXIS2_PLACEMENT_3D('',#6327,#5037,#5038);
#4175=AXIS2_PLACEMENT_3D('',#6328,#5039,#5040);
#4176=AXIS2_PLACEMENT_3D('',#6331,#5042,#5043);
#4177=AXIS2_PLACEMENT_3D('',#6335,#5046,#5047);
#4178=AXIS2_PLACEMENT_3D('',#6336,#5048,#5049);
#4179=AXIS2_PLACEMENT_3D('',#6339,#5051,#5052);
#4180=AXIS2_PLACEMENT_3D('',#6343,#5055,#5056);
#4181=AXIS2_PLACEMENT_3D('',#6344,#5057,#5058);
#4182=AXIS2_PLACEMENT_3D('',#6347,#5060,#5061);
#4183=AXIS2_PLACEMENT_3D('',#6348,#5062,#5063);
#4184=AXIS2_PLACEMENT_3D('',#6353,#5066,#5067);
#4185=AXIS2_PLACEMENT_3D('',#6357,#5070,#5071);
#4186=AXIS2_PLACEMENT_3D('',#6358,#5072,#5073);
#4187=AXIS2_PLACEMENT_3D('',#6361,#5075,#5076);
#4188=AXIS2_PLACEMENT_3D('',#6365,#5079,#5080);
#4189=AXIS2_PLACEMENT_3D('',#6366,#5081,#5082);
#4190=AXIS2_PLACEMENT_3D('',#6369,#5084,#5085);
#4191=AXIS2_PLACEMENT_3D('',#6373,#5088,#5089);
#4192=AXIS2_PLACEMENT_3D('',#6374,#5090,#5091);
#4193=AXIS2_PLACEMENT_3D('',#6377,#5093,#5094);
#4194=AXIS2_PLACEMENT_3D('',#6378,#5095,#5096);
#4195=AXIS2_PLACEMENT_3D('',#6383,#5099,#5100);
#4196=AXIS2_PLACEMENT_3D('',#6387,#5103,#5104);
#4197=AXIS2_PLACEMENT_3D('',#6388,#5105,#5106);
#4198=AXIS2_PLACEMENT_3D('',#6391,#5108,#5109);
#4199=AXIS2_PLACEMENT_3D('',#6395,#5112,#5113);
#4200=AXIS2_PLACEMENT_3D('',#6396,#5114,#5115);
#4201=AXIS2_PLACEMENT_3D('',#6399,#5117,#5118);
#4202=AXIS2_PLACEMENT_3D('',#6403,#5121,#5122);
#4203=AXIS2_PLACEMENT_3D('',#6404,#5123,#5124);
#4204=AXIS2_PLACEMENT_3D('',#6407,#5126,#5127);
#4205=AXIS2_PLACEMENT_3D('',#6408,#5128,#5129);
#4206=AXIS2_PLACEMENT_3D('',#6413,#5132,#5133);
#4207=AXIS2_PLACEMENT_3D('',#6417,#5136,#5137);
#4208=AXIS2_PLACEMENT_3D('',#6418,#5138,#5139);
#4209=AXIS2_PLACEMENT_3D('',#6421,#5141,#5142);
#4210=AXIS2_PLACEMENT_3D('',#6425,#5145,#5146);
#4211=AXIS2_PLACEMENT_3D('',#6426,#5147,#5148);
#4212=AXIS2_PLACEMENT_3D('',#6429,#5150,#5151);
#4213=AXIS2_PLACEMENT_3D('',#6433,#5154,#5155);
#4214=AXIS2_PLACEMENT_3D('',#6434,#5156,#5157);
#4215=AXIS2_PLACEMENT_3D('',#6437,#5159,#5160);
#4216=AXIS2_PLACEMENT_3D('',#6438,#5161,#5162);
#4217=AXIS2_PLACEMENT_3D('',#6443,#5165,#5166);
#4218=AXIS2_PLACEMENT_3D('',#6447,#5169,#5170);
#4219=AXIS2_PLACEMENT_3D('',#6448,#5171,#5172);
#4220=AXIS2_PLACEMENT_3D('',#6451,#5174,#5175);
#4221=AXIS2_PLACEMENT_3D('',#6455,#5178,#5179);
#4222=AXIS2_PLACEMENT_3D('',#6456,#5180,#5181);
#4223=AXIS2_PLACEMENT_3D('',#6459,#5183,#5184);
#4224=AXIS2_PLACEMENT_3D('',#6463,#5187,#5188);
#4225=AXIS2_PLACEMENT_3D('',#6464,#5189,#5190);
#4226=AXIS2_PLACEMENT_3D('',#6467,#5192,#5193);
#4227=AXIS2_PLACEMENT_3D('',#6468,#5194,#5195);
#4228=AXIS2_PLACEMENT_3D('',#6473,#5198,#5199);
#4229=AXIS2_PLACEMENT_3D('',#6477,#5202,#5203);
#4230=AXIS2_PLACEMENT_3D('',#6478,#5204,#5205);
#4231=AXIS2_PLACEMENT_3D('',#6481,#5207,#5208);
#4232=AXIS2_PLACEMENT_3D('',#6485,#5211,#5212);
#4233=AXIS2_PLACEMENT_3D('',#6486,#5213,#5214);
#4234=AXIS2_PLACEMENT_3D('',#6489,#5216,#5217);
#4235=AXIS2_PLACEMENT_3D('',#6493,#5220,#5221);
#4236=AXIS2_PLACEMENT_3D('',#6494,#5222,#5223);
#4237=AXIS2_PLACEMENT_3D('',#6497,#5225,#5226);
#4238=AXIS2_PLACEMENT_3D('',#6498,#5227,#5228);
#4239=AXIS2_PLACEMENT_3D('',#6503,#5231,#5232);
#4240=AXIS2_PLACEMENT_3D('',#6507,#5235,#5236);
#4241=AXIS2_PLACEMENT_3D('',#6508,#5237,#5238);
#4242=AXIS2_PLACEMENT_3D('',#6511,#5240,#5241);
#4243=AXIS2_PLACEMENT_3D('',#6515,#5244,#5245);
#4244=AXIS2_PLACEMENT_3D('',#6516,#5246,#5247);
#4245=AXIS2_PLACEMENT_3D('',#6519,#5249,#5250);
#4246=AXIS2_PLACEMENT_3D('',#6523,#5253,#5254);
#4247=AXIS2_PLACEMENT_3D('',#6524,#5255,#5256);
#4248=AXIS2_PLACEMENT_3D('',#6527,#5258,#5259);
#4249=AXIS2_PLACEMENT_3D('',#6528,#5260,#5261);
#4250=AXIS2_PLACEMENT_3D('',#6533,#5264,#5265);
#4251=AXIS2_PLACEMENT_3D('',#6537,#5268,#5269);
#4252=AXIS2_PLACEMENT_3D('',#6538,#5270,#5271);
#4253=AXIS2_PLACEMENT_3D('',#6541,#5273,#5274);
#4254=AXIS2_PLACEMENT_3D('',#6545,#5277,#5278);
#4255=AXIS2_PLACEMENT_3D('',#6546,#5279,#5280);
#4256=AXIS2_PLACEMENT_3D('',#6549,#5282,#5283);
#4257=AXIS2_PLACEMENT_3D('',#6553,#5286,#5287);
#4258=AXIS2_PLACEMENT_3D('',#6554,#5288,#5289);
#4259=AXIS2_PLACEMENT_3D('',#6557,#5291,#5292);
#4260=AXIS2_PLACEMENT_3D('',#6558,#5293,#5294);
#4261=AXIS2_PLACEMENT_3D('',#6563,#5297,#5298);
#4262=AXIS2_PLACEMENT_3D('',#6567,#5301,#5302);
#4263=AXIS2_PLACEMENT_3D('',#6568,#5303,#5304);
#4264=AXIS2_PLACEMENT_3D('',#6571,#5306,#5307);
#4265=AXIS2_PLACEMENT_3D('',#6575,#5310,#5311);
#4266=AXIS2_PLACEMENT_3D('',#6576,#5312,#5313);
#4267=AXIS2_PLACEMENT_3D('',#6579,#5315,#5316);
#4268=AXIS2_PLACEMENT_3D('',#6583,#5319,#5320);
#4269=AXIS2_PLACEMENT_3D('',#6584,#5321,#5322);
#4270=AXIS2_PLACEMENT_3D('',#6587,#5324,#5325);
#4271=AXIS2_PLACEMENT_3D('',#6589,#5327,#5328);
#4272=AXIS2_PLACEMENT_3D('',#6591,#5330,#5331);
#4273=AXIS2_PLACEMENT_3D('',#6593,#5333,#5334);
#4274=AXIS2_PLACEMENT_3D('',#6595,#5336,#5337);
#4275=AXIS2_PLACEMENT_3D('',#6597,#5339,#5340);
#4276=AXIS2_PLACEMENT_3D('',#6599,#5342,#5343);
#4277=AXIS2_PLACEMENT_3D('',#6601,#5345,#5346);
#4278=AXIS2_PLACEMENT_3D('',#6603,#5348,#5349);
#4279=AXIS2_PLACEMENT_3D('',#6605,#5351,#5352);
#4280=AXIS2_PLACEMENT_3D('',#6607,#5354,#5355);
#4281=AXIS2_PLACEMENT_3D('',#6609,#5357,#5358);
#4282=AXIS2_PLACEMENT_3D('',#6615,#5359,#5360);
#4283=AXIS2_PLACEMENT_3D('',#6621,#5361,#5362);
#4284=AXIS2_PLACEMENT_3D('',#6627,#5363,#5364);
#4285=AXIS2_PLACEMENT_3D('',#6628,#5365,#5366);
#4286=AXIS2_PLACEMENT_3D('',#6634,#5367,#5368);
#4287=AXIS2_PLACEMENT_3D('',#6635,#5369,#5370);
#4288=AXIS2_PLACEMENT_3D('',#6641,#5374,#5375);
#4289=AXIS2_PLACEMENT_3D('',#6642,#5376,#5377);
#4290=AXIS2_PLACEMENT_3D('',#6645,#5379,#5380);
#4291=AXIS2_PLACEMENT_3D('',#6649,#5383,#5384);
#4292=AXIS2_PLACEMENT_3D('',#6650,#5385,#5386);
#4293=AXIS2_PLACEMENT_3D('',#6651,#5387,#5388);
#4294=AXIS2_PLACEMENT_3D('',#6652,#5389,#5390);
#4295=AXIS2_PLACEMENT_3D('',#6655,#5392,#5393);
#4296=AXIS2_PLACEMENT_3D('',#6659,#5396,#5397);
#4297=AXIS2_PLACEMENT_3D('',#6660,#5398,#5399);
#4298=AXIS2_PLACEMENT_3D('',#6661,#5400,#5401);
#4299=AXIS2_PLACEMENT_3D('',#6662,#5402,#5403);
#4300=AXIS2_PLACEMENT_3D('',#6663,#5404,#5405);
#4301=AXIS2_PLACEMENT_3D('',#6667,#5407,#5408);
#4302=AXIS2_PLACEMENT_3D('',#6671,#5410,#5411);
#4303=AXIS2_PLACEMENT_3D('',#6675,#5413,#5414);
#4304=AXIS2_PLACEMENT_3D('',#6676,#5415,#5416);
#4305=AXIS2_PLACEMENT_3D('',#6677,#5417,#5418);
#4306=AXIS2_PLACEMENT_3D('',#6678,#5419,#5420);
#4307=AXIS2_PLACEMENT_3D('',#6679,#5421,#5422);
#4308=AXIS2_PLACEMENT_3D('',#6683,#5424,#5425);
#4309=AXIS2_PLACEMENT_3D('',#6685,#5427,#5428);
#4310=AXIS2_PLACEMENT_3D('',#6686,#5429,#5430);
#4311=AXIS2_PLACEMENT_3D('',#6689,#5433,#5434);
#4312=AXIS2_PLACEMENT_3D('',#6691,#5436,#5437);
#4313=AXIS2_PLACEMENT_3D('',#6693,#5439,#5440);
#4314=AXIS2_PLACEMENT_3D('',#6694,#5441,#5442);
#4315=AXIS2_PLACEMENT_3D('',#6696,#5444,#5445);
#4316=AXIS2_PLACEMENT_3D('',#6698,#5447,#5448);
#4317=AXIS2_PLACEMENT_3D('',#6699,#5449,#5450);
#4318=AXIS2_PLACEMENT_3D('',#6701,#5452,#5453);
#4319=AXIS2_PLACEMENT_3D('',#6703,#5455,#5456);
#4320=AXIS2_PLACEMENT_3D('',#6704,#5457,#5458);
#4321=AXIS2_PLACEMENT_3D('',#6707,#5461,#5462);
#4322=AXIS2_PLACEMENT_3D('',#6708,#5463,#5464);
#4323=AXIS2_PLACEMENT_3D('',#6709,#5465,#5466);
#4324=AXIS2_PLACEMENT_3D('',#6710,#5467,#5468);
#4325=AXIS2_PLACEMENT_3D('',#6711,#5469,#5470);
#4326=AXIS2_PLACEMENT_3D('',#6712,#5471,#5472);
#4327=AXIS2_PLACEMENT_3D('',#6713,#5473,#5474);
#4328=AXIS2_PLACEMENT_3D('',#6714,#5475,#5476);
#4329=AXIS2_PLACEMENT_3D('',#6716,#5477,#5478);
#4330=AXIS2_PLACEMENT_3D('',#6717,#5479,#5480);
#4331=AXIS2_PLACEMENT_3D('',#6718,#5481,#5482);
#4332=AXIS2_PLACEMENT_3D('',#6720,#5483,#5484);
#4333=AXIS2_PLACEMENT_3D('',#6721,#5485,#5486);
#4334=AXIS2_PLACEMENT_3D('',#6722,#5487,#5488);
#4335=AXIS2_PLACEMENT_3D('',#6724,#5489,#5490);
#4336=AXIS2_PLACEMENT_3D('',#6725,#5491,#5492);
#4337=AXIS2_PLACEMENT_3D('',#6726,#5493,#5494);
#4338=AXIS2_PLACEMENT_3D('',#6728,#5495,#5496);
#4339=DIRECTION('',(0.,0.,1.));
#4340=DIRECTION('',(1.,0.,0.));
#4341=DIRECTION('',(0.,0.,1.));
#4342=DIRECTION('',(0.,-1.,0.));
#4343=DIRECTION('',(0.,-1.,0.));
#4344=DIRECTION('',(1.,0.,0.));
#4345=DIRECTION('',(0.,-1.,0.));
#4346=DIRECTION('',(-1.,0.,0.));
#4347=DIRECTION('',(0.,0.,1.));
#4348=DIRECTION('',(0.,-1.,0.));
#4349=DIRECTION('',(1.,0.,0.));
#4350=DIRECTION('',(0.,-1.,0.));
#4351=DIRECTION('',(-1.,0.,0.));
#4352=DIRECTION('',(0.,-1.,0.));
#4353=DIRECTION('',(0.,0.,-1.));
#4354=DIRECTION('',(0.,1.,0.));
#4355=DIRECTION('',(0.,-1.,0.));
#4356=DIRECTION('',(-1.,0.,0.));
#4357=DIRECTION('',(0.,-1.,0.));
#4358=DIRECTION('',(1.,0.,0.));
#4359=DIRECTION('',(0.,0.,-1.));
#4360=DIRECTION('',(0.,1.,0.));
#4361=DIRECTION('',(-1.,0.,0.));
#4362=DIRECTION('',(0.,-1.,0.));
#4363=DIRECTION('',(1.,0.,0.));
#4364=DIRECTION('',(0.,-1.,0.));
#4365=DIRECTION('',(-1.,0.,0.));
#4366=DIRECTION('',(0.,-1.,0.));
#4367=DIRECTION('',(1.,0.,0.));
#4368=DIRECTION('',(0.,-1.,0.));
#4369=DIRECTION('',(2.74807684871894E-16,0.,1.));
#4370=DIRECTION('',(1.,0.,-2.74807684871894E-16));
#4371=DIRECTION('',(0.,-1.,0.));
#4372=DIRECTION('',(-1.,0.,2.74807684871894E-16));
#4373=DIRECTION('',(0.,-1.,0.));
#4374=DIRECTION('',(-1.,0.,2.74807684871894E-16));
#4375=DIRECTION('',(2.74807684871894E-16,0.,1.));
#4376=DIRECTION('',(1.,0.,-2.74807684871894E-16));
#4377=DIRECTION('',(0.,-1.,0.));
#4378=DIRECTION('',(-1.,0.,2.74807684871894E-16));
#4379=DIRECTION('',(0.,-1.,0.));
#4380=DIRECTION('',(-1.,0.,2.74807684871894E-16));
#4381=DIRECTION('',(2.74807684871894E-16,0.,1.));
#4382=DIRECTION('',(1.,0.,-2.74807684871894E-16));
#4383=DIRECTION('',(0.,-1.,0.));
#4384=DIRECTION('',(-1.,0.,2.74807684871894E-16));
#4385=DIRECTION('',(0.,-1.,0.));
#4386=DIRECTION('',(-1.,0.,2.74807684871894E-16));
#4387=DIRECTION('',(-2.74807684871904E-16,0.,-1.));
#4388=DIRECTION('',(-1.,0.,2.74807684871904E-16));
#4389=DIRECTION('',(0.,-1.,0.));
#4390=DIRECTION('',(1.,0.,-2.74807684871904E-16));
#4391=DIRECTION('',(0.,-1.,0.));
#4392=DIRECTION('',(1.,0.,-2.74807684871904E-16));
#4393=DIRECTION('',(-2.74807684871904E-16,0.,-1.));
#4394=DIRECTION('',(-1.,0.,2.74807684871904E-16));
#4395=DIRECTION('',(0.,-1.,0.));
#4396=DIRECTION('',(1.,0.,-2.74807684871904E-16));
#4397=DIRECTION('',(0.,-1.,0.));
#4398=DIRECTION('',(1.,0.,-2.74807684871904E-16));
#4399=DIRECTION('',(-2.74807684871904E-16,0.,-1.));
#4400=DIRECTION('',(-1.,0.,2.74807684871904E-16));
#4401=DIRECTION('',(0.,-1.,0.));
#4402=DIRECTION('',(1.,0.,-2.74807684871904E-16));
#4403=DIRECTION('',(0.,-1.,0.));
#4404=DIRECTION('',(1.,0.,-2.74807684871904E-16));
#4405=DIRECTION('',(0.,1.,0.));
#4406=DIRECTION('',(1.,0.,0.));
#4407=DIRECTION('',(0.,1.,0.));
#4408=DIRECTION('',(1.,0.,0.));
#4409=DIRECTION('',(0.,1.,0.));
#4410=DIRECTION('',(1.,0.,0.));
#4411=DIRECTION('',(0.,1.,0.));
#4412=DIRECTION('',(1.,0.,0.));
#4413=DIRECTION('',(1.,0.,0.));
#4414=DIRECTION('',(0.,1.,0.));
#4415=DIRECTION('',(1.,0.,0.));
#4416=DIRECTION('',(0.,1.,0.));
#4417=DIRECTION('',(1.,0.,0.));
#4418=DIRECTION('',(3.96508228815338E-16,0.,1.));
#4419=DIRECTION('',(0.,1.,0.));
#4420=DIRECTION('',(1.,0.,0.));
#4421=DIRECTION('',(0.,1.,0.));
#4422=DIRECTION('',(1.,0.,0.));
#4423=DIRECTION('',(0.,1.,0.));
#4424=DIRECTION('',(1.,0.,0.));
#4425=DIRECTION('',(0.,0.,1.));
#4426=DIRECTION('',(0.,1.,0.));
#4427=DIRECTION('',(1.,0.,0.));
#4428=DIRECTION('',(0.,1.,0.));
#4429=DIRECTION('',(1.,0.,0.));
#4430=DIRECTION('',(0.,1.,0.));
#4431=DIRECTION('',(1.,0.,0.));
#4432=DIRECTION('',(0.,1.,0.));
#4433=DIRECTION('',(1.,0.,0.));
#4434=DIRECTION('',(0.,0.,-1.));
#4435=DIRECTION('',(0.,1.,0.));
#4436=DIRECTION('',(-1.,0.,0.));
#4437=DIRECTION('',(0.,0.,-1.));
#4438=DIRECTION('',(0.,1.,0.));
#4439=DIRECTION('',(1.,0.,0.));
#4440=DIRECTION('',(0.,-1.,0.));
#4441=DIRECTION('',(0.,0.,-1.));
#4442=DIRECTION('',(0.,1.,0.));
#4443=DIRECTION('',(-1.,0.,0.));
#4444=DIRECTION('',(0.,-1.,0.));
#4445=DIRECTION('',(0.,-1.,0.));
#4446=DIRECTION('',(0.,1.,0.));
#4447=DIRECTION('',(1.,0.,0.));
#4448=DIRECTION('',(0.,1.,0.));
#4449=DIRECTION('',(1.,0.,0.));
#4450=DIRECTION('',(0.,1.,0.));
#4451=DIRECTION('',(1.,0.,0.));
#4452=DIRECTION('',(0.,1.,0.));
#4453=DIRECTION('',(1.,0.,0.));
#4454=DIRECTION('',(0.,1.,0.));
#4455=DIRECTION('',(1.,0.,0.));
#4456=DIRECTION('',(0.,0.,1.));
#4457=DIRECTION('',(0.,1.,0.));
#4458=DIRECTION('',(1.,0.,0.));
#4459=DIRECTION('',(0.,1.,0.));
#4460=DIRECTION('',(1.,0.,0.));
#4461=DIRECTION('',(0.,1.,0.));
#4462=DIRECTION('',(1.,0.,0.));
#4463=DIRECTION('',(0.,0.,-1.));
#4464=DIRECTION('',(0.,1.,0.));
#4465=DIRECTION('',(1.,0.,0.));
#4466=DIRECTION('',(0.,1.,0.));
#4467=DIRECTION('',(1.,0.,0.));
#4468=DIRECTION('',(0.,1.,0.));
#4469=DIRECTION('',(1.,0.,0.));
#4470=DIRECTION('',(1.,0.,0.));
#4471=DIRECTION('',(0.,1.,0.));
#4472=DIRECTION('',(1.,0.,0.));
#4473=DIRECTION('',(0.,0.,1.));
#4474=DIRECTION('',(0.,1.,0.));
#4475=DIRECTION('',(1.,0.,0.));
#4476=DIRECTION('',(0.,1.,0.));
#4477=DIRECTION('',(1.,0.,0.));
#4478=DIRECTION('',(0.,1.,0.));
#4479=DIRECTION('',(1.,0.,0.));
#4480=DIRECTION('',(-1.,0.,0.));
#4481=DIRECTION('',(0.,0.,1.));
#4482=DIRECTION('',(1.,0.,0.));
#4483=DIRECTION('',(0.,1.,0.));
#4484=DIRECTION('',(1.,0.,0.));
#4485=DIRECTION('',(0.,0.,-1.));
#4486=DIRECTION('',(0.,1.,0.));
#4487=DIRECTION('',(1.,0.,0.));
#4488=DIRECTION('',(-1.,0.,0.));
#4489=DIRECTION('',(0.,1.,0.));
#4490=DIRECTION('',(1.,0.,0.));
#4491=DIRECTION('',(0.,0.,1.));
#4492=DIRECTION('',(0.,1.,0.));
#4493=DIRECTION('',(1.,0.,0.));
#4494=DIRECTION('',(1.,0.,0.));
#4495=DIRECTION('',(-1.,0.,0.));
#4496=DIRECTION('',(0.,1.,0.));
#4497=DIRECTION('',(0.,0.,-1.));
#4498=DIRECTION('',(0.,-1.,0.));
#4499=DIRECTION('',(0.,-1.,0.));
#4500=DIRECTION('',(0.,-1.,0.));
#4501=DIRECTION('',(-1.,0.,0.));
#4502=DIRECTION('',(0.,1.,0.));
#4503=DIRECTION('',(1.,0.,0.));
#4504=DIRECTION('',(0.,-1.,0.));
#4505=DIRECTION('',(0.,0.,1.));
#4506=DIRECTION('',(0.,-1.,0.));
#4507=DIRECTION('',(-1.,0.,0.));
#4508=DIRECTION('',(0.,-1.,0.));
#4509=DIRECTION('',(0.,-1.,0.));
#4510=DIRECTION('',(-1.,0.,0.));
#4511=DIRECTION('',(0.,1.,0.));
#4512=DIRECTION('',(1.,0.,0.));
#4513=DIRECTION('',(0.,-1.,0.));
#4514=DIRECTION('',(1.,0.,0.));
#4515=DIRECTION('',(0.,-1.,0.));
#4516=DIRECTION('',(0.,0.,1.));
#4517=DIRECTION('',(0.,-1.,0.));
#4518=DIRECTION('',(0.,-1.,0.));
#4519=DIRECTION('',(-1.,0.,0.));
#4520=DIRECTION('',(0.,1.,0.));
#4521=DIRECTION('',(1.,0.,0.));
#4522=DIRECTION('',(0.,-1.,0.));
#4523=DIRECTION('',(0.,0.,-1.));
#4524=DIRECTION('',(0.,1.,0.));
#4525=DIRECTION('',(0.,0.,-1.));
#4526=DIRECTION('',(0.,1.,0.));
#4527=DIRECTION('',(1.,0.,0.));
#4528=DIRECTION('',(0.,-1.,0.));
#4529=DIRECTION('',(0.,0.,-1.));
#4530=DIRECTION('',(0.,1.,0.));
#4531=DIRECTION('',(1.,0.,0.));
#4532=DIRECTION('',(0.,-1.,0.));
#4533=DIRECTION('',(-1.,0.,0.));
#4534=DIRECTION('',(0.,1.,0.));
#4535=DIRECTION('',(1.,0.,0.));
#4536=DIRECTION('',(0.,1.,0.));
#4537=DIRECTION('',(1.,0.,0.));
#4538=DIRECTION('',(0.,-1.,0.));
#4539=DIRECTION('',(-1.,0.,0.));
#4540=DIRECTION('',(0.,1.,0.));
#4541=DIRECTION('',(1.,0.,0.));
#4542=DIRECTION('',(0.,-1.,0.));
#4543=DIRECTION('',(-1.,0.,0.));
#4544=DIRECTION('',(0.,1.,0.));
#4545=DIRECTION('',(0.,-1.,0.));
#4546=DIRECTION('',(0.,0.,-1.));
#4547=DIRECTION('',(0.,-1.,0.));
#4548=DIRECTION('',(-1.,0.,0.));
#4549=DIRECTION('',(0.,1.,0.));
#4550=DIRECTION('',(1.,0.,0.));
#4551=DIRECTION('',(0.,-1.,0.));
#4552=DIRECTION('',(0.,0.,1.));
#4553=DIRECTION('',(0.,-1.,0.));
#4554=DIRECTION('',(0.,-1.,0.));
#4555=DIRECTION('',(-1.,0.,0.));
#4556=DIRECTION('',(0.,-1.,0.));
#4557=DIRECTION('',(-1.,0.,0.));
#4558=DIRECTION('',(0.,-1.,0.));
#4559=DIRECTION('',(1.,0.,0.));
#4560=DIRECTION('',(0.,-1.,0.));
#4561=DIRECTION('',(0.,-1.,0.));
#4562=DIRECTION('',(0.,-1.,0.));
#4563=DIRECTION('',(-1.,0.,0.));
#4564=DIRECTION('',(0.,-1.,0.));
#4565=DIRECTION('',(-1.,0.,0.));
#4566=DIRECTION('',(0.,1.,0.));
#4567=DIRECTION('',(1.,0.,0.));
#4568=DIRECTION('',(0.,-1.,0.));
#4569=DIRECTION('',(0.,-1.,0.));
#4570=DIRECTION('',(-1.,0.,0.));
#4571=DIRECTION('',(0.,1.,0.));
#4572=DIRECTION('',(1.,0.,0.));
#4573=DIRECTION('',(0.,-1.,0.));
#4574=DIRECTION('',(0.,1.,0.));
#4575=DIRECTION('',(1.,0.,0.));
#4576=DIRECTION('',(-1.,0.,3.96508228815329E-16));
#4577=DIRECTION('',(3.96508228815329E-16,0.,1.));
#4578=DIRECTION('',(-3.96508228815329E-16,0.,-1.));
#4579=DIRECTION('',(0.,-1.,0.));
#4580=DIRECTION('',(-3.96508228815329E-16,0.,-1.));
#4581=DIRECTION('',(0.,-1.,0.));
#4582=DIRECTION('',(-1.,0.,0.));
#4583=DIRECTION('',(0.,1.,0.));
#4584=DIRECTION('',(1.,0.,0.));
#4585=DIRECTION('',(0.,1.,0.));
#4586=DIRECTION('',(1.,0.,0.));
#4587=DIRECTION('',(0.,-1.,0.));
#4588=DIRECTION('',(-1.,0.,0.));
#4589=DIRECTION('',(0.,1.,0.));
#4590=DIRECTION('',(1.,0.,0.));
#4591=DIRECTION('',(0.,-1.,0.));
#4592=DIRECTION('',(1.,0.,-3.96508228815338E-16));
#4593=DIRECTION('',(-3.96508228815338E-16,0.,-1.));
#4594=DIRECTION('',(3.96508228815338E-16,0.,1.));
#4595=DIRECTION('',(0.,1.,0.));
#4596=DIRECTION('',(1.,0.,0.));
#4597=DIRECTION('',(0.,1.,0.));
#4598=DIRECTION('',(1.,0.,0.));
#4599=DIRECTION('',(0.,1.,0.));
#4600=DIRECTION('',(1.,0.,0.));
#4601=DIRECTION('',(0.,1.,0.));
#4602=DIRECTION('',(1.,0.,0.));
#4603=DIRECTION('',(0.,1.,0.));
#4604=DIRECTION('',(1.,0.,0.));
#4605=DIRECTION('',(0.,1.,0.));
#4606=DIRECTION('',(1.,0.,0.));
#4607=DIRECTION('',(0.,1.,0.));
#4608=DIRECTION('',(1.,0.,0.));
#4609=DIRECTION('',(0.,1.,0.));
#4610=DIRECTION('',(1.,0.,0.));
#4611=DIRECTION('',(0.,1.,0.));
#4612=DIRECTION('',(1.,0.,0.));
#4613=DIRECTION('',(0.,1.,0.));
#4614=DIRECTION('',(1.,0.,0.));
#4615=DIRECTION('',(0.,0.,1.));
#4616=DIRECTION('',(0.,0.,1.));
#4617=DIRECTION('',(1.,0.,0.));
#4618=DIRECTION('',(0.,1.,0.));
#4619=DIRECTION('',(1.,0.,0.));
#4620=DIRECTION('',(0.,-1.,0.));
#4621=DIRECTION('',(-1.,0.,0.));
#4622=DIRECTION('',(0.,0.,-1.));
#4623=DIRECTION('',(0.,1.,0.));
#4624=DIRECTION('',(0.,0.,-1.));
#4625=DIRECTION('',(0.,1.,0.));
#4626=DIRECTION('',(0.,-1.,0.));
#4627=DIRECTION('',(0.,-1.,0.));
#4628=DIRECTION('',(-1.,0.,0.));
#4629=DIRECTION('',(0.,0.,1.));
#4630=DIRECTION('',(0.,-1.,0.));
#4631=DIRECTION('',(0.,0.,1.));
#4632=DIRECTION('',(0.,-1.,0.));
#4633=DIRECTION('',(0.,-1.,0.));
#4634=DIRECTION('',(-1.,0.,0.));
#4635=DIRECTION('',(0.,-1.,0.));
#4636=DIRECTION('',(-1.,0.,0.));
#4637=DIRECTION('',(0.,-1.,0.));
#4638=DIRECTION('',(-1.,0.,0.));
#4639=DIRECTION('',(0.,-1.,0.));
#4640=DIRECTION('',(-1.,0.,0.));
#4641=DIRECTION('',(0.,-1.,0.));
#4642=DIRECTION('',(-1.,0.,0.));
#4643=DIRECTION('',(0.,1.,0.));
#4644=DIRECTION('',(1.,0.,0.));
#4645=DIRECTION('',(0.,1.,0.));
#4646=DIRECTION('',(1.,0.,0.));
#4647=DIRECTION('',(0.,-1.,0.));
#4648=DIRECTION('',(-1.,0.,0.));
#4649=DIRECTION('',(0.,1.,0.));
#4650=DIRECTION('',(1.,0.,0.));
#4651=DIRECTION('',(0.,1.,0.));
#4652=DIRECTION('',(1.,0.,0.));
#4653=DIRECTION('',(0.,-1.,0.));
#4654=DIRECTION('',(-1.,0.,0.));
#4655=DIRECTION('',(0.,1.,0.));
#4656=DIRECTION('',(1.,0.,0.));
#4657=DIRECTION('',(0.,1.,0.));
#4658=DIRECTION('',(1.,0.,0.));
#4659=DIRECTION('',(0.,-1.,0.));
#4660=DIRECTION('',(-1.,0.,0.));
#4661=DIRECTION('',(0.,1.,0.));
#4662=DIRECTION('',(1.,0.,0.));
#4663=DIRECTION('',(0.,1.,0.));
#4664=DIRECTION('',(1.,0.,0.));
#4665=DIRECTION('',(0.,0.,1.));
#4666=DIRECTION('',(1.,0.,0.));
#4667=DIRECTION('',(1.,0.,0.));
#4668=DIRECTION('',(0.,-1.,0.));
#4669=DIRECTION('',(1.,0.,0.));
#4670=DIRECTION('',(1.,0.,0.));
#4671=DIRECTION('',(1.,0.,0.));
#4672=DIRECTION('',(-1.,0.,0.));
#4673=DIRECTION('',(0.,1.,0.));
#4674=DIRECTION('',(1.,0.,0.));
#4675=DIRECTION('',(0.,-1.,0.));
#4676=DIRECTION('',(1.,0.,0.));
#4677=DIRECTION('',(1.,0.,0.));
#4678=DIRECTION('',(-1.,0.,0.));
#4679=DIRECTION('',(0.,1.,0.));
#4680=DIRECTION('',(1.,0.,0.));
#4681=DIRECTION('',(-1.,0.,0.));
#4682=DIRECTION('',(0.,1.,0.));
#4683=DIRECTION('',(-1.,0.,0.));
#4684=DIRECTION('',(-1.,0.,0.));
#4685=DIRECTION('',(-1.,0.,0.));
#4686=DIRECTION('',(-1.,0.,0.));
#4687=DIRECTION('',(0.,-1.,0.));
#4688=DIRECTION('',(-1.,0.,0.));
#4689=DIRECTION('',(0.,1.,0.));
#4690=DIRECTION('',(1.,0.,0.));
#4691=DIRECTION('',(0.,1.,0.));
#4692=DIRECTION('',(1.,0.,0.));
#4693=DIRECTION('',(0.,-1.,0.));
#4694=DIRECTION('',(-1.,0.,0.));
#4695=DIRECTION('',(0.,1.,0.));
#4696=DIRECTION('',(1.,0.,0.));
#4697=DIRECTION('',(0.,1.,0.));
#4698=DIRECTION('',(1.,0.,0.));
#4699=DIRECTION('',(0.,-1.,0.));
#4700=DIRECTION('',(-1.,0.,0.));
#4701=DIRECTION('',(0.,1.,0.));
#4702=DIRECTION('',(1.,0.,0.));
#4703=DIRECTION('',(0.,1.,0.));
#4704=DIRECTION('',(1.,0.,0.));
#4705=DIRECTION('',(0.,-1.,0.));
#4706=DIRECTION('',(-1.,0.,0.));
#4707=DIRECTION('',(0.,1.,0.));
#4708=DIRECTION('',(1.,0.,0.));
#4709=DIRECTION('',(0.,1.,0.));
#4710=DIRECTION('',(1.,0.,0.));
#4711=DIRECTION('',(0.,0.,1.));
#4712=DIRECTION('',(0.,-1.,0.));
#4713=DIRECTION('',(1.,0.,0.));
#4714=DIRECTION('',(0.,-1.,0.));
#4715=DIRECTION('',(1.,0.,0.));
#4716=DIRECTION('',(0.,-1.,0.));
#4717=DIRECTION('',(0.,0.,-1.));
#4718=DIRECTION('',(0.,1.,0.));
#4719=DIRECTION('',(-1.,0.,0.));
#4720=DIRECTION('',(0.,-1.,0.));
#4721=DIRECTION('',(-1.,0.,0.));
#4722=DIRECTION('',(0.,-1.,0.));
#4723=DIRECTION('',(0.,0.,-1.));
#4724=DIRECTION('',(0.,1.,0.));
#4725=DIRECTION('',(-1.,0.,0.));
#4726=DIRECTION('',(0.,-1.,0.));
#4727=DIRECTION('',(-1.,0.,0.));
#4728=DIRECTION('',(0.,1.,0.));
#4729=DIRECTION('',(0.,0.,1.));
#4730=DIRECTION('',(0.,-1.,0.));
#4731=DIRECTION('',(1.,0.,0.));
#4732=DIRECTION('',(0.,-1.,0.));
#4733=DIRECTION('',(1.,0.,0.));
#4734=DIRECTION('',(0.,1.,0.));
#4735=DIRECTION('',(0.,0.,-1.));
#4736=DIRECTION('',(0.,1.,0.));
#4737=DIRECTION('',(0.,1.,0.));
#4738=DIRECTION('',(0.,0.,-1.));
#4739=DIRECTION('',(0.,1.,0.));
#4740=DIRECTION('',(-1.,0.,0.));
#4741=DIRECTION('',(0.,-1.,0.));
#4742=DIRECTION('',(-1.,0.,0.));
#4743=DIRECTION('',(0.,0.,-1.));
#4744=DIRECTION('',(0.,1.,0.));
#4745=DIRECTION('',(0.,1.,0.));
#4746=DIRECTION('',(1.,0.,0.));
#4747=DIRECTION('',(0.,1.,0.));
#4748=DIRECTION('',(1.,0.,0.));
#4749=DIRECTION('',(0.,1.,0.));
#4750=DIRECTION('',(1.,0.,0.));
#4751=DIRECTION('',(0.,0.,-1.));
#4752=DIRECTION('',(0.,1.,0.));
#4753=DIRECTION('',(1.,0.,0.));
#4754=DIRECTION('',(0.,1.,0.));
#4755=DIRECTION('',(1.,0.,0.));
#4756=DIRECTION('',(0.,1.,0.));
#4757=DIRECTION('',(1.,0.,0.));
#4758=DIRECTION('',(0.,1.,0.));
#4759=DIRECTION('',(1.,0.,0.));
#4760=DIRECTION('',(0.,0.,1.));
#4761=DIRECTION('',(0.,1.,0.));
#4762=DIRECTION('',(1.,0.,0.));
#4763=DIRECTION('',(0.,1.,0.));
#4764=DIRECTION('',(1.,0.,0.));
#4765=DIRECTION('',(0.,0.,1.));
#4766=DIRECTION('',(0.,1.,0.));
#4767=DIRECTION('',(1.,0.,0.));
#4768=DIRECTION('',(-2.01244022735156E-16,0.,-1.));
#4769=DIRECTION('',(0.,1.,0.));
#4770=DIRECTION('',(1.,0.,0.));
#4771=DIRECTION('',(1.,0.,0.));
#4772=DIRECTION('',(0.,1.,0.));
#4773=DIRECTION('',(1.,0.,0.));
#4774=DIRECTION('',(-2.01244022735104E-16,0.,-1.));
#4775=DIRECTION('',(0.,1.,0.));
#4776=DIRECTION('',(1.,0.,0.));
#4777=DIRECTION('',(-1.,0.,0.));
#4778=DIRECTION('',(0.,0.,1.));
#4779=DIRECTION('',(0.,1.,0.));
#4780=DIRECTION('',(1.,0.,0.));
#4781=DIRECTION('',(1.33440267382831E-16,0.,1.));
#4782=DIRECTION('',(0.,1.,0.));
#4783=DIRECTION('',(1.,0.,0.));
#4784=DIRECTION('',(1.,0.,0.));
#4785=DIRECTION('',(0.,1.,0.));
#4786=DIRECTION('',(1.,0.,0.));
#4787=DIRECTION('',(0.,0.,1.));
#4788=DIRECTION('',(0.,1.,0.));
#4789=DIRECTION('',(1.,0.,0.));
#4790=DIRECTION('',(1.,0.,0.));
#4791=DIRECTION('',(0.,1.,0.));
#4792=DIRECTION('',(1.,0.,0.));
#4793=DIRECTION('',(0.,0.,1.));
#4794=DIRECTION('',(0.,1.,0.));
#4795=DIRECTION('',(1.,0.,0.));
#4796=DIRECTION('',(1.,0.,0.));
#4797=DIRECTION('',(0.,1.,0.));
#4798=DIRECTION('',(1.,0.,0.));
#4799=DIRECTION('',(1.33440267382831E-16,0.,1.));
#4800=DIRECTION('',(0.,1.,0.));
#4801=DIRECTION('',(1.,0.,0.));
#4802=DIRECTION('',(1.,0.,0.));
#4803=DIRECTION('',(0.,1.,0.));
#4804=DIRECTION('',(1.,0.,0.));
#4805=DIRECTION('',(1.33440267382831E-16,0.,1.));
#4806=DIRECTION('',(0.,1.,0.));
#4807=DIRECTION('',(1.,0.,0.));
#4808=DIRECTION('',(1.,0.,0.));
#4809=DIRECTION('',(0.,1.,0.));
#4810=DIRECTION('',(1.,0.,0.));
#4811=DIRECTION('',(0.,0.,1.));
#4812=DIRECTION('',(0.,1.,0.));
#4813=DIRECTION('',(1.,0.,0.));
#4814=DIRECTION('',(1.,0.,0.));
#4815=DIRECTION('',(0.,1.,0.));
#4816=DIRECTION('',(1.,0.,0.));
#4817=DIRECTION('',(1.33440267382831E-16,0.,1.));
#4818=DIRECTION('',(0.,1.,0.));
#4819=DIRECTION('',(1.,0.,0.));
#4820=DIRECTION('',(1.,0.,0.));
#4821=DIRECTION('',(0.,1.,0.));
#4822=DIRECTION('',(1.,0.,0.));
#4823=DIRECTION('',(0.,0.,1.));
#4824=DIRECTION('',(0.,1.,0.));
#4825=DIRECTION('',(1.,0.,0.));
#4826=DIRECTION('',(1.,0.,0.));
#4827=DIRECTION('',(0.,1.,0.));
#4828=DIRECTION('',(1.,0.,0.));
#4829=DIRECTION('',(1.33440267382831E-16,0.,1.));
#4830=DIRECTION('',(0.,1.,0.));
#4831=DIRECTION('',(1.,0.,0.));
#4832=DIRECTION('',(1.,0.,0.));
#4833=DIRECTION('',(0.,1.,0.));
#4834=DIRECTION('',(1.,0.,0.));
#4835=DIRECTION('',(0.,0.,1.));
#4836=DIRECTION('',(0.,1.,0.));
#4837=DIRECTION('',(1.,0.,0.));
#4838=DIRECTION('',(1.,0.,0.));
#4839=DIRECTION('',(0.,1.,0.));
#4840=DIRECTION('',(1.,0.,0.));
#4841=DIRECTION('',(1.33440267382831E-16,0.,1.));
#4842=DIRECTION('',(0.,1.,0.));
#4843=DIRECTION('',(1.,0.,0.));
#4844=DIRECTION('',(1.,0.,0.));
#4845=DIRECTION('',(0.,1.,0.));
#4846=DIRECTION('',(1.,0.,0.));
#4847=DIRECTION('',(1.33440267382831E-16,0.,1.));
#4848=DIRECTION('',(0.,1.,0.));
#4849=DIRECTION('',(1.,0.,0.));
#4850=DIRECTION('',(1.,0.,0.));
#4851=DIRECTION('',(0.,1.,0.));
#4852=DIRECTION('',(1.,0.,0.));
#4853=DIRECTION('',(0.,0.,1.));
#4854=DIRECTION('',(0.,1.,0.));
#4855=DIRECTION('',(1.,0.,0.));
#4856=DIRECTION('',(1.,0.,0.));
#4857=DIRECTION('',(0.,1.,0.));
#4858=DIRECTION('',(1.,0.,0.));
#4859=DIRECTION('',(1.33440267382831E-16,0.,1.));
#4860=DIRECTION('',(0.,1.,0.));
#4861=DIRECTION('',(1.,0.,0.));
#4862=DIRECTION('',(1.,0.,0.));
#4863=DIRECTION('',(0.,1.,0.));
#4864=DIRECTION('',(1.,0.,0.));
#4865=DIRECTION('',(1.33440267382831E-16,0.,1.));
#4866=DIRECTION('',(0.,1.,0.));
#4867=DIRECTION('',(1.,0.,0.));
#4868=DIRECTION('',(1.,0.,0.));
#4869=DIRECTION('',(0.,1.,0.));
#4870=DIRECTION('',(1.,0.,0.));
#4871=DIRECTION('',(1.33440267382831E-16,0.,1.));
#4872=DIRECTION('',(0.,1.,0.));
#4873=DIRECTION('',(1.,0.,0.));
#4874=DIRECTION('',(1.,0.,0.));
#4875=DIRECTION('',(0.,1.,0.));
#4876=DIRECTION('',(1.,0.,0.));
#4877=DIRECTION('',(0.,0.,1.));
#4878=DIRECTION('',(0.,1.,0.));
#4879=DIRECTION('',(1.,0.,0.));
#4880=DIRECTION('',(1.,0.,0.));
#4881=DIRECTION('',(0.,1.,0.));
#4882=DIRECTION('',(1.,0.,0.));
#4883=DIRECTION('',(1.33440267382831E-16,0.,1.));
#4884=DIRECTION('',(0.,1.,0.));
#4885=DIRECTION('',(1.,0.,0.));
#4886=DIRECTION('',(1.,0.,0.));
#4887=DIRECTION('',(0.,1.,0.));
#4888=DIRECTION('',(1.,0.,0.));
#4889=DIRECTION('',(1.33440267382831E-16,0.,1.));
#4890=DIRECTION('',(0.,1.,0.));
#4891=DIRECTION('',(1.,0.,0.));
#4892=DIRECTION('',(1.,0.,0.));
#4893=DIRECTION('',(0.,1.,0.));
#4894=DIRECTION('',(1.,0.,0.));
#4895=DIRECTION('',(1.33440267382831E-16,0.,1.));
#4896=DIRECTION('',(0.,1.,0.));
#4897=DIRECTION('',(1.,0.,0.));
#4898=DIRECTION('',(1.,0.,0.));
#4899=DIRECTION('',(0.,1.,0.));
#4900=DIRECTION('',(1.,0.,0.));
#4901=DIRECTION('',(0.,0.,1.));
#4902=DIRECTION('',(0.,1.,0.));
#4903=DIRECTION('',(1.,0.,0.));
#4904=DIRECTION('',(1.,0.,0.));
#4905=DIRECTION('',(0.,1.,0.));
#4906=DIRECTION('',(1.,0.,0.));
#4907=DIRECTION('',(1.33440267382831E-16,0.,1.));
#4908=DIRECTION('',(0.,1.,0.));
#4909=DIRECTION('',(1.,0.,0.));
#4910=DIRECTION('',(1.,0.,0.));
#4911=DIRECTION('',(0.,0.,1.));
#4912=DIRECTION('',(0.,-1.,0.));
#4913=DIRECTION('',(0.,-1.,0.));
#4914=DIRECTION('',(1.,0.,0.));
#4915=DIRECTION('',(0.,-1.,0.));
#4916=DIRECTION('',(1.,0.,0.));
#4917=DIRECTION('',(0.,0.,1.));
#4918=DIRECTION('',(0.,-1.,0.));
#4919=DIRECTION('',(0.,-1.,0.));
#4920=DIRECTION('',(1.,0.,0.));
#4921=DIRECTION('',(0.,1.,0.));
#4922=DIRECTION('',(1.,0.,0.));
#4923=DIRECTION('',(0.,1.,0.));
#4924=DIRECTION('',(1.,0.,0.));
#4925=DIRECTION('',(0.,0.,1.));
#4926=DIRECTION('',(0.,1.,0.));
#4927=DIRECTION('',(1.,0.,0.));
#4928=DIRECTION('',(0.,0.,1.));
#4929=DIRECTION('',(0.,1.,0.));
#4930=DIRECTION('',(1.,0.,0.));
#4931=DIRECTION('',(0.,1.,0.));
#4932=DIRECTION('',(1.,0.,0.));
#4933=DIRECTION('',(0.,0.,-1.));
#4934=DIRECTION('',(0.,1.,0.));
#4935=DIRECTION('',(1.,0.,0.));
#4936=DIRECTION('',(0.,0.,1.));
#4937=DIRECTION('',(-1.,0.,0.));
#4938=DIRECTION('',(0.,1.,0.));
#4939=DIRECTION('',(1.,0.,0.));
#4940=DIRECTION('',(0.,1.,0.));
#4941=DIRECTION('',(1.,0.,0.));
#4942=DIRECTION('',(0.,1.,0.));
#4943=DIRECTION('',(1.,0.,0.));
#4944=DIRECTION('',(0.,0.,-1.));
#4945=DIRECTION('',(0.,1.,0.));
#4946=DIRECTION('',(1.,0.,0.));
#4947=DIRECTION('',(0.,1.,0.));
#4948=DIRECTION('',(1.,0.,0.));
#4949=DIRECTION('',(0.,1.,0.));
#4950=DIRECTION('',(1.,0.,0.));
#4951=DIRECTION('',(-1.,0.,0.));
#4952=DIRECTION('',(0.,1.,0.));
#4953=DIRECTION('',(1.,0.,0.));
#4954=DIRECTION('',(0.,0.,1.));
#4955=DIRECTION('',(0.,1.,0.));
#4956=DIRECTION('',(1.,0.,0.));
#4957=DIRECTION('',(0.,1.,0.));
#4958=DIRECTION('',(1.,0.,0.));
#4959=DIRECTION('',(0.,1.,0.));
#4960=DIRECTION('',(1.,0.,0.));
#4961=DIRECTION('',(0.,-1.,0.));
#4962=DIRECTION('',(-1.,0.,0.));
#4963=DIRECTION('',(0.,1.,0.));
#4964=DIRECTION('',(1.,0.,0.));
#4965=DIRECTION('',(0.,-1.,0.));
#4966=DIRECTION('',(0.,-1.,0.));
#4967=DIRECTION('',(1.,0.,-1.33440267382831E-16));
#4968=DIRECTION('',(-1.33440267382831E-16,0.,-1.));
#4969=DIRECTION('',(1.33440267382831E-16,0.,1.));
#4970=DIRECTION('',(0.,-1.,0.));
#4971=DIRECTION('',(0.,-1.,0.));
#4972=DIRECTION('',(-1.,0.,0.));
#4973=DIRECTION('',(0.,1.,0.));
#4974=DIRECTION('',(1.,0.,0.));
#4975=DIRECTION('',(0.,-1.,0.));
#4976=DIRECTION('',(0.,0.,-1.));
#4977=DIRECTION('',(0.,1.,0.));
#4978=DIRECTION('',(1.,0.,0.));
#4979=DIRECTION('',(0.,-1.,0.));
#4980=DIRECTION('',(0.,-1.,0.));
#4981=DIRECTION('',(-1.,0.,0.));
#4982=DIRECTION('',(0.,1.,0.));
#4983=DIRECTION('',(1.,0.,0.));
#4984=DIRECTION('',(0.,-1.,0.));
#4985=DIRECTION('',(1.,0.,0.));
#4986=DIRECTION('',(0.,-1.,0.));
#4987=DIRECTION('',(0.,0.,1.));
#4988=DIRECTION('',(0.,-1.,0.));
#4989=DIRECTION('',(0.,-1.,0.));
#4990=DIRECTION('',(-1.,0.,0.));
#4991=DIRECTION('',(0.,1.,0.));
#4992=DIRECTION('',(1.,0.,0.));
#4993=DIRECTION('',(0.,-1.,0.));
#4994=DIRECTION('',(0.,-1.,0.));
#4995=DIRECTION('',(-1.,0.,0.));
#4996=DIRECTION('',(0.,1.,0.));
#4997=DIRECTION('',(1.,0.,0.));
#4998=DIRECTION('',(0.,-1.,0.));
#4999=DIRECTION('',(0.,-1.,0.));
#5000=DIRECTION('',(1.,0.,0.));
#5001=DIRECTION('',(0.,-1.,0.));
#5002=DIRECTION('',(0.,0.,1.));
#5003=DIRECTION('',(0.,-1.,0.));
#5004=DIRECTION('',(0.,-1.,0.));
#5005=DIRECTION('',(-1.,0.,0.));
#5006=DIRECTION('',(0.,1.,0.));
#5007=DIRECTION('',(1.,0.,0.));
#5008=DIRECTION('',(0.,-1.,0.));
#5009=DIRECTION('',(0.,0.,-1.));
#5010=DIRECTION('',(0.,1.,0.));
#5011=DIRECTION('',(1.,0.,0.));
#5012=DIRECTION('',(0.,-1.,0.));
#5013=DIRECTION('',(0.,-1.,0.));
#5014=DIRECTION('',(-1.,0.,0.));
#5015=DIRECTION('',(0.,1.,0.));
#5016=DIRECTION('',(1.,0.,0.));
#5017=DIRECTION('',(0.,-1.,0.));
#5018=DIRECTION('',(1.,0.,-1.33440267382831E-16));
#5019=DIRECTION('',(-1.33440267382831E-16,0.,-1.));
#5020=DIRECTION('',(1.33440267382831E-16,0.,1.));
#5021=DIRECTION('',(0.,-1.,0.));
#5022=DIRECTION('',(0.,-1.,0.));
#5023=DIRECTION('',(-1.,0.,0.));
#5024=DIRECTION('',(0.,1.,0.));
#5025=DIRECTION('',(1.,0.,0.));
#5026=DIRECTION('',(0.,-1.,0.));
#5027=DIRECTION('',(0.,-1.,0.));
#5028=DIRECTION('',(-1.,0.,0.));
#5029=DIRECTION('',(0.,1.,0.));
#5030=DIRECTION('',(1.,0.,0.));
#5031=DIRECTION('',(0.,-1.,0.));
#5032=DIRECTION('',(0.,-1.,0.));
#5033=DIRECTION('',(1.,0.,-1.33440267382831E-16));
#5034=DIRECTION('',(-1.33440267382831E-16,0.,-1.));
#5035=DIRECTION('',(1.33440267382831E-16,0.,1.));
#5036=DIRECTION('',(0.,-1.,0.));
#5037=DIRECTION('',(0.,-1.,0.));
#5038=DIRECTION('',(-1.,0.,0.));
#5039=DIRECTION('',(0.,1.,0.));
#5040=DIRECTION('',(1.,0.,0.));
#5041=DIRECTION('',(0.,-1.,0.));
#5042=DIRECTION('',(0.,0.,-1.));
#5043=DIRECTION('',(0.,1.,0.));
#5044=DIRECTION('',(1.,0.,0.));
#5045=DIRECTION('',(0.,-1.,0.));
#5046=DIRECTION('',(0.,-1.,0.));
#5047=DIRECTION('',(-1.,0.,0.));
#5048=DIRECTION('',(0.,1.,0.));
#5049=DIRECTION('',(1.,0.,0.));
#5050=DIRECTION('',(0.,-1.,0.));
#5051=DIRECTION('',(1.,0.,0.));
#5052=DIRECTION('',(0.,-1.,0.));
#5053=DIRECTION('',(0.,0.,1.));
#5054=DIRECTION('',(0.,-1.,0.));
#5055=DIRECTION('',(0.,-1.,0.));
#5056=DIRECTION('',(-1.,0.,0.));
#5057=DIRECTION('',(0.,1.,0.));
#5058=DIRECTION('',(1.,0.,0.));
#5059=DIRECTION('',(0.,-1.,0.));
#5060=DIRECTION('',(0.,-1.,0.));
#5061=DIRECTION('',(-1.,0.,0.));
#5062=DIRECTION('',(0.,1.,0.));
#5063=DIRECTION('',(1.,0.,0.));
#5064=DIRECTION('',(0.,-1.,0.));
#5065=DIRECTION('',(0.,-1.,0.));
#5066=DIRECTION('',(1.,0.,-1.33440267382831E-16));
#5067=DIRECTION('',(-1.33440267382831E-16,0.,-1.));
#5068=DIRECTION('',(1.33440267382831E-16,0.,1.));
#5069=DIRECTION('',(0.,-1.,0.));
#5070=DIRECTION('',(0.,-1.,0.));
#5071=DIRECTION('',(-1.,0.,0.));
#5072=DIRECTION('',(0.,1.,0.));
#5073=DIRECTION('',(1.,0.,0.));
#5074=DIRECTION('',(0.,-1.,0.));
#5075=DIRECTION('',(0.,0.,-1.));
#5076=DIRECTION('',(0.,1.,0.));
#5077=DIRECTION('',(1.,0.,0.));
#5078=DIRECTION('',(0.,-1.,0.));
#5079=DIRECTION('',(0.,-1.,0.));
#5080=DIRECTION('',(-1.,0.,0.));
#5081=DIRECTION('',(0.,1.,0.));
#5082=DIRECTION('',(1.,0.,0.));
#5083=DIRECTION('',(0.,-1.,0.));
#5084=DIRECTION('',(1.,0.,0.));
#5085=DIRECTION('',(0.,-1.,0.));
#5086=DIRECTION('',(0.,0.,1.));
#5087=DIRECTION('',(0.,-1.,0.));
#5088=DIRECTION('',(0.,-1.,0.));
#5089=DIRECTION('',(-1.,0.,0.));
#5090=DIRECTION('',(0.,1.,0.));
#5091=DIRECTION('',(1.,0.,0.));
#5092=DIRECTION('',(0.,-1.,0.));
#5093=DIRECTION('',(0.,-1.,0.));
#5094=DIRECTION('',(-1.,0.,0.));
#5095=DIRECTION('',(0.,1.,0.));
#5096=DIRECTION('',(1.,0.,0.));
#5097=DIRECTION('',(0.,-1.,0.));
#5098=DIRECTION('',(0.,-1.,0.));
#5099=DIRECTION('',(1.,0.,-1.33440267382831E-16));
#5100=DIRECTION('',(-1.33440267382831E-16,0.,-1.));
#5101=DIRECTION('',(1.33440267382831E-16,0.,1.));
#5102=DIRECTION('',(0.,-1.,0.));
#5103=DIRECTION('',(0.,-1.,0.));
#5104=DIRECTION('',(-1.,0.,0.));
#5105=DIRECTION('',(0.,1.,0.));
#5106=DIRECTION('',(1.,0.,0.));
#5107=DIRECTION('',(0.,-1.,0.));
#5108=DIRECTION('',(0.,0.,-1.));
#5109=DIRECTION('',(0.,1.,0.));
#5110=DIRECTION('',(1.,0.,0.));
#5111=DIRECTION('',(0.,-1.,0.));
#5112=DIRECTION('',(0.,-1.,0.));
#5113=DIRECTION('',(-1.,0.,0.));
#5114=DIRECTION('',(0.,1.,0.));
#5115=DIRECTION('',(1.,0.,0.));
#5116=DIRECTION('',(0.,-1.,0.));
#5117=DIRECTION('',(1.,0.,0.));
#5118=DIRECTION('',(0.,-1.,0.));
#5119=DIRECTION('',(0.,0.,1.));
#5120=DIRECTION('',(0.,-1.,0.));
#5121=DIRECTION('',(0.,-1.,0.));
#5122=DIRECTION('',(-1.,0.,0.));
#5123=DIRECTION('',(0.,1.,0.));
#5124=DIRECTION('',(1.,0.,0.));
#5125=DIRECTION('',(0.,-1.,0.));
#5126=DIRECTION('',(0.,-1.,0.));
#5127=DIRECTION('',(-1.,0.,0.));
#5128=DIRECTION('',(0.,1.,0.));
#5129=DIRECTION('',(1.,0.,0.));
#5130=DIRECTION('',(0.,-1.,0.));
#5131=DIRECTION('',(0.,-1.,0.));
#5132=DIRECTION('',(1.,0.,-1.33440267382831E-16));
#5133=DIRECTION('',(-1.33440267382831E-16,0.,-1.));
#5134=DIRECTION('',(1.33440267382831E-16,0.,1.));
#5135=DIRECTION('',(0.,-1.,0.));
#5136=DIRECTION('',(0.,-1.,0.));
#5137=DIRECTION('',(-1.,0.,0.));
#5138=DIRECTION('',(0.,1.,0.));
#5139=DIRECTION('',(1.,0.,0.));
#5140=DIRECTION('',(0.,-1.,0.));
#5141=DIRECTION('',(0.,0.,-1.));
#5142=DIRECTION('',(0.,1.,0.));
#5143=DIRECTION('',(1.,0.,0.));
#5144=DIRECTION('',(0.,-1.,0.));
#5145=DIRECTION('',(0.,-1.,0.));
#5146=DIRECTION('',(-1.,0.,0.));
#5147=DIRECTION('',(0.,1.,0.));
#5148=DIRECTION('',(1.,0.,0.));
#5149=DIRECTION('',(0.,-1.,0.));
#5150=DIRECTION('',(1.,0.,-1.33440267382831E-16));
#5151=DIRECTION('',(-1.33440267382831E-16,0.,-1.));
#5152=DIRECTION('',(1.33440267382831E-16,0.,1.));
#5153=DIRECTION('',(0.,-1.,0.));
#5154=DIRECTION('',(0.,-1.,0.));
#5155=DIRECTION('',(-1.,0.,0.));
#5156=DIRECTION('',(0.,1.,0.));
#5157=DIRECTION('',(1.,0.,0.));
#5158=DIRECTION('',(0.,-1.,0.));
#5159=DIRECTION('',(0.,-1.,0.));
#5160=DIRECTION('',(-1.,0.,0.));
#5161=DIRECTION('',(0.,1.,0.));
#5162=DIRECTION('',(1.,0.,0.));
#5163=DIRECTION('',(0.,-1.,0.));
#5164=DIRECTION('',(0.,-1.,0.));
#5165=DIRECTION('',(1.,0.,0.));
#5166=DIRECTION('',(0.,-1.,0.));
#5167=DIRECTION('',(0.,0.,1.));
#5168=DIRECTION('',(0.,-1.,0.));
#5169=DIRECTION('',(0.,-1.,0.));
#5170=DIRECTION('',(-1.,0.,0.));
#5171=DIRECTION('',(0.,1.,0.));
#5172=DIRECTION('',(1.,0.,0.));
#5173=DIRECTION('',(0.,-1.,0.));
#5174=DIRECTION('',(0.,0.,-1.));
#5175=DIRECTION('',(0.,1.,0.));
#5176=DIRECTION('',(1.,0.,0.));
#5177=DIRECTION('',(0.,-1.,0.));
#5178=DIRECTION('',(0.,-1.,0.));
#5179=DIRECTION('',(-1.,0.,0.));
#5180=DIRECTION('',(0.,1.,0.));
#5181=DIRECTION('',(1.,0.,0.));
#5182=DIRECTION('',(0.,-1.,0.));
#5183=DIRECTION('',(1.,0.,-1.33440267382831E-16));
#5184=DIRECTION('',(-1.33440267382831E-16,0.,-1.));
#5185=DIRECTION('',(1.33440267382831E-16,0.,1.));
#5186=DIRECTION('',(0.,-1.,0.));
#5187=DIRECTION('',(0.,-1.,0.));
#5188=DIRECTION('',(-1.,0.,0.));
#5189=DIRECTION('',(0.,1.,0.));
#5190=DIRECTION('',(1.,0.,0.));
#5191=DIRECTION('',(0.,-1.,0.));
#5192=DIRECTION('',(0.,-1.,0.));
#5193=DIRECTION('',(-1.,0.,0.));
#5194=DIRECTION('',(0.,1.,0.));
#5195=DIRECTION('',(1.,0.,0.));
#5196=DIRECTION('',(0.,-1.,0.));
#5197=DIRECTION('',(0.,-1.,0.));
#5198=DIRECTION('',(1.,0.,-1.33440267382831E-16));
#5199=DIRECTION('',(-1.33440267382831E-16,0.,-1.));
#5200=DIRECTION('',(1.33440267382831E-16,0.,1.));
#5201=DIRECTION('',(0.,-1.,0.));
#5202=DIRECTION('',(0.,-1.,0.));
#5203=DIRECTION('',(-1.,0.,0.));
#5204=DIRECTION('',(0.,1.,0.));
#5205=DIRECTION('',(1.,0.,0.));
#5206=DIRECTION('',(0.,-1.,0.));
#5207=DIRECTION('',(0.,0.,-1.));
#5208=DIRECTION('',(0.,1.,0.));
#5209=DIRECTION('',(1.,0.,0.));
#5210=DIRECTION('',(0.,-1.,0.));
#5211=DIRECTION('',(0.,-1.,0.));
#5212=DIRECTION('',(-1.,0.,0.));
#5213=DIRECTION('',(0.,1.,0.));
#5214=DIRECTION('',(1.,0.,0.));
#5215=DIRECTION('',(0.,-1.,0.));
#5216=DIRECTION('',(1.,0.,-1.33440267382831E-16));
#5217=DIRECTION('',(-1.33440267382831E-16,0.,-1.));
#5218=DIRECTION('',(1.33440267382831E-16,0.,1.));
#5219=DIRECTION('',(0.,-1.,0.));
#5220=DIRECTION('',(0.,-1.,0.));
#5221=DIRECTION('',(-1.,0.,0.));
#5222=DIRECTION('',(0.,1.,0.));
#5223=DIRECTION('',(1.,0.,0.));
#5224=DIRECTION('',(0.,-1.,0.));
#5225=DIRECTION('',(0.,-1.,0.));
#5226=DIRECTION('',(-1.,0.,0.));
#5227=DIRECTION('',(0.,1.,0.));
#5228=DIRECTION('',(1.,0.,0.));
#5229=DIRECTION('',(0.,-1.,0.));
#5230=DIRECTION('',(0.,-1.,0.));
#5231=DIRECTION('',(1.,0.,0.));
#5232=DIRECTION('',(0.,-1.,0.));
#5233=DIRECTION('',(0.,0.,1.));
#5234=DIRECTION('',(0.,-1.,0.));
#5235=DIRECTION('',(0.,-1.,0.));
#5236=DIRECTION('',(-1.,0.,0.));
#5237=DIRECTION('',(0.,1.,0.));
#5238=DIRECTION('',(1.,0.,0.));
#5239=DIRECTION('',(0.,-1.,0.));
#5240=DIRECTION('',(0.,0.,-1.));
#5241=DIRECTION('',(0.,1.,0.));
#5242=DIRECTION('',(1.,0.,0.));
#5243=DIRECTION('',(0.,-1.,0.));
#5244=DIRECTION('',(0.,-1.,0.));
#5245=DIRECTION('',(-1.,0.,0.));
#5246=DIRECTION('',(0.,1.,0.));
#5247=DIRECTION('',(1.,0.,0.));
#5248=DIRECTION('',(0.,-1.,0.));
#5249=DIRECTION('',(1.,0.,-1.33440267382831E-16));
#5250=DIRECTION('',(-1.33440267382831E-16,0.,-1.));
#5251=DIRECTION('',(1.33440267382831E-16,0.,1.));
#5252=DIRECTION('',(0.,-1.,0.));
#5253=DIRECTION('',(0.,-1.,0.));
#5254=DIRECTION('',(-1.,0.,0.));
#5255=DIRECTION('',(0.,1.,0.));
#5256=DIRECTION('',(1.,0.,0.));
#5257=DIRECTION('',(0.,-1.,0.));
#5258=DIRECTION('',(0.,-1.,0.));
#5259=DIRECTION('',(-1.,0.,0.));
#5260=DIRECTION('',(0.,1.,0.));
#5261=DIRECTION('',(1.,0.,0.));
#5262=DIRECTION('',(0.,-1.,0.));
#5263=DIRECTION('',(0.,-1.,0.));
#5264=DIRECTION('',(1.,0.,-1.33440267382831E-16));
#5265=DIRECTION('',(-1.33440267382831E-16,0.,-1.));
#5266=DIRECTION('',(1.33440267382831E-16,0.,1.));
#5267=DIRECTION('',(0.,-1.,0.));
#5268=DIRECTION('',(0.,-1.,0.));
#5269=DIRECTION('',(-1.,0.,0.));
#5270=DIRECTION('',(0.,1.,0.));
#5271=DIRECTION('',(1.,0.,0.));
#5272=DIRECTION('',(0.,-1.,0.));
#5273=DIRECTION('',(0.,0.,-1.));
#5274=DIRECTION('',(0.,1.,0.));
#5275=DIRECTION('',(1.,0.,0.));
#5276=DIRECTION('',(0.,-1.,0.));
#5277=DIRECTION('',(0.,-1.,0.));
#5278=DIRECTION('',(-1.,0.,0.));
#5279=DIRECTION('',(0.,1.,0.));
#5280=DIRECTION('',(1.,0.,0.));
#5281=DIRECTION('',(0.,-1.,0.));
#5282=DIRECTION('',(1.,0.,-1.33440267382831E-16));
#5283=DIRECTION('',(-1.33440267382831E-16,0.,-1.));
#5284=DIRECTION('',(1.33440267382831E-16,0.,1.));
#5285=DIRECTION('',(0.,-1.,0.));
#5286=DIRECTION('',(0.,-1.,0.));
#5287=DIRECTION('',(-1.,0.,0.));
#5288=DIRECTION('',(0.,1.,0.));
#5289=DIRECTION('',(1.,0.,0.));
#5290=DIRECTION('',(0.,-1.,0.));
#5291=DIRECTION('',(0.,-1.,0.));
#5292=DIRECTION('',(-1.,0.,0.));
#5293=DIRECTION('',(0.,1.,0.));
#5294=DIRECTION('',(1.,0.,0.));
#5295=DIRECTION('',(0.,-1.,0.));
#5296=DIRECTION('',(0.,-1.,0.));
#5297=DIRECTION('',(1.,0.,0.));
#5298=DIRECTION('',(0.,-1.,0.));
#5299=DIRECTION('',(0.,0.,1.));
#5300=DIRECTION('',(0.,-1.,0.));
#5301=DIRECTION('',(0.,-1.,0.));
#5302=DIRECTION('',(-1.,0.,0.));
#5303=DIRECTION('',(0.,1.,0.));
#5304=DIRECTION('',(1.,0.,0.));
#5305=DIRECTION('',(0.,-1.,0.));
#5306=DIRECTION('',(0.,0.,-1.));
#5307=DIRECTION('',(0.,1.,0.));
#5308=DIRECTION('',(1.,0.,0.));
#5309=DIRECTION('',(0.,-1.,0.));
#5310=DIRECTION('',(0.,-1.,0.));
#5311=DIRECTION('',(-1.,0.,0.));
#5312=DIRECTION('',(0.,1.,0.));
#5313=DIRECTION('',(1.,0.,0.));
#5314=DIRECTION('',(0.,-1.,0.));
#5315=DIRECTION('',(1.,0.,-1.33440267382831E-16));
#5316=DIRECTION('',(-1.33440267382831E-16,0.,-1.));
#5317=DIRECTION('',(1.33440267382831E-16,0.,1.));
#5318=DIRECTION('',(0.,-1.,0.));
#5319=DIRECTION('',(0.,-1.,0.));
#5320=DIRECTION('',(-1.,0.,0.));
#5321=DIRECTION('',(0.,1.,0.));
#5322=DIRECTION('',(1.,0.,0.));
#5323=DIRECTION('',(0.,-1.,0.));
#5324=DIRECTION('',(0.,0.,-1.));
#5325=DIRECTION('',(0.,1.,0.));
#5326=DIRECTION('',(1.,0.,0.));
#5327=DIRECTION('',(0.,0.,-1.));
#5328=DIRECTION('',(0.,1.,0.));
#5329=DIRECTION('',(1.,0.,0.));
#5330=DIRECTION('',(0.,0.,-1.));
#5331=DIRECTION('',(0.,1.,0.));
#5332=DIRECTION('',(1.,0.,0.));
#5333=DIRECTION('',(0.,0.,-1.));
#5334=DIRECTION('',(0.,1.,0.));
#5335=DIRECTION('',(1.,0.,0.));
#5336=DIRECTION('',(0.,0.,-1.));
#5337=DIRECTION('',(0.,1.,0.));
#5338=DIRECTION('',(1.,0.,0.));
#5339=DIRECTION('',(0.,0.,-1.));
#5340=DIRECTION('',(0.,1.,0.));
#5341=DIRECTION('',(1.,0.,0.));
#5342=DIRECTION('',(0.,0.,-1.));
#5343=DIRECTION('',(0.,1.,0.));
#5344=DIRECTION('',(1.,0.,0.));
#5345=DIRECTION('',(0.,0.,-1.));
#5346=DIRECTION('',(0.,1.,0.));
#5347=DIRECTION('',(1.,0.,0.));
#5348=DIRECTION('',(0.,0.,-1.));
#5349=DIRECTION('',(0.,1.,0.));
#5350=DIRECTION('',(1.,0.,0.));
#5351=DIRECTION('',(0.,0.,-1.));
#5352=DIRECTION('',(0.,1.,0.));
#5353=DIRECTION('',(1.,0.,0.));
#5354=DIRECTION('',(0.,0.,-1.));
#5355=DIRECTION('',(0.,1.,0.));
#5356=DIRECTION('',(1.,0.,0.));
#5357=DIRECTION('',(0.,1.,0.));
#5358=DIRECTION('',(1.,0.,0.));
#5359=DIRECTION('',(0.,0.,1.));
#5360=DIRECTION('',(0.,-1.,0.));
#5361=DIRECTION('',(0.,1.,0.));
#5362=DIRECTION('',(1.,0.,0.));
#5363=DIRECTION('',(0.,1.,0.));
#5364=DIRECTION('',(1.,0.,0.));
#5365=DIRECTION('',(0.,0.,-1.));
#5366=DIRECTION('',(0.,1.,0.));
#5367=DIRECTION('',(0.,1.,0.));
#5368=DIRECTION('',(1.,0.,0.));
#5369=DIRECTION('',(0.,0.,-1.));
#5370=DIRECTION('',(0.,1.,0.));
#5371=DIRECTION('',(0.,-1.,0.));
#5372=DIRECTION('',(-1.,0.,0.));
#5373=DIRECTION('',(0.,1.,0.));
#5374=DIRECTION('',(0.,1.,0.));
#5375=DIRECTION('',(1.,0.,0.));
#5376=DIRECTION('',(0.,1.,0.));
#5377=DIRECTION('',(1.,0.,0.));
#5378=DIRECTION('',(0.,1.,0.));
#5379=DIRECTION('',(-1.,0.,0.));
#5380=DIRECTION('',(0.,1.,0.));
#5381=DIRECTION('',(0.,0.,1.));
#5382=DIRECTION('',(0.,1.,0.));
#5383=DIRECTION('',(0.,1.,0.));
#5384=DIRECTION('',(1.,0.,0.));
#5385=DIRECTION('',(0.,1.,0.));
#5386=DIRECTION('',(1.,0.,0.));
#5387=DIRECTION('',(0.,1.,0.));
#5388=DIRECTION('',(1.,0.,0.));
#5389=DIRECTION('',(0.,1.,0.));
#5390=DIRECTION('',(1.,0.,0.));
#5391=DIRECTION('',(0.,1.,0.));
#5392=DIRECTION('',(1.,0.,0.));
#5393=DIRECTION('',(0.,-1.,0.));
#5394=DIRECTION('',(0.,0.,-1.));
#5395=DIRECTION('',(0.,1.,0.));
#5396=DIRECTION('',(0.,1.,0.));
#5397=DIRECTION('',(1.,0.,0.));
#5398=DIRECTION('',(0.,1.,0.));
#5399=DIRECTION('',(1.,0.,0.));
#5400=DIRECTION('',(0.,1.,0.));
#5401=DIRECTION('',(1.,0.,0.));
#5402=DIRECTION('',(0.,1.,0.));
#5403=DIRECTION('',(1.,0.,0.));
#5404=DIRECTION('',(0.,1.,0.));
#5405=DIRECTION('',(1.,0.,0.));
#5406=DIRECTION('',(-2.01244022735104E-16,0.,-1.));
#5407=DIRECTION('',(0.,1.,0.));
#5408=DIRECTION('',(1.,0.,0.));
#5409=DIRECTION('',(1.,0.,0.));
#5410=DIRECTION('',(0.,1.,0.));
#5411=DIRECTION('',(1.,0.,0.));
#5412=DIRECTION('',(-2.01244022735156E-16,0.,-1.));
#5413=DIRECTION('',(0.,1.,0.));
#5414=DIRECTION('',(1.,0.,0.));
#5415=DIRECTION('',(0.,1.,0.));
#5416=DIRECTION('',(1.,0.,0.));
#5417=DIRECTION('',(0.,1.,0.));
#5418=DIRECTION('',(1.,0.,0.));
#5419=DIRECTION('',(0.,1.,0.));
#5420=DIRECTION('',(1.,0.,0.));
#5421=DIRECTION('',(0.,0.,-1.));
#5422=DIRECTION('',(0.,1.,0.));
#5423=DIRECTION('',(0.,1.,0.));
#5424=DIRECTION('',(0.,0.,-1.));
#5425=DIRECTION('',(0.,1.,0.));
#5426=DIRECTION('',(0.,-1.,0.));
#5427=DIRECTION('',(0.,0.,-1.));
#5428=DIRECTION('',(0.,1.,0.));
#5429=DIRECTION('',(0.,0.,1.));
#5430=DIRECTION('',(0.,-1.,0.));
#5431=DIRECTION('',(0.,-1.,0.));
#5432=DIRECTION('',(0.,-1.,0.));
#5433=DIRECTION('',(0.,-1.,0.));
#5434=DIRECTION('',(-1.,0.,0.));
#5435=DIRECTION('',(0.,-1.,0.));
#5436=DIRECTION('',(1.,0.,-2.01244022735156E-16));
#5437=DIRECTION('',(-2.01244022735156E-16,0.,-1.));
#5438=DIRECTION('',(0.,-1.,0.));
#5439=DIRECTION('',(0.,-1.,0.));
#5440=DIRECTION('',(-1.,0.,0.));
#5441=DIRECTION('',(0.,-1.,0.));
#5442=DIRECTION('',(-1.,0.,0.));
#5443=DIRECTION('',(0.,-1.,0.));
#5444=DIRECTION('',(1.,0.,-2.01244022735104E-16));
#5445=DIRECTION('',(-2.01244022735104E-16,0.,-1.));
#5446=DIRECTION('',(0.,-1.,0.));
#5447=DIRECTION('',(0.,-1.,0.));
#5448=DIRECTION('',(-1.,0.,0.));
#5449=DIRECTION('',(0.,0.,1.));
#5450=DIRECTION('',(0.,-1.,0.));
#5451=DIRECTION('',(0.,0.,1.));
#5452=DIRECTION('',(-1.,0.,0.));
#5453=DIRECTION('',(0.,1.,0.));
#5454=DIRECTION('',(0.,0.,1.));
#5455=DIRECTION('',(0.,0.,1.));
#5456=DIRECTION('',(0.,-1.,0.));
#5457=DIRECTION('',(-1.,0.,0.));
#5458=DIRECTION('',(0.,1.,0.));
#5459=DIRECTION('',(0.,0.,1.));
#5460=DIRECTION('',(0.,0.,1.));
#5461=DIRECTION('',(0.,0.,1.));
#5462=DIRECTION('',(0.,-1.,0.));
#5463=DIRECTION('',(0.,0.,1.));
#5464=DIRECTION('',(0.,-1.,0.));
#5465=DIRECTION('',(0.,-1.,0.));
#5466=DIRECTION('',(-1.,0.,0.));
#5467=DIRECTION('',(0.,-1.,0.));
#5468=DIRECTION('',(-1.,0.,0.));
#5469=DIRECTION('',(0.,-1.,0.));
#5470=DIRECTION('',(-1.,0.,0.));
#5471=DIRECTION('',(0.,-1.,0.));
#5472=DIRECTION('',(-1.,0.,0.));
#5473=DIRECTION('',(0.,-1.,0.));
#5474=DIRECTION('',(-1.,0.,0.));
#5475=DIRECTION('',(0.,1.,0.));
#5476=DIRECTION('',(1.,0.,0.));
#5477=DIRECTION('',(0.,1.,0.));
#5478=DIRECTION('',(1.,0.,0.));
#5479=DIRECTION('',(0.,-1.,0.));
#5480=DIRECTION('',(-1.,0.,0.));
#5481=DIRECTION('',(0.,1.,0.));
#5482=DIRECTION('',(1.,0.,0.));
#5483=DIRECTION('',(0.,1.,0.));
#5484=DIRECTION('',(1.,0.,0.));
#5485=DIRECTION('',(0.,-1.,0.));
#5486=DIRECTION('',(-1.,0.,0.));
#5487=DIRECTION('',(0.,1.,0.));
#5488=DIRECTION('',(1.,0.,0.));
#5489=DIRECTION('',(0.,1.,0.));
#5490=DIRECTION('',(1.,0.,0.));
#5491=DIRECTION('',(0.,-1.,0.));
#5492=DIRECTION('',(-1.,0.,0.));
#5493=DIRECTION('',(0.,1.,0.));
#5494=DIRECTION('',(1.,0.,0.));
#5495=DIRECTION('',(0.,1.,0.));
#5496=DIRECTION('',(1.,0.,0.));
#5497=CARTESIAN_POINT('',(0.,0.,0.));
#5498=CARTESIAN_POINT('',(-0.000250000000003407,0.0135,0.0411));
#5499=CARTESIAN_POINT('',(0.0124580390000156,0.0057,0.0410999999999986));
#5500=CARTESIAN_POINT('',(0.0124580390000156,0.0057,0.0410999999999986));
#5501=CARTESIAN_POINT('',(0.0124580390000156,0.0036,0.0410999999999986));
#5502=CARTESIAN_POINT('',(-0.00025,0.0057,0.0411));
#5503=CARTESIAN_POINT('',(0.024999999493795,0.0057,0.0411));
#5504=CARTESIAN_POINT('',(0.024999999493795,0.0135,0.0411));
#5505=CARTESIAN_POINT('',(0.024999999493795,0.0036,0.0411));
#5506=CARTESIAN_POINT('',(-0.000250000000005024,0.0036,0.0411));
#5507=CARTESIAN_POINT('',(-0.000250000000003407,0.0135,0.0411));
#5508=CARTESIAN_POINT('',(-0.00025,0.0057,0.0411));
#5509=CARTESIAN_POINT('',(-0.00654196099999951,0.0057,0.0411));
#5510=CARTESIAN_POINT('',(0.00654196199998437,0.0057,0.0410999999999987));
#5511=CARTESIAN_POINT('',(0.00654196199998437,0.0057,0.0410999999999987));
#5512=CARTESIAN_POINT('',(0.00654196199998437,0.0036,0.0410999999999987));
#5513=CARTESIAN_POINT('',(-0.000250000000005024,0.0036,0.0411));
#5514=CARTESIAN_POINT('',(-0.00654196099999951,0.0036,0.0411));
#5515=CARTESIAN_POINT('',(-0.00654196099999951,0.0057,0.0411));
#5516=CARTESIAN_POINT('',(-0.000250000000002505,0.0135,-0.0403));
#5517=CARTESIAN_POINT('',(-0.0229580389999995,0.0057,-0.0403000000000031));
#5518=CARTESIAN_POINT('',(-0.0229580389999995,0.0057,-0.0403000000000031));
#5519=CARTESIAN_POINT('',(-0.0229580389999995,0.0036,-0.0403000000000031));
#5520=CARTESIAN_POINT('',(-0.00025,0.0057,-0.0403));
#5521=CARTESIAN_POINT('',(-0.0254999994938,0.0057,-0.0403));
#5522=CARTESIAN_POINT('',(-0.0254999994938,0.0135,-0.0403));
#5523=CARTESIAN_POINT('',(-0.0254999994938,0.0036,-0.0403));
#5524=CARTESIAN_POINT('',(-0.000250000000005028,0.0036,-0.0403));
#5525=CARTESIAN_POINT('',(-0.000250000000002505,0.0135,-0.0403));
#5526=CARTESIAN_POINT('',(-0.00025,0.0057,-0.0403));
#5527=CARTESIAN_POINT('',(-0.00812809670618592,0.0057,-0.0403));
#5528=CARTESIAN_POINT('',(-0.0170419610000011,0.0057,-0.0403));
#5529=CARTESIAN_POINT('',(-0.0170419610000011,0.0057,-0.0403));
#5530=CARTESIAN_POINT('',(-0.0170419610000011,0.0036,-0.0403));
#5531=CARTESIAN_POINT('',(-0.000250000000005028,0.0036,-0.0403));
#5532=CARTESIAN_POINT('',(0.0175442169286007,0.0036,-0.0403));
#5533=CARTESIAN_POINT('',(0.0175441859999933,0.0057,-0.0403003710000039));
#5534=CARTESIAN_POINT('',(0.0175442169286013,0.0057,-0.0403));
#5535=CARTESIAN_POINT('',(-0.00025,0.0057,-0.0403));
#5536=CARTESIAN_POINT('',(0.00862809670618227,0.0057,-0.0403));
#5537=CARTESIAN_POINT('',(0.00862809670618227,0.03011,-0.0403));
#5538=CARTESIAN_POINT('',(0.00862809670618227,0.00511,-0.0403));
#5539=CARTESIAN_POINT('',(-0.000250000000002505,0.00511,-0.0403));
#5540=CARTESIAN_POINT('',(-0.00812809670618592,0.00511,-0.0403));
#5541=CARTESIAN_POINT('',(-0.00812809670618592,0.03011,-0.0403));
#5542=CARTESIAN_POINT('',(-0.000250000506208443,0.0036,0.0396));
#5543=CARTESIAN_POINT('',(0.00726393325875343,0.0057,0.0396));
#5544=CARTESIAN_POINT('',(0.00726393325875343,0.002,0.0396));
#5545=CARTESIAN_POINT('',(0.00726393325875343,0.0036,0.0396));
#5546=CARTESIAN_POINT('',(-0.000250000506208443,0.002,0.0396));
#5547=CARTESIAN_POINT('',(-0.00726393249426051,0.002,0.0396));
#5548=CARTESIAN_POINT('',(-0.00726393249426051,0.0057,0.0396));
#5549=CARTESIAN_POINT('',(-0.00726393249426051,0.0036,0.0396));
#5550=CARTESIAN_POINT('',(-0.000250000506208443,0.0036,0.0396));
#5551=CARTESIAN_POINT('',(-0.000250000506208443,0.0036,0.0396));
#5552=CARTESIAN_POINT('',(0.0117360677412465,0.0057,0.0396));
#5553=CARTESIAN_POINT('',(0.0117360677412465,0.0036,0.0396));
#5554=CARTESIAN_POINT('',(0.0117360677412465,0.002,0.0396));
#5555=CARTESIAN_POINT('',(-0.000250000506208443,0.0036,0.0396));
#5556=CARTESIAN_POINT('',(0.0249999989875899,0.0036,0.0396));
#5557=CARTESIAN_POINT('',(0.0249999989875899,0.0036,0.0396));
#5558=CARTESIAN_POINT('',(0.0249999989875899,0.002,0.0396));
#5559=CARTESIAN_POINT('',(-0.000250000506208443,0.002,0.0396));
#5560=CARTESIAN_POINT('',(-0.000250000506208443,0.0036,0.0396));
#5561=CARTESIAN_POINT('',(-0.0117360675057395,0.0057,0.0396));
#5562=CARTESIAN_POINT('',(-0.0117360675057395,0.002,0.0396));
#5563=CARTESIAN_POINT('',(-0.0117360675057395,0.0036,0.0396));
#5564=CARTESIAN_POINT('',(-0.000250000506208443,0.002,0.0396));
#5565=CARTESIAN_POINT('',(-0.0255000000000068,0.002,0.0396));
#5566=CARTESIAN_POINT('',(-0.0255000000000068,0.0036,0.0396));
#5567=CARTESIAN_POINT('',(-0.0255000000000068,0.0036,0.0396));
#5568=CARTESIAN_POINT('',(-0.000250000506208443,0.0036,0.0396));
#5569=CARTESIAN_POINT('',(-0.000250000506207541,0.0036,-0.0388));
#5570=CARTESIAN_POINT('',(-0.0177639332992541,0.0057,-0.0388));
#5571=CARTESIAN_POINT('',(-0.0177639332992541,0.002,-0.0388));
#5572=CARTESIAN_POINT('',(-0.0177639332992541,0.0036,-0.0388));
#5573=CARTESIAN_POINT('',(-0.000250000506207541,0.002,-0.0388));
#5574=CARTESIAN_POINT('',(0.0182620273817196,0.002,-0.0388));
#5575=CARTESIAN_POINT('',(0.0182620273817196,0.0057,-0.0388));
#5576=CARTESIAN_POINT('',(0.0182620273817196,0.0036,-0.0388));
#5577=CARTESIAN_POINT('',(-0.000250000506207541,0.0036,-0.0388));
#5578=CARTESIAN_POINT('',(-0.000250000506207541,0.0036,-0.0388));
#5579=CARTESIAN_POINT('',(-0.0222360667007459,0.0057,-0.0388));
#5580=CARTESIAN_POINT('',(-0.0222360667007459,0.0036,-0.0388));
#5581=CARTESIAN_POINT('',(-0.0222360667007459,0.002,-0.0388));
#5582=CARTESIAN_POINT('',(-0.000250000506207541,0.0036,-0.0388));
#5583=CARTESIAN_POINT('',(-0.025500000000005,0.0036,-0.0388));
#5584=CARTESIAN_POINT('',(-0.025500000000005,0.0036,-0.0388));
#5585=CARTESIAN_POINT('',(-0.025500000000005,0.002,-0.0388));
#5586=CARTESIAN_POINT('',(-0.000250000506207541,0.002,-0.0388));
#5587=CARTESIAN_POINT('',(-0.000250000506207541,0.0036,-0.0388));
#5588=CARTESIAN_POINT('',(0.0227402594754804,0.0057,-0.0388));
#5589=CARTESIAN_POINT('',(0.0227402594754804,0.002,-0.0388));
#5590=CARTESIAN_POINT('',(0.0227402594754804,0.0036,-0.0388));
#5591=CARTESIAN_POINT('',(-0.000250000506207541,0.002,-0.0388));
#5592=CARTESIAN_POINT('',(0.0249999989875899,0.002,-0.0388));
#5593=CARTESIAN_POINT('',(0.0249999989875899,0.0036,-0.0388));
#5594=CARTESIAN_POINT('',(0.0249999989875899,0.0036,-0.0388));
#5595=CARTESIAN_POINT('',(-0.000250000506207541,0.0036,-0.0388));
#5596=CARTESIAN_POINT('',(-0.00025,0.0036,0.000399999999999963));
#5597=CARTESIAN_POINT('',(-0.02,0.0036,-0.04080000014511));
#5598=CARTESIAN_POINT('',(0.0205011434286,0.0036,-0.0407931969162401));
#5599=CARTESIAN_POINT('',(-0.00025,0.0036,0.000399999999999963));
#5600=CARTESIAN_POINT('',(-0.000250000000005028,0.0036,-0.0403));
#5601=CARTESIAN_POINT('',(0.0234580389999921,0.0036,-0.0403000000000007));
#5602=CARTESIAN_POINT('',(0.0249999989875899,0.0036,-0.0403));
#5603=CARTESIAN_POINT('',(0.0205011434286,0.0036,-0.0407931969162401));
#5604=CARTESIAN_POINT('',(0.0249999989876,0.0036,-0.0345999989876001));
#5605=CARTESIAN_POINT('',(0.0292,0.0036,-0.0345999989876001));
#5606=CARTESIAN_POINT('',(0.0292,0.0036,0.000400000506174947));
#5607=CARTESIAN_POINT('',(0.0292,0.0036,0.03539999999995));
#5608=CARTESIAN_POINT('',(0.0249999989875899,0.0036,0.0353999989875898));
#5609=CARTESIAN_POINT('',(0.00950000049999999,0.0036,0.0415999983534));
#5610=CARTESIAN_POINT('',(0.02499999898759,0.0036,0.0353999989875899));
#5611=CARTESIAN_POINT('',(0.0307,0.0036,0.03539999949375));
#5612=CARTESIAN_POINT('',(0.0307,0.0036,0.000399999999949961));
#5613=CARTESIAN_POINT('',(0.0307,0.0036,-0.0345999994938));
#5614=CARTESIAN_POINT('',(0.0249999989876,0.0036,-0.0345999989876));
#5615=CARTESIAN_POINT('',(-0.00025,0.0036,0.000399999999999963));
#5616=CARTESIAN_POINT('',(0.00950000049999999,0.0036,0.0415999983534));
#5617=CARTESIAN_POINT('',(-0.0095,0.0036,0.0415999989450999));
#5618=CARTESIAN_POINT('',(0.000249999999998597,0.03011,-0.0407866666952457));
#5619=CARTESIAN_POINT('',(-0.00025,0.0057,-0.0407866666952457));
#5620=CARTESIAN_POINT('',(0.0071199999999972,0.0057,-0.0407866666952457));
#5621=CARTESIAN_POINT('',(0.00488081707982427,0.0057,-0.0407866666952457));
#5622=CARTESIAN_POINT('',(0.00325495535714345,0.007645,-0.0407866666952457));
#5623=CARTESIAN_POINT('',(0.00327000000000059,0.00511,-0.0407866666952457));
#5624=CARTESIAN_POINT('',(0.000249999999998597,0.00511,-0.0407866666952457));
#5625=CARTESIAN_POINT('',(0.0071199999999972,0.00511,-0.0407866666952457));
#5626=CARTESIAN_POINT('',(0.0071199999999972,0.03011,-0.0407866666952457));
#5627=CARTESIAN_POINT('',(-0.000250000000002505,0.0135,-0.0403));
#5628=CARTESIAN_POINT('',(-0.00025,0.0057,-0.0403));
#5629=CARTESIAN_POINT('',(0.024999999493795,0.0057,-0.0403));
#5630=CARTESIAN_POINT('',(0.0234580389999921,0.0057,-0.0403000000000007));
#5631=CARTESIAN_POINT('',(0.0234580389999921,0.0057,-0.0403000000000007));
#5632=CARTESIAN_POINT('',(0.024999999493795,0.0135,-0.0403));
#5633=CARTESIAN_POINT('',(-0.00025,0.0057,0.00039999999999997));
#5634=CARTESIAN_POINT('',(-0.02,0.0057,-0.04080000014511));
#5635=CARTESIAN_POINT('',(-0.01855,0.0057,-0.04080000014511));
#5636=CARTESIAN_POINT('',(0.00950000049999999,0.0057,0.0415999983534));
#5637=CARTESIAN_POINT('',(0.0109500005,0.0057,0.0415999983534));
#5638=CARTESIAN_POINT('',(-0.0095,0.0057,0.0415999989450999));
#5639=CARTESIAN_POINT('',(-0.00805,0.0057,0.0415999989450999));
#5640=CARTESIAN_POINT('',(0.0205011434286,0.0057,-0.0407931969162401));
#5641=CARTESIAN_POINT('',(0.0219511434286,0.0057,-0.0407931969162401));
#5642=CARTESIAN_POINT('',(0.00488081707982427,0.0057,-0.045));
#5643=CARTESIAN_POINT('',(0.00488081707982427,0.0057,-0.0443));
#5644=CARTESIAN_POINT('',(0.00711999999999717,0.0057,-0.0382066666952457));
#5645=CARTESIAN_POINT('',(0.0205011434286,0.0057,-0.0407931969162401));
#5646=CARTESIAN_POINT('',(0.0249999994938001,0.0057,-0.0345999994938));
#5647=CARTESIAN_POINT('',(0.0307,0.0057,-0.0345999994938));
#5648=CARTESIAN_POINT('',(0.0307,0.0057,0.00039999999999997));
#5649=CARTESIAN_POINT('',(0.0307,0.0057,0.03539999949375));
#5650=CARTESIAN_POINT('',(0.0249999994937499,0.0057,0.03539999949375));
#5651=CARTESIAN_POINT('',(0.00950000049999999,0.0057,0.0415999983534));
#5652=CARTESIAN_POINT('',(-0.0095,0.0057,0.0415999989450999));
#5653=CARTESIAN_POINT('',(-0.0124580390000005,0.0057,0.0411));
#5654=CARTESIAN_POINT('',(-0.00025,0.0057,0.0411));
#5655=CARTESIAN_POINT('',(-0.0254999994938018,0.0057,0.0411));
#5656=CARTESIAN_POINT('',(-0.0254999994938018,0.0057,0.0353999994938018));
#5657=CARTESIAN_POINT('',(-0.0312,0.0057,0.03539999949375));
#5658=CARTESIAN_POINT('',(-0.0312,0.0057,0.00039999999999997));
#5659=CARTESIAN_POINT('',(-0.0312,0.0057,-0.0345999994938017));
#5660=CARTESIAN_POINT('',(-0.0254999994938018,0.0057,-0.0345999994938017));
#5661=CARTESIAN_POINT('',(-0.02,0.0057,-0.04080000014511));
#5662=CARTESIAN_POINT('',(-0.00662000000000122,0.0057,-0.0382066666952469));
#5663=CARTESIAN_POINT('',(-0.00662,0.0057,-0.0407866666952457));
#5664=CARTESIAN_POINT('',(-0.00025,0.0057,-0.0407866666952457));
#5665=CARTESIAN_POINT('',(-0.00479579211463152,0.0057,-0.0407866666952457));
#5666=CARTESIAN_POINT('',(-0.00479579211463152,0.0057,-0.045));
#5667=CARTESIAN_POINT('',(-0.00479579211463152,0.0057,-0.0443));
#5668=CARTESIAN_POINT('',(-0.000250000000002505,0.0057,-0.0443));
#5669=CARTESIAN_POINT('',(-0.0254999994938,0.0057,-0.0443));
#5670=CARTESIAN_POINT('',(-0.0254999994938017,0.0057,-0.0345999994938017));
#5671=CARTESIAN_POINT('',(-0.0352,0.0057,-0.0345999994938017));
#5672=CARTESIAN_POINT('',(-0.0352,0.0057,0.000399999999974109));
#5673=CARTESIAN_POINT('',(-0.0352,0.0057,0.03539999949375));
#5674=CARTESIAN_POINT('',(-0.0254999994938018,0.0057,0.0353999994938018));
#5675=CARTESIAN_POINT('',(-0.0254999994938018,0.0057,0.0451));
#5676=CARTESIAN_POINT('',(-0.000250000000003407,0.0057,0.0451));
#5677=CARTESIAN_POINT('',(0.024999999493795,0.0057,0.0451));
#5678=CARTESIAN_POINT('',(0.02499999949375,0.0057,0.03539999949375));
#5679=CARTESIAN_POINT('',(0.0347,0.0057,0.03539999949375));
#5680=CARTESIAN_POINT('',(0.0347,0.0057,0.000399999999974955));
#5681=CARTESIAN_POINT('',(0.0347,0.0057,-0.0345999994938));
#5682=CARTESIAN_POINT('',(0.0249999994938,0.0057,-0.0345999994938));
#5683=CARTESIAN_POINT('',(0.024999999493795,0.0057,-0.0443));
#5684=CARTESIAN_POINT('',(-0.000250000000002505,0.0057,-0.0443));
#5685=CARTESIAN_POINT('',(-0.0352,0.0057,0.000399999999974109));
#5686=CARTESIAN_POINT('',(-0.0352,0.,0.000399999999974109));
#5687=CARTESIAN_POINT('',(-0.0352,0.,0.03539999949375));
#5688=CARTESIAN_POINT('',(-0.0352,0.,-0.0345999994938017));
#5689=CARTESIAN_POINT('',(-0.0352,0.0057,0.03539999949375));
#5690=CARTESIAN_POINT('',(-0.0352,0.0057,-0.0345999994938017));
#5691=CARTESIAN_POINT('',(-0.0254999994938018,0.0057,0.0353999994938018));
#5692=CARTESIAN_POINT('',(-0.0254999994938018,0.,0.0353999994938018));
#5693=CARTESIAN_POINT('',(-0.0254999994938018,0.,0.0451));
#5694=CARTESIAN_POINT('',(-0.0254999994938018,0.0057,0.0451));
#5695=CARTESIAN_POINT('',(-0.000250000000003407,0.0057,0.0451));
#5696=CARTESIAN_POINT('',(-0.000250000000003407,0.,0.0451));
#5697=CARTESIAN_POINT('',(0.024999999493795,0.,0.0451));
#5698=CARTESIAN_POINT('',(0.024999999493795,0.0057,0.0451));
#5699=CARTESIAN_POINT('',(0.02499999949375,0.0057,0.03539999949375));
#5700=CARTESIAN_POINT('',(0.02499999949375,0.,0.03539999949375));
#5701=CARTESIAN_POINT('',(0.0347,0.,0.03539999949375));
#5702=CARTESIAN_POINT('',(0.0347,0.0057,0.03539999949375));
#5703=CARTESIAN_POINT('',(0.0347,0.0057,0.000399999999974955));
#5704=CARTESIAN_POINT('',(0.0347,0.,0.000399999999974955));
#5705=CARTESIAN_POINT('',(0.0347,0.,-0.0345999994938));
#5706=CARTESIAN_POINT('',(0.0347,0.0057,-0.0345999994938));
#5707=CARTESIAN_POINT('',(0.0249999994938,0.0057,-0.0345999994938));
#5708=CARTESIAN_POINT('',(0.0249999994938,0.,-0.0345999994938));
#5709=CARTESIAN_POINT('',(0.024999999493795,0.,-0.0443));
#5710=CARTESIAN_POINT('',(0.024999999493795,0.0057,-0.0443));
#5711=CARTESIAN_POINT('',(-0.000250000000002505,0.0057,-0.0443));
#5712=CARTESIAN_POINT('',(0.00325495535714345,0.007645,-0.0443));
#5713=CARTESIAN_POINT('',(0.00327000000000059,0.00511,-0.0443));
#5714=CARTESIAN_POINT('',(-0.000250000000002505,0.,-0.0443));
#5715=CARTESIAN_POINT('',(-0.0254999994938,0.,-0.0443));
#5716=CARTESIAN_POINT('',(-0.0254999994938,0.0057,-0.0443));
#5717=CARTESIAN_POINT('',(-0.00316999999999941,0.007645,-0.0443));
#5718=CARTESIAN_POINT('',(-0.00316999999999941,0.00511,-0.0443));
#5719=CARTESIAN_POINT('',(-0.000250000000002505,0.00511,-0.0443));
#5720=CARTESIAN_POINT('',(-0.0254999994938017,0.0057,-0.0345999994938017));
#5721=CARTESIAN_POINT('',(-0.0254999994938017,0.,-0.0345999994938017));
#5722=CARTESIAN_POINT('',(-0.00025,0.,0.00039999999999997));
#5723=CARTESIAN_POINT('',(-0.0254999994938018,0.0135,-0.0345999994938017));
#5724=CARTESIAN_POINT('',(-0.0254999989876,0.0036,-0.0345999989876001));
#5725=CARTESIAN_POINT('',(-0.0312,0.0036,-0.0345999994938017));
#5726=CARTESIAN_POINT('',(-0.0312,0.0135,-0.0345999994938017));
#5727=CARTESIAN_POINT('',(-0.0312,0.0135,0.000399999999974109));
#5728=CARTESIAN_POINT('',(-0.0312,0.0135,0.03539999949375));
#5729=CARTESIAN_POINT('',(-0.0312,0.0036,0.03539999949375));
#5730=CARTESIAN_POINT('',(-0.0312,0.0036,0.000399999999949961));
#5731=CARTESIAN_POINT('',(-0.0254999994938018,0.0135,0.0353999994938018));
#5732=CARTESIAN_POINT('',(-0.0254999989876,0.0036,0.0353999989876));
#5733=CARTESIAN_POINT('',(-0.0254999994938018,0.0036,0.0411));
#5734=CARTESIAN_POINT('',(-0.0254999994938018,0.0135,0.0411));
#5735=CARTESIAN_POINT('',(-0.000250000000003407,0.0135,0.0411));
#5736=CARTESIAN_POINT('',(-0.0124580390000005,0.0057,0.0411));
#5737=CARTESIAN_POINT('',(-0.0124580390000005,0.0036,0.0411));
#5738=CARTESIAN_POINT('',(-0.000250000000005024,0.0036,0.0411));
#5739=CARTESIAN_POINT('',(0.0249999994937499,0.0135,0.03539999949375));
#5740=CARTESIAN_POINT('',(0.0307,0.0135,0.03539999949375));
#5741=CARTESIAN_POINT('',(0.0307,0.0135,0.000399999999974955));
#5742=CARTESIAN_POINT('',(0.0307,0.0135,-0.0345999994938));
#5743=CARTESIAN_POINT('',(0.0249999994938001,0.0135,-0.0345999994938));
#5744=CARTESIAN_POINT('',(0.0249999989875899,0.0036,0.0353999989875898));
#5745=CARTESIAN_POINT('',(0.0249999989875899,0.002,0.0353999989875898));
#5746=CARTESIAN_POINT('',(0.0292,0.002,0.03539999999995));
#5747=CARTESIAN_POINT('',(0.0292,0.0036,0.03539999999995));
#5748=CARTESIAN_POINT('',(-0.0255000000000068,0.0036,0.0354000000000068));
#5749=CARTESIAN_POINT('',(-0.0255000000000068,0.002,0.0354000000000068));
#5750=CARTESIAN_POINT('',(-0.0297,0.002,0.0353999989875));
#5751=CARTESIAN_POINT('',(-0.0297,0.0036,0.0353999989875));
#5752=CARTESIAN_POINT('',(-0.0297,0.0036,0.0353999989875));
#5753=CARTESIAN_POINT('',(-0.0255000000000068,0.0036,0.0354000000000068));
#5754=CARTESIAN_POINT('',(-0.0297,0.0036,0.000399999493724122));
#5755=CARTESIAN_POINT('',(-0.0297,0.002,0.000399999493724122));
#5756=CARTESIAN_POINT('',(-0.0297,0.002,-0.0346000000000517));
#5757=CARTESIAN_POINT('',(-0.0297,0.0036,-0.0346000000000517));
#5758=CARTESIAN_POINT('',(-0.0297,0.0036,-0.0346000000000517));
#5759=CARTESIAN_POINT('',(-0.0297,0.0036,0.000399999493724122));
#5760=CARTESIAN_POINT('',(-0.0255000000000517,0.0036,-0.0346000000000517));
#5761=CARTESIAN_POINT('',(-0.0255000000000517,0.002,-0.0346000000000517));
#5762=CARTESIAN_POINT('',(-0.0255000000000517,0.0036,-0.0346000000000517));
#5763=CARTESIAN_POINT('',(0.0249999989876,0.0036,-0.0345999989876001));
#5764=CARTESIAN_POINT('',(0.0249999989876,0.002,-0.0345999989876001));
#5765=CARTESIAN_POINT('',(0.0292,0.002,-0.0345999989876001));
#5766=CARTESIAN_POINT('',(0.0292,0.0036,-0.0345999989876001));
#5767=CARTESIAN_POINT('',(0.0292,0.0036,0.000400000506174947));
#5768=CARTESIAN_POINT('',(0.0292,0.002,0.000400000506174947));
#5769=CARTESIAN_POINT('',(-0.00025,0.0036,0.000399999999999963));
#5770=CARTESIAN_POINT('',(-0.02,0.0036,-0.04080000014511));
#5771=CARTESIAN_POINT('',(-0.0095,0.0036,0.0415999989450999));
#5772=CARTESIAN_POINT('',(-0.00025,0.002,0.000400000000000005));
#5773=CARTESIAN_POINT('',(-0.02,0.002,-0.04080000014511));
#5774=CARTESIAN_POINT('',(-0.0095,0.002,0.0415999989450999));
#5775=CARTESIAN_POINT('',(0.00950000049999999,0.002,0.0415999983534));
#5776=CARTESIAN_POINT('',(0.0205011434286,0.002,-0.0407931969162401));
#5777=CARTESIAN_POINT('',(0.000249999999998599,0.00511,-0.0297366666952479));
#5778=CARTESIAN_POINT('',(0.00711999999999717,0.00511,-0.0382066666952457));
#5779=CARTESIAN_POINT('',(0.00327000000000059,0.00511,-0.045));
#5780=CARTESIAN_POINT('',(-0.00316999999999941,0.00511,-0.045));
#5781=CARTESIAN_POINT('',(-0.00316999999999941,0.00511,-0.0407866666952457));
#5782=CARTESIAN_POINT('',(0.000249999999998597,0.00511,-0.0407866666952457));
#5783=CARTESIAN_POINT('',(-0.00662,0.00511,-0.0407866666952457));
#5784=CARTESIAN_POINT('',(-0.00662000000000122,0.00511,-0.0382066666952469));
#5785=CARTESIAN_POINT('',(0.00711999999999717,0.03011,-0.0382066666952457));
#5786=CARTESIAN_POINT('',(0.000249999999998597,0.03011,-0.0407866666952457));
#5787=CARTESIAN_POINT('',(-0.00316999999999941,0.007645,-0.0407866666952457));
#5788=CARTESIAN_POINT('',(-0.00662,0.03011,-0.0407866666952457));
#5789=CARTESIAN_POINT('',(-0.00662000000000122,0.03011,-0.0382066666952469));
#5790=CARTESIAN_POINT('',(0.00325495535714345,0.007645,-0.045));
#5791=CARTESIAN_POINT('',(-0.00316999999999941,0.007645,-0.045));
#5792=CARTESIAN_POINT('',(-0.0095,0.0057,0.0415999989450999));
#5793=CARTESIAN_POINT('',(0.00950000049999999,0.0057,0.0415999983534));
#5794=CARTESIAN_POINT('',(0.0205011434286,0.0057,-0.0407931969162401));
#5795=CARTESIAN_POINT('',(-0.02,0.0057,-0.04080000014511));
#5796=CARTESIAN_POINT('',(0.0205011434286,0.027,-0.0407931969162401));
#5797=CARTESIAN_POINT('',(0.0205011434286,0.002,-0.0407931969162401));
#5798=CARTESIAN_POINT('',(0.0219511434286,0.002,-0.0407931969162401));
#5799=CARTESIAN_POINT('',(0.000249999999996322,0.002,0.000399999399994959));
#5800=CARTESIAN_POINT('',(-0.0095,0.027,0.0415999989450999));
#5801=CARTESIAN_POINT('',(-0.0095,0.002,0.0415999989450999));
#5802=CARTESIAN_POINT('',(-0.00805,0.002,0.0415999989450999));
#5803=CARTESIAN_POINT('',(0.000249999999996322,0.002,0.000399999399994959));
#5804=CARTESIAN_POINT('',(0.00950000049999999,0.027,0.0415999983534));
#5805=CARTESIAN_POINT('',(0.00950000049999999,0.002,0.0415999983534));
#5806=CARTESIAN_POINT('',(0.0109500005,0.002,0.0415999983534));
#5807=CARTESIAN_POINT('',(0.000249999999996322,0.002,0.000399999399994959));
#5808=CARTESIAN_POINT('',(-0.02,0.027,-0.04080000014511));
#5809=CARTESIAN_POINT('',(-0.02,0.002,-0.04080000014511));
#5810=CARTESIAN_POINT('',(-0.01855,0.002,-0.04080000014511));
#5811=CARTESIAN_POINT('',(0.000249999999996322,0.002,0.000399999399994959));
#5812=CARTESIAN_POINT('',(0.,0.,0.));
#5813=CARTESIAN_POINT('',(-0.000250000000002505,0.0057,-0.0413));
#5814=CARTESIAN_POINT('',(-0.000250000000000549,0.0087,-0.0413));
#5815=CARTESIAN_POINT('',(0.0180530522059754,0.0087,-0.0413));
#5816=CARTESIAN_POINT('',(0.00576641436363325,0.0087,-0.0413));
#5817=CARTESIAN_POINT('',(0.0180530522059754,0.0087,-0.0413));
#5818=CARTESIAN_POINT('',(0.018173214416914,0.0087,-0.0418804385634502));
#5819=CARTESIAN_POINT('',(0.0186555247589318,0.00843783810668635,-0.042633908039658));
#5820=CARTESIAN_POINT('',(0.0196275297307756,0.0080413311464832,-0.0431868907025112));
#5821=CARTESIAN_POINT('',(0.020500018068983,0.00789240358702072,-0.0433464980315188));
#5822=CARTESIAN_POINT('',(0.0213773639498694,0.00804186018949726,-0.0431862985492018));
#5823=CARTESIAN_POINT('',(0.0223465022684722,0.00843808537604944,-0.042633099508876));
#5824=CARTESIAN_POINT('',(0.0228289416363382,0.0087,-0.0418810704064814));
#5825=CARTESIAN_POINT('',(0.0229492346512245,0.0087,-0.0413));
#5826=CARTESIAN_POINT('',(0.0229492346512245,0.0087,-0.0413));
#5827=CARTESIAN_POINT('',(-0.000250000000000549,0.0087,-0.0413));
#5828=CARTESIAN_POINT('',(0.0250349415854936,0.0087,-0.0413));
#5829=CARTESIAN_POINT('',(0.024999999493795,0.0057,-0.0443));
#5830=CARTESIAN_POINT('',(0.024999999493795,0.00649239055468805,-0.0443));
#5831=CARTESIAN_POINT('',(0.025006678643934,0.00804516398592637,-0.04365335681312));
#5832=CARTESIAN_POINT('',(0.0250249191163884,0.0087,-0.0420811298218615));
#5833=CARTESIAN_POINT('',(0.0250349415854936,0.0087,-0.0413));
#5834=CARTESIAN_POINT('',(0.024999999493795,0.0057,-0.0443));
#5835=CARTESIAN_POINT('',(-0.000250000000002505,0.0057,-0.0443));
#5836=CARTESIAN_POINT('',(0.00488081707982427,0.0057,-0.0443));
#5837=CARTESIAN_POINT('',(0.00579000000000059,0.007645,-0.0435840698325577));
#5838=CARTESIAN_POINT('',(0.00579000000000059,0.00734025250164761,-0.0438435776093544));
#5839=CARTESIAN_POINT('',(0.00567242436568207,0.00662433912314375,-0.0442284064771249));
#5840=CARTESIAN_POINT('',(0.00518811921510743,0.00595687957792031,-0.0443));
#5841=CARTESIAN_POINT('',(0.00488081707982426,0.0057,-0.0443));
#5842=CARTESIAN_POINT('',(0.00579000000000059,0.007645,-0.0435840698325577));
#5843=CARTESIAN_POINT('',(0.00579000000000059,0.0057,-0.0413));
#5844=CARTESIAN_POINT('',(0.00579000000000059,0.008355,-0.0426967730667506));
#5845=CARTESIAN_POINT('',(0.00576641436363325,0.0087,-0.0413));
#5846=CARTESIAN_POINT('',(0.00576641436363325,0.0087,-0.041787930175324));
#5847=CARTESIAN_POINT('',(0.00579000000000059,0.00858215688945496,-0.0422649910143476));
#5848=CARTESIAN_POINT('',(0.00579000000000059,0.008355,-0.0426967730667507));
#5849=CARTESIAN_POINT('',(-0.000250000000002505,0.0057,-0.0413));
#5850=CARTESIAN_POINT('',(-0.000250000000000549,0.0087,-0.0413));
#5851=CARTESIAN_POINT('',(-0.0224494897724036,0.0087,-0.0413));
#5852=CARTESIAN_POINT('',(-0.0255349415854987,0.0087,-0.0413));
#5853=CARTESIAN_POINT('',(-0.0224494897724036,0.0087,-0.0413));
#5854=CARTESIAN_POINT('',(-0.0223306551072738,0.0087,-0.0418821687626421));
#5855=CARTESIAN_POINT('',(-0.0218485504300413,0.00843618092034308,-0.0426382943410916));
#5856=CARTESIAN_POINT('',(-0.020875470908742,0.00803634959529322,-0.0431931957522725));
#5857=CARTESIAN_POINT('',(-0.0200011555597173,0.00788577548149803,-0.0433535690196803));
#5858=CARTESIAN_POINT('',(-0.0191216096103409,0.0080369556514141,-0.0431925289430204));
#5859=CARTESIAN_POINT('',(-0.0181515299644357,0.00843654852530855,-0.0426372205627738));
#5860=CARTESIAN_POINT('',(-0.0176694837629004,0.0087,-0.0418828490849822));
#5861=CARTESIAN_POINT('',(-0.0175505102275964,0.0087,-0.0413));
#5862=CARTESIAN_POINT('',(-0.0175505102275964,0.0087,-0.0413));
#5863=CARTESIAN_POINT('',(-0.000250000000000549,0.0087,-0.0413));
#5864=CARTESIAN_POINT('',(-0.00568141394437417,0.0087,-0.0413));
#5865=CARTESIAN_POINT('',(-0.00570499999999941,0.008355,-0.0426967730667506));
#5866=CARTESIAN_POINT('',(-0.00570499999999941,0.00858218644611842,-0.0422649348327506));
#5867=CARTESIAN_POINT('',(-0.00568141394437417,0.0087,-0.0417878652910796));
#5868=CARTESIAN_POINT('',(-0.00568141394437417,0.0087,-0.0413));
#5869=CARTESIAN_POINT('',(-0.00570499999999941,0.008355,-0.0426967730667506));
#5870=CARTESIAN_POINT('',(-0.00570499999999941,0.0057,-0.0413));
#5871=CARTESIAN_POINT('',(-0.00570499999999941,0.007645,-0.0435840698325577));
#5872=CARTESIAN_POINT('',(-0.00479579211463152,0.0057,-0.0443));
#5873=CARTESIAN_POINT('',(-0.00510299103436051,0.00595678230402,-0.0443));
#5874=CARTESIAN_POINT('',(-0.00558491680092844,0.00661857957166215,-0.0442302626714073));
#5875=CARTESIAN_POINT('',(-0.00570499999999941,0.00734006583959802,-0.04384373656145));
#5876=CARTESIAN_POINT('',(-0.00570499999999941,0.007645,-0.0435840698325577));
#5877=CARTESIAN_POINT('',(-0.00479579211463152,0.0057,-0.0443));
#5878=CARTESIAN_POINT('',(-0.000250000000002505,0.0057,-0.0443));
#5879=CARTESIAN_POINT('',(-0.0254999994938,0.0057,-0.0443));
#5880=CARTESIAN_POINT('',(-0.0254999994938,0.0057,-0.0443));
#5881=CARTESIAN_POINT('',(-0.0254999994938,0.00649239055468805,-0.0443));
#5882=CARTESIAN_POINT('',(-0.0255066786439387,0.00804516398592638,-0.0436533568131201));
#5883=CARTESIAN_POINT('',(-0.0255249191163907,0.00870000000000001,-0.0420811298218615));
#5884=CARTESIAN_POINT('',(-0.0255349415854987,0.0087,-0.0413));
#5885=CARTESIAN_POINT('',(-0.000250000000003407,0.0057,0.0421));
#5886=CARTESIAN_POINT('',(-0.000250000000000549,0.0087,0.0421));
#5887=CARTESIAN_POINT('',(0.0119494899066718,0.0087,0.0421));
#5888=CARTESIAN_POINT('',(0.0250349415854847,0.0087,0.0421));
#5889=CARTESIAN_POINT('',(0.0119494899066718,0.0087,0.0421));
#5890=CARTESIAN_POINT('',(0.0118306548909857,0.0087,0.0426821683069328));
#5891=CARTESIAN_POINT('',(0.0113485501594725,0.00843618135760739,0.0434382931854133));
#5892=CARTESIAN_POINT('',(0.0103754709201975,0.00803635091066997,0.0439931940917893));
#5893=CARTESIAN_POINT('',(0.00950115605232672,0.00788577723290487,0.0441535671572896));
#5894=CARTESIAN_POINT('',(0.00862161068354977,0.00803695694573426,0.0439925273027996));
#5895=CARTESIAN_POINT('',(0.00765153128500459,0.00843654892921109,0.0434372194802892));
#5896=CARTESIAN_POINT('',(0.00716948497697253,0.0087,0.0426828486158776));
#5897=CARTESIAN_POINT('',(0.00705051109332821,0.0087,0.0421));
#5898=CARTESIAN_POINT('',(0.00705051109332821,0.0087,0.0421));
#5899=CARTESIAN_POINT('',(-0.000250000000000549,0.0087,0.0421));
#5900=CARTESIAN_POINT('',(-0.00705051047254763,0.0087,0.0421));
#5901=CARTESIAN_POINT('',(-0.00705051047254763,0.0087,0.0421));
#5902=CARTESIAN_POINT('',(-0.00716934537246497,0.0087,0.0426821684574277));
#5903=CARTESIAN_POINT('',(-0.00765145008605237,0.00843618121320389,0.0434382935670681));
#5904=CARTESIAN_POINT('',(-0.00862452941846398,0.008036350476276,0.0439931946401525));
#5905=CARTESIAN_POINT('',(-0.00949884444523256,0.00788577665451509,0.0441535677723314));
#5906=CARTESIAN_POINT('',(-0.0103783900057484,0.00803695651829404,0.0439925278444713));
#5907=CARTESIAN_POINT('',(-0.0113484694859826,0.00843654879582499,0.0434372198377725));
#5908=CARTESIAN_POINT('',(-0.011830515758845,0.0087,0.0426828487707961));
#5909=CARTESIAN_POINT('',(-0.0119494895274524,0.0087,0.0421));
#5910=CARTESIAN_POINT('',(-0.0119494895274524,0.0087,0.0421));
#5911=CARTESIAN_POINT('',(-0.000250000000000549,0.0087,0.0421));
#5912=CARTESIAN_POINT('',(-0.0255349415854999,0.0087,0.0421));
#5913=CARTESIAN_POINT('',(-0.0254999994938018,0.0057,0.0451));
#5914=CARTESIAN_POINT('',(-0.0254999994938018,0.00649239055468805,0.0451));
#5915=CARTESIAN_POINT('',(-0.0255066786439484,0.00804516398592636,0.0444533568131201));
#5916=CARTESIAN_POINT('',(-0.0255249191163845,0.0087,0.0428811298218614));
#5917=CARTESIAN_POINT('',(-0.0255349415854999,0.0087,0.0421));
#5918=CARTESIAN_POINT('',(-0.0254999994938018,0.0057,0.0451));
#5919=CARTESIAN_POINT('',(-0.000250000000003407,0.0057,0.0451));
#5920=CARTESIAN_POINT('',(0.024999999493795,0.0057,0.0451));
#5921=CARTESIAN_POINT('',(0.024999999493795,0.0057,0.0451));
#5922=CARTESIAN_POINT('',(0.024999999493795,0.00649239055468804,0.0451));
#5923=CARTESIAN_POINT('',(0.0250066786439386,0.00804516398592635,0.0444533568131201));
#5924=CARTESIAN_POINT('',(0.0250249191163819,0.00869999999999998,0.0428811298218616));
#5925=CARTESIAN_POINT('',(0.0250349415854847,0.0087,0.0421));
#5926=CARTESIAN_POINT('',(-0.0095,0.027,0.0415999989450999));
#5927=CARTESIAN_POINT('',(-0.0095,0.0057,0.0415999989450999));
#5928=CARTESIAN_POINT('',(-0.00805,0.0057,0.0415999989450999));
#5929=CARTESIAN_POINT('',(-0.0095,0.0077,0.0415999989450999));
#5930=CARTESIAN_POINT('',(-0.00805,0.0077,0.0415999989450999));
#5931=CARTESIAN_POINT('',(0.00950000049999999,0.027,0.0415999983534));
#5932=CARTESIAN_POINT('',(0.00950000049999999,0.0057,0.0415999983534));
#5933=CARTESIAN_POINT('',(0.0109500005,0.0057,0.0415999983534));
#5934=CARTESIAN_POINT('',(0.00950000049999999,0.0077,0.0415999983534));
#5935=CARTESIAN_POINT('',(0.0109500005,0.0077,0.0415999983534));
#5936=CARTESIAN_POINT('',(-0.02,0.027,-0.04080000014511));
#5937=CARTESIAN_POINT('',(-0.02,0.0057,-0.04080000014511));
#5938=CARTESIAN_POINT('',(-0.01855,0.0057,-0.04080000014511));
#5939=CARTESIAN_POINT('',(-0.02,0.0077,-0.04080000014511));
#5940=CARTESIAN_POINT('',(-0.01855,0.0077,-0.04080000014511));
#5941=CARTESIAN_POINT('',(0.0205011434286,0.027,-0.0407931969162401));
#5942=CARTESIAN_POINT('',(0.0205011434286,0.0057,-0.0407931969162401));
#5943=CARTESIAN_POINT('',(0.0219511434286,0.0057,-0.0407931969162401));
#5944=CARTESIAN_POINT('',(0.0205011434286,0.0077,-0.0407931969162401));
#5945=CARTESIAN_POINT('',(0.0219511434286,0.0077,-0.0407931969162401));
#5946=CARTESIAN_POINT('',(-0.000250000000002505,0.0057,-0.0403));
#5947=CARTESIAN_POINT('',(-0.000250000000002505,0.0072,-0.0403));
#5948=CARTESIAN_POINT('',(-0.0170419610000011,0.0072,-0.0403));
#5949=CARTESIAN_POINT('',(-0.00812809670618592,0.0072,-0.0403));
#5950=CARTESIAN_POINT('',(-0.0170419610000011,0.0087,-0.0403));
#5951=CARTESIAN_POINT('',(-0.0170419610000011,0.0057,-0.0403));
#5952=CARTESIAN_POINT('',(-0.000250000000002505,0.0057,-0.0403));
#5953=CARTESIAN_POINT('',(-0.00812809670618592,0.0057,-0.0403));
#5954=CARTESIAN_POINT('',(-0.00812809670618592,0.03011,-0.0403));
#5955=CARTESIAN_POINT('',(-0.000250000000003407,0.0057,0.0411));
#5956=CARTESIAN_POINT('',(-0.000250000000003407,0.0072,0.0411));
#5957=CARTESIAN_POINT('',(0.00654196199998413,0.0072,0.0411));
#5958=CARTESIAN_POINT('',(-0.00654196099999951,0.0072,0.0411));
#5959=CARTESIAN_POINT('',(0.00654196199998437,0.0087,0.0410999999999987));
#5960=CARTESIAN_POINT('',(0.00654196199998413,0.0057,0.0411));
#5961=CARTESIAN_POINT('',(-0.000250000000003407,0.0057,0.0411));
#5962=CARTESIAN_POINT('',(-0.00654196099999948,0.0057,0.0411));
#5963=CARTESIAN_POINT('',(-0.00654196099999951,0.0087,0.0411));
#5964=CARTESIAN_POINT('',(-0.000250000000003407,0.0057,0.0411));
#5965=CARTESIAN_POINT('',(-0.000250000000003407,0.0072,0.0411));
#5966=CARTESIAN_POINT('',(-0.0124580390000005,0.0072,0.0411));
#5967=CARTESIAN_POINT('',(-0.0254999994938018,0.0072,0.0411));
#5968=CARTESIAN_POINT('',(-0.0124580390000005,0.0087,0.0411));
#5969=CARTESIAN_POINT('',(-0.0124580390000005,0.0057,0.0411));
#5970=CARTESIAN_POINT('',(-0.000250000000003407,0.0057,0.0411));
#5971=CARTESIAN_POINT('',(-0.0254999994938018,0.0057,0.0411));
#5972=CARTESIAN_POINT('',(-0.0254999994938018,0.0057,0.0411));
#5973=CARTESIAN_POINT('',(-0.000250000000002505,0.0057,-0.0403));
#5974=CARTESIAN_POINT('',(-0.000250000000002505,0.0072,-0.0403));
#5975=CARTESIAN_POINT('',(0.023458038999992,0.0072,-0.0403));
#5976=CARTESIAN_POINT('',(0.024999999493795,0.0072,-0.0403));
#5977=CARTESIAN_POINT('',(0.0234580389999921,0.0087,-0.0403000000000007));
#5978=CARTESIAN_POINT('',(0.023458038999975,0.0057,-0.0403));
#5979=CARTESIAN_POINT('',(-0.000250000000002505,0.0057,-0.0403));
#5980=CARTESIAN_POINT('',(0.024999999493795,0.0057,-0.0403));
#5981=CARTESIAN_POINT('',(0.024999999493795,0.0057,-0.0403));
#5982=CARTESIAN_POINT('',(0.000249999999998597,0.03011,-0.0407866666952457));
#5983=CARTESIAN_POINT('',(0.00579000000000059,0.03011,-0.0407866666952457));
#5984=CARTESIAN_POINT('',(0.00579000000000059,0.007645,-0.0407866666952457));
#5985=CARTESIAN_POINT('',(0.00579000000000059,0.008355,-0.0407866666952457));
#5986=CARTESIAN_POINT('',(0.00325495535714345,0.007645,-0.0407866666952457));
#5987=CARTESIAN_POINT('',(0.00488081707982427,0.0057,-0.0407866666952457));
#5988=CARTESIAN_POINT('',(-0.000250000000000549,0.0057,-0.0407866666952457));
#5989=CARTESIAN_POINT('',(0.0071199999999972,0.0057,-0.0407866666952457));
#5990=CARTESIAN_POINT('',(0.0071199999999972,0.03011,-0.0407866666952457));
#5991=CARTESIAN_POINT('',(0.0071199999999972,0.0087,-0.0407866666952457));
#5992=CARTESIAN_POINT('',(-0.000250000000000549,0.0087,-0.0407866666952457));
#5993=CARTESIAN_POINT('',(0.00576641436363325,0.0087,-0.0407866666952457));
#5994=CARTESIAN_POINT('',(0.00325495535714345,0.008355,-0.0407866666952457));
#5995=CARTESIAN_POINT('',(-0.000250000000000549,0.0087,0.000399999999999915));
#5996=CARTESIAN_POINT('',(-0.02,0.0087,-0.04080000014511));
#5997=CARTESIAN_POINT('',(-0.0257021505288407,0.0087,-0.0348021505288408));
#5998=CARTESIAN_POINT('',(-0.0322,0.0087,-0.0346349415854993));
#5999=CARTESIAN_POINT('',(-0.0322,0.0087,0.000399999999999915));
#6000=CARTESIAN_POINT('',(-0.0322,0.0087,0.035434941585457));
#6001=CARTESIAN_POINT('',(-0.0257021505288419,0.0087,0.0356021505288409));
#6002=CARTESIAN_POINT('',(-0.0095,0.0087,0.0415999989450999));
#6003=CARTESIAN_POINT('',(0.00950000049999999,0.0087,0.0415999983534));
#6004=CARTESIAN_POINT('',(0.025202150528789,0.0087,0.035602150528788));
#6005=CARTESIAN_POINT('',(0.0317,0.0087,0.0354349415854476));
#6006=CARTESIAN_POINT('',(0.0317,0.0087,0.000399999999999915));
#6007=CARTESIAN_POINT('',(0.0317,0.0087,-0.0346349415854978));
#6008=CARTESIAN_POINT('',(0.025202150528839,0.0087,-0.0348021505288392));
#6009=CARTESIAN_POINT('',(0.0205011434286,0.0087,-0.0407931969162401));
#6010=CARTESIAN_POINT('',(0.00576641436363325,0.0087,-0.045));
#6011=CARTESIAN_POINT('',(0.00711999999999717,0.0087,-0.0382066666952457));
#6012=CARTESIAN_POINT('',(0.0096999999999972,0.0087,-0.0382066666952457));
#6013=CARTESIAN_POINT('',(0.0096999999999972,0.0087,0.000399999999999913));
#6014=CARTESIAN_POINT('',(0.0096999999999972,0.0087,-0.020966666695248));
#6015=CARTESIAN_POINT('',(0.00711999999999487,0.0087,-0.020966666695248));
#6016=CARTESIAN_POINT('',(0.0071199999999715,0.0087,-0.0183866666952457));
#6017=CARTESIAN_POINT('',(-0.000250000000000549,0.0087,-0.0183866666952457));
#6018=CARTESIAN_POINT('',(-0.00662,0.0087,-0.0183866666952457));
#6019=CARTESIAN_POINT('',(-0.00662000000000079,0.0087,-0.0209666666952448));
#6020=CARTESIAN_POINT('',(-0.0092,0.0087,-0.0209666666952448));
#6021=CARTESIAN_POINT('',(-0.0092,0.0087,0.000399999999999916));
#6022=CARTESIAN_POINT('',(-0.0092,0.0087,-0.0382066666952469));
#6023=CARTESIAN_POINT('',(-0.00662000000000122,0.0087,-0.0382066666952469));
#6024=CARTESIAN_POINT('',(-0.00662,0.0087,-0.0407866666952457));
#6025=CARTESIAN_POINT('',(-0.000250000000000549,0.0087,-0.0407866666952457));
#6026=CARTESIAN_POINT('',(-0.00568141394437417,0.0087,-0.0407866666952457));
#6027=CARTESIAN_POINT('',(-0.00568141394437417,0.0087,-0.045));
#6028=CARTESIAN_POINT('',(0.0135,0.0087,-0.0231));
#6029=CARTESIAN_POINT('',(0.013,0.0087,-0.0231));
#6030=CARTESIAN_POINT('',(0.0135,0.0087,-0.0226));
#6031=CARTESIAN_POINT('',(0.013,0.0087,-0.0296));
#6032=CARTESIAN_POINT('',(0.013,0.0087,-0.0361));
#6033=CARTESIAN_POINT('',(0.0135,0.0087,-0.0361));
#6034=CARTESIAN_POINT('',(0.0135,0.0087,-0.0366));
#6035=CARTESIAN_POINT('',(0.02,0.0087,-0.0366));
#6036=CARTESIAN_POINT('',(0.0265,0.0087,-0.0366));
#6037=CARTESIAN_POINT('',(0.0265,0.0087,-0.0361));
#6038=CARTESIAN_POINT('',(0.027,0.0087,-0.0361));
#6039=CARTESIAN_POINT('',(0.027,0.0087,-0.0296));
#6040=CARTESIAN_POINT('',(0.027,0.0087,-0.0231));
#6041=CARTESIAN_POINT('',(0.0265,0.0087,-0.0231));
#6042=CARTESIAN_POINT('',(0.0265,0.0087,-0.0226));
#6043=CARTESIAN_POINT('',(0.02,0.0087,-0.0226));
#6044=CARTESIAN_POINT('',(-0.0265,0.0087,-0.0231));
#6045=CARTESIAN_POINT('',(-0.027,0.0087,-0.0231));
#6046=CARTESIAN_POINT('',(-0.0265,0.0087,-0.0226));
#6047=CARTESIAN_POINT('',(-0.027,0.0087,-0.0296));
#6048=CARTESIAN_POINT('',(-0.027,0.0087,-0.0361));
#6049=CARTESIAN_POINT('',(-0.0265,0.0087,-0.0361));
#6050=CARTESIAN_POINT('',(-0.0265,0.0087,-0.0366));
#6051=CARTESIAN_POINT('',(-0.02,0.0087,-0.0366));
#6052=CARTESIAN_POINT('',(-0.0135,0.0087,-0.0366));
#6053=CARTESIAN_POINT('',(-0.0135,0.0087,-0.0361));
#6054=CARTESIAN_POINT('',(-0.013,0.0087,-0.0361));
#6055=CARTESIAN_POINT('',(-0.013,0.0087,-0.0296));
#6056=CARTESIAN_POINT('',(-0.013,0.0087,-0.0231));
#6057=CARTESIAN_POINT('',(-0.0135,0.0087,-0.0231));
#6058=CARTESIAN_POINT('',(-0.0135,0.0087,-0.0226));
#6059=CARTESIAN_POINT('',(-0.02,0.0087,-0.0226));
#6060=CARTESIAN_POINT('',(0.01254,0.0087,0.03482));
#6061=CARTESIAN_POINT('',(0.01204,0.0087,0.03482));
#6062=CARTESIAN_POINT('',(0.01254,0.0087,0.03532));
#6063=CARTESIAN_POINT('',(0.01204,0.0087,0.02832));
#6064=CARTESIAN_POINT('',(0.01204,0.0087,0.02182));
#6065=CARTESIAN_POINT('',(0.01254,0.0087,0.02182));
#6066=CARTESIAN_POINT('',(0.01254,0.0087,0.02132));
#6067=CARTESIAN_POINT('',(0.01904,0.0087,0.02132));
#6068=CARTESIAN_POINT('',(0.02554,0.0087,0.02132));
#6069=CARTESIAN_POINT('',(0.02554,0.0087,0.02182));
#6070=CARTESIAN_POINT('',(0.02604,0.0087,0.02182));
#6071=CARTESIAN_POINT('',(0.02604,0.0087,0.02832));
#6072=CARTESIAN_POINT('',(0.02604,0.0087,0.03482));
#6073=CARTESIAN_POINT('',(0.02554,0.0087,0.03482));
#6074=CARTESIAN_POINT('',(0.02554,0.0087,0.03532));
#6075=CARTESIAN_POINT('',(0.01904,0.0087,0.03532));
#6076=CARTESIAN_POINT('',(0.01254,0.0087,0.01582));
#6077=CARTESIAN_POINT('',(0.01204,0.0087,0.01582));
#6078=CARTESIAN_POINT('',(0.01254,0.0087,0.01632));
#6079=CARTESIAN_POINT('',(0.01204,0.0087,0.00932));
#6080=CARTESIAN_POINT('',(0.01204,0.0087,0.00281999999999995));
#6081=CARTESIAN_POINT('',(0.01254,0.0087,0.00281999999999995));
#6082=CARTESIAN_POINT('',(0.01254,0.0087,0.00231999999999995));
#6083=CARTESIAN_POINT('',(0.01904,0.0087,0.00231999999999995));
#6084=CARTESIAN_POINT('',(0.02554,0.0087,0.00231999999999995));
#6085=CARTESIAN_POINT('',(0.02554,0.0087,0.00281999999999995));
#6086=CARTESIAN_POINT('',(0.02604,0.0087,0.00281999999999995));
#6087=CARTESIAN_POINT('',(0.02604,0.0087,0.00932));
#6088=CARTESIAN_POINT('',(0.02604,0.0087,0.01582));
#6089=CARTESIAN_POINT('',(0.02554,0.0087,0.01582));
#6090=CARTESIAN_POINT('',(0.02554,0.0087,0.01632));
#6091=CARTESIAN_POINT('',(0.01904,0.0087,0.01632));
#6092=CARTESIAN_POINT('',(0.01254,0.0087,-0.00318000000000004));
#6093=CARTESIAN_POINT('',(0.01204,0.0087,-0.00318000000000004));
#6094=CARTESIAN_POINT('',(0.01254,0.0087,-0.00268000000000004));
#6095=CARTESIAN_POINT('',(0.01204,0.0087,-0.00968));
#6096=CARTESIAN_POINT('',(0.01204,0.0087,-0.01618));
#6097=CARTESIAN_POINT('',(0.01254,0.0087,-0.01618));
#6098=CARTESIAN_POINT('',(0.01254,0.0087,-0.01668));
#6099=CARTESIAN_POINT('',(0.01904,0.0087,-0.01668));
#6100=CARTESIAN_POINT('',(0.02554,0.0087,-0.01668));
#6101=CARTESIAN_POINT('',(0.02554,0.0087,-0.01618));
#6102=CARTESIAN_POINT('',(0.02604,0.0087,-0.01618));
#6103=CARTESIAN_POINT('',(0.02604,0.0087,-0.00968));
#6104=CARTESIAN_POINT('',(0.02604,0.0087,-0.00318000000000004));
#6105=CARTESIAN_POINT('',(0.02554,0.0087,-0.00318));
#6106=CARTESIAN_POINT('',(0.02554,0.0087,-0.00268000000000004));
#6107=CARTESIAN_POINT('',(0.01904,0.0087,-0.00268000000000004));
#6108=CARTESIAN_POINT('',(-0.00646,0.0087,0.03482));
#6109=CARTESIAN_POINT('',(-0.00696,0.0087,0.03482));
#6110=CARTESIAN_POINT('',(-0.00646,0.0087,0.03532));
#6111=CARTESIAN_POINT('',(-0.00696,0.0087,0.02832));
#6112=CARTESIAN_POINT('',(-0.00696,0.0087,0.02182));
#6113=CARTESIAN_POINT('',(-0.00646,0.0087,0.02182));
#6114=CARTESIAN_POINT('',(-0.00646,0.0087,0.02132));
#6115=CARTESIAN_POINT('',(3.99999999999836E-5,0.0087,0.02132));
#6116=CARTESIAN_POINT('',(0.00654,0.0087,0.02132));
#6117=CARTESIAN_POINT('',(0.00654,0.0087,0.02182));
#6118=CARTESIAN_POINT('',(0.00704,0.0087,0.02182));
#6119=CARTESIAN_POINT('',(0.00704,0.0087,0.02832));
#6120=CARTESIAN_POINT('',(0.00704,0.0087,0.03482));
#6121=CARTESIAN_POINT('',(0.00654,0.0087,0.03482));
#6122=CARTESIAN_POINT('',(0.00654,0.0087,0.03532));
#6123=CARTESIAN_POINT('',(3.99999999999871E-5,0.0087,0.03532));
#6124=CARTESIAN_POINT('',(-0.02546,0.0087,0.03482));
#6125=CARTESIAN_POINT('',(-0.02596,0.0087,0.03482));
#6126=CARTESIAN_POINT('',(-0.02546,0.0087,0.03532));
#6127=CARTESIAN_POINT('',(-0.02596,0.0087,0.02832));
#6128=CARTESIAN_POINT('',(-0.02596,0.0087,0.02182));
#6129=CARTESIAN_POINT('',(-0.02546,0.0087,0.02182));
#6130=CARTESIAN_POINT('',(-0.02546,0.0087,0.02132));
#6131=CARTESIAN_POINT('',(-0.01896,0.0087,0.02132));
#6132=CARTESIAN_POINT('',(-0.01246,0.0087,0.02132));
#6133=CARTESIAN_POINT('',(-0.01246,0.0087,0.02182));
#6134=CARTESIAN_POINT('',(-0.01196,0.0087,0.02182));
#6135=CARTESIAN_POINT('',(-0.01196,0.0087,0.02832));
#6136=CARTESIAN_POINT('',(-0.01196,0.0087,0.03482));
#6137=CARTESIAN_POINT('',(-0.01246,0.0087,0.03482));
#6138=CARTESIAN_POINT('',(-0.01246,0.0087,0.03532));
#6139=CARTESIAN_POINT('',(-0.01896,0.0087,0.03532));
#6140=CARTESIAN_POINT('',(-0.00646,0.0087,0.01582));
#6141=CARTESIAN_POINT('',(-0.00696,0.0087,0.01582));
#6142=CARTESIAN_POINT('',(-0.00646,0.0087,0.01632));
#6143=CARTESIAN_POINT('',(-0.00696,0.0087,0.00932));
#6144=CARTESIAN_POINT('',(-0.00696,0.0087,0.00281999999999995));
#6145=CARTESIAN_POINT('',(-0.00646,0.0087,0.00281999999999995));
#6146=CARTESIAN_POINT('',(-0.00646,0.0087,0.00231999999999995));
#6147=CARTESIAN_POINT('',(3.99999999999836E-5,0.0087,0.00231999999999995));
#6148=CARTESIAN_POINT('',(0.00654,0.0087,0.00231999999999995));
#6149=CARTESIAN_POINT('',(0.00654,0.0087,0.00281999999999995));
#6150=CARTESIAN_POINT('',(0.00704,0.0087,0.00281999999999995));
#6151=CARTESIAN_POINT('',(0.00704,0.0087,0.00932));
#6152=CARTESIAN_POINT('',(0.00704,0.0087,0.01582));
#6153=CARTESIAN_POINT('',(0.00654,0.0087,0.01582));
#6154=CARTESIAN_POINT('',(0.00654,0.0087,0.01632));
#6155=CARTESIAN_POINT('',(3.99999999999871E-5,0.0087,0.01632));
#6156=CARTESIAN_POINT('',(-0.02546,0.0087,0.01582));
#6157=CARTESIAN_POINT('',(-0.02596,0.0087,0.01582));
#6158=CARTESIAN_POINT('',(-0.02546,0.0087,0.01632));
#6159=CARTESIAN_POINT('',(-0.02596,0.0087,0.00932));
#6160=CARTESIAN_POINT('',(-0.02596,0.0087,0.00281999999999995));
#6161=CARTESIAN_POINT('',(-0.02546,0.0087,0.00281999999999995));
#6162=CARTESIAN_POINT('',(-0.02546,0.0087,0.00231999999999995));
#6163=CARTESIAN_POINT('',(-0.01896,0.0087,0.00231999999999995));
#6164=CARTESIAN_POINT('',(-0.01246,0.0087,0.00231999999999995));
#6165=CARTESIAN_POINT('',(-0.01246,0.0087,0.00281999999999995));
#6166=CARTESIAN_POINT('',(-0.01196,0.0087,0.00281999999999995));
#6167=CARTESIAN_POINT('',(-0.01196,0.0087,0.00932));
#6168=CARTESIAN_POINT('',(-0.01196,0.0087,0.01582));
#6169=CARTESIAN_POINT('',(-0.01246,0.0087,0.01582));
#6170=CARTESIAN_POINT('',(-0.01246,0.0087,0.01632));
#6171=CARTESIAN_POINT('',(-0.01896,0.0087,0.01632));
#6172=CARTESIAN_POINT('',(-0.00646,0.0087,-0.00318000000000004));
#6173=CARTESIAN_POINT('',(-0.00696,0.0087,-0.00318000000000004));
#6174=CARTESIAN_POINT('',(-0.00646,0.0087,-0.00268000000000004));
#6175=CARTESIAN_POINT('',(-0.00696,0.0087,-0.00968));
#6176=CARTESIAN_POINT('',(-0.00696,0.0087,-0.01618));
#6177=CARTESIAN_POINT('',(-0.00646,0.0087,-0.01618));
#6178=CARTESIAN_POINT('',(-0.00646,0.0087,-0.01668));
#6179=CARTESIAN_POINT('',(3.99999999999836E-5,0.0087,-0.01668));
#6180=CARTESIAN_POINT('',(0.00654,0.0087,-0.01668));
#6181=CARTESIAN_POINT('',(0.00654,0.0087,-0.01618));
#6182=CARTESIAN_POINT('',(0.00704,0.0087,-0.01618));
#6183=CARTESIAN_POINT('',(0.00704,0.0087,-0.00968));
#6184=CARTESIAN_POINT('',(0.00704,0.0087,-0.00318000000000004));
#6185=CARTESIAN_POINT('',(0.00654,0.0087,-0.00318000000000004));
#6186=CARTESIAN_POINT('',(0.00654,0.0087,-0.00268000000000004));
#6187=CARTESIAN_POINT('',(3.99999999999871E-5,0.0087,-0.00268000000000004));
#6188=CARTESIAN_POINT('',(-0.02546,0.0087,-0.00318000000000004));
#6189=CARTESIAN_POINT('',(-0.02596,0.0087,-0.00318000000000004));
#6190=CARTESIAN_POINT('',(-0.02546,0.0087,-0.00268000000000004));
#6191=CARTESIAN_POINT('',(-0.02596,0.0087,-0.00968));
#6192=CARTESIAN_POINT('',(-0.02596,0.0087,-0.01618));
#6193=CARTESIAN_POINT('',(-0.02546,0.0087,-0.01618));
#6194=CARTESIAN_POINT('',(-0.02546,0.0087,-0.01668));
#6195=CARTESIAN_POINT('',(-0.01896,0.0087,-0.01668));
#6196=CARTESIAN_POINT('',(-0.01246,0.0087,-0.01668));
#6197=CARTESIAN_POINT('',(-0.01246,0.0087,-0.01618));
#6198=CARTESIAN_POINT('',(-0.01196,0.0087,-0.01618));
#6199=CARTESIAN_POINT('',(-0.01196,0.0087,-0.00968));
#6200=CARTESIAN_POINT('',(-0.01196,0.0087,-0.00318000000000004));
#6201=CARTESIAN_POINT('',(-0.01246,0.0087,-0.00318000000000004));
#6202=CARTESIAN_POINT('',(-0.01246,0.0087,-0.00268000000000004));
#6203=CARTESIAN_POINT('',(-0.01896,0.0087,-0.00268000000000004));
#6204=CARTESIAN_POINT('',(-0.000250000000002505,0.0057,-0.0403));
#6205=CARTESIAN_POINT('',(0.0175441859999933,0.0087,-0.0403003710000039));
#6206=CARTESIAN_POINT('',(0.0175441859999933,0.0072,-0.0403001855000019));
#6207=CARTESIAN_POINT('',(0.0175442169286007,0.0057,-0.0403));
#6208=CARTESIAN_POINT('',(-0.000250000000002505,0.0072,-0.0403));
#6209=CARTESIAN_POINT('',(0.00862809670618227,0.0072,-0.0403));
#6210=CARTESIAN_POINT('',(0.00862809670618227,0.03011,-0.0403));
#6211=CARTESIAN_POINT('',(0.00862809670618227,0.0057,-0.0403));
#6212=CARTESIAN_POINT('',(-0.000250000000002505,0.0057,-0.0403));
#6213=CARTESIAN_POINT('',(-0.000250000000002505,0.0057,-0.0403));
#6214=CARTESIAN_POINT('',(-0.0229580389999995,0.0087,-0.0403000000000031));
#6215=CARTESIAN_POINT('',(-0.0229580389999995,0.0072,-0.0403000000000031));
#6216=CARTESIAN_POINT('',(-0.0229580389999989,0.0057,-0.0403));
#6217=CARTESIAN_POINT('',(-0.000250000000002505,0.0072,-0.0403));
#6218=CARTESIAN_POINT('',(-0.0254999994938,0.0072,-0.0403));
#6219=CARTESIAN_POINT('',(-0.0254999994938,0.0057,-0.0403));
#6220=CARTESIAN_POINT('',(-0.0254999994938,0.0057,-0.0403));
#6221=CARTESIAN_POINT('',(-0.000250000000002505,0.0057,-0.0403));
#6222=CARTESIAN_POINT('',(-0.000250000000000549,0.0057,0.000399999999999915));
#6223=CARTESIAN_POINT('',(0.00488081707982427,0.0057,-0.045));
#6224=CARTESIAN_POINT('',(0.025202150528839,0.0057,-0.0348021505288392));
#6225=CARTESIAN_POINT('',(0.0347,0.0057,-0.0345999994938));
#6226=CARTESIAN_POINT('',(0.0347,0.0057,0.000399999999974955));
#6227=CARTESIAN_POINT('',(0.0347,0.0057,0.03539999949375));
#6228=CARTESIAN_POINT('',(0.025202150528789,0.0057,0.035602150528788));
#6229=CARTESIAN_POINT('',(-0.0257021505288419,0.0057,0.0356021505288409));
#6230=CARTESIAN_POINT('',(-0.0352,0.0057,0.03539999949375));
#6231=CARTESIAN_POINT('',(-0.0352,0.0057,0.000399999999974109));
#6232=CARTESIAN_POINT('',(-0.0352,0.0057,-0.0345999994938017));
#6233=CARTESIAN_POINT('',(-0.0257021505288407,0.0057,-0.0348021505288408));
#6234=CARTESIAN_POINT('',(-0.00479579211463152,0.0057,-0.045));
#6235=CARTESIAN_POINT('',(-0.00479579211463152,0.0057,-0.0407866666952457));
#6236=CARTESIAN_POINT('',(-0.000250000000000549,0.0057,-0.0407866666952457));
#6237=CARTESIAN_POINT('',(-0.00662,0.0057,-0.0407866666952457));
#6238=CARTESIAN_POINT('',(-0.00662000000000122,0.0057,-0.0382066666952469));
#6239=CARTESIAN_POINT('',(-0.02,0.0057,-0.04080000014511));
#6240=CARTESIAN_POINT('',(-0.0254999994938,0.0057,-0.0345999994938));
#6241=CARTESIAN_POINT('',(-0.0312,0.0057,-0.0345999994938017));
#6242=CARTESIAN_POINT('',(-0.0312,0.0057,0.000399999999974109));
#6243=CARTESIAN_POINT('',(-0.0312,0.0057,0.03539999949375));
#6244=CARTESIAN_POINT('',(-0.0254999994938018,0.0057,0.0353999994938018));
#6245=CARTESIAN_POINT('',(-0.0095,0.0057,0.0415999989450999));
#6246=CARTESIAN_POINT('',(0.00950000049999999,0.0057,0.0415999983534));
#6247=CARTESIAN_POINT('',(0.0124580390000158,0.0057,0.0411));
#6248=CARTESIAN_POINT('',(-0.000250000000003407,0.0057,0.0411));
#6249=CARTESIAN_POINT('',(0.024999999493795,0.0057,0.0411));
#6250=CARTESIAN_POINT('',(0.024999999493795,0.0057,0.035399999493795));
#6251=CARTESIAN_POINT('',(0.0307,0.0057,0.03539999949375));
#6252=CARTESIAN_POINT('',(0.0307,0.0057,0.000399999999974955));
#6253=CARTESIAN_POINT('',(0.0307,0.0057,-0.0345999994938));
#6254=CARTESIAN_POINT('',(0.0249999994938001,0.0057,-0.0345999994938));
#6255=CARTESIAN_POINT('',(0.0205011434286,0.0057,-0.0407931969162401));
#6256=CARTESIAN_POINT('',(0.00711999999999717,0.0057,-0.0382066666952457));
#6257=CARTESIAN_POINT('',(0.0135,0.0087,-0.0231));
#6258=CARTESIAN_POINT('',(0.0135,0.0072,-0.0231));
#6259=CARTESIAN_POINT('',(0.013,0.0072,-0.0231));
#6260=CARTESIAN_POINT('',(0.0135,0.0072,-0.0226));
#6261=CARTESIAN_POINT('',(0.013,0.0087,-0.0231));
#6262=CARTESIAN_POINT('',(0.0135,0.0087,-0.0226));
#6263=CARTESIAN_POINT('',(0.013,0.0087,-0.0296));
#6264=CARTESIAN_POINT('',(0.013,0.0072,-0.0296));
#6265=CARTESIAN_POINT('',(0.013,0.0072,-0.0361));
#6266=CARTESIAN_POINT('',(0.013,0.0087,-0.0361));
#6267=CARTESIAN_POINT('',(0.0135,0.0087,-0.0361));
#6268=CARTESIAN_POINT('',(0.0135,0.0072,-0.0361));
#6269=CARTESIAN_POINT('',(0.0135,0.0072,-0.0366));
#6270=CARTESIAN_POINT('',(0.0135,0.0087,-0.0366));
#6271=CARTESIAN_POINT('',(0.02,0.0087,-0.0366));
#6272=CARTESIAN_POINT('',(0.02,0.0072,-0.0366));
#6273=CARTESIAN_POINT('',(0.0265,0.0072,-0.0366));
#6274=CARTESIAN_POINT('',(0.0265,0.0087,-0.0366));
#6275=CARTESIAN_POINT('',(0.0265,0.0087,-0.0361));
#6276=CARTESIAN_POINT('',(0.0265,0.0072,-0.0361));
#6277=CARTESIAN_POINT('',(0.027,0.0072,-0.0361));
#6278=CARTESIAN_POINT('',(0.027,0.0087,-0.0361));
#6279=CARTESIAN_POINT('',(0.027,0.0087,-0.0296));
#6280=CARTESIAN_POINT('',(0.027,0.0072,-0.0296));
#6281=CARTESIAN_POINT('',(0.027,0.0072,-0.0231));
#6282=CARTESIAN_POINT('',(0.027,0.0087,-0.0231));
#6283=CARTESIAN_POINT('',(0.0265,0.0087,-0.0231));
#6284=CARTESIAN_POINT('',(0.0265,0.0072,-0.0231));
#6285=CARTESIAN_POINT('',(0.0265,0.0072,-0.0226));
#6286=CARTESIAN_POINT('',(0.0265,0.0087,-0.0226));
#6287=CARTESIAN_POINT('',(-0.0265,0.0087,-0.0231));
#6288=CARTESIAN_POINT('',(-0.0265,0.0072,-0.0231));
#6289=CARTESIAN_POINT('',(-0.027,0.0072,-0.0231));
#6290=CARTESIAN_POINT('',(-0.0265,0.0072,-0.0226));
#6291=CARTESIAN_POINT('',(-0.027,0.0087,-0.0231));
#6292=CARTESIAN_POINT('',(-0.0265,0.0087,-0.0226));
#6293=CARTESIAN_POINT('',(-0.027,0.0087,-0.0296));
#6294=CARTESIAN_POINT('',(-0.027,0.0072,-0.0296));
#6295=CARTESIAN_POINT('',(-0.027,0.0072,-0.0361));
#6296=CARTESIAN_POINT('',(-0.027,0.0087,-0.0361));
#6297=CARTESIAN_POINT('',(-0.0265,0.0087,-0.0361));
#6298=CARTESIAN_POINT('',(-0.0265,0.0072,-0.0361));
#6299=CARTESIAN_POINT('',(-0.0265,0.0072,-0.0366));
#6300=CARTESIAN_POINT('',(-0.0265,0.0087,-0.0366));
#6301=CARTESIAN_POINT('',(-0.02,0.0087,-0.0366));
#6302=CARTESIAN_POINT('',(-0.02,0.0072,-0.0366));
#6303=CARTESIAN_POINT('',(-0.0135,0.0072,-0.0366));
#6304=CARTESIAN_POINT('',(-0.0135,0.0087,-0.0366));
#6305=CARTESIAN_POINT('',(-0.0135,0.0087,-0.0361));
#6306=CARTESIAN_POINT('',(-0.0135,0.0072,-0.0361));
#6307=CARTESIAN_POINT('',(-0.013,0.0072,-0.0361));
#6308=CARTESIAN_POINT('',(-0.013,0.0087,-0.0361));
#6309=CARTESIAN_POINT('',(-0.013,0.0087,-0.0296));
#6310=CARTESIAN_POINT('',(-0.013,0.0072,-0.0296));
#6311=CARTESIAN_POINT('',(-0.013,0.0072,-0.0231));
#6312=CARTESIAN_POINT('',(-0.013,0.0087,-0.0231));
#6313=CARTESIAN_POINT('',(-0.0135,0.0087,-0.0231));
#6314=CARTESIAN_POINT('',(-0.0135,0.0072,-0.0231));
#6315=CARTESIAN_POINT('',(-0.0135,0.0072,-0.0226));
#6316=CARTESIAN_POINT('',(-0.0135,0.0087,-0.0226));
#6317=CARTESIAN_POINT('',(0.01254,0.0087,0.03482));
#6318=CARTESIAN_POINT('',(0.01254,0.0072,0.03482));
#6319=CARTESIAN_POINT('',(0.01204,0.0072,0.03482));
#6320=CARTESIAN_POINT('',(0.01254,0.0072,0.03532));
#6321=CARTESIAN_POINT('',(0.01204,0.0087,0.03482));
#6322=CARTESIAN_POINT('',(0.01254,0.0087,0.03532));
#6323=CARTESIAN_POINT('',(0.01204,0.0087,0.02832));
#6324=CARTESIAN_POINT('',(0.01204,0.0072,0.02832));
#6325=CARTESIAN_POINT('',(0.01204,0.0072,0.02182));
#6326=CARTESIAN_POINT('',(0.01204,0.0087,0.02182));
#6327=CARTESIAN_POINT('',(0.01254,0.0087,0.02182));
#6328=CARTESIAN_POINT('',(0.01254,0.0072,0.02182));
#6329=CARTESIAN_POINT('',(0.01254,0.0072,0.02132));
#6330=CARTESIAN_POINT('',(0.01254,0.0087,0.02132));
#6331=CARTESIAN_POINT('',(0.01904,0.0087,0.02132));
#6332=CARTESIAN_POINT('',(0.01904,0.0072,0.02132));
#6333=CARTESIAN_POINT('',(0.02554,0.0072,0.02132));
#6334=CARTESIAN_POINT('',(0.02554,0.0087,0.02132));
#6335=CARTESIAN_POINT('',(0.02554,0.0087,0.02182));
#6336=CARTESIAN_POINT('',(0.02554,0.0072,0.02182));
#6337=CARTESIAN_POINT('',(0.02604,0.0072,0.02182));
#6338=CARTESIAN_POINT('',(0.02604,0.0087,0.02182));
#6339=CARTESIAN_POINT('',(0.02604,0.0087,0.02832));
#6340=CARTESIAN_POINT('',(0.02604,0.0072,0.02832));
#6341=CARTESIAN_POINT('',(0.02604,0.0072,0.03482));
#6342=CARTESIAN_POINT('',(0.02604,0.0087,0.03482));
#6343=CARTESIAN_POINT('',(0.02554,0.0087,0.03482));
#6344=CARTESIAN_POINT('',(0.02554,0.0072,0.03482));
#6345=CARTESIAN_POINT('',(0.02554,0.0072,0.03532));
#6346=CARTESIAN_POINT('',(0.02554,0.0087,0.03532));
#6347=CARTESIAN_POINT('',(0.01254,0.0087,0.01582));
#6348=CARTESIAN_POINT('',(0.01254,0.0072,0.01582));
#6349=CARTESIAN_POINT('',(0.01204,0.0072,0.01582));
#6350=CARTESIAN_POINT('',(0.01254,0.0072,0.01632));
#6351=CARTESIAN_POINT('',(0.01204,0.0087,0.01582));
#6352=CARTESIAN_POINT('',(0.01254,0.0087,0.01632));
#6353=CARTESIAN_POINT('',(0.01204,0.0087,0.00932));
#6354=CARTESIAN_POINT('',(0.01204,0.0072,0.00932));
#6355=CARTESIAN_POINT('',(0.01204,0.0072,0.00281999999999996));
#6356=CARTESIAN_POINT('',(0.01204,0.0087,0.00281999999999995));
#6357=CARTESIAN_POINT('',(0.01254,0.0087,0.00281999999999995));
#6358=CARTESIAN_POINT('',(0.01254,0.0072,0.00281999999999996));
#6359=CARTESIAN_POINT('',(0.01254,0.0072,0.00231999999999996));
#6360=CARTESIAN_POINT('',(0.01254,0.0087,0.00231999999999995));
#6361=CARTESIAN_POINT('',(0.01904,0.0087,0.00231999999999995));
#6362=CARTESIAN_POINT('',(0.01904,0.0072,0.00231999999999996));
#6363=CARTESIAN_POINT('',(0.02554,0.0072,0.00231999999999995));
#6364=CARTESIAN_POINT('',(0.02554,0.0087,0.00231999999999995));
#6365=CARTESIAN_POINT('',(0.02554,0.0087,0.00281999999999995));
#6366=CARTESIAN_POINT('',(0.02554,0.0072,0.00281999999999996));
#6367=CARTESIAN_POINT('',(0.02604,0.0072,0.00281999999999995));
#6368=CARTESIAN_POINT('',(0.02604,0.0087,0.00281999999999995));
#6369=CARTESIAN_POINT('',(0.02604,0.0087,0.00932));
#6370=CARTESIAN_POINT('',(0.02604,0.0072,0.00932));
#6371=CARTESIAN_POINT('',(0.02604,0.0072,0.01582));
#6372=CARTESIAN_POINT('',(0.02604,0.0087,0.01582));
#6373=CARTESIAN_POINT('',(0.02554,0.0087,0.01582));
#6374=CARTESIAN_POINT('',(0.02554,0.0072,0.01582));
#6375=CARTESIAN_POINT('',(0.02554,0.0072,0.01632));
#6376=CARTESIAN_POINT('',(0.02554,0.0087,0.01632));
#6377=CARTESIAN_POINT('',(0.01254,0.0087,-0.00318000000000004));
#6378=CARTESIAN_POINT('',(0.01254,0.0072,-0.00318000000000004));
#6379=CARTESIAN_POINT('',(0.01204,0.0072,-0.00318));
#6380=CARTESIAN_POINT('',(0.01254,0.0072,-0.00268000000000004));
#6381=CARTESIAN_POINT('',(0.01204,0.0087,-0.00318000000000004));
#6382=CARTESIAN_POINT('',(0.01254,0.0087,-0.00268000000000004));
#6383=CARTESIAN_POINT('',(0.01204,0.0087,-0.00968));
#6384=CARTESIAN_POINT('',(0.01204,0.0072,-0.00968));
#6385=CARTESIAN_POINT('',(0.01204,0.0072,-0.01618));
#6386=CARTESIAN_POINT('',(0.01204,0.0087,-0.01618));
#6387=CARTESIAN_POINT('',(0.01254,0.0087,-0.01618));
#6388=CARTESIAN_POINT('',(0.01254,0.0072,-0.01618));
#6389=CARTESIAN_POINT('',(0.01254,0.0072,-0.01668));
#6390=CARTESIAN_POINT('',(0.01254,0.0087,-0.01668));
#6391=CARTESIAN_POINT('',(0.01904,0.0087,-0.01668));
#6392=CARTESIAN_POINT('',(0.01904,0.0072,-0.01668));
#6393=CARTESIAN_POINT('',(0.02554,0.0072,-0.01668));
#6394=CARTESIAN_POINT('',(0.02554,0.0087,-0.01668));
#6395=CARTESIAN_POINT('',(0.02554,0.0087,-0.01618));
#6396=CARTESIAN_POINT('',(0.02554,0.0072,-0.01618));
#6397=CARTESIAN_POINT('',(0.02604,0.0072,-0.01618));
#6398=CARTESIAN_POINT('',(0.02604,0.0087,-0.01618));
#6399=CARTESIAN_POINT('',(0.02604,0.0087,-0.00968));
#6400=CARTESIAN_POINT('',(0.02604,0.0072,-0.00968));
#6401=CARTESIAN_POINT('',(0.02604,0.0072,-0.00318000000000004));
#6402=CARTESIAN_POINT('',(0.02604,0.0087,-0.00318000000000004));
#6403=CARTESIAN_POINT('',(0.02554,0.0087,-0.00318));
#6404=CARTESIAN_POINT('',(0.02554,0.0072,-0.00318));
#6405=CARTESIAN_POINT('',(0.02554,0.0072,-0.00268));
#6406=CARTESIAN_POINT('',(0.02554,0.0087,-0.00268000000000004));
#6407=CARTESIAN_POINT('',(-0.00646,0.0087,0.03482));
#6408=CARTESIAN_POINT('',(-0.00646,0.0072,0.03482));
#6409=CARTESIAN_POINT('',(-0.00696,0.0072,0.03482));
#6410=CARTESIAN_POINT('',(-0.00646,0.0072,0.03532));
#6411=CARTESIAN_POINT('',(-0.00696,0.0087,0.03482));
#6412=CARTESIAN_POINT('',(-0.00646,0.0087,0.03532));
#6413=CARTESIAN_POINT('',(-0.00696,0.0087,0.02832));
#6414=CARTESIAN_POINT('',(-0.00696,0.0072,0.02832));
#6415=CARTESIAN_POINT('',(-0.00696,0.0072,0.02182));
#6416=CARTESIAN_POINT('',(-0.00696,0.0087,0.02182));
#6417=CARTESIAN_POINT('',(-0.00646,0.0087,0.02182));
#6418=CARTESIAN_POINT('',(-0.00646,0.0072,0.02182));
#6419=CARTESIAN_POINT('',(-0.00646,0.0072,0.02132));
#6420=CARTESIAN_POINT('',(-0.00646,0.0087,0.02132));
#6421=CARTESIAN_POINT('',(3.99999999999836E-5,0.0087,0.02132));
#6422=CARTESIAN_POINT('',(3.99999999999845E-5,0.0072,0.02132));
#6423=CARTESIAN_POINT('',(0.00654,0.0072,0.02132));
#6424=CARTESIAN_POINT('',(0.00654,0.0087,0.02132));
#6425=CARTESIAN_POINT('',(0.00654,0.0087,0.02182));
#6426=CARTESIAN_POINT('',(0.00654,0.0072,0.02182));
#6427=CARTESIAN_POINT('',(0.00704,0.0072,0.02182));
#6428=CARTESIAN_POINT('',(0.00704,0.0087,0.02182));
#6429=CARTESIAN_POINT('',(0.00704,0.0087,0.02832));
#6430=CARTESIAN_POINT('',(0.00704,0.0072,0.02832));
#6431=CARTESIAN_POINT('',(0.00704,0.0072,0.03482));
#6432=CARTESIAN_POINT('',(0.00704,0.0087,0.03482));
#6433=CARTESIAN_POINT('',(0.00654,0.0087,0.03482));
#6434=CARTESIAN_POINT('',(0.00654,0.0072,0.03482));
#6435=CARTESIAN_POINT('',(0.00654,0.0072,0.03532));
#6436=CARTESIAN_POINT('',(0.00654,0.0087,0.03532));
#6437=CARTESIAN_POINT('',(-0.02546,0.0087,0.03482));
#6438=CARTESIAN_POINT('',(-0.02546,0.0072,0.03482));
#6439=CARTESIAN_POINT('',(-0.02596,0.0072,0.03482));
#6440=CARTESIAN_POINT('',(-0.02546,0.0072,0.03532));
#6441=CARTESIAN_POINT('',(-0.02596,0.0087,0.03482));
#6442=CARTESIAN_POINT('',(-0.02546,0.0087,0.03532));
#6443=CARTESIAN_POINT('',(-0.02596,0.0087,0.02832));
#6444=CARTESIAN_POINT('',(-0.02596,0.0072,0.02832));
#6445=CARTESIAN_POINT('',(-0.02596,0.0072,0.02182));
#6446=CARTESIAN_POINT('',(-0.02596,0.0087,0.02182));
#6447=CARTESIAN_POINT('',(-0.02546,0.0087,0.02182));
#6448=CARTESIAN_POINT('',(-0.02546,0.0072,0.02182));
#6449=CARTESIAN_POINT('',(-0.02546,0.0072,0.02132));
#6450=CARTESIAN_POINT('',(-0.02546,0.0087,0.02132));
#6451=CARTESIAN_POINT('',(-0.01896,0.0087,0.02132));
#6452=CARTESIAN_POINT('',(-0.01896,0.0072,0.02132));
#6453=CARTESIAN_POINT('',(-0.01246,0.0072,0.02132));
#6454=CARTESIAN_POINT('',(-0.01246,0.0087,0.02132));
#6455=CARTESIAN_POINT('',(-0.01246,0.0087,0.02182));
#6456=CARTESIAN_POINT('',(-0.01246,0.0072,0.02182));
#6457=CARTESIAN_POINT('',(-0.01196,0.0072,0.02182));
#6458=CARTESIAN_POINT('',(-0.01196,0.0087,0.02182));
#6459=CARTESIAN_POINT('',(-0.01196,0.0087,0.02832));
#6460=CARTESIAN_POINT('',(-0.01196,0.0072,0.02832));
#6461=CARTESIAN_POINT('',(-0.01196,0.0072,0.03482));
#6462=CARTESIAN_POINT('',(-0.01196,0.0087,0.03482));
#6463=CARTESIAN_POINT('',(-0.01246,0.0087,0.03482));
#6464=CARTESIAN_POINT('',(-0.01246,0.0072,0.03482));
#6465=CARTESIAN_POINT('',(-0.01246,0.0072,0.03532));
#6466=CARTESIAN_POINT('',(-0.01246,0.0087,0.03532));
#6467=CARTESIAN_POINT('',(-0.00646,0.0087,0.01582));
#6468=CARTESIAN_POINT('',(-0.00646,0.0072,0.01582));
#6469=CARTESIAN_POINT('',(-0.00696,0.0072,0.01582));
#6470=CARTESIAN_POINT('',(-0.00646,0.0072,0.01632));
#6471=CARTESIAN_POINT('',(-0.00696,0.0087,0.01582));
#6472=CARTESIAN_POINT('',(-0.00646,0.0087,0.01632));
#6473=CARTESIAN_POINT('',(-0.00696,0.0087,0.00932));
#6474=CARTESIAN_POINT('',(-0.00696,0.0072,0.00932));
#6475=CARTESIAN_POINT('',(-0.00696,0.0072,0.00281999999999995));
#6476=CARTESIAN_POINT('',(-0.00696,0.0087,0.00281999999999995));
#6477=CARTESIAN_POINT('',(-0.00646,0.0087,0.00281999999999995));
#6478=CARTESIAN_POINT('',(-0.00646,0.0072,0.00281999999999995));
#6479=CARTESIAN_POINT('',(-0.00646,0.0072,0.00231999999999996));
#6480=CARTESIAN_POINT('',(-0.00646,0.0087,0.00231999999999995));
#6481=CARTESIAN_POINT('',(3.99999999999836E-5,0.0087,0.00231999999999995));
#6482=CARTESIAN_POINT('',(3.99999999999845E-5,0.0072,0.00231999999999996));
#6483=CARTESIAN_POINT('',(0.00654,0.0072,0.00231999999999995));
#6484=CARTESIAN_POINT('',(0.00654,0.0087,0.00231999999999995));
#6485=CARTESIAN_POINT('',(0.00654,0.0087,0.00281999999999995));
#6486=CARTESIAN_POINT('',(0.00654,0.0072,0.00281999999999995));
#6487=CARTESIAN_POINT('',(0.00704,0.0072,0.00281999999999995));
#6488=CARTESIAN_POINT('',(0.00704,0.0087,0.00281999999999995));
#6489=CARTESIAN_POINT('',(0.00704,0.0087,0.00932));
#6490=CARTESIAN_POINT('',(0.00704,0.0072,0.00932));
#6491=CARTESIAN_POINT('',(0.00704,0.0072,0.01582));
#6492=CARTESIAN_POINT('',(0.00704,0.0087,0.01582));
#6493=CARTESIAN_POINT('',(0.00654,0.0087,0.01582));
#6494=CARTESIAN_POINT('',(0.00654,0.0072,0.01582));
#6495=CARTESIAN_POINT('',(0.00654,0.0072,0.01632));
#6496=CARTESIAN_POINT('',(0.00654,0.0087,0.01632));
#6497=CARTESIAN_POINT('',(-0.02546,0.0087,0.01582));
#6498=CARTESIAN_POINT('',(-0.02546,0.0072,0.01582));
#6499=CARTESIAN_POINT('',(-0.02596,0.0072,0.01582));
#6500=CARTESIAN_POINT('',(-0.02546,0.0072,0.01632));
#6501=CARTESIAN_POINT('',(-0.02596,0.0087,0.01582));
#6502=CARTESIAN_POINT('',(-0.02546,0.0087,0.01632));
#6503=CARTESIAN_POINT('',(-0.02596,0.0087,0.00932));
#6504=CARTESIAN_POINT('',(-0.02596,0.0072,0.00932));
#6505=CARTESIAN_POINT('',(-0.02596,0.0072,0.00281999999999996));
#6506=CARTESIAN_POINT('',(-0.02596,0.0087,0.00281999999999995));
#6507=CARTESIAN_POINT('',(-0.02546,0.0087,0.00281999999999995));
#6508=CARTESIAN_POINT('',(-0.02546,0.0072,0.00282));
#6509=CARTESIAN_POINT('',(-0.02546,0.0072,0.00231999999999996));
#6510=CARTESIAN_POINT('',(-0.02546,0.0087,0.00231999999999995));
#6511=CARTESIAN_POINT('',(-0.01896,0.0087,0.00231999999999995));
#6512=CARTESIAN_POINT('',(-0.01896,0.0072,0.00231999999999996));
#6513=CARTESIAN_POINT('',(-0.01246,0.0072,0.00231999999999995));
#6514=CARTESIAN_POINT('',(-0.01246,0.0087,0.00231999999999995));
#6515=CARTESIAN_POINT('',(-0.01246,0.0087,0.00281999999999995));
#6516=CARTESIAN_POINT('',(-0.01246,0.0072,0.00281999999999995));
#6517=CARTESIAN_POINT('',(-0.01196,0.0072,0.00281999999999995));
#6518=CARTESIAN_POINT('',(-0.01196,0.0087,0.00281999999999995));
#6519=CARTESIAN_POINT('',(-0.01196,0.0087,0.00932));
#6520=CARTESIAN_POINT('',(-0.01196,0.0072,0.00932));
#6521=CARTESIAN_POINT('',(-0.01196,0.0072,0.01582));
#6522=CARTESIAN_POINT('',(-0.01196,0.0087,0.01582));
#6523=CARTESIAN_POINT('',(-0.01246,0.0087,0.01582));
#6524=CARTESIAN_POINT('',(-0.01246,0.0072,0.01582));
#6525=CARTESIAN_POINT('',(-0.01246,0.0072,0.01632));
#6526=CARTESIAN_POINT('',(-0.01246,0.0087,0.01632));
#6527=CARTESIAN_POINT('',(-0.00646,0.0087,-0.00318000000000004));
#6528=CARTESIAN_POINT('',(-0.00646,0.0072,-0.00318000000000004));
#6529=CARTESIAN_POINT('',(-0.00696,0.0072,-0.00318));
#6530=CARTESIAN_POINT('',(-0.00646,0.0072,-0.00268000000000004));
#6531=CARTESIAN_POINT('',(-0.00696,0.0087,-0.00318000000000004));
#6532=CARTESIAN_POINT('',(-0.00646,0.0087,-0.00268000000000004));
#6533=CARTESIAN_POINT('',(-0.00696,0.0087,-0.00968));
#6534=CARTESIAN_POINT('',(-0.00696,0.0072,-0.00968));
#6535=CARTESIAN_POINT('',(-0.00696,0.0072,-0.01618));
#6536=CARTESIAN_POINT('',(-0.00696,0.0087,-0.01618));
#6537=CARTESIAN_POINT('',(-0.00646,0.0087,-0.01618));
#6538=CARTESIAN_POINT('',(-0.00646,0.0072,-0.01618));
#6539=CARTESIAN_POINT('',(-0.00646,0.0072,-0.01668));
#6540=CARTESIAN_POINT('',(-0.00646,0.0087,-0.01668));
#6541=CARTESIAN_POINT('',(3.99999999999836E-5,0.0087,-0.01668));
#6542=CARTESIAN_POINT('',(3.99999999999845E-5,0.0072,-0.01668));
#6543=CARTESIAN_POINT('',(0.00654,0.0072,-0.01668));
#6544=CARTESIAN_POINT('',(0.00654,0.0087,-0.01668));
#6545=CARTESIAN_POINT('',(0.00654,0.0087,-0.01618));
#6546=CARTESIAN_POINT('',(0.00654,0.0072,-0.01618));
#6547=CARTESIAN_POINT('',(0.00704,0.0072,-0.01618));
#6548=CARTESIAN_POINT('',(0.00704,0.0087,-0.01618));
#6549=CARTESIAN_POINT('',(0.00704,0.0087,-0.00968));
#6550=CARTESIAN_POINT('',(0.00704,0.0072,-0.00968));
#6551=CARTESIAN_POINT('',(0.00704,0.0072,-0.00318000000000004));
#6552=CARTESIAN_POINT('',(0.00704,0.0087,-0.00318000000000004));
#6553=CARTESIAN_POINT('',(0.00654,0.0087,-0.00318000000000004));
#6554=CARTESIAN_POINT('',(0.00654,0.0072,-0.00318000000000004));
#6555=CARTESIAN_POINT('',(0.00654,0.0072,-0.00268));
#6556=CARTESIAN_POINT('',(0.00654,0.0087,-0.00268000000000004));
#6557=CARTESIAN_POINT('',(-0.02546,0.0087,-0.00318000000000004));
#6558=CARTESIAN_POINT('',(-0.02546,0.0072,-0.00318));
#6559=CARTESIAN_POINT('',(-0.02596,0.0072,-0.00318));
#6560=CARTESIAN_POINT('',(-0.02546,0.0072,-0.00268000000000004));
#6561=CARTESIAN_POINT('',(-0.02596,0.0087,-0.00318000000000004));
#6562=CARTESIAN_POINT('',(-0.02546,0.0087,-0.00268000000000004));
#6563=CARTESIAN_POINT('',(-0.02596,0.0087,-0.00968));
#6564=CARTESIAN_POINT('',(-0.02596,0.0072,-0.00968));
#6565=CARTESIAN_POINT('',(-0.02596,0.0072,-0.01618));
#6566=CARTESIAN_POINT('',(-0.02596,0.0087,-0.01618));
#6567=CARTESIAN_POINT('',(-0.02546,0.0087,-0.01618));
#6568=CARTESIAN_POINT('',(-0.02546,0.0072,-0.01618));
#6569=CARTESIAN_POINT('',(-0.02546,0.0072,-0.01668));
#6570=CARTESIAN_POINT('',(-0.02546,0.0087,-0.01668));
#6571=CARTESIAN_POINT('',(-0.01896,0.0087,-0.01668));
#6572=CARTESIAN_POINT('',(-0.01896,0.0072,-0.01668));
#6573=CARTESIAN_POINT('',(-0.01246,0.0072,-0.01668));
#6574=CARTESIAN_POINT('',(-0.01246,0.0087,-0.01668));
#6575=CARTESIAN_POINT('',(-0.01246,0.0087,-0.01618));
#6576=CARTESIAN_POINT('',(-0.01246,0.0072,-0.01618));
#6577=CARTESIAN_POINT('',(-0.01196,0.0072,-0.01618));
#6578=CARTESIAN_POINT('',(-0.01196,0.0087,-0.01618));
#6579=CARTESIAN_POINT('',(-0.01196,0.0087,-0.00968));
#6580=CARTESIAN_POINT('',(-0.01196,0.0072,-0.00968));
#6581=CARTESIAN_POINT('',(-0.01196,0.0072,-0.00318000000000004));
#6582=CARTESIAN_POINT('',(-0.01196,0.0087,-0.00318000000000004));
#6583=CARTESIAN_POINT('',(-0.01246,0.0087,-0.00318000000000004));
#6584=CARTESIAN_POINT('',(-0.01246,0.0072,-0.00318000000000004));
#6585=CARTESIAN_POINT('',(-0.01246,0.0072,-0.00268));
#6586=CARTESIAN_POINT('',(-0.01246,0.0087,-0.00268000000000004));
#6587=CARTESIAN_POINT('',(0.02,0.0087,-0.0226));
#6588=CARTESIAN_POINT('',(0.02,0.0072,-0.0226));
#6589=CARTESIAN_POINT('',(-0.02,0.0087,-0.0226));
#6590=CARTESIAN_POINT('',(-0.02,0.0072,-0.0226));
#6591=CARTESIAN_POINT('',(0.01904,0.0087,0.03532));
#6592=CARTESIAN_POINT('',(0.01904,0.0072,0.03532));
#6593=CARTESIAN_POINT('',(0.01904,0.0087,0.01632));
#6594=CARTESIAN_POINT('',(0.01904,0.0072,0.01632));
#6595=CARTESIAN_POINT('',(0.01904,0.0087,-0.00268000000000004));
#6596=CARTESIAN_POINT('',(0.01904,0.0072,-0.00268000000000004));
#6597=CARTESIAN_POINT('',(3.99999999999871E-5,0.0087,0.03532));
#6598=CARTESIAN_POINT('',(3.99999999999915E-5,0.0072,0.03532));
#6599=CARTESIAN_POINT('',(-0.01896,0.0087,0.03532));
#6600=CARTESIAN_POINT('',(-0.01896,0.0072,0.03532));
#6601=CARTESIAN_POINT('',(3.99999999999871E-5,0.0087,0.01632));
#6602=CARTESIAN_POINT('',(3.99999999999915E-5,0.0072,0.01632));
#6603=CARTESIAN_POINT('',(-0.01896,0.0087,0.01632));
#6604=CARTESIAN_POINT('',(-0.01896,0.0072,0.01632));
#6605=CARTESIAN_POINT('',(3.99999999999871E-5,0.0087,-0.00268000000000004));
#6606=CARTESIAN_POINT('',(3.99999999999915E-5,0.0072,-0.00268000000000004));
#6607=CARTESIAN_POINT('',(-0.01896,0.0087,-0.00268000000000004));
#6608=CARTESIAN_POINT('',(-0.01896,0.0072,-0.00268000000000004));
#6609=CARTESIAN_POINT('',(0.025202150528839,0.0057,-0.0348021505288392));
#6610=CARTESIAN_POINT('',(0.0347,0.0057,-0.0345999994938));
#6611=CARTESIAN_POINT('',(0.0347,0.00649239055468805,-0.0345999994938));
#6612=CARTESIAN_POINT('',(0.0340533568131201,0.00804516398592637,-0.0346066786439391));
#6613=CARTESIAN_POINT('',(0.0324811298218615,0.00870000000000001,-0.0346249191163909));
#6614=CARTESIAN_POINT('',(0.0317,0.0087,-0.0346349415854978));
#6615=CARTESIAN_POINT('',(0.0317,0.0057,0.000399999999974955));
#6616=CARTESIAN_POINT('',(0.0347,0.0057,0.03539999949375));
#6617=CARTESIAN_POINT('',(0.0347,0.00649239055468805,0.03539999949375));
#6618=CARTESIAN_POINT('',(0.03405335681312,0.00804516398592638,0.0354066786438902));
#6619=CARTESIAN_POINT('',(0.0324811298218615,0.0087,0.0354249191163409));
#6620=CARTESIAN_POINT('',(0.0317,0.0087,0.0354349415854476));
#6621=CARTESIAN_POINT('',(-0.0257021505288407,0.0057,-0.0348021505288408));
#6622=CARTESIAN_POINT('',(-0.0352,0.0057,-0.0345999994938017));
#6623=CARTESIAN_POINT('',(-0.0352,0.00649239055468805,-0.0345999994938017));
#6624=CARTESIAN_POINT('',(-0.0345533568131201,0.00804516398592637,-0.034606678643941));
#6625=CARTESIAN_POINT('',(-0.0329811298218615,0.0087,-0.0346249191163919));
#6626=CARTESIAN_POINT('',(-0.0322,0.0087,-0.0346349415854993));
#6627=CARTESIAN_POINT('',(0.025202150528789,0.0057,0.035602150528788));
#6628=CARTESIAN_POINT('',(-0.0322,0.0057,0.000399999999974109));
#6629=CARTESIAN_POINT('',(-0.0352,0.0057,0.03539999949375));
#6630=CARTESIAN_POINT('',(-0.0352,0.00649239055468806,0.03539999949375));
#6631=CARTESIAN_POINT('',(-0.03455335681312,0.00804516398592638,0.0354066786438884));
#6632=CARTESIAN_POINT('',(-0.0329811298218616,0.0087,0.0354249191163558));
#6633=CARTESIAN_POINT('',(-0.0322,0.0087,0.035434941585457));
#6634=CARTESIAN_POINT('',(-0.0257021505288419,0.0057,0.0356021505288409));
#6635=CARTESIAN_POINT('',(-0.000250000000003407,0.0057,0.0411));
#6636=CARTESIAN_POINT('',(0.0124580390000156,0.0087,0.0410999999999986));
#6637=CARTESIAN_POINT('',(0.0124580390000156,0.0072,0.0410999999999986));
#6638=CARTESIAN_POINT('',(-0.000250000000003407,0.0072,0.0411));
#6639=CARTESIAN_POINT('',(0.024999999493795,0.0072,0.0411));
#6640=CARTESIAN_POINT('',(0.024999999493795,0.0057,0.0411));
#6641=CARTESIAN_POINT('',(0.024999999493795,0.0057,0.035399999493795));
#6642=CARTESIAN_POINT('',(0.024999999493795,0.0072,0.035399999493795));
#6643=CARTESIAN_POINT('',(0.0307,0.0072,0.03539999949375));
#6644=CARTESIAN_POINT('',(0.0307,0.0057,0.03539999949375));
#6645=CARTESIAN_POINT('',(0.0307,0.0057,0.000399999999974955));
#6646=CARTESIAN_POINT('',(0.0307,0.0072,0.000399999999974955));
#6647=CARTESIAN_POINT('',(0.0307,0.0072,-0.0345999994938));
#6648=CARTESIAN_POINT('',(0.0307,0.0057,-0.0345999994938));
#6649=CARTESIAN_POINT('',(0.0249999994938001,0.0057,-0.0345999994938));
#6650=CARTESIAN_POINT('',(0.0249999994938001,0.0072,-0.0345999994938));
#6651=CARTESIAN_POINT('',(-0.0254999994938,0.0057,-0.0345999994938));
#6652=CARTESIAN_POINT('',(-0.0254999994938,0.0072,-0.0345999994938));
#6653=CARTESIAN_POINT('',(-0.0312,0.0072,-0.0345999994938017));
#6654=CARTESIAN_POINT('',(-0.0312,0.0057,-0.0345999994938017));
#6655=CARTESIAN_POINT('',(-0.0312,0.0057,0.000399999999974109));
#6656=CARTESIAN_POINT('',(-0.0312,0.0072,0.000399999999974109));
#6657=CARTESIAN_POINT('',(-0.0312,0.0072,0.03539999949375));
#6658=CARTESIAN_POINT('',(-0.0312,0.0057,0.03539999949375));
#6659=CARTESIAN_POINT('',(-0.0254999994938018,0.0057,0.0353999994938018));
#6660=CARTESIAN_POINT('',(-0.0254999994938018,0.0072,0.0353999994938018));
#6661=CARTESIAN_POINT('',(-0.00025,0.0072,0.000400000000000005));
#6662=CARTESIAN_POINT('',(-0.02,0.0072,-0.04080000014511));
#6663=CARTESIAN_POINT('',(-0.00662000000000122,0.0072,-0.0382066666952469));
#6664=CARTESIAN_POINT('',(-0.0092,0.0072,-0.0382066666952469));
#6665=CARTESIAN_POINT('',(-0.0092,0.0072,0.000400000000000007));
#6666=CARTESIAN_POINT('',(-0.0092,0.0072,-0.0209666666952448));
#6667=CARTESIAN_POINT('',(-0.00662000000000079,0.0072,-0.0209666666952448));
#6668=CARTESIAN_POINT('',(-0.00662,0.0072,-0.0183866666952457));
#6669=CARTESIAN_POINT('',(-0.00025,0.0072,-0.0183866666952457));
#6670=CARTESIAN_POINT('',(0.0071199999999715,0.0072,-0.0183866666952457));
#6671=CARTESIAN_POINT('',(0.00711999999999487,0.0072,-0.020966666695248));
#6672=CARTESIAN_POINT('',(0.0096999999999972,0.0072,-0.020966666695248));
#6673=CARTESIAN_POINT('',(0.0096999999999972,0.0072,0.0004));
#6674=CARTESIAN_POINT('',(0.0096999999999972,0.0072,-0.0382066666952457));
#6675=CARTESIAN_POINT('',(0.00711999999999717,0.0072,-0.0382066666952457));
#6676=CARTESIAN_POINT('',(0.0205011434286,0.0072,-0.0407931969162401));
#6677=CARTESIAN_POINT('',(0.00950000049999999,0.0072,0.0415999983534));
#6678=CARTESIAN_POINT('',(-0.0095,0.0072,0.0415999989450999));
#6679=CARTESIAN_POINT('',(0.000249999999998597,0.03011,-0.0407866666952457));
#6680=CARTESIAN_POINT('',(-0.00570499999999941,0.03011,-0.0407866666952457));
#6681=CARTESIAN_POINT('',(-0.00570499999999941,0.007645,-0.0407866666952457));
#6682=CARTESIAN_POINT('',(-0.00570499999999941,0.008355,-0.0407866666952457));
#6683=CARTESIAN_POINT('',(-0.00316999999999941,0.008355,-0.0407866666952457));
#6684=CARTESIAN_POINT('',(-0.00662,0.03011,-0.0407866666952457));
#6685=CARTESIAN_POINT('',(-0.00316999999999941,0.007645,-0.0407866666952457));
#6686=CARTESIAN_POINT('',(0.00024999999998575,0.03011,-0.0183866666952457));
#6687=CARTESIAN_POINT('',(0.0071199999999715,0.03011,-0.0183866666952457));
#6688=CARTESIAN_POINT('',(-0.00662,0.03011,-0.0183866666952457));
#6689=CARTESIAN_POINT('',(0.00711999999999487,0.03011,-0.020966666695248));
#6690=CARTESIAN_POINT('',(0.0096999999999972,0.03011,-0.020966666695248));
#6691=CARTESIAN_POINT('',(0.0096999999999972,0.03011,-0.0295866666952468));
#6692=CARTESIAN_POINT('',(0.0096999999999972,0.03011,-0.0382066666952457));
#6693=CARTESIAN_POINT('',(0.00711999999999717,0.03011,-0.0382066666952457));
#6694=CARTESIAN_POINT('',(-0.00662000000000122,0.03011,-0.0382066666952469));
#6695=CARTESIAN_POINT('',(-0.0092,0.03011,-0.0382066666952469));
#6696=CARTESIAN_POINT('',(-0.0092,0.03011,-0.0295866666952458));
#6697=CARTESIAN_POINT('',(-0.0092,0.03011,-0.0209666666952448));
#6698=CARTESIAN_POINT('',(-0.00662000000000079,0.03011,-0.0209666666952448));
#6699=CARTESIAN_POINT('',(-0.00316999999999941,0.007645,-0.045));
#6700=CARTESIAN_POINT('',(-0.00570499999999941,0.007645,-0.045));
#6701=CARTESIAN_POINT('',(-0.00570499999999941,0.008,-0.045));
#6702=CARTESIAN_POINT('',(-0.00570499999999941,0.008355,-0.045));
#6703=CARTESIAN_POINT('',(-0.00316999999999941,0.008355,-0.045));
#6704=CARTESIAN_POINT('',(0.00579000000000059,0.008,-0.045));
#6705=CARTESIAN_POINT('',(0.00579000000000059,0.007645,-0.045));
#6706=CARTESIAN_POINT('',(0.00579000000000059,0.008355,-0.045));
#6707=CARTESIAN_POINT('',(0.00325495535714345,0.007645,-0.045));
#6708=CARTESIAN_POINT('',(0.00325495535714345,0.008355,-0.045));
#6709=CARTESIAN_POINT('',(-0.0095,0.0087,0.0415999989450999));
#6710=CARTESIAN_POINT('',(0.00950000049999999,0.0087,0.0415999983534));
#6711=CARTESIAN_POINT('',(0.0205011434286,0.0087,-0.0407931969162401));
#6712=CARTESIAN_POINT('',(-0.02,0.0087,-0.04080000014511));
#6713=CARTESIAN_POINT('',(0.0205011434286,0.0097,-0.0407931969162401));
#6714=CARTESIAN_POINT('',(0.0205011434286,0.0077,-0.0407931969162401));
#6715=CARTESIAN_POINT('',(0.0230011434286,0.0077,-0.0407931969162401));
#6716=CARTESIAN_POINT('',(0.000250571714300006,0.0077,0.000399999399994959));
#6717=CARTESIAN_POINT('',(-0.02,0.0097,-0.04080000014511));
#6718=CARTESIAN_POINT('',(-0.02,0.0077,-0.04080000014511));
#6719=CARTESIAN_POINT('',(-0.0175,0.0077,-0.04080000014511));
#6720=CARTESIAN_POINT('',(0.000250571714300006,0.0077,0.000399999399994959));
#6721=CARTESIAN_POINT('',(0.00950000049999999,0.0097,0.0415999983534));
#6722=CARTESIAN_POINT('',(0.00950000049999999,0.0077,0.0415999983534));
#6723=CARTESIAN_POINT('',(0.0120000005,0.0077,0.0415999983534));
#6724=CARTESIAN_POINT('',(0.000250571714300006,0.0077,0.000399999399994959));
#6725=CARTESIAN_POINT('',(-0.0095,0.0097,0.0415999989450999));
#6726=CARTESIAN_POINT('',(-0.0095,0.0077,0.0415999989450999));
#6727=CARTESIAN_POINT('',(-0.007,0.0077,0.0415999989450999));
#6728=CARTESIAN_POINT('',(0.000250571714300006,0.0077,0.000399999399994959));
#6729=MECHANICAL_DESIGN_GEOMETRIC_PRESENTATION_REPRESENTATION('',(#3914),
#6731);
#6730=MECHANICAL_DESIGN_GEOMETRIC_PRESENTATION_REPRESENTATION('',(#3915),
#6732);
#6731=(
GEOMETRIC_REPRESENTATION_CONTEXT(3)
GLOBAL_UNCERTAINTY_ASSIGNED_CONTEXT((#6733))
GLOBAL_UNIT_ASSIGNED_CONTEXT((#6739,#6737,#6735))
REPRESENTATION_CONTEXT('Case Bottom','TOP_LEVEL_ASSEMBLY_PART')
);
#6732=(
GEOMETRIC_REPRESENTATION_CONTEXT(3)
GLOBAL_UNCERTAINTY_ASSIGNED_CONTEXT((#6734))
GLOBAL_UNIT_ASSIGNED_CONTEXT((#6740,#6738,#6736))
REPRESENTATION_CONTEXT('Case Top','TOP_LEVEL_ASSEMBLY_PART')
);
#6733=UNCERTAINTY_MEASURE_WITH_UNIT(LENGTH_MEASURE(2.10618572159676E-5),
#6739,'DISTANCE_ACCURACY_VALUE','Maximum Tolerance applied to model');
#6734=UNCERTAINTY_MEASURE_WITH_UNIT(LENGTH_MEASURE(2.1061857214684E-5),
#6740,'DISTANCE_ACCURACY_VALUE','Maximum Tolerance applied to model');
#6735=(
NAMED_UNIT(*)
SI_UNIT($,.STERADIAN.)
SOLID_ANGLE_UNIT()
);
#6736=(
NAMED_UNIT(*)
SI_UNIT($,.STERADIAN.)
SOLID_ANGLE_UNIT()
);
#6737=(
NAMED_UNIT(*)
PLANE_ANGLE_UNIT()
SI_UNIT($,.RADIAN.)
);
#6738=(
NAMED_UNIT(*)
PLANE_ANGLE_UNIT()
SI_UNIT($,.RADIAN.)
);
#6739=(
LENGTH_UNIT()
NAMED_UNIT(*)
SI_UNIT($,.METRE.)
);
#6740=(
LENGTH_UNIT()
NAMED_UNIT(*)
SI_UNIT($,.METRE.)
);
#6741=PRODUCT_DEFINITION_SHAPE('','',#6743);
#6742=PRODUCT_DEFINITION_SHAPE('','',#6744);
#6743=PRODUCT_DEFINITION('','',#6747,#6745);
#6744=PRODUCT_DEFINITION('','',#6748,#6746);
#6745=PRODUCT_DEFINITION_CONTEXT('',#6759,'design');
#6746=PRODUCT_DEFINITION_CONTEXT('',#6760,'design');
#6747=PRODUCT_DEFINITION_FORMATION_WITH_SPECIFIED_SOURCE('','',#6751,
 .NOT_KNOWN.);
#6748=PRODUCT_DEFINITION_FORMATION_WITH_SPECIFIED_SOURCE('','',#6752,
 .NOT_KNOWN.);
#6749=PRODUCT_RELATED_PRODUCT_CATEGORY('','',(#6751));
#6750=PRODUCT_RELATED_PRODUCT_CATEGORY('','',(#6752));
#6751=PRODUCT('Case Bottom','Case Bottom','Case Bottom',(#6755));
#6752=PRODUCT('Case Top','Case Top','Case Top',(#6756));
#6753=PRODUCT_CATEGORY('','');
#6754=PRODUCT_CATEGORY('','');
#6755=PRODUCT_CONTEXT('',#6759,'mechanical');
#6756=PRODUCT_CONTEXT('',#6760,'mechanical');
#6757=APPLICATION_PROTOCOL_DEFINITION('international standard',
'ap242_managed_model_based_3d_engineering',2020,#6759);
#6758=APPLICATION_PROTOCOL_DEFINITION('international standard',
'ap242_managed_model_based_3d_engineering',2020,#6760);
#6759=APPLICATION_CONTEXT('managed model based 3d engineering');
#6760=APPLICATION_CONTEXT('managed model based 3d engineering');
ENDSEC;
END-ISO-10303-21;
