ISO-10303-21;
HEADER;
/* Generated by software containing ST-Developer
 * from STEP Tools, Inc. (www.steptools.com) 
 */
/* OPTION: using custom renumber hook */

FILE_DESCRIPTION(
/* description */ ('STEP AP242 Edition 2',
'CAx-IF Rec.Pracs.---Representation and Presentation of Product Manufa
cturing Information (PMI)---4.0---2014-10-13',
'CAx-IF Rec.Pracs.---3D Tessellated Geometry---0.4---2014-09-14','2;1',
'CAx-IF Rec.Pracs.---User Defined Attributes---1.5---2016-08-15'),
/* implementation_level */ '2;1');

FILE_NAME(
/* name */ 'KnowledgeBoard',
/* time_stamp */ '2026-07-21T14:18:23Z',
/* author */ (''),
/* organization */ (''),
/* preprocessor_version */ 'ST-DEVELOPER v20',
/* originating_system */ 'ONSHAPE BY PTC INC, 1.218',
/* authorisation */ '  ');

FILE_SCHEMA (('AP242_MANAGED_MODEL_BASED_3D_ENGINEERING_MIM_LF { 1 0 10303 442 3 1 4 }'));
ENDSEC;

DATA;
#10=B_SPLINE_CURVE_WITH_KNOTS('',3,(#5084,#5085,#5086,#5087),
 .UNSPECIFIED.,.F.,.F.,(4,4),(0.,1.),.PIECEWISE_BEZIER_KNOTS.);
#11=B_SPLINE_CURVE_WITH_KNOTS('',3,(#5091,#5092,#5093,#5094),
 .UNSPECIFIED.,.F.,.F.,(4,4),(0.,1.),.PIECEWISE_BEZIER_KNOTS.);
#12=B_SPLINE_CURVE_WITH_KNOTS('',3,(#5109,#5110,#5111,#5112),
 .UNSPECIFIED.,.F.,.F.,(4,4),(0.,1.),.PIECEWISE_BEZIER_KNOTS.);
#13=B_SPLINE_CURVE_WITH_KNOTS('',3,(#5116,#5117,#5118,#5119),
 .UNSPECIFIED.,.F.,.F.,(4,4),(0.,1.),.PIECEWISE_BEZIER_KNOTS.);
#14=B_SPLINE_CURVE_WITH_KNOTS('',3,(#5134,#5135,#5136,#5137),
 .UNSPECIFIED.,.F.,.F.,(4,4),(0.,1.),.PIECEWISE_BEZIER_KNOTS.);
#15=B_SPLINE_CURVE_WITH_KNOTS('',3,(#5141,#5142,#5143,#5144),
 .UNSPECIFIED.,.F.,.F.,(4,4),(0.,1.),.PIECEWISE_BEZIER_KNOTS.);
#16=B_SPLINE_CURVE_WITH_KNOTS('',3,(#5164,#5165,#5166,#5167),
 .UNSPECIFIED.,.F.,.F.,(4,4),(0.,1.),.PIECEWISE_BEZIER_KNOTS.);
#17=B_SPLINE_CURVE_WITH_KNOTS('',3,(#5168,#5169,#5170,#5171),
 .UNSPECIFIED.,.F.,.F.,(4,4),(0.,1.),.PIECEWISE_BEZIER_KNOTS.);
#18=B_SPLINE_SURFACE_WITH_KNOTS('',3,1,((#5076,#5077),(#5078,#5079),(#5080,
#5081),(#5082,#5083)),.SURF_OF_LINEAR_EXTRUSION.,.F.,.F.,.F.,(4,4),(2,2),
(0.,1.),(0.,1.),.PIECEWISE_BEZIER_KNOTS.);
#19=B_SPLINE_SURFACE_WITH_KNOTS('',3,1,((#5101,#5102),(#5103,#5104),(#5105,
#5106),(#5107,#5108)),.SURF_OF_LINEAR_EXTRUSION.,.F.,.F.,.F.,(4,4),(2,2),
(0.,1.),(0.,1.),.PIECEWISE_BEZIER_KNOTS.);
#20=B_SPLINE_SURFACE_WITH_KNOTS('',3,1,((#5126,#5127),(#5128,#5129),(#5130,
#5131),(#5132,#5133)),.SURF_OF_LINEAR_EXTRUSION.,.F.,.F.,.F.,(4,4),(2,2),
(0.,1.),(0.,1.),.PIECEWISE_BEZIER_KNOTS.);
#21=B_SPLINE_SURFACE_WITH_KNOTS('',3,1,((#5156,#5157),(#5158,#5159),(#5160,
#5161),(#5162,#5163)),.SURF_OF_LINEAR_EXTRUSION.,.F.,.F.,.F.,(4,4),(2,2),
(0.,1.),(0.,1.),.PIECEWISE_BEZIER_KNOTS.);
#22=TOROIDAL_SURFACE('',#3335,0.0055000005062,0.003);
#23=TOROIDAL_SURFACE('',#3342,0.00550000050619819,0.003);
#24=TOROIDAL_SURFACE('',#3344,0.0055000005062,0.003);
#25=TOROIDAL_SURFACE('',#3350,0.00550000050625001,0.003);
#26=SHAPE_REPRESENTATION_RELATIONSHIP('','',#3056,#29);
#27=SHAPE_REPRESENTATION_RELATIONSHIP('','',#3057,#30);
#28=SHAPE_REPRESENTATION_RELATIONSHIP('','',#3058,#31);
#29=ADVANCED_BREP_SHAPE_REPRESENTATION('',(#3050),#5182);
#30=ADVANCED_BREP_SHAPE_REPRESENTATION('',(#3051),#5183);
#31=ADVANCED_BREP_SHAPE_REPRESENTATION('',(#3052),#5184);
#32=CYLINDRICAL_SURFACE('',#3076,0.00850000050619829);
#33=CYLINDRICAL_SURFACE('',#3079,0.00850000050619819);
#34=CYLINDRICAL_SURFACE('',#3082,0.00850000050625);
#35=CYLINDRICAL_SURFACE('',#3085,0.00850000050619998);
#36=CYLINDRICAL_SURFACE('',#3089,0.00550000101240301);
#37=CYLINDRICAL_SURFACE('',#3098,0.005500001012403);
#38=CYLINDRICAL_SURFACE('',#3101,0.00550000101240299);
#39=CYLINDRICAL_SURFACE('',#3104,0.005500001012403);
#40=CYLINDRICAL_SURFACE('',#3106,0.00399999999999326);
#41=CYLINDRICAL_SURFACE('',#3110,0.00399999999994829);
#42=CYLINDRICAL_SURFACE('',#3114,0.00400000101241003);
#43=CYLINDRICAL_SURFACE('',#3118,0.0040000010124102);
#44=CYLINDRICAL_SURFACE('',#3125,0.00125);
#45=CYLINDRICAL_SURFACE('',#3128,0.00125);
#46=CYLINDRICAL_SURFACE('',#3131,0.00125);
#47=CYLINDRICAL_SURFACE('',#3134,0.00125);
#48=CYLINDRICAL_SURFACE('',#3142,0.00325);
#49=CYLINDRICAL_SURFACE('',#3144,0.00325);
#50=CYLINDRICAL_SURFACE('',#3146,0.00325);
#51=CYLINDRICAL_SURFACE('',#3148,0.00325);
#52=CYLINDRICAL_SURFACE('',#3149,0.00145);
#53=CYLINDRICAL_SURFACE('',#3150,0.00145);
#54=CYLINDRICAL_SURFACE('',#3152,0.005500001012403);
#55=CYLINDRICAL_SURFACE('',#3156,0.00550000101240301);
#56=CYLINDRICAL_SURFACE('',#3160,0.005500001012403);
#57=CYLINDRICAL_SURFACE('',#3164,0.00550000101240298);
#58=CYLINDRICAL_SURFACE('',#3167,0.0005);
#59=CYLINDRICAL_SURFACE('',#3171,0.000499999999999991);
#60=CYLINDRICAL_SURFACE('',#3175,0.0005);
#61=CYLINDRICAL_SURFACE('',#3179,0.0005);
#62=CYLINDRICAL_SURFACE('',#3182,0.0005);
#63=CYLINDRICAL_SURFACE('',#3186,0.000499999999999994);
#64=CYLINDRICAL_SURFACE('',#3190,0.0005);
#65=CYLINDRICAL_SURFACE('',#3194,0.0005);
#66=CYLINDRICAL_SURFACE('',#3197,0.0005);
#67=CYLINDRICAL_SURFACE('',#3201,0.000499999999999994);
#68=CYLINDRICAL_SURFACE('',#3205,0.0005);
#69=CYLINDRICAL_SURFACE('',#3209,0.0005);
#70=CYLINDRICAL_SURFACE('',#3212,0.0005);
#71=CYLINDRICAL_SURFACE('',#3216,0.000499999999999991);
#72=CYLINDRICAL_SURFACE('',#3220,0.0005);
#73=CYLINDRICAL_SURFACE('',#3224,0.0005);
#74=CYLINDRICAL_SURFACE('',#3227,0.0005);
#75=CYLINDRICAL_SURFACE('',#3231,0.00049999999999999);
#76=CYLINDRICAL_SURFACE('',#3235,0.0005);
#77=CYLINDRICAL_SURFACE('',#3239,0.0005);
#78=CYLINDRICAL_SURFACE('',#3242,0.0005);
#79=CYLINDRICAL_SURFACE('',#3246,0.0005);
#80=CYLINDRICAL_SURFACE('',#3250,0.0005);
#81=CYLINDRICAL_SURFACE('',#3254,0.0005);
#82=CYLINDRICAL_SURFACE('',#3257,0.0005);
#83=CYLINDRICAL_SURFACE('',#3261,0.000499999999999994);
#84=CYLINDRICAL_SURFACE('',#3265,0.0005);
#85=CYLINDRICAL_SURFACE('',#3269,0.0005);
#86=CYLINDRICAL_SURFACE('',#3272,0.0005);
#87=CYLINDRICAL_SURFACE('',#3276,0.000499999999999994);
#88=CYLINDRICAL_SURFACE('',#3280,0.0005);
#89=CYLINDRICAL_SURFACE('',#3284,0.0005);
#90=CYLINDRICAL_SURFACE('',#3287,0.0005);
#91=CYLINDRICAL_SURFACE('',#3291,0.000499999999999994);
#92=CYLINDRICAL_SURFACE('',#3295,0.0005);
#93=CYLINDRICAL_SURFACE('',#3299,0.0005);
#94=CYLINDRICAL_SURFACE('',#3325,0.004);
#95=CYLINDRICAL_SURFACE('',#3328,0.004);
#96=CYLINDRICAL_SURFACE('',#3338,0.003);
#97=CYLINDRICAL_SURFACE('',#3340,0.003);
#98=CYLINDRICAL_SURFACE('',#3346,0.003);
#99=CYLINDRICAL_SURFACE('',#3348,0.003);
#100=CYLINDRICAL_SURFACE('',#3354,0.00145);
#101=CYLINDRICAL_SURFACE('',#3357,0.00145);
#102=LINE('',#4250,#378);
#103=LINE('',#4253,#379);
#104=LINE('',#4255,#380);
#105=LINE('',#4257,#381);
#106=LINE('',#4258,#382);
#107=LINE('',#4263,#383);
#108=LINE('',#4267,#384);
#109=LINE('',#4271,#385);
#110=LINE('',#4277,#386);
#111=LINE('',#4281,#387);
#112=LINE('',#4285,#388);
#113=LINE('',#4288,#389);
#114=LINE('',#4293,#390);
#115=LINE('',#4297,#391);
#116=LINE('',#4301,#392);
#117=LINE('',#4307,#393);
#118=LINE('',#4309,#394);
#119=LINE('',#4311,#395);
#120=LINE('',#4315,#396);
#121=LINE('',#4317,#397);
#122=LINE('',#4319,#398);
#123=LINE('',#4323,#399);
#124=LINE('',#4325,#400);
#125=LINE('',#4327,#401);
#126=LINE('',#4332,#402);
#127=LINE('',#4334,#403);
#128=LINE('',#4336,#404);
#129=LINE('',#4340,#405);
#130=LINE('',#4349,#406);
#131=LINE('',#4353,#407);
#132=LINE('',#4357,#408);
#133=LINE('',#4361,#409);
#134=LINE('',#4362,#410);
#135=LINE('',#4364,#411);
#136=LINE('',#4368,#412);
#137=LINE('',#4370,#413);
#138=LINE('',#4372,#414);
#139=LINE('',#4376,#415);
#140=LINE('',#4378,#416);
#141=LINE('',#4380,#417);
#142=LINE('',#4387,#418);
#143=LINE('',#4391,#419);
#144=LINE('',#4393,#420);
#145=LINE('',#4395,#421);
#146=LINE('',#4397,#422);
#147=LINE('',#4401,#423);
#148=LINE('',#4405,#424);
#149=LINE('',#4407,#425);
#150=LINE('',#4409,#426);
#151=LINE('',#4413,#427);
#152=LINE('',#4417,#428);
#153=LINE('',#4419,#429);
#154=LINE('',#4421,#430);
#155=LINE('',#4425,#431);
#156=LINE('',#4429,#432);
#157=LINE('',#4430,#433);
#158=LINE('',#4434,#434);
#159=LINE('',#4436,#435);
#160=LINE('',#4438,#436);
#161=LINE('',#4440,#437);
#162=LINE('',#4444,#438);
#163=LINE('',#4446,#439);
#164=LINE('',#4448,#440);
#165=LINE('',#4452,#441);
#166=LINE('',#4454,#442);
#167=LINE('',#4456,#443);
#168=LINE('',#4460,#444);
#169=LINE('',#4462,#445);
#170=LINE('',#4466,#446);
#171=LINE('',#4471,#447);
#172=LINE('',#4475,#448);
#173=LINE('',#4479,#449);
#174=LINE('',#4483,#450);
#175=LINE('',#4484,#451);
#176=LINE('',#4486,#452);
#177=LINE('',#4488,#453);
#178=LINE('',#4490,#454);
#179=LINE('',#4492,#455);
#180=LINE('',#4494,#456);
#181=LINE('',#4496,#457);
#182=LINE('',#4505,#458);
#183=LINE('',#4509,#459);
#184=LINE('',#4511,#460);
#185=LINE('',#4513,#461);
#186=LINE('',#4515,#462);
#187=LINE('',#4519,#463);
#188=LINE('',#4523,#464);
#189=LINE('',#4525,#465);
#190=LINE('',#4527,#466);
#191=LINE('',#4531,#467);
#192=LINE('',#4535,#468);
#193=LINE('',#4537,#469);
#194=LINE('',#4539,#470);
#195=LINE('',#4543,#471);
#196=LINE('',#4550,#472);
#197=LINE('',#4554,#473);
#198=LINE('',#4556,#474);
#199=LINE('',#4558,#475);
#200=LINE('',#4560,#476);
#201=LINE('',#4564,#477);
#202=LINE('',#4568,#478);
#203=LINE('',#4570,#479);
#204=LINE('',#4572,#480);
#205=LINE('',#4576,#481);
#206=LINE('',#4580,#482);
#207=LINE('',#4582,#483);
#208=LINE('',#4584,#484);
#209=LINE('',#4588,#485);
#210=LINE('',#4595,#486);
#211=LINE('',#4599,#487);
#212=LINE('',#4601,#488);
#213=LINE('',#4603,#489);
#214=LINE('',#4605,#490);
#215=LINE('',#4609,#491);
#216=LINE('',#4613,#492);
#217=LINE('',#4615,#493);
#218=LINE('',#4617,#494);
#219=LINE('',#4621,#495);
#220=LINE('',#4625,#496);
#221=LINE('',#4627,#497);
#222=LINE('',#4629,#498);
#223=LINE('',#4633,#499);
#224=LINE('',#4640,#500);
#225=LINE('',#4644,#501);
#226=LINE('',#4646,#502);
#227=LINE('',#4648,#503);
#228=LINE('',#4650,#504);
#229=LINE('',#4654,#505);
#230=LINE('',#4658,#506);
#231=LINE('',#4660,#507);
#232=LINE('',#4662,#508);
#233=LINE('',#4666,#509);
#234=LINE('',#4670,#510);
#235=LINE('',#4672,#511);
#236=LINE('',#4674,#512);
#237=LINE('',#4678,#513);
#238=LINE('',#4685,#514);
#239=LINE('',#4689,#515);
#240=LINE('',#4691,#516);
#241=LINE('',#4693,#517);
#242=LINE('',#4695,#518);
#243=LINE('',#4699,#519);
#244=LINE('',#4703,#520);
#245=LINE('',#4705,#521);
#246=LINE('',#4707,#522);
#247=LINE('',#4711,#523);
#248=LINE('',#4715,#524);
#249=LINE('',#4717,#525);
#250=LINE('',#4719,#526);
#251=LINE('',#4723,#527);
#252=LINE('',#4730,#528);
#253=LINE('',#4734,#529);
#254=LINE('',#4736,#530);
#255=LINE('',#4738,#531);
#256=LINE('',#4740,#532);
#257=LINE('',#4744,#533);
#258=LINE('',#4748,#534);
#259=LINE('',#4750,#535);
#260=LINE('',#4752,#536);
#261=LINE('',#4756,#537);
#262=LINE('',#4760,#538);
#263=LINE('',#4762,#539);
#264=LINE('',#4764,#540);
#265=LINE('',#4768,#541);
#266=LINE('',#4775,#542);
#267=LINE('',#4779,#543);
#268=LINE('',#4781,#544);
#269=LINE('',#4783,#545);
#270=LINE('',#4785,#546);
#271=LINE('',#4789,#547);
#272=LINE('',#4793,#548);
#273=LINE('',#4795,#549);
#274=LINE('',#4797,#550);
#275=LINE('',#4801,#551);
#276=LINE('',#4805,#552);
#277=LINE('',#4807,#553);
#278=LINE('',#4809,#554);
#279=LINE('',#4813,#555);
#280=LINE('',#4820,#556);
#281=LINE('',#4824,#557);
#282=LINE('',#4826,#558);
#283=LINE('',#4828,#559);
#284=LINE('',#4830,#560);
#285=LINE('',#4834,#561);
#286=LINE('',#4838,#562);
#287=LINE('',#4840,#563);
#288=LINE('',#4842,#564);
#289=LINE('',#4846,#565);
#290=LINE('',#4850,#566);
#291=LINE('',#4852,#567);
#292=LINE('',#4854,#568);
#293=LINE('',#4858,#569);
#294=LINE('',#4865,#570);
#295=LINE('',#4869,#571);
#296=LINE('',#4871,#572);
#297=LINE('',#4873,#573);
#298=LINE('',#4875,#574);
#299=LINE('',#4879,#575);
#300=LINE('',#4883,#576);
#301=LINE('',#4885,#577);
#302=LINE('',#4887,#578);
#303=LINE('',#4891,#579);
#304=LINE('',#4895,#580);
#305=LINE('',#4897,#581);
#306=LINE('',#4899,#582);
#307=LINE('',#4903,#583);
#308=LINE('',#4910,#584);
#309=LINE('',#4914,#585);
#310=LINE('',#4916,#586);
#311=LINE('',#4918,#587);
#312=LINE('',#4920,#588);
#313=LINE('',#4924,#589);
#314=LINE('',#4928,#590);
#315=LINE('',#4930,#591);
#316=LINE('',#4932,#592);
#317=LINE('',#4936,#593);
#318=LINE('',#4940,#594);
#319=LINE('',#4942,#595);
#320=LINE('',#4944,#596);
#321=LINE('',#4948,#597);
#322=LINE('',#4952,#598);
#323=LINE('',#4953,#599);
#324=LINE('',#4955,#600);
#325=LINE('',#4956,#601);
#326=LINE('',#4958,#602);
#327=LINE('',#4959,#603);
#328=LINE('',#4961,#604);
#329=LINE('',#4962,#605);
#330=LINE('',#4964,#606);
#331=LINE('',#4965,#607);
#332=LINE('',#4967,#608);
#333=LINE('',#4968,#609);
#334=LINE('',#4970,#610);
#335=LINE('',#4971,#611);
#336=LINE('',#4973,#612);
#337=LINE('',#4974,#613);
#338=LINE('',#4976,#614);
#339=LINE('',#4977,#615);
#340=LINE('',#4979,#616);
#341=LINE('',#4980,#617);
#342=LINE('',#4989,#618);
#343=LINE('',#4994,#619);
#344=LINE('',#4998,#620);
#345=LINE('',#5002,#621);
#346=LINE('',#5005,#622);
#347=LINE('',#5008,#623);
#348=LINE('',#5010,#624);
#349=LINE('',#5012,#625);
#350=LINE('',#5013,#626);
#351=LINE('',#5016,#627);
#352=LINE('',#5018,#628);
#353=LINE('',#5020,#629);
#354=LINE('',#5022,#630);
#355=LINE('',#5024,#631);
#356=LINE('',#5026,#632);
#357=LINE('',#5028,#633);
#358=LINE('',#5030,#634);
#359=LINE('',#5032,#635);
#360=LINE('',#5034,#636);
#361=LINE('',#5039,#637);
#362=LINE('',#5044,#638);
#363=LINE('',#5049,#639);
#364=LINE('',#5053,#640);
#365=LINE('',#5057,#641);
#366=LINE('',#5089,#642);
#367=LINE('',#5096,#643);
#368=LINE('',#5098,#644);
#369=LINE('',#5100,#645);
#370=LINE('',#5114,#646);
#371=LINE('',#5121,#647);
#372=LINE('',#5123,#648);
#373=LINE('',#5125,#649);
#374=LINE('',#5139,#650);
#375=LINE('',#5146,#651);
#376=LINE('',#5148,#652);
#377=LINE('',#5150,#653);
#378=VECTOR('',#3370,1.);
#379=VECTOR('',#3371,1.);
#380=VECTOR('',#3372,1.);
#381=VECTOR('',#3373,1.);
#382=VECTOR('',#3374,1.);
#383=VECTOR('',#3377,1.);
#384=VECTOR('',#3380,1.);
#385=VECTOR('',#3383,1.);
#386=VECTOR('',#3390,1.);
#387=VECTOR('',#3393,1.);
#388=VECTOR('',#3396,1.);
#389=VECTOR('',#3399,1.);
#390=VECTOR('',#3402,1.);
#391=VECTOR('',#3405,1.);
#392=VECTOR('',#3408,1.);
#393=VECTOR('',#3415,1.);
#394=VECTOR('',#3418,1.);
#395=VECTOR('',#3419,1.);
#396=VECTOR('',#3424,1.);
#397=VECTOR('',#3427,1.);
#398=VECTOR('',#3428,1.);
#399=VECTOR('',#3433,1.);
#400=VECTOR('',#3436,1.);
#401=VECTOR('',#3437,1.);
#402=VECTOR('',#3446,1.);
#403=VECTOR('',#3447,1.);
#404=VECTOR('',#3448,1.);
#405=VECTOR('',#3453,1.);
#406=VECTOR('',#3462,1.);
#407=VECTOR('',#3465,1.);
#408=VECTOR('',#3468,1.);
#409=VECTOR('',#3471,1.);
#410=VECTOR('',#3472,1.);
#411=VECTOR('',#3473,1.);
#412=VECTOR('',#3478,1.);
#413=VECTOR('',#3481,1.);
#414=VECTOR('',#3482,1.);
#415=VECTOR('',#3487,1.);
#416=VECTOR('',#3490,1.);
#417=VECTOR('',#3491,1.);
#418=VECTOR('',#3500,1.);
#419=VECTOR('',#3503,1.);
#420=VECTOR('',#3506,1.);
#421=VECTOR('',#3507,1.);
#422=VECTOR('',#3508,1.);
#423=VECTOR('',#3513,1.);
#424=VECTOR('',#3518,1.);
#425=VECTOR('',#3519,1.);
#426=VECTOR('',#3520,1.);
#427=VECTOR('',#3525,1.);
#428=VECTOR('',#3530,1.);
#429=VECTOR('',#3531,1.);
#430=VECTOR('',#3532,1.);
#431=VECTOR('',#3537,1.);
#432=VECTOR('',#3542,1.);
#433=VECTOR('',#3543,1.);
#434=VECTOR('',#3550,1.);
#435=VECTOR('',#3551,1.);
#436=VECTOR('',#3552,1.);
#437=VECTOR('',#3555,1.);
#438=VECTOR('',#3560,1.);
#439=VECTOR('',#3561,1.);
#440=VECTOR('',#3564,1.);
#441=VECTOR('',#3569,1.);
#442=VECTOR('',#3570,1.);
#443=VECTOR('',#3573,1.);
#444=VECTOR('',#3578,1.);
#445=VECTOR('',#3579,1.);
#446=VECTOR('',#3586,1.);
#447=VECTOR('',#3589,1.);
#448=VECTOR('',#3592,1.);
#449=VECTOR('',#3595,1.);
#450=VECTOR('',#3600,1.);
#451=VECTOR('',#3601,1.);
#452=VECTOR('',#3604,1.);
#453=VECTOR('',#3607,1.);
#454=VECTOR('',#3610,1.);
#455=VECTOR('',#3613,1.);
#456=VECTOR('',#3616,1.);
#457=VECTOR('',#3619,1.);
#458=VECTOR('',#3632,1.);
#459=VECTOR('',#3635,1.);
#460=VECTOR('',#3638,1.);
#461=VECTOR('',#3639,1.);
#462=VECTOR('',#3640,1.);
#463=VECTOR('',#3645,1.);
#464=VECTOR('',#3650,1.);
#465=VECTOR('',#3651,1.);
#466=VECTOR('',#3652,1.);
#467=VECTOR('',#3657,1.);
#468=VECTOR('',#3662,1.);
#469=VECTOR('',#3663,1.);
#470=VECTOR('',#3664,1.);
#471=VECTOR('',#3669,1.);
#472=VECTOR('',#3676,1.);
#473=VECTOR('',#3679,1.);
#474=VECTOR('',#3682,1.);
#475=VECTOR('',#3683,1.);
#476=VECTOR('',#3684,1.);
#477=VECTOR('',#3689,1.);
#478=VECTOR('',#3694,1.);
#479=VECTOR('',#3695,1.);
#480=VECTOR('',#3696,1.);
#481=VECTOR('',#3701,1.);
#482=VECTOR('',#3706,1.);
#483=VECTOR('',#3707,1.);
#484=VECTOR('',#3708,1.);
#485=VECTOR('',#3713,1.);
#486=VECTOR('',#3720,1.);
#487=VECTOR('',#3723,1.);
#488=VECTOR('',#3726,1.);
#489=VECTOR('',#3727,1.);
#490=VECTOR('',#3728,1.);
#491=VECTOR('',#3733,1.);
#492=VECTOR('',#3738,1.);
#493=VECTOR('',#3739,1.);
#494=VECTOR('',#3740,1.);
#495=VECTOR('',#3745,1.);
#496=VECTOR('',#3750,1.);
#497=VECTOR('',#3751,1.);
#498=VECTOR('',#3752,1.);
#499=VECTOR('',#3757,1.);
#500=VECTOR('',#3764,1.);
#501=VECTOR('',#3767,1.);
#502=VECTOR('',#3770,1.);
#503=VECTOR('',#3771,1.);
#504=VECTOR('',#3772,1.);
#505=VECTOR('',#3777,1.);
#506=VECTOR('',#3782,1.);
#507=VECTOR('',#3783,1.);
#508=VECTOR('',#3784,1.);
#509=VECTOR('',#3789,1.);
#510=VECTOR('',#3794,1.);
#511=VECTOR('',#3795,1.);
#512=VECTOR('',#3796,1.);
#513=VECTOR('',#3801,1.);
#514=VECTOR('',#3808,1.);
#515=VECTOR('',#3811,1.);
#516=VECTOR('',#3814,1.);
#517=VECTOR('',#3815,1.);
#518=VECTOR('',#3816,1.);
#519=VECTOR('',#3821,1.);
#520=VECTOR('',#3826,1.);
#521=VECTOR('',#3827,1.);
#522=VECTOR('',#3828,1.);
#523=VECTOR('',#3833,1.);
#524=VECTOR('',#3838,1.);
#525=VECTOR('',#3839,1.);
#526=VECTOR('',#3840,1.);
#527=VECTOR('',#3845,1.);
#528=VECTOR('',#3852,1.);
#529=VECTOR('',#3855,1.);
#530=VECTOR('',#3858,1.);
#531=VECTOR('',#3859,1.);
#532=VECTOR('',#3860,1.);
#533=VECTOR('',#3865,1.);
#534=VECTOR('',#3870,1.);
#535=VECTOR('',#3871,1.);
#536=VECTOR('',#3872,1.);
#537=VECTOR('',#3877,1.);
#538=VECTOR('',#3882,1.);
#539=VECTOR('',#3883,1.);
#540=VECTOR('',#3884,1.);
#541=VECTOR('',#3889,1.);
#542=VECTOR('',#3896,1.);
#543=VECTOR('',#3899,1.);
#544=VECTOR('',#3902,1.);
#545=VECTOR('',#3903,1.);
#546=VECTOR('',#3904,1.);
#547=VECTOR('',#3909,1.);
#548=VECTOR('',#3914,1.);
#549=VECTOR('',#3915,1.);
#550=VECTOR('',#3916,1.);
#551=VECTOR('',#3921,1.);
#552=VECTOR('',#3926,1.);
#553=VECTOR('',#3927,1.);
#554=VECTOR('',#3928,1.);
#555=VECTOR('',#3933,1.);
#556=VECTOR('',#3940,1.);
#557=VECTOR('',#3943,1.);
#558=VECTOR('',#3946,1.);
#559=VECTOR('',#3947,1.);
#560=VECTOR('',#3948,1.);
#561=VECTOR('',#3953,1.);
#562=VECTOR('',#3958,1.);
#563=VECTOR('',#3959,1.);
#564=VECTOR('',#3960,1.);
#565=VECTOR('',#3965,1.);
#566=VECTOR('',#3970,1.);
#567=VECTOR('',#3971,1.);
#568=VECTOR('',#3972,1.);
#569=VECTOR('',#3977,1.);
#570=VECTOR('',#3984,1.);
#571=VECTOR('',#3987,1.);
#572=VECTOR('',#3990,1.);
#573=VECTOR('',#3991,1.);
#574=VECTOR('',#3992,1.);
#575=VECTOR('',#3997,1.);
#576=VECTOR('',#4002,1.);
#577=VECTOR('',#4003,1.);
#578=VECTOR('',#4004,1.);
#579=VECTOR('',#4009,1.);
#580=VECTOR('',#4014,1.);
#581=VECTOR('',#4015,1.);
#582=VECTOR('',#4016,1.);
#583=VECTOR('',#4021,1.);
#584=VECTOR('',#4028,1.);
#585=VECTOR('',#4031,1.);
#586=VECTOR('',#4034,1.);
#587=VECTOR('',#4035,1.);
#588=VECTOR('',#4036,1.);
#589=VECTOR('',#4041,1.);
#590=VECTOR('',#4046,1.);
#591=VECTOR('',#4047,1.);
#592=VECTOR('',#4048,1.);
#593=VECTOR('',#4053,1.);
#594=VECTOR('',#4058,1.);
#595=VECTOR('',#4059,1.);
#596=VECTOR('',#4060,1.);
#597=VECTOR('',#4065,1.);
#598=VECTOR('',#4070,1.);
#599=VECTOR('',#4071,1.);
#600=VECTOR('',#4074,1.);
#601=VECTOR('',#4075,1.);
#602=VECTOR('',#4078,1.);
#603=VECTOR('',#4079,1.);
#604=VECTOR('',#4082,1.);
#605=VECTOR('',#4083,1.);
#606=VECTOR('',#4086,1.);
#607=VECTOR('',#4087,1.);
#608=VECTOR('',#4090,1.);
#609=VECTOR('',#4091,1.);
#610=VECTOR('',#4094,1.);
#611=VECTOR('',#4095,1.);
#612=VECTOR('',#4098,1.);
#613=VECTOR('',#4099,1.);
#614=VECTOR('',#4102,1.);
#615=VECTOR('',#4103,1.);
#616=VECTOR('',#4106,1.);
#617=VECTOR('',#4107,1.);
#618=VECTOR('',#4120,1.);
#619=VECTOR('',#4123,1.);
#620=VECTOR('',#4126,1.);
#621=VECTOR('',#4129,1.);
#622=VECTOR('',#4132,1.);
#623=VECTOR('',#4133,1.);
#624=VECTOR('',#4134,1.);
#625=VECTOR('',#4135,1.);
#626=VECTOR('',#4136,1.);
#627=VECTOR('',#4137,1.);
#628=VECTOR('',#4138,1.);
#629=VECTOR('',#4139,1.);
#630=VECTOR('',#4142,1.);
#631=VECTOR('',#4143,1.);
#632=VECTOR('',#4144,1.);
#633=VECTOR('',#4147,1.);
#634=VECTOR('',#4148,1.);
#635=VECTOR('',#4151,1.);
#636=VECTOR('',#4152,1.);
#637=VECTOR('',#4159,1.);
#638=VECTOR('',#4166,1.);
#639=VECTOR('',#4169,1.);
#640=VECTOR('',#4172,1.);
#641=VECTOR('',#4175,1.);
#642=VECTOR('',#4210,1.);
#643=VECTOR('',#4213,1.);
#644=VECTOR('',#4214,1.);
#645=VECTOR('',#4215,1.);
#646=VECTOR('',#4216,1.);
#647=VECTOR('',#4219,1.);
#648=VECTOR('',#4220,1.);
#649=VECTOR('',#4221,1.);
#650=VECTOR('',#4222,1.);
#651=VECTOR('',#4225,1.);
#652=VECTOR('',#4226,1.);
#653=VECTOR('',#4227,1.);
#654=ORIENTED_EDGE('',*,*,#1518,.T.);
#655=ORIENTED_EDGE('',*,*,#1519,.T.);
#656=ORIENTED_EDGE('',*,*,#1520,.F.);
#657=ORIENTED_EDGE('',*,*,#1521,.F.);
#658=ORIENTED_EDGE('',*,*,#1522,.T.);
#659=ORIENTED_EDGE('',*,*,#1523,.T.);
#660=ORIENTED_EDGE('',*,*,#1524,.F.);
#661=ORIENTED_EDGE('',*,*,#1525,.F.);
#662=ORIENTED_EDGE('',*,*,#1526,.F.);
#663=ORIENTED_EDGE('',*,*,#1527,.F.);
#664=ORIENTED_EDGE('',*,*,#1528,.T.);
#665=ORIENTED_EDGE('',*,*,#1529,.F.);
#666=ORIENTED_EDGE('',*,*,#1530,.T.);
#667=ORIENTED_EDGE('',*,*,#1531,.T.);
#668=ORIENTED_EDGE('',*,*,#1522,.F.);
#669=ORIENTED_EDGE('',*,*,#1532,.T.);
#670=ORIENTED_EDGE('',*,*,#1533,.F.);
#671=ORIENTED_EDGE('',*,*,#1534,.T.);
#672=ORIENTED_EDGE('',*,*,#1535,.F.);
#673=ORIENTED_EDGE('',*,*,#1536,.T.);
#674=ORIENTED_EDGE('',*,*,#1537,.F.);
#675=ORIENTED_EDGE('',*,*,#1538,.T.);
#676=ORIENTED_EDGE('',*,*,#1539,.T.);
#677=ORIENTED_EDGE('',*,*,#1540,.F.);
#678=ORIENTED_EDGE('',*,*,#1541,.T.);
#679=ORIENTED_EDGE('',*,*,#1542,.F.);
#680=ORIENTED_EDGE('',*,*,#1543,.T.);
#681=ORIENTED_EDGE('',*,*,#1544,.F.);
#682=ORIENTED_EDGE('',*,*,#1545,.T.);
#683=ORIENTED_EDGE('',*,*,#1546,.F.);
#684=ORIENTED_EDGE('',*,*,#1547,.T.);
#685=ORIENTED_EDGE('',*,*,#1548,.F.);
#686=ORIENTED_EDGE('',*,*,#1532,.F.);
#687=ORIENTED_EDGE('',*,*,#1521,.T.);
#688=ORIENTED_EDGE('',*,*,#1549,.F.);
#689=ORIENTED_EDGE('',*,*,#1550,.F.);
#690=ORIENTED_EDGE('',*,*,#1533,.T.);
#691=ORIENTED_EDGE('',*,*,#1548,.T.);
#692=ORIENTED_EDGE('',*,*,#1551,.T.);
#693=ORIENTED_EDGE('',*,*,#1552,.F.);
#694=ORIENTED_EDGE('',*,*,#1534,.F.);
#695=ORIENTED_EDGE('',*,*,#1550,.T.);
#696=ORIENTED_EDGE('',*,*,#1553,.F.);
#697=ORIENTED_EDGE('',*,*,#1554,.F.);
#698=ORIENTED_EDGE('',*,*,#1535,.T.);
#699=ORIENTED_EDGE('',*,*,#1552,.T.);
#700=ORIENTED_EDGE('',*,*,#1555,.T.);
#701=ORIENTED_EDGE('',*,*,#1556,.F.);
#702=ORIENTED_EDGE('',*,*,#1536,.F.);
#703=ORIENTED_EDGE('',*,*,#1554,.T.);
#704=ORIENTED_EDGE('',*,*,#1557,.F.);
#705=ORIENTED_EDGE('',*,*,#1558,.F.);
#706=ORIENTED_EDGE('',*,*,#1537,.T.);
#707=ORIENTED_EDGE('',*,*,#1556,.T.);
#708=ORIENTED_EDGE('',*,*,#1559,.T.);
#709=ORIENTED_EDGE('',*,*,#1523,.F.);
#710=ORIENTED_EDGE('',*,*,#1538,.F.);
#711=ORIENTED_EDGE('',*,*,#1558,.T.);
#712=ORIENTED_EDGE('',*,*,#1520,.T.);
#713=ORIENTED_EDGE('',*,*,#1559,.F.);
#714=ORIENTED_EDGE('',*,*,#1557,.T.);
#715=ORIENTED_EDGE('',*,*,#1555,.F.);
#716=ORIENTED_EDGE('',*,*,#1553,.T.);
#717=ORIENTED_EDGE('',*,*,#1551,.F.);
#718=ORIENTED_EDGE('',*,*,#1549,.T.);
#719=ORIENTED_EDGE('',*,*,#1547,.F.);
#720=ORIENTED_EDGE('',*,*,#1560,.T.);
#721=ORIENTED_EDGE('',*,*,#1561,.T.);
#722=ORIENTED_EDGE('',*,*,#1562,.F.);
#723=ORIENTED_EDGE('',*,*,#1539,.F.);
#724=ORIENTED_EDGE('',*,*,#1563,.F.);
#725=ORIENTED_EDGE('',*,*,#1560,.F.);
#726=ORIENTED_EDGE('',*,*,#1546,.T.);
#727=ORIENTED_EDGE('',*,*,#1564,.T.);
#728=ORIENTED_EDGE('',*,*,#1565,.T.);
#729=ORIENTED_EDGE('',*,*,#1566,.T.);
#730=ORIENTED_EDGE('',*,*,#1567,.T.);
#731=ORIENTED_EDGE('',*,*,#1568,.T.);
#732=ORIENTED_EDGE('',*,*,#1569,.T.);
#733=ORIENTED_EDGE('',*,*,#1570,.T.);
#734=ORIENTED_EDGE('',*,*,#1571,.T.);
#735=ORIENTED_EDGE('',*,*,#1572,.F.);
#736=ORIENTED_EDGE('',*,*,#1573,.T.);
#737=ORIENTED_EDGE('',*,*,#1574,.F.);
#738=ORIENTED_EDGE('',*,*,#1575,.T.);
#739=ORIENTED_EDGE('',*,*,#1576,.T.);
#740=ORIENTED_EDGE('',*,*,#1564,.F.);
#741=ORIENTED_EDGE('',*,*,#1545,.F.);
#742=ORIENTED_EDGE('',*,*,#1577,.F.);
#743=ORIENTED_EDGE('',*,*,#1575,.F.);
#744=ORIENTED_EDGE('',*,*,#1544,.T.);
#745=ORIENTED_EDGE('',*,*,#1578,.T.);
#746=ORIENTED_EDGE('',*,*,#1579,.T.);
#747=ORIENTED_EDGE('',*,*,#1580,.T.);
#748=ORIENTED_EDGE('',*,*,#1578,.F.);
#749=ORIENTED_EDGE('',*,*,#1543,.F.);
#750=ORIENTED_EDGE('',*,*,#1581,.F.);
#751=ORIENTED_EDGE('',*,*,#1579,.F.);
#752=ORIENTED_EDGE('',*,*,#1542,.T.);
#753=ORIENTED_EDGE('',*,*,#1582,.T.);
#754=ORIENTED_EDGE('',*,*,#1583,.T.);
#755=ORIENTED_EDGE('',*,*,#1584,.T.);
#756=ORIENTED_EDGE('',*,*,#1582,.F.);
#757=ORIENTED_EDGE('',*,*,#1541,.F.);
#758=ORIENTED_EDGE('',*,*,#1585,.F.);
#759=ORIENTED_EDGE('',*,*,#1583,.F.);
#760=ORIENTED_EDGE('',*,*,#1540,.T.);
#761=ORIENTED_EDGE('',*,*,#1562,.T.);
#762=ORIENTED_EDGE('',*,*,#1586,.F.);
#763=ORIENTED_EDGE('',*,*,#1587,.F.);
#764=ORIENTED_EDGE('',*,*,#1588,.T.);
#765=ORIENTED_EDGE('',*,*,#1589,.T.);
#766=ORIENTED_EDGE('',*,*,#1590,.T.);
#767=ORIENTED_EDGE('',*,*,#1591,.F.);
#768=ORIENTED_EDGE('',*,*,#1592,.F.);
#769=ORIENTED_EDGE('',*,*,#1587,.T.);
#770=ORIENTED_EDGE('',*,*,#1593,.F.);
#771=ORIENTED_EDGE('',*,*,#1594,.F.);
#772=ORIENTED_EDGE('',*,*,#1595,.T.);
#773=ORIENTED_EDGE('',*,*,#1591,.T.);
#774=ORIENTED_EDGE('',*,*,#1596,.T.);
#775=ORIENTED_EDGE('',*,*,#1597,.F.);
#776=ORIENTED_EDGE('',*,*,#1598,.F.);
#777=ORIENTED_EDGE('',*,*,#1594,.T.);
#778=ORIENTED_EDGE('',*,*,#1599,.F.);
#779=ORIENTED_EDGE('',*,*,#1600,.F.);
#780=ORIENTED_EDGE('',*,*,#1601,.T.);
#781=ORIENTED_EDGE('',*,*,#1597,.T.);
#782=ORIENTED_EDGE('',*,*,#1602,.T.);
#783=ORIENTED_EDGE('',*,*,#1603,.F.);
#784=ORIENTED_EDGE('',*,*,#1604,.F.);
#785=ORIENTED_EDGE('',*,*,#1600,.T.);
#786=ORIENTED_EDGE('',*,*,#1605,.F.);
#787=ORIENTED_EDGE('',*,*,#1606,.F.);
#788=ORIENTED_EDGE('',*,*,#1607,.T.);
#789=ORIENTED_EDGE('',*,*,#1603,.T.);
#790=ORIENTED_EDGE('',*,*,#1608,.T.);
#791=ORIENTED_EDGE('',*,*,#1589,.F.);
#792=ORIENTED_EDGE('',*,*,#1609,.F.);
#793=ORIENTED_EDGE('',*,*,#1606,.T.);
#794=ORIENTED_EDGE('',*,*,#1576,.F.);
#795=ORIENTED_EDGE('',*,*,#1577,.T.);
#796=ORIENTED_EDGE('',*,*,#1580,.F.);
#797=ORIENTED_EDGE('',*,*,#1581,.T.);
#798=ORIENTED_EDGE('',*,*,#1584,.F.);
#799=ORIENTED_EDGE('',*,*,#1585,.T.);
#800=ORIENTED_EDGE('',*,*,#1561,.F.);
#801=ORIENTED_EDGE('',*,*,#1563,.T.);
#802=ORIENTED_EDGE('',*,*,#1588,.F.);
#803=ORIENTED_EDGE('',*,*,#1592,.T.);
#804=ORIENTED_EDGE('',*,*,#1595,.F.);
#805=ORIENTED_EDGE('',*,*,#1598,.T.);
#806=ORIENTED_EDGE('',*,*,#1601,.F.);
#807=ORIENTED_EDGE('',*,*,#1604,.T.);
#808=ORIENTED_EDGE('',*,*,#1607,.F.);
#809=ORIENTED_EDGE('',*,*,#1609,.T.);
#810=ORIENTED_EDGE('',*,*,#1586,.T.);
#811=ORIENTED_EDGE('',*,*,#1608,.F.);
#812=ORIENTED_EDGE('',*,*,#1605,.T.);
#813=ORIENTED_EDGE('',*,*,#1602,.F.);
#814=ORIENTED_EDGE('',*,*,#1599,.T.);
#815=ORIENTED_EDGE('',*,*,#1596,.F.);
#816=ORIENTED_EDGE('',*,*,#1593,.T.);
#817=ORIENTED_EDGE('',*,*,#1590,.F.);
#818=ORIENTED_EDGE('',*,*,#1610,.F.);
#819=ORIENTED_EDGE('',*,*,#1611,.T.);
#820=ORIENTED_EDGE('',*,*,#1612,.T.);
#821=ORIENTED_EDGE('',*,*,#1568,.F.);
#822=ORIENTED_EDGE('',*,*,#1613,.F.);
#823=ORIENTED_EDGE('',*,*,#1614,.T.);
#824=ORIENTED_EDGE('',*,*,#1610,.T.);
#825=ORIENTED_EDGE('',*,*,#1567,.F.);
#826=ORIENTED_EDGE('',*,*,#1615,.F.);
#827=ORIENTED_EDGE('',*,*,#1613,.T.);
#828=ORIENTED_EDGE('',*,*,#1574,.T.);
#829=ORIENTED_EDGE('',*,*,#1616,.F.);
#830=ORIENTED_EDGE('',*,*,#1617,.F.);
#831=ORIENTED_EDGE('',*,*,#1618,.T.);
#832=ORIENTED_EDGE('',*,*,#1616,.T.);
#833=ORIENTED_EDGE('',*,*,#1573,.F.);
#834=ORIENTED_EDGE('',*,*,#1619,.F.);
#835=ORIENTED_EDGE('',*,*,#1617,.T.);
#836=ORIENTED_EDGE('',*,*,#1572,.T.);
#837=ORIENTED_EDGE('',*,*,#1620,.F.);
#838=ORIENTED_EDGE('',*,*,#1621,.F.);
#839=ORIENTED_EDGE('',*,*,#1622,.T.);
#840=ORIENTED_EDGE('',*,*,#1620,.T.);
#841=ORIENTED_EDGE('',*,*,#1571,.F.);
#842=ORIENTED_EDGE('',*,*,#1623,.F.);
#843=ORIENTED_EDGE('',*,*,#1624,.T.);
#844=ORIENTED_EDGE('',*,*,#1621,.T.);
#845=ORIENTED_EDGE('',*,*,#1570,.F.);
#846=ORIENTED_EDGE('',*,*,#1612,.F.);
#847=ORIENTED_EDGE('',*,*,#1625,.T.);
#848=ORIENTED_EDGE('',*,*,#1623,.T.);
#849=ORIENTED_EDGE('',*,*,#1569,.F.);
#850=ORIENTED_EDGE('',*,*,#1626,.F.);
#851=ORIENTED_EDGE('',*,*,#1627,.T.);
#852=ORIENTED_EDGE('',*,*,#1628,.T.);
#853=ORIENTED_EDGE('',*,*,#1629,.F.);
#854=ORIENTED_EDGE('',*,*,#1630,.T.);
#855=ORIENTED_EDGE('',*,*,#1631,.F.);
#856=ORIENTED_EDGE('',*,*,#1632,.F.);
#857=ORIENTED_EDGE('',*,*,#1633,.F.);
#858=ORIENTED_EDGE('',*,*,#1614,.F.);
#859=ORIENTED_EDGE('',*,*,#1615,.T.);
#860=ORIENTED_EDGE('',*,*,#1618,.F.);
#861=ORIENTED_EDGE('',*,*,#1619,.T.);
#862=ORIENTED_EDGE('',*,*,#1622,.F.);
#863=ORIENTED_EDGE('',*,*,#1624,.F.);
#864=ORIENTED_EDGE('',*,*,#1625,.F.);
#865=ORIENTED_EDGE('',*,*,#1611,.F.);
#866=ORIENTED_EDGE('',*,*,#1524,.T.);
#867=ORIENTED_EDGE('',*,*,#1634,.T.);
#868=ORIENTED_EDGE('',*,*,#1626,.T.);
#869=ORIENTED_EDGE('',*,*,#1635,.F.);
#870=ORIENTED_EDGE('',*,*,#1525,.T.);
#871=ORIENTED_EDGE('',*,*,#1635,.T.);
#872=ORIENTED_EDGE('',*,*,#1633,.T.);
#873=ORIENTED_EDGE('',*,*,#1636,.F.);
#874=ORIENTED_EDGE('',*,*,#1526,.T.);
#875=ORIENTED_EDGE('',*,*,#1636,.T.);
#876=ORIENTED_EDGE('',*,*,#1632,.T.);
#877=ORIENTED_EDGE('',*,*,#1637,.F.);
#878=ORIENTED_EDGE('',*,*,#1527,.T.);
#879=ORIENTED_EDGE('',*,*,#1637,.T.);
#880=ORIENTED_EDGE('',*,*,#1631,.T.);
#881=ORIENTED_EDGE('',*,*,#1638,.F.);
#882=ORIENTED_EDGE('',*,*,#1638,.T.);
#883=ORIENTED_EDGE('',*,*,#1630,.F.);
#884=ORIENTED_EDGE('',*,*,#1639,.F.);
#885=ORIENTED_EDGE('',*,*,#1528,.F.);
#886=ORIENTED_EDGE('',*,*,#1529,.T.);
#887=ORIENTED_EDGE('',*,*,#1639,.T.);
#888=ORIENTED_EDGE('',*,*,#1629,.T.);
#889=ORIENTED_EDGE('',*,*,#1640,.F.);
#890=ORIENTED_EDGE('',*,*,#1640,.T.);
#891=ORIENTED_EDGE('',*,*,#1628,.F.);
#892=ORIENTED_EDGE('',*,*,#1641,.F.);
#893=ORIENTED_EDGE('',*,*,#1530,.F.);
#894=ORIENTED_EDGE('',*,*,#1641,.T.);
#895=ORIENTED_EDGE('',*,*,#1627,.F.);
#896=ORIENTED_EDGE('',*,*,#1634,.F.);
#897=ORIENTED_EDGE('',*,*,#1531,.F.);
#898=ORIENTED_EDGE('',*,*,#1519,.F.);
#899=ORIENTED_EDGE('',*,*,#1566,.F.);
#900=ORIENTED_EDGE('',*,*,#1518,.F.);
#901=ORIENTED_EDGE('',*,*,#1565,.F.);
#902=ORIENTED_EDGE('',*,*,#1642,.T.);
#903=ORIENTED_EDGE('',*,*,#1643,.F.);
#904=ORIENTED_EDGE('',*,*,#1644,.F.);
#905=ORIENTED_EDGE('',*,*,#1645,.T.);
#906=ORIENTED_EDGE('',*,*,#1646,.T.);
#907=ORIENTED_EDGE('',*,*,#1647,.F.);
#908=ORIENTED_EDGE('',*,*,#1648,.F.);
#909=ORIENTED_EDGE('',*,*,#1643,.T.);
#910=ORIENTED_EDGE('',*,*,#1649,.T.);
#911=ORIENTED_EDGE('',*,*,#1650,.F.);
#912=ORIENTED_EDGE('',*,*,#1651,.F.);
#913=ORIENTED_EDGE('',*,*,#1647,.T.);
#914=ORIENTED_EDGE('',*,*,#1652,.F.);
#915=ORIENTED_EDGE('',*,*,#1653,.F.);
#916=ORIENTED_EDGE('',*,*,#1654,.T.);
#917=ORIENTED_EDGE('',*,*,#1650,.T.);
#918=ORIENTED_EDGE('',*,*,#1655,.T.);
#919=ORIENTED_EDGE('',*,*,#1656,.F.);
#920=ORIENTED_EDGE('',*,*,#1657,.F.);
#921=ORIENTED_EDGE('',*,*,#1653,.T.);
#922=ORIENTED_EDGE('',*,*,#1658,.F.);
#923=ORIENTED_EDGE('',*,*,#1659,.F.);
#924=ORIENTED_EDGE('',*,*,#1660,.T.);
#925=ORIENTED_EDGE('',*,*,#1656,.T.);
#926=ORIENTED_EDGE('',*,*,#1661,.T.);
#927=ORIENTED_EDGE('',*,*,#1662,.F.);
#928=ORIENTED_EDGE('',*,*,#1663,.F.);
#929=ORIENTED_EDGE('',*,*,#1659,.T.);
#930=ORIENTED_EDGE('',*,*,#1664,.F.);
#931=ORIENTED_EDGE('',*,*,#1665,.F.);
#932=ORIENTED_EDGE('',*,*,#1666,.T.);
#933=ORIENTED_EDGE('',*,*,#1667,.T.);
#934=ORIENTED_EDGE('',*,*,#1668,.F.);
#935=ORIENTED_EDGE('',*,*,#1669,.F.);
#936=ORIENTED_EDGE('',*,*,#1670,.T.);
#937=ORIENTED_EDGE('',*,*,#1665,.T.);
#938=ORIENTED_EDGE('',*,*,#1671,.F.);
#939=ORIENTED_EDGE('',*,*,#1672,.F.);
#940=ORIENTED_EDGE('',*,*,#1673,.T.);
#941=ORIENTED_EDGE('',*,*,#1669,.T.);
#942=ORIENTED_EDGE('',*,*,#1674,.T.);
#943=ORIENTED_EDGE('',*,*,#1675,.F.);
#944=ORIENTED_EDGE('',*,*,#1676,.F.);
#945=ORIENTED_EDGE('',*,*,#1672,.T.);
#946=ORIENTED_EDGE('',*,*,#1677,.F.);
#947=ORIENTED_EDGE('',*,*,#1678,.F.);
#948=ORIENTED_EDGE('',*,*,#1679,.T.);
#949=ORIENTED_EDGE('',*,*,#1675,.T.);
#950=ORIENTED_EDGE('',*,*,#1680,.T.);
#951=ORIENTED_EDGE('',*,*,#1681,.F.);
#952=ORIENTED_EDGE('',*,*,#1682,.F.);
#953=ORIENTED_EDGE('',*,*,#1678,.T.);
#954=ORIENTED_EDGE('',*,*,#1683,.F.);
#955=ORIENTED_EDGE('',*,*,#1684,.F.);
#956=ORIENTED_EDGE('',*,*,#1685,.T.);
#957=ORIENTED_EDGE('',*,*,#1681,.T.);
#958=ORIENTED_EDGE('',*,*,#1686,.F.);
#959=ORIENTED_EDGE('',*,*,#1687,.F.);
#960=ORIENTED_EDGE('',*,*,#1688,.T.);
#961=ORIENTED_EDGE('',*,*,#1689,.T.);
#962=ORIENTED_EDGE('',*,*,#1690,.F.);
#963=ORIENTED_EDGE('',*,*,#1691,.F.);
#964=ORIENTED_EDGE('',*,*,#1692,.T.);
#965=ORIENTED_EDGE('',*,*,#1687,.T.);
#966=ORIENTED_EDGE('',*,*,#1693,.F.);
#967=ORIENTED_EDGE('',*,*,#1694,.F.);
#968=ORIENTED_EDGE('',*,*,#1695,.T.);
#969=ORIENTED_EDGE('',*,*,#1691,.T.);
#970=ORIENTED_EDGE('',*,*,#1696,.T.);
#971=ORIENTED_EDGE('',*,*,#1697,.F.);
#972=ORIENTED_EDGE('',*,*,#1698,.F.);
#973=ORIENTED_EDGE('',*,*,#1694,.T.);
#974=ORIENTED_EDGE('',*,*,#1699,.F.);
#975=ORIENTED_EDGE('',*,*,#1700,.F.);
#976=ORIENTED_EDGE('',*,*,#1701,.T.);
#977=ORIENTED_EDGE('',*,*,#1697,.T.);
#978=ORIENTED_EDGE('',*,*,#1702,.T.);
#979=ORIENTED_EDGE('',*,*,#1703,.F.);
#980=ORIENTED_EDGE('',*,*,#1704,.F.);
#981=ORIENTED_EDGE('',*,*,#1700,.T.);
#982=ORIENTED_EDGE('',*,*,#1705,.F.);
#983=ORIENTED_EDGE('',*,*,#1706,.F.);
#984=ORIENTED_EDGE('',*,*,#1707,.T.);
#985=ORIENTED_EDGE('',*,*,#1703,.T.);
#986=ORIENTED_EDGE('',*,*,#1708,.F.);
#987=ORIENTED_EDGE('',*,*,#1709,.F.);
#988=ORIENTED_EDGE('',*,*,#1710,.T.);
#989=ORIENTED_EDGE('',*,*,#1711,.T.);
#990=ORIENTED_EDGE('',*,*,#1712,.F.);
#991=ORIENTED_EDGE('',*,*,#1713,.F.);
#992=ORIENTED_EDGE('',*,*,#1714,.T.);
#993=ORIENTED_EDGE('',*,*,#1709,.T.);
#994=ORIENTED_EDGE('',*,*,#1715,.F.);
#995=ORIENTED_EDGE('',*,*,#1716,.F.);
#996=ORIENTED_EDGE('',*,*,#1717,.T.);
#997=ORIENTED_EDGE('',*,*,#1713,.T.);
#998=ORIENTED_EDGE('',*,*,#1718,.T.);
#999=ORIENTED_EDGE('',*,*,#1719,.F.);
#1000=ORIENTED_EDGE('',*,*,#1720,.F.);
#1001=ORIENTED_EDGE('',*,*,#1716,.T.);
#1002=ORIENTED_EDGE('',*,*,#1721,.F.);
#1003=ORIENTED_EDGE('',*,*,#1722,.F.);
#1004=ORIENTED_EDGE('',*,*,#1723,.T.);
#1005=ORIENTED_EDGE('',*,*,#1719,.T.);
#1006=ORIENTED_EDGE('',*,*,#1724,.T.);
#1007=ORIENTED_EDGE('',*,*,#1725,.F.);
#1008=ORIENTED_EDGE('',*,*,#1726,.F.);
#1009=ORIENTED_EDGE('',*,*,#1722,.T.);
#1010=ORIENTED_EDGE('',*,*,#1727,.F.);
#1011=ORIENTED_EDGE('',*,*,#1728,.F.);
#1012=ORIENTED_EDGE('',*,*,#1729,.T.);
#1013=ORIENTED_EDGE('',*,*,#1725,.T.);
#1014=ORIENTED_EDGE('',*,*,#1730,.F.);
#1015=ORIENTED_EDGE('',*,*,#1731,.F.);
#1016=ORIENTED_EDGE('',*,*,#1732,.T.);
#1017=ORIENTED_EDGE('',*,*,#1733,.T.);
#1018=ORIENTED_EDGE('',*,*,#1734,.F.);
#1019=ORIENTED_EDGE('',*,*,#1735,.F.);
#1020=ORIENTED_EDGE('',*,*,#1736,.T.);
#1021=ORIENTED_EDGE('',*,*,#1731,.T.);
#1022=ORIENTED_EDGE('',*,*,#1737,.F.);
#1023=ORIENTED_EDGE('',*,*,#1738,.F.);
#1024=ORIENTED_EDGE('',*,*,#1739,.T.);
#1025=ORIENTED_EDGE('',*,*,#1735,.T.);
#1026=ORIENTED_EDGE('',*,*,#1740,.T.);
#1027=ORIENTED_EDGE('',*,*,#1741,.F.);
#1028=ORIENTED_EDGE('',*,*,#1742,.F.);
#1029=ORIENTED_EDGE('',*,*,#1738,.T.);
#1030=ORIENTED_EDGE('',*,*,#1743,.F.);
#1031=ORIENTED_EDGE('',*,*,#1744,.F.);
#1032=ORIENTED_EDGE('',*,*,#1745,.T.);
#1033=ORIENTED_EDGE('',*,*,#1741,.T.);
#1034=ORIENTED_EDGE('',*,*,#1746,.T.);
#1035=ORIENTED_EDGE('',*,*,#1747,.F.);
#1036=ORIENTED_EDGE('',*,*,#1748,.F.);
#1037=ORIENTED_EDGE('',*,*,#1744,.T.);
#1038=ORIENTED_EDGE('',*,*,#1749,.F.);
#1039=ORIENTED_EDGE('',*,*,#1750,.F.);
#1040=ORIENTED_EDGE('',*,*,#1751,.T.);
#1041=ORIENTED_EDGE('',*,*,#1747,.T.);
#1042=ORIENTED_EDGE('',*,*,#1752,.F.);
#1043=ORIENTED_EDGE('',*,*,#1753,.F.);
#1044=ORIENTED_EDGE('',*,*,#1754,.T.);
#1045=ORIENTED_EDGE('',*,*,#1755,.T.);
#1046=ORIENTED_EDGE('',*,*,#1756,.F.);
#1047=ORIENTED_EDGE('',*,*,#1757,.F.);
#1048=ORIENTED_EDGE('',*,*,#1758,.T.);
#1049=ORIENTED_EDGE('',*,*,#1753,.T.);
#1050=ORIENTED_EDGE('',*,*,#1759,.F.);
#1051=ORIENTED_EDGE('',*,*,#1760,.F.);
#1052=ORIENTED_EDGE('',*,*,#1761,.T.);
#1053=ORIENTED_EDGE('',*,*,#1757,.T.);
#1054=ORIENTED_EDGE('',*,*,#1762,.T.);
#1055=ORIENTED_EDGE('',*,*,#1763,.F.);
#1056=ORIENTED_EDGE('',*,*,#1764,.F.);
#1057=ORIENTED_EDGE('',*,*,#1760,.T.);
#1058=ORIENTED_EDGE('',*,*,#1765,.F.);
#1059=ORIENTED_EDGE('',*,*,#1766,.F.);
#1060=ORIENTED_EDGE('',*,*,#1767,.T.);
#1061=ORIENTED_EDGE('',*,*,#1763,.T.);
#1062=ORIENTED_EDGE('',*,*,#1768,.T.);
#1063=ORIENTED_EDGE('',*,*,#1769,.F.);
#1064=ORIENTED_EDGE('',*,*,#1770,.F.);
#1065=ORIENTED_EDGE('',*,*,#1766,.T.);
#1066=ORIENTED_EDGE('',*,*,#1771,.F.);
#1067=ORIENTED_EDGE('',*,*,#1772,.F.);
#1068=ORIENTED_EDGE('',*,*,#1773,.T.);
#1069=ORIENTED_EDGE('',*,*,#1769,.T.);
#1070=ORIENTED_EDGE('',*,*,#1774,.F.);
#1071=ORIENTED_EDGE('',*,*,#1775,.F.);
#1072=ORIENTED_EDGE('',*,*,#1776,.T.);
#1073=ORIENTED_EDGE('',*,*,#1777,.T.);
#1074=ORIENTED_EDGE('',*,*,#1778,.F.);
#1075=ORIENTED_EDGE('',*,*,#1779,.F.);
#1076=ORIENTED_EDGE('',*,*,#1780,.T.);
#1077=ORIENTED_EDGE('',*,*,#1775,.T.);
#1078=ORIENTED_EDGE('',*,*,#1781,.F.);
#1079=ORIENTED_EDGE('',*,*,#1782,.F.);
#1080=ORIENTED_EDGE('',*,*,#1783,.T.);
#1081=ORIENTED_EDGE('',*,*,#1779,.T.);
#1082=ORIENTED_EDGE('',*,*,#1784,.T.);
#1083=ORIENTED_EDGE('',*,*,#1785,.F.);
#1084=ORIENTED_EDGE('',*,*,#1786,.F.);
#1085=ORIENTED_EDGE('',*,*,#1782,.T.);
#1086=ORIENTED_EDGE('',*,*,#1787,.F.);
#1087=ORIENTED_EDGE('',*,*,#1788,.F.);
#1088=ORIENTED_EDGE('',*,*,#1789,.T.);
#1089=ORIENTED_EDGE('',*,*,#1785,.T.);
#1090=ORIENTED_EDGE('',*,*,#1790,.T.);
#1091=ORIENTED_EDGE('',*,*,#1791,.F.);
#1092=ORIENTED_EDGE('',*,*,#1792,.F.);
#1093=ORIENTED_EDGE('',*,*,#1788,.T.);
#1094=ORIENTED_EDGE('',*,*,#1793,.F.);
#1095=ORIENTED_EDGE('',*,*,#1794,.F.);
#1096=ORIENTED_EDGE('',*,*,#1795,.T.);
#1097=ORIENTED_EDGE('',*,*,#1791,.T.);
#1098=ORIENTED_EDGE('',*,*,#1796,.F.);
#1099=ORIENTED_EDGE('',*,*,#1797,.F.);
#1100=ORIENTED_EDGE('',*,*,#1798,.T.);
#1101=ORIENTED_EDGE('',*,*,#1799,.T.);
#1102=ORIENTED_EDGE('',*,*,#1800,.F.);
#1103=ORIENTED_EDGE('',*,*,#1801,.F.);
#1104=ORIENTED_EDGE('',*,*,#1802,.T.);
#1105=ORIENTED_EDGE('',*,*,#1797,.T.);
#1106=ORIENTED_EDGE('',*,*,#1803,.F.);
#1107=ORIENTED_EDGE('',*,*,#1804,.F.);
#1108=ORIENTED_EDGE('',*,*,#1805,.T.);
#1109=ORIENTED_EDGE('',*,*,#1801,.T.);
#1110=ORIENTED_EDGE('',*,*,#1806,.T.);
#1111=ORIENTED_EDGE('',*,*,#1807,.F.);
#1112=ORIENTED_EDGE('',*,*,#1808,.F.);
#1113=ORIENTED_EDGE('',*,*,#1804,.T.);
#1114=ORIENTED_EDGE('',*,*,#1809,.F.);
#1115=ORIENTED_EDGE('',*,*,#1810,.F.);
#1116=ORIENTED_EDGE('',*,*,#1811,.T.);
#1117=ORIENTED_EDGE('',*,*,#1807,.T.);
#1118=ORIENTED_EDGE('',*,*,#1812,.T.);
#1119=ORIENTED_EDGE('',*,*,#1813,.F.);
#1120=ORIENTED_EDGE('',*,*,#1814,.F.);
#1121=ORIENTED_EDGE('',*,*,#1810,.T.);
#1122=ORIENTED_EDGE('',*,*,#1815,.F.);
#1123=ORIENTED_EDGE('',*,*,#1816,.F.);
#1124=ORIENTED_EDGE('',*,*,#1817,.T.);
#1125=ORIENTED_EDGE('',*,*,#1813,.T.);
#1126=ORIENTED_EDGE('',*,*,#1818,.F.);
#1127=ORIENTED_EDGE('',*,*,#1819,.F.);
#1128=ORIENTED_EDGE('',*,*,#1820,.T.);
#1129=ORIENTED_EDGE('',*,*,#1821,.T.);
#1130=ORIENTED_EDGE('',*,*,#1822,.F.);
#1131=ORIENTED_EDGE('',*,*,#1823,.F.);
#1132=ORIENTED_EDGE('',*,*,#1824,.T.);
#1133=ORIENTED_EDGE('',*,*,#1819,.T.);
#1134=ORIENTED_EDGE('',*,*,#1825,.F.);
#1135=ORIENTED_EDGE('',*,*,#1826,.F.);
#1136=ORIENTED_EDGE('',*,*,#1827,.T.);
#1137=ORIENTED_EDGE('',*,*,#1823,.T.);
#1138=ORIENTED_EDGE('',*,*,#1828,.T.);
#1139=ORIENTED_EDGE('',*,*,#1829,.F.);
#1140=ORIENTED_EDGE('',*,*,#1830,.F.);
#1141=ORIENTED_EDGE('',*,*,#1826,.T.);
#1142=ORIENTED_EDGE('',*,*,#1831,.F.);
#1143=ORIENTED_EDGE('',*,*,#1832,.F.);
#1144=ORIENTED_EDGE('',*,*,#1833,.T.);
#1145=ORIENTED_EDGE('',*,*,#1829,.T.);
#1146=ORIENTED_EDGE('',*,*,#1834,.T.);
#1147=ORIENTED_EDGE('',*,*,#1835,.F.);
#1148=ORIENTED_EDGE('',*,*,#1836,.F.);
#1149=ORIENTED_EDGE('',*,*,#1832,.T.);
#1150=ORIENTED_EDGE('',*,*,#1837,.F.);
#1151=ORIENTED_EDGE('',*,*,#1838,.F.);
#1152=ORIENTED_EDGE('',*,*,#1839,.T.);
#1153=ORIENTED_EDGE('',*,*,#1835,.T.);
#1154=ORIENTED_EDGE('',*,*,#1840,.F.);
#1155=ORIENTED_EDGE('',*,*,#1841,.F.);
#1156=ORIENTED_EDGE('',*,*,#1842,.T.);
#1157=ORIENTED_EDGE('',*,*,#1843,.T.);
#1158=ORIENTED_EDGE('',*,*,#1844,.F.);
#1159=ORIENTED_EDGE('',*,*,#1845,.F.);
#1160=ORIENTED_EDGE('',*,*,#1846,.T.);
#1161=ORIENTED_EDGE('',*,*,#1841,.T.);
#1162=ORIENTED_EDGE('',*,*,#1847,.F.);
#1163=ORIENTED_EDGE('',*,*,#1848,.F.);
#1164=ORIENTED_EDGE('',*,*,#1849,.T.);
#1165=ORIENTED_EDGE('',*,*,#1845,.T.);
#1166=ORIENTED_EDGE('',*,*,#1850,.T.);
#1167=ORIENTED_EDGE('',*,*,#1851,.F.);
#1168=ORIENTED_EDGE('',*,*,#1852,.F.);
#1169=ORIENTED_EDGE('',*,*,#1848,.T.);
#1170=ORIENTED_EDGE('',*,*,#1853,.F.);
#1171=ORIENTED_EDGE('',*,*,#1854,.F.);
#1172=ORIENTED_EDGE('',*,*,#1855,.T.);
#1173=ORIENTED_EDGE('',*,*,#1851,.T.);
#1174=ORIENTED_EDGE('',*,*,#1856,.T.);
#1175=ORIENTED_EDGE('',*,*,#1857,.F.);
#1176=ORIENTED_EDGE('',*,*,#1858,.F.);
#1177=ORIENTED_EDGE('',*,*,#1854,.T.);
#1178=ORIENTED_EDGE('',*,*,#1859,.F.);
#1179=ORIENTED_EDGE('',*,*,#1860,.F.);
#1180=ORIENTED_EDGE('',*,*,#1861,.T.);
#1181=ORIENTED_EDGE('',*,*,#1857,.T.);
#1182=ORIENTED_EDGE('',*,*,#1862,.F.);
#1183=ORIENTED_EDGE('',*,*,#1667,.F.);
#1184=ORIENTED_EDGE('',*,*,#1863,.T.);
#1185=ORIENTED_EDGE('',*,*,#1684,.T.);
#1186=ORIENTED_EDGE('',*,*,#1864,.F.);
#1187=ORIENTED_EDGE('',*,*,#1689,.F.);
#1188=ORIENTED_EDGE('',*,*,#1865,.T.);
#1189=ORIENTED_EDGE('',*,*,#1706,.T.);
#1190=ORIENTED_EDGE('',*,*,#1866,.F.);
#1191=ORIENTED_EDGE('',*,*,#1711,.F.);
#1192=ORIENTED_EDGE('',*,*,#1867,.T.);
#1193=ORIENTED_EDGE('',*,*,#1728,.T.);
#1194=ORIENTED_EDGE('',*,*,#1868,.F.);
#1195=ORIENTED_EDGE('',*,*,#1733,.F.);
#1196=ORIENTED_EDGE('',*,*,#1869,.T.);
#1197=ORIENTED_EDGE('',*,*,#1750,.T.);
#1198=ORIENTED_EDGE('',*,*,#1870,.F.);
#1199=ORIENTED_EDGE('',*,*,#1755,.F.);
#1200=ORIENTED_EDGE('',*,*,#1871,.T.);
#1201=ORIENTED_EDGE('',*,*,#1772,.T.);
#1202=ORIENTED_EDGE('',*,*,#1872,.F.);
#1203=ORIENTED_EDGE('',*,*,#1777,.F.);
#1204=ORIENTED_EDGE('',*,*,#1873,.T.);
#1205=ORIENTED_EDGE('',*,*,#1794,.T.);
#1206=ORIENTED_EDGE('',*,*,#1874,.F.);
#1207=ORIENTED_EDGE('',*,*,#1799,.F.);
#1208=ORIENTED_EDGE('',*,*,#1875,.T.);
#1209=ORIENTED_EDGE('',*,*,#1816,.T.);
#1210=ORIENTED_EDGE('',*,*,#1876,.F.);
#1211=ORIENTED_EDGE('',*,*,#1821,.F.);
#1212=ORIENTED_EDGE('',*,*,#1877,.T.);
#1213=ORIENTED_EDGE('',*,*,#1838,.T.);
#1214=ORIENTED_EDGE('',*,*,#1878,.F.);
#1215=ORIENTED_EDGE('',*,*,#1843,.F.);
#1216=ORIENTED_EDGE('',*,*,#1879,.T.);
#1217=ORIENTED_EDGE('',*,*,#1860,.T.);
#1218=ORIENTED_EDGE('',*,*,#1880,.F.);
#1219=ORIENTED_EDGE('',*,*,#1645,.F.);
#1220=ORIENTED_EDGE('',*,*,#1881,.T.);
#1221=ORIENTED_EDGE('',*,*,#1662,.T.);
#1222=ORIENTED_EDGE('',*,*,#1842,.F.);
#1223=ORIENTED_EDGE('',*,*,#1846,.F.);
#1224=ORIENTED_EDGE('',*,*,#1849,.F.);
#1225=ORIENTED_EDGE('',*,*,#1852,.T.);
#1226=ORIENTED_EDGE('',*,*,#1855,.F.);
#1227=ORIENTED_EDGE('',*,*,#1858,.T.);
#1228=ORIENTED_EDGE('',*,*,#1861,.F.);
#1229=ORIENTED_EDGE('',*,*,#1879,.F.);
#1230=ORIENTED_EDGE('',*,*,#1820,.F.);
#1231=ORIENTED_EDGE('',*,*,#1824,.F.);
#1232=ORIENTED_EDGE('',*,*,#1827,.F.);
#1233=ORIENTED_EDGE('',*,*,#1830,.T.);
#1234=ORIENTED_EDGE('',*,*,#1833,.F.);
#1235=ORIENTED_EDGE('',*,*,#1836,.T.);
#1236=ORIENTED_EDGE('',*,*,#1839,.F.);
#1237=ORIENTED_EDGE('',*,*,#1877,.F.);
#1238=ORIENTED_EDGE('',*,*,#1798,.F.);
#1239=ORIENTED_EDGE('',*,*,#1802,.F.);
#1240=ORIENTED_EDGE('',*,*,#1805,.F.);
#1241=ORIENTED_EDGE('',*,*,#1808,.T.);
#1242=ORIENTED_EDGE('',*,*,#1811,.F.);
#1243=ORIENTED_EDGE('',*,*,#1814,.T.);
#1244=ORIENTED_EDGE('',*,*,#1817,.F.);
#1245=ORIENTED_EDGE('',*,*,#1875,.F.);
#1246=ORIENTED_EDGE('',*,*,#1776,.F.);
#1247=ORIENTED_EDGE('',*,*,#1780,.F.);
#1248=ORIENTED_EDGE('',*,*,#1783,.F.);
#1249=ORIENTED_EDGE('',*,*,#1786,.T.);
#1250=ORIENTED_EDGE('',*,*,#1789,.F.);
#1251=ORIENTED_EDGE('',*,*,#1792,.T.);
#1252=ORIENTED_EDGE('',*,*,#1795,.F.);
#1253=ORIENTED_EDGE('',*,*,#1873,.F.);
#1254=ORIENTED_EDGE('',*,*,#1754,.F.);
#1255=ORIENTED_EDGE('',*,*,#1758,.F.);
#1256=ORIENTED_EDGE('',*,*,#1761,.F.);
#1257=ORIENTED_EDGE('',*,*,#1764,.T.);
#1258=ORIENTED_EDGE('',*,*,#1767,.F.);
#1259=ORIENTED_EDGE('',*,*,#1770,.T.);
#1260=ORIENTED_EDGE('',*,*,#1773,.F.);
#1261=ORIENTED_EDGE('',*,*,#1871,.F.);
#1262=ORIENTED_EDGE('',*,*,#1732,.F.);
#1263=ORIENTED_EDGE('',*,*,#1736,.F.);
#1264=ORIENTED_EDGE('',*,*,#1739,.F.);
#1265=ORIENTED_EDGE('',*,*,#1742,.T.);
#1266=ORIENTED_EDGE('',*,*,#1745,.F.);
#1267=ORIENTED_EDGE('',*,*,#1748,.T.);
#1268=ORIENTED_EDGE('',*,*,#1751,.F.);
#1269=ORIENTED_EDGE('',*,*,#1869,.F.);
#1270=ORIENTED_EDGE('',*,*,#1710,.F.);
#1271=ORIENTED_EDGE('',*,*,#1714,.F.);
#1272=ORIENTED_EDGE('',*,*,#1717,.F.);
#1273=ORIENTED_EDGE('',*,*,#1720,.T.);
#1274=ORIENTED_EDGE('',*,*,#1723,.F.);
#1275=ORIENTED_EDGE('',*,*,#1726,.T.);
#1276=ORIENTED_EDGE('',*,*,#1729,.F.);
#1277=ORIENTED_EDGE('',*,*,#1867,.F.);
#1278=ORIENTED_EDGE('',*,*,#1688,.F.);
#1279=ORIENTED_EDGE('',*,*,#1692,.F.);
#1280=ORIENTED_EDGE('',*,*,#1695,.F.);
#1281=ORIENTED_EDGE('',*,*,#1698,.T.);
#1282=ORIENTED_EDGE('',*,*,#1701,.F.);
#1283=ORIENTED_EDGE('',*,*,#1704,.T.);
#1284=ORIENTED_EDGE('',*,*,#1707,.F.);
#1285=ORIENTED_EDGE('',*,*,#1865,.F.);
#1286=ORIENTED_EDGE('',*,*,#1666,.F.);
#1287=ORIENTED_EDGE('',*,*,#1670,.F.);
#1288=ORIENTED_EDGE('',*,*,#1673,.F.);
#1289=ORIENTED_EDGE('',*,*,#1676,.T.);
#1290=ORIENTED_EDGE('',*,*,#1679,.F.);
#1291=ORIENTED_EDGE('',*,*,#1682,.T.);
#1292=ORIENTED_EDGE('',*,*,#1685,.F.);
#1293=ORIENTED_EDGE('',*,*,#1863,.F.);
#1294=ORIENTED_EDGE('',*,*,#1644,.T.);
#1295=ORIENTED_EDGE('',*,*,#1648,.T.);
#1296=ORIENTED_EDGE('',*,*,#1651,.T.);
#1297=ORIENTED_EDGE('',*,*,#1654,.F.);
#1298=ORIENTED_EDGE('',*,*,#1657,.T.);
#1299=ORIENTED_EDGE('',*,*,#1660,.F.);
#1300=ORIENTED_EDGE('',*,*,#1663,.T.);
#1301=ORIENTED_EDGE('',*,*,#1881,.F.);
#1302=ORIENTED_EDGE('',*,*,#1840,.T.);
#1303=ORIENTED_EDGE('',*,*,#1878,.T.);
#1304=ORIENTED_EDGE('',*,*,#1859,.T.);
#1305=ORIENTED_EDGE('',*,*,#1856,.F.);
#1306=ORIENTED_EDGE('',*,*,#1853,.T.);
#1307=ORIENTED_EDGE('',*,*,#1850,.F.);
#1308=ORIENTED_EDGE('',*,*,#1847,.T.);
#1309=ORIENTED_EDGE('',*,*,#1844,.T.);
#1310=ORIENTED_EDGE('',*,*,#1818,.T.);
#1311=ORIENTED_EDGE('',*,*,#1876,.T.);
#1312=ORIENTED_EDGE('',*,*,#1837,.T.);
#1313=ORIENTED_EDGE('',*,*,#1834,.F.);
#1314=ORIENTED_EDGE('',*,*,#1831,.T.);
#1315=ORIENTED_EDGE('',*,*,#1828,.F.);
#1316=ORIENTED_EDGE('',*,*,#1825,.T.);
#1317=ORIENTED_EDGE('',*,*,#1822,.T.);
#1318=ORIENTED_EDGE('',*,*,#1796,.T.);
#1319=ORIENTED_EDGE('',*,*,#1874,.T.);
#1320=ORIENTED_EDGE('',*,*,#1815,.T.);
#1321=ORIENTED_EDGE('',*,*,#1812,.F.);
#1322=ORIENTED_EDGE('',*,*,#1809,.T.);
#1323=ORIENTED_EDGE('',*,*,#1806,.F.);
#1324=ORIENTED_EDGE('',*,*,#1803,.T.);
#1325=ORIENTED_EDGE('',*,*,#1800,.T.);
#1326=ORIENTED_EDGE('',*,*,#1774,.T.);
#1327=ORIENTED_EDGE('',*,*,#1872,.T.);
#1328=ORIENTED_EDGE('',*,*,#1793,.T.);
#1329=ORIENTED_EDGE('',*,*,#1790,.F.);
#1330=ORIENTED_EDGE('',*,*,#1787,.T.);
#1331=ORIENTED_EDGE('',*,*,#1784,.F.);
#1332=ORIENTED_EDGE('',*,*,#1781,.T.);
#1333=ORIENTED_EDGE('',*,*,#1778,.T.);
#1334=ORIENTED_EDGE('',*,*,#1752,.T.);
#1335=ORIENTED_EDGE('',*,*,#1870,.T.);
#1336=ORIENTED_EDGE('',*,*,#1771,.T.);
#1337=ORIENTED_EDGE('',*,*,#1768,.F.);
#1338=ORIENTED_EDGE('',*,*,#1765,.T.);
#1339=ORIENTED_EDGE('',*,*,#1762,.F.);
#1340=ORIENTED_EDGE('',*,*,#1759,.T.);
#1341=ORIENTED_EDGE('',*,*,#1756,.T.);
#1342=ORIENTED_EDGE('',*,*,#1730,.T.);
#1343=ORIENTED_EDGE('',*,*,#1868,.T.);
#1344=ORIENTED_EDGE('',*,*,#1749,.T.);
#1345=ORIENTED_EDGE('',*,*,#1746,.F.);
#1346=ORIENTED_EDGE('',*,*,#1743,.T.);
#1347=ORIENTED_EDGE('',*,*,#1740,.F.);
#1348=ORIENTED_EDGE('',*,*,#1737,.T.);
#1349=ORIENTED_EDGE('',*,*,#1734,.T.);
#1350=ORIENTED_EDGE('',*,*,#1708,.T.);
#1351=ORIENTED_EDGE('',*,*,#1866,.T.);
#1352=ORIENTED_EDGE('',*,*,#1727,.T.);
#1353=ORIENTED_EDGE('',*,*,#1724,.F.);
#1354=ORIENTED_EDGE('',*,*,#1721,.T.);
#1355=ORIENTED_EDGE('',*,*,#1718,.F.);
#1356=ORIENTED_EDGE('',*,*,#1715,.T.);
#1357=ORIENTED_EDGE('',*,*,#1712,.T.);
#1358=ORIENTED_EDGE('',*,*,#1686,.T.);
#1359=ORIENTED_EDGE('',*,*,#1864,.T.);
#1360=ORIENTED_EDGE('',*,*,#1705,.T.);
#1361=ORIENTED_EDGE('',*,*,#1702,.F.);
#1362=ORIENTED_EDGE('',*,*,#1699,.T.);
#1363=ORIENTED_EDGE('',*,*,#1696,.F.);
#1364=ORIENTED_EDGE('',*,*,#1693,.T.);
#1365=ORIENTED_EDGE('',*,*,#1690,.T.);
#1366=ORIENTED_EDGE('',*,*,#1664,.T.);
#1367=ORIENTED_EDGE('',*,*,#1862,.T.);
#1368=ORIENTED_EDGE('',*,*,#1683,.T.);
#1369=ORIENTED_EDGE('',*,*,#1680,.F.);
#1370=ORIENTED_EDGE('',*,*,#1677,.T.);
#1371=ORIENTED_EDGE('',*,*,#1674,.F.);
#1372=ORIENTED_EDGE('',*,*,#1671,.T.);
#1373=ORIENTED_EDGE('',*,*,#1668,.T.);
#1374=ORIENTED_EDGE('',*,*,#1642,.F.);
#1375=ORIENTED_EDGE('',*,*,#1880,.T.);
#1376=ORIENTED_EDGE('',*,*,#1661,.F.);
#1377=ORIENTED_EDGE('',*,*,#1658,.T.);
#1378=ORIENTED_EDGE('',*,*,#1655,.F.);
#1379=ORIENTED_EDGE('',*,*,#1652,.T.);
#1380=ORIENTED_EDGE('',*,*,#1649,.F.);
#1381=ORIENTED_EDGE('',*,*,#1646,.F.);
#1382=ORIENTED_EDGE('',*,*,#1882,.T.);
#1383=ORIENTED_EDGE('',*,*,#1883,.T.);
#1384=ORIENTED_EDGE('',*,*,#1884,.T.);
#1385=ORIENTED_EDGE('',*,*,#1885,.F.);
#1386=ORIENTED_EDGE('',*,*,#1886,.T.);
#1387=ORIENTED_EDGE('',*,*,#1887,.F.);
#1388=ORIENTED_EDGE('',*,*,#1888,.T.);
#1389=ORIENTED_EDGE('',*,*,#1889,.F.);
#1390=ORIENTED_EDGE('',*,*,#1890,.T.);
#1391=ORIENTED_EDGE('',*,*,#1891,.F.);
#1392=ORIENTED_EDGE('',*,*,#1892,.T.);
#1393=ORIENTED_EDGE('',*,*,#1893,.F.);
#1394=ORIENTED_EDGE('',*,*,#1894,.F.);
#1395=ORIENTED_EDGE('',*,*,#1895,.T.);
#1396=ORIENTED_EDGE('',*,*,#1896,.F.);
#1397=ORIENTED_EDGE('',*,*,#1897,.T.);
#1398=ORIENTED_EDGE('',*,*,#1898,.T.);
#1399=ORIENTED_EDGE('',*,*,#1899,.F.);
#1400=ORIENTED_EDGE('',*,*,#1892,.F.);
#1401=ORIENTED_EDGE('',*,*,#1900,.F.);
#1402=ORIENTED_EDGE('',*,*,#1901,.T.);
#1403=ORIENTED_EDGE('',*,*,#1902,.T.);
#1404=ORIENTED_EDGE('',*,*,#1895,.F.);
#1405=ORIENTED_EDGE('',*,*,#1903,.F.);
#1406=ORIENTED_EDGE('',*,*,#1904,.T.);
#1407=ORIENTED_EDGE('',*,*,#1900,.T.);
#1408=ORIENTED_EDGE('',*,*,#1894,.T.);
#1409=ORIENTED_EDGE('',*,*,#1905,.F.);
#1410=ORIENTED_EDGE('',*,*,#1906,.F.);
#1411=ORIENTED_EDGE('',*,*,#1903,.T.);
#1412=ORIENTED_EDGE('',*,*,#1907,.T.);
#1413=ORIENTED_EDGE('',*,*,#1883,.F.);
#1414=ORIENTED_EDGE('',*,*,#1893,.T.);
#1415=ORIENTED_EDGE('',*,*,#1902,.F.);
#1416=ORIENTED_EDGE('',*,*,#1908,.F.);
#1417=ORIENTED_EDGE('',*,*,#1905,.T.);
#1418=ORIENTED_EDGE('',*,*,#1909,.T.);
#1419=ORIENTED_EDGE('',*,*,#1882,.F.);
#1420=ORIENTED_EDGE('',*,*,#1910,.T.);
#1421=ORIENTED_EDGE('',*,*,#1911,.T.);
#1422=ORIENTED_EDGE('',*,*,#1912,.T.);
#1423=ORIENTED_EDGE('',*,*,#1913,.T.);
#1424=ORIENTED_EDGE('',*,*,#1914,.T.);
#1425=ORIENTED_EDGE('',*,*,#1915,.T.);
#1426=ORIENTED_EDGE('',*,*,#1916,.T.);
#1427=ORIENTED_EDGE('',*,*,#1917,.T.);
#1428=ORIENTED_EDGE('',*,*,#1901,.F.);
#1429=ORIENTED_EDGE('',*,*,#1904,.F.);
#1430=ORIENTED_EDGE('',*,*,#1906,.T.);
#1431=ORIENTED_EDGE('',*,*,#1908,.T.);
#1432=ORIENTED_EDGE('',*,*,#1907,.F.);
#1433=ORIENTED_EDGE('',*,*,#1909,.F.);
#1434=ORIENTED_EDGE('',*,*,#1918,.F.);
#1435=ORIENTED_EDGE('',*,*,#1885,.T.);
#1436=ORIENTED_EDGE('',*,*,#1919,.F.);
#1437=ORIENTED_EDGE('',*,*,#1915,.F.);
#1438=ORIENTED_EDGE('',*,*,#1919,.T.);
#1439=ORIENTED_EDGE('',*,*,#1884,.F.);
#1440=ORIENTED_EDGE('',*,*,#1920,.F.);
#1441=ORIENTED_EDGE('',*,*,#1916,.F.);
#1442=ORIENTED_EDGE('',*,*,#1918,.T.);
#1443=ORIENTED_EDGE('',*,*,#1914,.F.);
#1444=ORIENTED_EDGE('',*,*,#1921,.F.);
#1445=ORIENTED_EDGE('',*,*,#1886,.F.);
#1446=ORIENTED_EDGE('',*,*,#1920,.T.);
#1447=ORIENTED_EDGE('',*,*,#1891,.T.);
#1448=ORIENTED_EDGE('',*,*,#1922,.F.);
#1449=ORIENTED_EDGE('',*,*,#1917,.F.);
#1450=ORIENTED_EDGE('',*,*,#1921,.T.);
#1451=ORIENTED_EDGE('',*,*,#1913,.F.);
#1452=ORIENTED_EDGE('',*,*,#1923,.F.);
#1453=ORIENTED_EDGE('',*,*,#1887,.T.);
#1454=ORIENTED_EDGE('',*,*,#1922,.T.);
#1455=ORIENTED_EDGE('',*,*,#1890,.F.);
#1456=ORIENTED_EDGE('',*,*,#1924,.F.);
#1457=ORIENTED_EDGE('',*,*,#1910,.F.);
#1458=ORIENTED_EDGE('',*,*,#1923,.T.);
#1459=ORIENTED_EDGE('',*,*,#1912,.F.);
#1460=ORIENTED_EDGE('',*,*,#1925,.F.);
#1461=ORIENTED_EDGE('',*,*,#1888,.F.);
#1462=ORIENTED_EDGE('',*,*,#1924,.T.);
#1463=ORIENTED_EDGE('',*,*,#1889,.T.);
#1464=ORIENTED_EDGE('',*,*,#1925,.T.);
#1465=ORIENTED_EDGE('',*,*,#1911,.F.);
#1466=ORIENTED_EDGE('',*,*,#1926,.T.);
#1467=ORIENTED_EDGE('',*,*,#1927,.F.);
#1468=ORIENTED_EDGE('',*,*,#1928,.F.);
#1469=ORIENTED_EDGE('',*,*,#1896,.T.);
#1470=ORIENTED_EDGE('',*,*,#1929,.F.);
#1471=ORIENTED_EDGE('',*,*,#1930,.F.);
#1472=ORIENTED_EDGE('',*,*,#1931,.T.);
#1473=ORIENTED_EDGE('',*,*,#1927,.T.);
#1474=ORIENTED_EDGE('',*,*,#1932,.F.);
#1475=ORIENTED_EDGE('',*,*,#1933,.F.);
#1476=ORIENTED_EDGE('',*,*,#1934,.T.);
#1477=ORIENTED_EDGE('',*,*,#1930,.T.);
#1478=ORIENTED_EDGE('',*,*,#1935,.F.);
#1479=ORIENTED_EDGE('',*,*,#1936,.F.);
#1480=ORIENTED_EDGE('',*,*,#1937,.T.);
#1481=ORIENTED_EDGE('',*,*,#1933,.T.);
#1482=ORIENTED_EDGE('',*,*,#1938,.T.);
#1483=ORIENTED_EDGE('',*,*,#1939,.F.);
#1484=ORIENTED_EDGE('',*,*,#1940,.F.);
#1485=ORIENTED_EDGE('',*,*,#1936,.T.);
#1486=ORIENTED_EDGE('',*,*,#1941,.F.);
#1487=ORIENTED_EDGE('',*,*,#1942,.F.);
#1488=ORIENTED_EDGE('',*,*,#1943,.T.);
#1489=ORIENTED_EDGE('',*,*,#1939,.T.);
#1490=ORIENTED_EDGE('',*,*,#1944,.T.);
#1491=ORIENTED_EDGE('',*,*,#1945,.F.);
#1492=ORIENTED_EDGE('',*,*,#1946,.F.);
#1493=ORIENTED_EDGE('',*,*,#1898,.F.);
#1494=ORIENTED_EDGE('',*,*,#1947,.T.);
#1495=ORIENTED_EDGE('',*,*,#1942,.T.);
#1496=ORIENTED_EDGE('',*,*,#1948,.T.);
#1497=ORIENTED_EDGE('',*,*,#1949,.F.);
#1498=ORIENTED_EDGE('',*,*,#1897,.F.);
#1499=ORIENTED_EDGE('',*,*,#1928,.T.);
#1500=ORIENTED_EDGE('',*,*,#1931,.F.);
#1501=ORIENTED_EDGE('',*,*,#1934,.F.);
#1502=ORIENTED_EDGE('',*,*,#1937,.F.);
#1503=ORIENTED_EDGE('',*,*,#1940,.T.);
#1504=ORIENTED_EDGE('',*,*,#1943,.F.);
#1505=ORIENTED_EDGE('',*,*,#1947,.F.);
#1506=ORIENTED_EDGE('',*,*,#1944,.F.);
#1507=ORIENTED_EDGE('',*,*,#1948,.F.);
#1508=ORIENTED_EDGE('',*,*,#1899,.T.);
#1509=ORIENTED_EDGE('',*,*,#1946,.T.);
#1510=ORIENTED_EDGE('',*,*,#1941,.T.);
#1511=ORIENTED_EDGE('',*,*,#1938,.F.);
#1512=ORIENTED_EDGE('',*,*,#1935,.T.);
#1513=ORIENTED_EDGE('',*,*,#1932,.T.);
#1514=ORIENTED_EDGE('',*,*,#1929,.T.);
#1515=ORIENTED_EDGE('',*,*,#1926,.F.);
#1516=ORIENTED_EDGE('',*,*,#1945,.T.);
#1517=ORIENTED_EDGE('',*,*,#1949,.T.);
#1518=EDGE_CURVE('',#1950,#1950,#2242,.T.);
#1519=EDGE_CURVE('',#1951,#1951,#2243,.T.);
#1520=EDGE_CURVE('',#1952,#1953,#102,.T.);
#1521=EDGE_CURVE('',#1954,#1952,#103,.T.);
#1522=EDGE_CURVE('',#1954,#1955,#104,.T.);
#1523=EDGE_CURVE('',#1955,#1953,#105,.T.);
#1524=EDGE_CURVE('',#1956,#1957,#106,.T.);
#1525=EDGE_CURVE('',#1958,#1956,#2244,.T.);
#1526=EDGE_CURVE('',#1959,#1958,#107,.T.);
#1527=EDGE_CURVE('',#1960,#1959,#2245,.T.);
#1528=EDGE_CURVE('',#1960,#1961,#108,.T.);
#1529=EDGE_CURVE('',#1962,#1961,#2246,.T.);
#1530=EDGE_CURVE('',#1962,#1963,#109,.T.);
#1531=EDGE_CURVE('',#1963,#1957,#2247,.F.);
#1532=EDGE_CURVE('',#1954,#1964,#2248,.T.);
#1533=EDGE_CURVE('',#1965,#1964,#110,.T.);
#1534=EDGE_CURVE('',#1965,#1966,#2249,.T.);
#1535=EDGE_CURVE('',#1967,#1966,#111,.T.);
#1536=EDGE_CURVE('',#1967,#1968,#2250,.T.);
#1537=EDGE_CURVE('',#1969,#1968,#112,.T.);
#1538=EDGE_CURVE('',#1969,#1955,#2251,.T.);
#1539=EDGE_CURVE('',#1970,#1971,#113,.T.);
#1540=EDGE_CURVE('',#1972,#1971,#2252,.T.);
#1541=EDGE_CURVE('',#1972,#1973,#114,.T.);
#1542=EDGE_CURVE('',#1974,#1973,#2253,.T.);
#1543=EDGE_CURVE('',#1974,#1975,#115,.T.);
#1544=EDGE_CURVE('',#1976,#1975,#2254,.T.);
#1545=EDGE_CURVE('',#1976,#1977,#116,.T.);
#1546=EDGE_CURVE('',#1970,#1977,#2255,.T.);
#1547=EDGE_CURVE('',#1952,#1978,#2256,.T.);
#1548=EDGE_CURVE('',#1964,#1978,#117,.T.);
#1549=EDGE_CURVE('',#1979,#1978,#118,.T.);
#1550=EDGE_CURVE('',#1965,#1979,#119,.T.);
#1551=EDGE_CURVE('',#1979,#1980,#2257,.T.);
#1552=EDGE_CURVE('',#1966,#1980,#120,.T.);
#1553=EDGE_CURVE('',#1981,#1980,#121,.T.);
#1554=EDGE_CURVE('',#1967,#1981,#122,.T.);
#1555=EDGE_CURVE('',#1981,#1982,#2258,.T.);
#1556=EDGE_CURVE('',#1968,#1982,#123,.T.);
#1557=EDGE_CURVE('',#1983,#1982,#124,.T.);
#1558=EDGE_CURVE('',#1969,#1983,#125,.T.);
#1559=EDGE_CURVE('',#1983,#1953,#2259,.T.);
#1560=EDGE_CURVE('',#1970,#1984,#126,.T.);
#1561=EDGE_CURVE('',#1984,#1985,#127,.T.);
#1562=EDGE_CURVE('',#1971,#1985,#128,.T.);
#1563=EDGE_CURVE('',#1984,#1986,#2260,.T.);
#1564=EDGE_CURVE('',#1977,#1986,#129,.T.);
#1565=EDGE_CURVE('',#1987,#1987,#2261,.T.);
#1566=EDGE_CURVE('',#1988,#1988,#2262,.T.);
#1567=EDGE_CURVE('',#1989,#1990,#2263,.T.);
#1568=EDGE_CURVE('',#1990,#1991,#130,.T.);
#1569=EDGE_CURVE('',#1991,#1992,#2264,.T.);
#1570=EDGE_CURVE('',#1992,#1993,#131,.T.);
#1571=EDGE_CURVE('',#1993,#1994,#2265,.T.);
#1572=EDGE_CURVE('',#1995,#1994,#132,.T.);
#1573=EDGE_CURVE('',#1995,#1996,#2266,.T.);
#1574=EDGE_CURVE('',#1989,#1996,#133,.T.);
#1575=EDGE_CURVE('',#1976,#1997,#134,.T.);
#1576=EDGE_CURVE('',#1997,#1986,#135,.T.);
#1577=EDGE_CURVE('',#1997,#1998,#2267,.T.);
#1578=EDGE_CURVE('',#1975,#1998,#136,.T.);
#1579=EDGE_CURVE('',#1974,#1999,#137,.T.);
#1580=EDGE_CURVE('',#1999,#1998,#138,.T.);
#1581=EDGE_CURVE('',#1999,#2000,#2268,.T.);
#1582=EDGE_CURVE('',#1973,#2000,#139,.T.);
#1583=EDGE_CURVE('',#1972,#2001,#140,.T.);
#1584=EDGE_CURVE('',#2001,#2000,#141,.T.);
#1585=EDGE_CURVE('',#2001,#1985,#2269,.T.);
#1586=EDGE_CURVE('',#2002,#2003,#2270,.T.);
#1587=EDGE_CURVE('',#2004,#2002,#142,.T.);
#1588=EDGE_CURVE('',#2004,#2005,#2271,.T.);
#1589=EDGE_CURVE('',#2005,#2003,#143,.T.);
#1590=EDGE_CURVE('',#2002,#2006,#144,.T.);
#1591=EDGE_CURVE('',#2007,#2006,#145,.T.);
#1592=EDGE_CURVE('',#2004,#2007,#146,.T.);
#1593=EDGE_CURVE('',#2008,#2006,#2272,.T.);
#1594=EDGE_CURVE('',#2009,#2008,#147,.T.);
#1595=EDGE_CURVE('',#2009,#2007,#2273,.T.);
#1596=EDGE_CURVE('',#2008,#2010,#148,.T.);
#1597=EDGE_CURVE('',#2011,#2010,#149,.T.);
#1598=EDGE_CURVE('',#2009,#2011,#150,.T.);
#1599=EDGE_CURVE('',#2012,#2010,#2274,.T.);
#1600=EDGE_CURVE('',#2013,#2012,#151,.T.);
#1601=EDGE_CURVE('',#2013,#2011,#2275,.T.);
#1602=EDGE_CURVE('',#2012,#2014,#152,.T.);
#1603=EDGE_CURVE('',#2015,#2014,#153,.T.);
#1604=EDGE_CURVE('',#2013,#2015,#154,.T.);
#1605=EDGE_CURVE('',#2016,#2014,#2276,.T.);
#1606=EDGE_CURVE('',#2017,#2016,#155,.T.);
#1607=EDGE_CURVE('',#2017,#2015,#2277,.T.);
#1608=EDGE_CURVE('',#2016,#2003,#156,.T.);
#1609=EDGE_CURVE('',#2017,#2005,#157,.T.);
#1610=EDGE_CURVE('',#2018,#1990,#158,.T.);
#1611=EDGE_CURVE('',#2018,#2019,#159,.T.);
#1612=EDGE_CURVE('',#2019,#1991,#160,.T.);
#1613=EDGE_CURVE('',#2020,#1989,#161,.T.);
#1614=EDGE_CURVE('',#2020,#2018,#2278,.F.);
#1615=EDGE_CURVE('',#2020,#2021,#162,.T.);
#1616=EDGE_CURVE('',#2021,#1996,#163,.T.);
#1617=EDGE_CURVE('',#2022,#1995,#164,.T.);
#1618=EDGE_CURVE('',#2022,#2021,#2279,.F.);
#1619=EDGE_CURVE('',#2022,#2023,#165,.T.);
#1620=EDGE_CURVE('',#2023,#1994,#166,.T.);
#1621=EDGE_CURVE('',#2024,#1993,#167,.T.);
#1622=EDGE_CURVE('',#2024,#2023,#2280,.F.);
#1623=EDGE_CURVE('',#2025,#1992,#168,.T.);
#1624=EDGE_CURVE('',#2025,#2024,#169,.T.);
#1625=EDGE_CURVE('',#2019,#2025,#2281,.F.);
#1626=EDGE_CURVE('',#2026,#2027,#170,.T.);
#1627=EDGE_CURVE('',#2026,#2028,#2282,.T.);
#1628=EDGE_CURVE('',#2028,#2029,#171,.T.);
#1629=EDGE_CURVE('',#2030,#2029,#2283,.T.);
#1630=EDGE_CURVE('',#2030,#2031,#172,.T.);
#1631=EDGE_CURVE('',#2032,#2031,#2284,.T.);
#1632=EDGE_CURVE('',#2033,#2032,#173,.T.);
#1633=EDGE_CURVE('',#2027,#2033,#2285,.T.);
#1634=EDGE_CURVE('',#1957,#2026,#174,.T.);
#1635=EDGE_CURVE('',#1956,#2027,#175,.T.);
#1636=EDGE_CURVE('',#1958,#2033,#176,.T.);
#1637=EDGE_CURVE('',#1959,#2032,#177,.T.);
#1638=EDGE_CURVE('',#1960,#2031,#178,.T.);
#1639=EDGE_CURVE('',#1961,#2030,#179,.T.);
#1640=EDGE_CURVE('',#1962,#2029,#180,.T.);
#1641=EDGE_CURVE('',#1963,#2028,#181,.T.);
#1642=EDGE_CURVE('',#2034,#2035,#2286,.T.);
#1643=EDGE_CURVE('',#2036,#2035,#182,.T.);
#1644=EDGE_CURVE('',#2037,#2036,#2287,.T.);
#1645=EDGE_CURVE('',#2037,#2034,#183,.T.);
#1646=EDGE_CURVE('',#2035,#2038,#184,.T.);
#1647=EDGE_CURVE('',#2039,#2038,#185,.T.);
#1648=EDGE_CURVE('',#2036,#2039,#186,.T.);
#1649=EDGE_CURVE('',#2038,#2040,#2288,.T.);
#1650=EDGE_CURVE('',#2041,#2040,#187,.T.);
#1651=EDGE_CURVE('',#2039,#2041,#2289,.T.);
#1652=EDGE_CURVE('',#2042,#2040,#188,.T.);
#1653=EDGE_CURVE('',#2043,#2042,#189,.T.);
#1654=EDGE_CURVE('',#2043,#2041,#190,.T.);
#1655=EDGE_CURVE('',#2042,#2044,#2290,.T.);
#1656=EDGE_CURVE('',#2045,#2044,#191,.T.);
#1657=EDGE_CURVE('',#2043,#2045,#2291,.T.);
#1658=EDGE_CURVE('',#2046,#2044,#192,.T.);
#1659=EDGE_CURVE('',#2047,#2046,#193,.T.);
#1660=EDGE_CURVE('',#2047,#2045,#194,.T.);
#1661=EDGE_CURVE('',#2046,#2048,#2292,.T.);
#1662=EDGE_CURVE('',#2049,#2048,#195,.T.);
#1663=EDGE_CURVE('',#2047,#2049,#2293,.T.);
#1664=EDGE_CURVE('',#2050,#2051,#2294,.T.);
#1665=EDGE_CURVE('',#2052,#2050,#196,.T.);
#1666=EDGE_CURVE('',#2052,#2053,#2295,.T.);
#1667=EDGE_CURVE('',#2053,#2051,#197,.T.);
#1668=EDGE_CURVE('',#2054,#2050,#198,.T.);
#1669=EDGE_CURVE('',#2055,#2054,#199,.T.);
#1670=EDGE_CURVE('',#2055,#2052,#200,.T.);
#1671=EDGE_CURVE('',#2056,#2054,#2296,.T.);
#1672=EDGE_CURVE('',#2057,#2056,#201,.T.);
#1673=EDGE_CURVE('',#2057,#2055,#2297,.T.);
#1674=EDGE_CURVE('',#2056,#2058,#202,.T.);
#1675=EDGE_CURVE('',#2059,#2058,#203,.T.);
#1676=EDGE_CURVE('',#2057,#2059,#204,.T.);
#1677=EDGE_CURVE('',#2060,#2058,#2298,.T.);
#1678=EDGE_CURVE('',#2061,#2060,#205,.T.);
#1679=EDGE_CURVE('',#2061,#2059,#2299,.T.);
#1680=EDGE_CURVE('',#2060,#2062,#206,.T.);
#1681=EDGE_CURVE('',#2063,#2062,#207,.T.);
#1682=EDGE_CURVE('',#2061,#2063,#208,.T.);
#1683=EDGE_CURVE('',#2064,#2062,#2300,.T.);
#1684=EDGE_CURVE('',#2065,#2064,#209,.T.);
#1685=EDGE_CURVE('',#2065,#2063,#2301,.T.);
#1686=EDGE_CURVE('',#2066,#2067,#2302,.T.);
#1687=EDGE_CURVE('',#2068,#2066,#210,.T.);
#1688=EDGE_CURVE('',#2068,#2069,#2303,.T.);
#1689=EDGE_CURVE('',#2069,#2067,#211,.T.);
#1690=EDGE_CURVE('',#2070,#2066,#212,.T.);
#1691=EDGE_CURVE('',#2071,#2070,#213,.T.);
#1692=EDGE_CURVE('',#2071,#2068,#214,.T.);
#1693=EDGE_CURVE('',#2072,#2070,#2304,.T.);
#1694=EDGE_CURVE('',#2073,#2072,#215,.T.);
#1695=EDGE_CURVE('',#2073,#2071,#2305,.T.);
#1696=EDGE_CURVE('',#2072,#2074,#216,.T.);
#1697=EDGE_CURVE('',#2075,#2074,#217,.T.);
#1698=EDGE_CURVE('',#2073,#2075,#218,.T.);
#1699=EDGE_CURVE('',#2076,#2074,#2306,.T.);
#1700=EDGE_CURVE('',#2077,#2076,#219,.T.);
#1701=EDGE_CURVE('',#2077,#2075,#2307,.T.);
#1702=EDGE_CURVE('',#2076,#2078,#220,.T.);
#1703=EDGE_CURVE('',#2079,#2078,#221,.T.);
#1704=EDGE_CURVE('',#2077,#2079,#222,.T.);
#1705=EDGE_CURVE('',#2080,#2078,#2308,.T.);
#1706=EDGE_CURVE('',#2081,#2080,#223,.T.);
#1707=EDGE_CURVE('',#2081,#2079,#2309,.T.);
#1708=EDGE_CURVE('',#2082,#2083,#2310,.T.);
#1709=EDGE_CURVE('',#2084,#2082,#224,.T.);
#1710=EDGE_CURVE('',#2084,#2085,#2311,.T.);
#1711=EDGE_CURVE('',#2085,#2083,#225,.T.);
#1712=EDGE_CURVE('',#2086,#2082,#226,.T.);
#1713=EDGE_CURVE('',#2087,#2086,#227,.T.);
#1714=EDGE_CURVE('',#2087,#2084,#228,.T.);
#1715=EDGE_CURVE('',#2088,#2086,#2312,.T.);
#1716=EDGE_CURVE('',#2089,#2088,#229,.T.);
#1717=EDGE_CURVE('',#2089,#2087,#2313,.T.);
#1718=EDGE_CURVE('',#2088,#2090,#230,.T.);
#1719=EDGE_CURVE('',#2091,#2090,#231,.T.);
#1720=EDGE_CURVE('',#2089,#2091,#232,.T.);
#1721=EDGE_CURVE('',#2092,#2090,#2314,.T.);
#1722=EDGE_CURVE('',#2093,#2092,#233,.T.);
#1723=EDGE_CURVE('',#2093,#2091,#2315,.T.);
#1724=EDGE_CURVE('',#2092,#2094,#234,.T.);
#1725=EDGE_CURVE('',#2095,#2094,#235,.T.);
#1726=EDGE_CURVE('',#2093,#2095,#236,.T.);
#1727=EDGE_CURVE('',#2096,#2094,#2316,.T.);
#1728=EDGE_CURVE('',#2097,#2096,#237,.T.);
#1729=EDGE_CURVE('',#2097,#2095,#2317,.T.);
#1730=EDGE_CURVE('',#2098,#2099,#2318,.T.);
#1731=EDGE_CURVE('',#2100,#2098,#238,.T.);
#1732=EDGE_CURVE('',#2100,#2101,#2319,.T.);
#1733=EDGE_CURVE('',#2101,#2099,#239,.T.);
#1734=EDGE_CURVE('',#2102,#2098,#240,.T.);
#1735=EDGE_CURVE('',#2103,#2102,#241,.T.);
#1736=EDGE_CURVE('',#2103,#2100,#242,.T.);
#1737=EDGE_CURVE('',#2104,#2102,#2320,.T.);
#1738=EDGE_CURVE('',#2105,#2104,#243,.T.);
#1739=EDGE_CURVE('',#2105,#2103,#2321,.T.);
#1740=EDGE_CURVE('',#2104,#2106,#244,.T.);
#1741=EDGE_CURVE('',#2107,#2106,#245,.T.);
#1742=EDGE_CURVE('',#2105,#2107,#246,.T.);
#1743=EDGE_CURVE('',#2108,#2106,#2322,.T.);
#1744=EDGE_CURVE('',#2109,#2108,#247,.T.);
#1745=EDGE_CURVE('',#2109,#2107,#2323,.T.);
#1746=EDGE_CURVE('',#2108,#2110,#248,.T.);
#1747=EDGE_CURVE('',#2111,#2110,#249,.T.);
#1748=EDGE_CURVE('',#2109,#2111,#250,.T.);
#1749=EDGE_CURVE('',#2112,#2110,#2324,.T.);
#1750=EDGE_CURVE('',#2113,#2112,#251,.T.);
#1751=EDGE_CURVE('',#2113,#2111,#2325,.T.);
#1752=EDGE_CURVE('',#2114,#2115,#2326,.T.);
#1753=EDGE_CURVE('',#2116,#2114,#252,.T.);
#1754=EDGE_CURVE('',#2116,#2117,#2327,.T.);
#1755=EDGE_CURVE('',#2117,#2115,#253,.T.);
#1756=EDGE_CURVE('',#2118,#2114,#254,.T.);
#1757=EDGE_CURVE('',#2119,#2118,#255,.T.);
#1758=EDGE_CURVE('',#2119,#2116,#256,.T.);
#1759=EDGE_CURVE('',#2120,#2118,#2328,.T.);
#1760=EDGE_CURVE('',#2121,#2120,#257,.T.);
#1761=EDGE_CURVE('',#2121,#2119,#2329,.T.);
#1762=EDGE_CURVE('',#2120,#2122,#258,.T.);
#1763=EDGE_CURVE('',#2123,#2122,#259,.T.);
#1764=EDGE_CURVE('',#2121,#2123,#260,.T.);
#1765=EDGE_CURVE('',#2124,#2122,#2330,.T.);
#1766=EDGE_CURVE('',#2125,#2124,#261,.T.);
#1767=EDGE_CURVE('',#2125,#2123,#2331,.T.);
#1768=EDGE_CURVE('',#2124,#2126,#262,.T.);
#1769=EDGE_CURVE('',#2127,#2126,#263,.T.);
#1770=EDGE_CURVE('',#2125,#2127,#264,.T.);
#1771=EDGE_CURVE('',#2128,#2126,#2332,.T.);
#1772=EDGE_CURVE('',#2129,#2128,#265,.T.);
#1773=EDGE_CURVE('',#2129,#2127,#2333,.T.);
#1774=EDGE_CURVE('',#2130,#2131,#2334,.T.);
#1775=EDGE_CURVE('',#2132,#2130,#266,.T.);
#1776=EDGE_CURVE('',#2132,#2133,#2335,.T.);
#1777=EDGE_CURVE('',#2133,#2131,#267,.T.);
#1778=EDGE_CURVE('',#2134,#2130,#268,.T.);
#1779=EDGE_CURVE('',#2135,#2134,#269,.T.);
#1780=EDGE_CURVE('',#2135,#2132,#270,.T.);
#1781=EDGE_CURVE('',#2136,#2134,#2336,.T.);
#1782=EDGE_CURVE('',#2137,#2136,#271,.T.);
#1783=EDGE_CURVE('',#2137,#2135,#2337,.T.);
#1784=EDGE_CURVE('',#2136,#2138,#272,.T.);
#1785=EDGE_CURVE('',#2139,#2138,#273,.T.);
#1786=EDGE_CURVE('',#2137,#2139,#274,.T.);
#1787=EDGE_CURVE('',#2140,#2138,#2338,.T.);
#1788=EDGE_CURVE('',#2141,#2140,#275,.T.);
#1789=EDGE_CURVE('',#2141,#2139,#2339,.T.);
#1790=EDGE_CURVE('',#2140,#2142,#276,.T.);
#1791=EDGE_CURVE('',#2143,#2142,#277,.T.);
#1792=EDGE_CURVE('',#2141,#2143,#278,.T.);
#1793=EDGE_CURVE('',#2144,#2142,#2340,.T.);
#1794=EDGE_CURVE('',#2145,#2144,#279,.T.);
#1795=EDGE_CURVE('',#2145,#2143,#2341,.T.);
#1796=EDGE_CURVE('',#2146,#2147,#2342,.T.);
#1797=EDGE_CURVE('',#2148,#2146,#280,.T.);
#1798=EDGE_CURVE('',#2148,#2149,#2343,.T.);
#1799=EDGE_CURVE('',#2149,#2147,#281,.T.);
#1800=EDGE_CURVE('',#2150,#2146,#282,.T.);
#1801=EDGE_CURVE('',#2151,#2150,#283,.T.);
#1802=EDGE_CURVE('',#2151,#2148,#284,.T.);
#1803=EDGE_CURVE('',#2152,#2150,#2344,.T.);
#1804=EDGE_CURVE('',#2153,#2152,#285,.T.);
#1805=EDGE_CURVE('',#2153,#2151,#2345,.T.);
#1806=EDGE_CURVE('',#2152,#2154,#286,.T.);
#1807=EDGE_CURVE('',#2155,#2154,#287,.T.);
#1808=EDGE_CURVE('',#2153,#2155,#288,.T.);
#1809=EDGE_CURVE('',#2156,#2154,#2346,.T.);
#1810=EDGE_CURVE('',#2157,#2156,#289,.T.);
#1811=EDGE_CURVE('',#2157,#2155,#2347,.T.);
#1812=EDGE_CURVE('',#2156,#2158,#290,.T.);
#1813=EDGE_CURVE('',#2159,#2158,#291,.T.);
#1814=EDGE_CURVE('',#2157,#2159,#292,.T.);
#1815=EDGE_CURVE('',#2160,#2158,#2348,.T.);
#1816=EDGE_CURVE('',#2161,#2160,#293,.T.);
#1817=EDGE_CURVE('',#2161,#2159,#2349,.T.);
#1818=EDGE_CURVE('',#2162,#2163,#2350,.T.);
#1819=EDGE_CURVE('',#2164,#2162,#294,.T.);
#1820=EDGE_CURVE('',#2164,#2165,#2351,.T.);
#1821=EDGE_CURVE('',#2165,#2163,#295,.T.);
#1822=EDGE_CURVE('',#2166,#2162,#296,.T.);
#1823=EDGE_CURVE('',#2167,#2166,#297,.T.);
#1824=EDGE_CURVE('',#2167,#2164,#298,.T.);
#1825=EDGE_CURVE('',#2168,#2166,#2352,.T.);
#1826=EDGE_CURVE('',#2169,#2168,#299,.T.);
#1827=EDGE_CURVE('',#2169,#2167,#2353,.T.);
#1828=EDGE_CURVE('',#2168,#2170,#300,.T.);
#1829=EDGE_CURVE('',#2171,#2170,#301,.T.);
#1830=EDGE_CURVE('',#2169,#2171,#302,.T.);
#1831=EDGE_CURVE('',#2172,#2170,#2354,.T.);
#1832=EDGE_CURVE('',#2173,#2172,#303,.T.);
#1833=EDGE_CURVE('',#2173,#2171,#2355,.T.);
#1834=EDGE_CURVE('',#2172,#2174,#304,.T.);
#1835=EDGE_CURVE('',#2175,#2174,#305,.T.);
#1836=EDGE_CURVE('',#2173,#2175,#306,.T.);
#1837=EDGE_CURVE('',#2176,#2174,#2356,.T.);
#1838=EDGE_CURVE('',#2177,#2176,#307,.T.);
#1839=EDGE_CURVE('',#2177,#2175,#2357,.T.);
#1840=EDGE_CURVE('',#2178,#2179,#2358,.T.);
#1841=EDGE_CURVE('',#2180,#2178,#308,.T.);
#1842=EDGE_CURVE('',#2180,#2181,#2359,.T.);
#1843=EDGE_CURVE('',#2181,#2179,#309,.T.);
#1844=EDGE_CURVE('',#2182,#2178,#310,.T.);
#1845=EDGE_CURVE('',#2183,#2182,#311,.T.);
#1846=EDGE_CURVE('',#2183,#2180,#312,.T.);
#1847=EDGE_CURVE('',#2184,#2182,#2360,.T.);
#1848=EDGE_CURVE('',#2185,#2184,#313,.T.);
#1849=EDGE_CURVE('',#2185,#2183,#2361,.T.);
#1850=EDGE_CURVE('',#2184,#2186,#314,.T.);
#1851=EDGE_CURVE('',#2187,#2186,#315,.T.);
#1852=EDGE_CURVE('',#2185,#2187,#316,.T.);
#1853=EDGE_CURVE('',#2188,#2186,#2362,.T.);
#1854=EDGE_CURVE('',#2189,#2188,#317,.T.);
#1855=EDGE_CURVE('',#2189,#2187,#2363,.T.);
#1856=EDGE_CURVE('',#2188,#2190,#318,.T.);
#1857=EDGE_CURVE('',#2191,#2190,#319,.T.);
#1858=EDGE_CURVE('',#2189,#2191,#320,.T.);
#1859=EDGE_CURVE('',#2192,#2190,#2364,.T.);
#1860=EDGE_CURVE('',#2193,#2192,#321,.T.);
#1861=EDGE_CURVE('',#2193,#2191,#2365,.T.);
#1862=EDGE_CURVE('',#2051,#2064,#322,.T.);
#1863=EDGE_CURVE('',#2053,#2065,#323,.T.);
#1864=EDGE_CURVE('',#2067,#2080,#324,.T.);
#1865=EDGE_CURVE('',#2069,#2081,#325,.T.);
#1866=EDGE_CURVE('',#2083,#2096,#326,.T.);
#1867=EDGE_CURVE('',#2085,#2097,#327,.T.);
#1868=EDGE_CURVE('',#2099,#2112,#328,.T.);
#1869=EDGE_CURVE('',#2101,#2113,#329,.T.);
#1870=EDGE_CURVE('',#2115,#2128,#330,.T.);
#1871=EDGE_CURVE('',#2117,#2129,#331,.T.);
#1872=EDGE_CURVE('',#2131,#2144,#332,.T.);
#1873=EDGE_CURVE('',#2133,#2145,#333,.T.);
#1874=EDGE_CURVE('',#2147,#2160,#334,.T.);
#1875=EDGE_CURVE('',#2149,#2161,#335,.T.);
#1876=EDGE_CURVE('',#2163,#2176,#336,.T.);
#1877=EDGE_CURVE('',#2165,#2177,#337,.T.);
#1878=EDGE_CURVE('',#2179,#2192,#338,.T.);
#1879=EDGE_CURVE('',#2181,#2193,#339,.T.);
#1880=EDGE_CURVE('',#2034,#2048,#340,.T.);
#1881=EDGE_CURVE('',#2037,#2049,#341,.T.);
#1882=EDGE_CURVE('',#2194,#2194,#2366,.T.);
#1883=EDGE_CURVE('',#2195,#2195,#2367,.T.);
#1884=EDGE_CURVE('',#2196,#2197,#342,.T.);
#1885=EDGE_CURVE('',#2198,#2197,#2368,.T.);
#1886=EDGE_CURVE('',#2198,#2199,#343,.T.);
#1887=EDGE_CURVE('',#2200,#2199,#2369,.T.);
#1888=EDGE_CURVE('',#2200,#2201,#344,.T.);
#1889=EDGE_CURVE('',#2202,#2201,#2370,.T.);
#1890=EDGE_CURVE('',#2202,#2203,#345,.T.);
#1891=EDGE_CURVE('',#2196,#2203,#2371,.T.);
#1892=EDGE_CURVE('',#2204,#2205,#346,.T.);
#1893=EDGE_CURVE('',#2206,#2205,#347,.T.);
#1894=EDGE_CURVE('',#2207,#2206,#348,.T.);
#1895=EDGE_CURVE('',#2207,#2204,#349,.T.);
#1896=EDGE_CURVE('',#2208,#2209,#350,.T.);
#1897=EDGE_CURVE('',#2208,#2210,#351,.T.);
#1898=EDGE_CURVE('',#2210,#2211,#352,.T.);
#1899=EDGE_CURVE('',#2209,#2211,#353,.T.);
#1900=EDGE_CURVE('',#2212,#2204,#354,.T.);
#1901=EDGE_CURVE('',#2212,#2213,#355,.T.);
#1902=EDGE_CURVE('',#2213,#2205,#356,.T.);
#1903=EDGE_CURVE('',#2214,#2207,#357,.T.);
#1904=EDGE_CURVE('',#2214,#2212,#358,.T.);
#1905=EDGE_CURVE('',#2215,#2206,#359,.T.);
#1906=EDGE_CURVE('',#2214,#2215,#360,.T.);
#1907=EDGE_CURVE('',#2216,#2216,#2372,.T.);
#1908=EDGE_CURVE('',#2215,#2213,#361,.T.);
#1909=EDGE_CURVE('',#2217,#2217,#2373,.T.);
#1910=EDGE_CURVE('',#2218,#2219,#362,.F.);
#1911=EDGE_CURVE('',#2219,#2220,#2374,.T.);
#1912=EDGE_CURVE('',#2220,#2221,#363,.F.);
#1913=EDGE_CURVE('',#2221,#2222,#2375,.T.);
#1914=EDGE_CURVE('',#2222,#2223,#364,.F.);
#1915=EDGE_CURVE('',#2223,#2224,#2376,.T.);
#1916=EDGE_CURVE('',#2224,#2225,#365,.F.);
#1917=EDGE_CURVE('',#2225,#2218,#2377,.T.);
#1918=EDGE_CURVE('',#2198,#2223,#2378,.T.);
#1919=EDGE_CURVE('',#2224,#2197,#2379,.T.);
#1920=EDGE_CURVE('',#2225,#2196,#2380,.T.);
#1921=EDGE_CURVE('',#2199,#2222,#2381,.T.);
#1922=EDGE_CURVE('',#2218,#2203,#2382,.T.);
#1923=EDGE_CURVE('',#2200,#2221,#2383,.T.);
#1924=EDGE_CURVE('',#2219,#2202,#2384,.T.);
#1925=EDGE_CURVE('',#2201,#2220,#2385,.T.);
#1926=EDGE_CURVE('',#2209,#2226,#10,.T.);
#1927=EDGE_CURVE('',#2227,#2226,#366,.T.);
#1928=EDGE_CURVE('',#2208,#2227,#11,.T.);
#1929=EDGE_CURVE('',#2228,#2226,#367,.T.);
#1930=EDGE_CURVE('',#2229,#2228,#368,.T.);
#1931=EDGE_CURVE('',#2229,#2227,#369,.T.);
#1932=EDGE_CURVE('',#2230,#2228,#12,.T.);
#1933=EDGE_CURVE('',#2231,#2230,#370,.T.);
#1934=EDGE_CURVE('',#2231,#2229,#13,.T.);
#1935=EDGE_CURVE('',#2232,#2230,#371,.T.);
#1936=EDGE_CURVE('',#2233,#2232,#372,.T.);
#1937=EDGE_CURVE('',#2233,#2231,#373,.T.);
#1938=EDGE_CURVE('',#2232,#2234,#14,.T.);
#1939=EDGE_CURVE('',#2235,#2234,#374,.T.);
#1940=EDGE_CURVE('',#2233,#2235,#15,.T.);
#1941=EDGE_CURVE('',#2236,#2234,#375,.T.);
#1942=EDGE_CURVE('',#2237,#2236,#376,.T.);
#1943=EDGE_CURVE('',#2237,#2235,#377,.T.);
#1944=EDGE_CURVE('',#2238,#2238,#2386,.T.);
#1945=EDGE_CURVE('',#2239,#2239,#2387,.T.);
#1946=EDGE_CURVE('',#2211,#2236,#16,.T.);
#1947=EDGE_CURVE('',#2210,#2237,#17,.T.);
#1948=EDGE_CURVE('',#2240,#2240,#2388,.T.);
#1949=EDGE_CURVE('',#2241,#2241,#2389,.T.);
#1950=VERTEX_POINT('',#4247);
#1951=VERTEX_POINT('',#4249);
#1952=VERTEX_POINT('',#4251);
#1953=VERTEX_POINT('',#4252);
#1954=VERTEX_POINT('',#4254);
#1955=VERTEX_POINT('',#4256);
#1956=VERTEX_POINT('',#4259);
#1957=VERTEX_POINT('',#4260);
#1958=VERTEX_POINT('',#4262);
#1959=VERTEX_POINT('',#4264);
#1960=VERTEX_POINT('',#4266);
#1961=VERTEX_POINT('',#4268);
#1962=VERTEX_POINT('',#4270);
#1963=VERTEX_POINT('',#4272);
#1964=VERTEX_POINT('',#4276);
#1965=VERTEX_POINT('',#4278);
#1966=VERTEX_POINT('',#4280);
#1967=VERTEX_POINT('',#4282);
#1968=VERTEX_POINT('',#4284);
#1969=VERTEX_POINT('',#4286);
#1970=VERTEX_POINT('',#4289);
#1971=VERTEX_POINT('',#4290);
#1972=VERTEX_POINT('',#4292);
#1973=VERTEX_POINT('',#4294);
#1974=VERTEX_POINT('',#4296);
#1975=VERTEX_POINT('',#4298);
#1976=VERTEX_POINT('',#4300);
#1977=VERTEX_POINT('',#4302);
#1978=VERTEX_POINT('',#4306);
#1979=VERTEX_POINT('',#4310);
#1980=VERTEX_POINT('',#4314);
#1981=VERTEX_POINT('',#4318);
#1982=VERTEX_POINT('',#4322);
#1983=VERTEX_POINT('',#4326);
#1984=VERTEX_POINT('',#4333);
#1985=VERTEX_POINT('',#4335);
#1986=VERTEX_POINT('',#4339);
#1987=VERTEX_POINT('',#4343);
#1988=VERTEX_POINT('',#4345);
#1989=VERTEX_POINT('',#4347);
#1990=VERTEX_POINT('',#4348);
#1991=VERTEX_POINT('',#4350);
#1992=VERTEX_POINT('',#4352);
#1993=VERTEX_POINT('',#4354);
#1994=VERTEX_POINT('',#4356);
#1995=VERTEX_POINT('',#4358);
#1996=VERTEX_POINT('',#4360);
#1997=VERTEX_POINT('',#4363);
#1998=VERTEX_POINT('',#4367);
#1999=VERTEX_POINT('',#4371);
#2000=VERTEX_POINT('',#4375);
#2001=VERTEX_POINT('',#4379);
#2002=VERTEX_POINT('',#4385);
#2003=VERTEX_POINT('',#4386);
#2004=VERTEX_POINT('',#4388);
#2005=VERTEX_POINT('',#4390);
#2006=VERTEX_POINT('',#4394);
#2007=VERTEX_POINT('',#4396);
#2008=VERTEX_POINT('',#4400);
#2009=VERTEX_POINT('',#4402);
#2010=VERTEX_POINT('',#4406);
#2011=VERTEX_POINT('',#4408);
#2012=VERTEX_POINT('',#4412);
#2013=VERTEX_POINT('',#4414);
#2014=VERTEX_POINT('',#4418);
#2015=VERTEX_POINT('',#4420);
#2016=VERTEX_POINT('',#4424);
#2017=VERTEX_POINT('',#4426);
#2018=VERTEX_POINT('',#4435);
#2019=VERTEX_POINT('',#4437);
#2020=VERTEX_POINT('',#4441);
#2021=VERTEX_POINT('',#4445);
#2022=VERTEX_POINT('',#4449);
#2023=VERTEX_POINT('',#4453);
#2024=VERTEX_POINT('',#4457);
#2025=VERTEX_POINT('',#4461);
#2026=VERTEX_POINT('',#4467);
#2027=VERTEX_POINT('',#4468);
#2028=VERTEX_POINT('',#4470);
#2029=VERTEX_POINT('',#4472);
#2030=VERTEX_POINT('',#4474);
#2031=VERTEX_POINT('',#4476);
#2032=VERTEX_POINT('',#4478);
#2033=VERTEX_POINT('',#4480);
#2034=VERTEX_POINT('',#4503);
#2035=VERTEX_POINT('',#4504);
#2036=VERTEX_POINT('',#4506);
#2037=VERTEX_POINT('',#4508);
#2038=VERTEX_POINT('',#4512);
#2039=VERTEX_POINT('',#4514);
#2040=VERTEX_POINT('',#4518);
#2041=VERTEX_POINT('',#4520);
#2042=VERTEX_POINT('',#4524);
#2043=VERTEX_POINT('',#4526);
#2044=VERTEX_POINT('',#4530);
#2045=VERTEX_POINT('',#4532);
#2046=VERTEX_POINT('',#4536);
#2047=VERTEX_POINT('',#4538);
#2048=VERTEX_POINT('',#4542);
#2049=VERTEX_POINT('',#4544);
#2050=VERTEX_POINT('',#4548);
#2051=VERTEX_POINT('',#4549);
#2052=VERTEX_POINT('',#4551);
#2053=VERTEX_POINT('',#4553);
#2054=VERTEX_POINT('',#4557);
#2055=VERTEX_POINT('',#4559);
#2056=VERTEX_POINT('',#4563);
#2057=VERTEX_POINT('',#4565);
#2058=VERTEX_POINT('',#4569);
#2059=VERTEX_POINT('',#4571);
#2060=VERTEX_POINT('',#4575);
#2061=VERTEX_POINT('',#4577);
#2062=VERTEX_POINT('',#4581);
#2063=VERTEX_POINT('',#4583);
#2064=VERTEX_POINT('',#4587);
#2065=VERTEX_POINT('',#4589);
#2066=VERTEX_POINT('',#4593);
#2067=VERTEX_POINT('',#4594);
#2068=VERTEX_POINT('',#4596);
#2069=VERTEX_POINT('',#4598);
#2070=VERTEX_POINT('',#4602);
#2071=VERTEX_POINT('',#4604);
#2072=VERTEX_POINT('',#4608);
#2073=VERTEX_POINT('',#4610);
#2074=VERTEX_POINT('',#4614);
#2075=VERTEX_POINT('',#4616);
#2076=VERTEX_POINT('',#4620);
#2077=VERTEX_POINT('',#4622);
#2078=VERTEX_POINT('',#4626);
#2079=VERTEX_POINT('',#4628);
#2080=VERTEX_POINT('',#4632);
#2081=VERTEX_POINT('',#4634);
#2082=VERTEX_POINT('',#4638);
#2083=VERTEX_POINT('',#4639);
#2084=VERTEX_POINT('',#4641);
#2085=VERTEX_POINT('',#4643);
#2086=VERTEX_POINT('',#4647);
#2087=VERTEX_POINT('',#4649);
#2088=VERTEX_POINT('',#4653);
#2089=VERTEX_POINT('',#4655);
#2090=VERTEX_POINT('',#4659);
#2091=VERTEX_POINT('',#4661);
#2092=VERTEX_POINT('',#4665);
#2093=VERTEX_POINT('',#4667);
#2094=VERTEX_POINT('',#4671);
#2095=VERTEX_POINT('',#4673);
#2096=VERTEX_POINT('',#4677);
#2097=VERTEX_POINT('',#4679);
#2098=VERTEX_POINT('',#4683);
#2099=VERTEX_POINT('',#4684);
#2100=VERTEX_POINT('',#4686);
#2101=VERTEX_POINT('',#4688);
#2102=VERTEX_POINT('',#4692);
#2103=VERTEX_POINT('',#4694);
#2104=VERTEX_POINT('',#4698);
#2105=VERTEX_POINT('',#4700);
#2106=VERTEX_POINT('',#4704);
#2107=VERTEX_POINT('',#4706);
#2108=VERTEX_POINT('',#4710);
#2109=VERTEX_POINT('',#4712);
#2110=VERTEX_POINT('',#4716);
#2111=VERTEX_POINT('',#4718);
#2112=VERTEX_POINT('',#4722);
#2113=VERTEX_POINT('',#4724);
#2114=VERTEX_POINT('',#4728);
#2115=VERTEX_POINT('',#4729);
#2116=VERTEX_POINT('',#4731);
#2117=VERTEX_POINT('',#4733);
#2118=VERTEX_POINT('',#4737);
#2119=VERTEX_POINT('',#4739);
#2120=VERTEX_POINT('',#4743);
#2121=VERTEX_POINT('',#4745);
#2122=VERTEX_POINT('',#4749);
#2123=VERTEX_POINT('',#4751);
#2124=VERTEX_POINT('',#4755);
#2125=VERTEX_POINT('',#4757);
#2126=VERTEX_POINT('',#4761);
#2127=VERTEX_POINT('',#4763);
#2128=VERTEX_POINT('',#4767);
#2129=VERTEX_POINT('',#4769);
#2130=VERTEX_POINT('',#4773);
#2131=VERTEX_POINT('',#4774);
#2132=VERTEX_POINT('',#4776);
#2133=VERTEX_POINT('',#4778);
#2134=VERTEX_POINT('',#4782);
#2135=VERTEX_POINT('',#4784);
#2136=VERTEX_POINT('',#4788);
#2137=VERTEX_POINT('',#4790);
#2138=VERTEX_POINT('',#4794);
#2139=VERTEX_POINT('',#4796);
#2140=VERTEX_POINT('',#4800);
#2141=VERTEX_POINT('',#4802);
#2142=VERTEX_POINT('',#4806);
#2143=VERTEX_POINT('',#4808);
#2144=VERTEX_POINT('',#4812);
#2145=VERTEX_POINT('',#4814);
#2146=VERTEX_POINT('',#4818);
#2147=VERTEX_POINT('',#4819);
#2148=VERTEX_POINT('',#4821);
#2149=VERTEX_POINT('',#4823);
#2150=VERTEX_POINT('',#4827);
#2151=VERTEX_POINT('',#4829);
#2152=VERTEX_POINT('',#4833);
#2153=VERTEX_POINT('',#4835);
#2154=VERTEX_POINT('',#4839);
#2155=VERTEX_POINT('',#4841);
#2156=VERTEX_POINT('',#4845);
#2157=VERTEX_POINT('',#4847);
#2158=VERTEX_POINT('',#4851);
#2159=VERTEX_POINT('',#4853);
#2160=VERTEX_POINT('',#4857);
#2161=VERTEX_POINT('',#4859);
#2162=VERTEX_POINT('',#4863);
#2163=VERTEX_POINT('',#4864);
#2164=VERTEX_POINT('',#4866);
#2165=VERTEX_POINT('',#4868);
#2166=VERTEX_POINT('',#4872);
#2167=VERTEX_POINT('',#4874);
#2168=VERTEX_POINT('',#4878);
#2169=VERTEX_POINT('',#4880);
#2170=VERTEX_POINT('',#4884);
#2171=VERTEX_POINT('',#4886);
#2172=VERTEX_POINT('',#4890);
#2173=VERTEX_POINT('',#4892);
#2174=VERTEX_POINT('',#4896);
#2175=VERTEX_POINT('',#4898);
#2176=VERTEX_POINT('',#4902);
#2177=VERTEX_POINT('',#4904);
#2178=VERTEX_POINT('',#4908);
#2179=VERTEX_POINT('',#4909);
#2180=VERTEX_POINT('',#4911);
#2181=VERTEX_POINT('',#4913);
#2182=VERTEX_POINT('',#4917);
#2183=VERTEX_POINT('',#4919);
#2184=VERTEX_POINT('',#4923);
#2185=VERTEX_POINT('',#4925);
#2186=VERTEX_POINT('',#4929);
#2187=VERTEX_POINT('',#4931);
#2188=VERTEX_POINT('',#4935);
#2189=VERTEX_POINT('',#4937);
#2190=VERTEX_POINT('',#4941);
#2191=VERTEX_POINT('',#4943);
#2192=VERTEX_POINT('',#4947);
#2193=VERTEX_POINT('',#4949);
#2194=VERTEX_POINT('',#4986);
#2195=VERTEX_POINT('',#4988);
#2196=VERTEX_POINT('',#4990);
#2197=VERTEX_POINT('',#4991);
#2198=VERTEX_POINT('',#4993);
#2199=VERTEX_POINT('',#4995);
#2200=VERTEX_POINT('',#4997);
#2201=VERTEX_POINT('',#4999);
#2202=VERTEX_POINT('',#5001);
#2203=VERTEX_POINT('',#5003);
#2204=VERTEX_POINT('',#5006);
#2205=VERTEX_POINT('',#5007);
#2206=VERTEX_POINT('',#5009);
#2207=VERTEX_POINT('',#5011);
#2208=VERTEX_POINT('',#5014);
#2209=VERTEX_POINT('',#5015);
#2210=VERTEX_POINT('',#5017);
#2211=VERTEX_POINT('',#5019);
#2212=VERTEX_POINT('',#5023);
#2213=VERTEX_POINT('',#5025);
#2214=VERTEX_POINT('',#5029);
#2215=VERTEX_POINT('',#5033);
#2216=VERTEX_POINT('',#5037);
#2217=VERTEX_POINT('',#5042);
#2218=VERTEX_POINT('',#5045);
#2219=VERTEX_POINT('',#5046);
#2220=VERTEX_POINT('',#5048);
#2221=VERTEX_POINT('',#5050);
#2222=VERTEX_POINT('',#5052);
#2223=VERTEX_POINT('',#5054);
#2224=VERTEX_POINT('',#5056);
#2225=VERTEX_POINT('',#5058);
#2226=VERTEX_POINT('',#5088);
#2227=VERTEX_POINT('',#5090);
#2228=VERTEX_POINT('',#5097);
#2229=VERTEX_POINT('',#5099);
#2230=VERTEX_POINT('',#5113);
#2231=VERTEX_POINT('',#5115);
#2232=VERTEX_POINT('',#5122);
#2233=VERTEX_POINT('',#5124);
#2234=VERTEX_POINT('',#5138);
#2235=VERTEX_POINT('',#5140);
#2236=VERTEX_POINT('',#5147);
#2237=VERTEX_POINT('',#5149);
#2238=VERTEX_POINT('',#5153);
#2239=VERTEX_POINT('',#5155);
#2240=VERTEX_POINT('',#5174);
#2241=VERTEX_POINT('',#5176);
#2242=CIRCLE('',#3061,0.00145);
#2243=CIRCLE('',#3062,0.00145);
#2244=CIRCLE('',#3063,0.00325);
#2245=CIRCLE('',#3064,0.00325);
#2246=CIRCLE('',#3065,0.00325);
#2247=CIRCLE('',#3066,0.00325);
#2248=CIRCLE('',#3068,0.00850000050619829);
#2249=CIRCLE('',#3069,0.00850000050619819);
#2250=CIRCLE('',#3070,0.00850000050625);
#2251=CIRCLE('',#3071,0.00850000050619998);
#2252=CIRCLE('',#3072,0.005500001012403);
#2253=CIRCLE('',#3073,0.00550000101240299);
#2254=CIRCLE('',#3074,0.005500001012403);
#2255=CIRCLE('',#3075,0.00550000101240301);
#2256=CIRCLE('',#3077,0.00850000050619829);
#2257=CIRCLE('',#3080,0.00850000050619819);
#2258=CIRCLE('',#3083,0.00850000050625);
#2259=CIRCLE('',#3086,0.00850000050619998);
#2260=CIRCLE('',#3090,0.00550000101240302);
#2261=CIRCLE('',#3092,0.00145);
#2262=CIRCLE('',#3093,0.00145);
#2263=CIRCLE('',#3094,0.00125);
#2264=CIRCLE('',#3095,0.00125);
#2265=CIRCLE('',#3096,0.00125);
#2266=CIRCLE('',#3097,0.00125);
#2267=CIRCLE('',#3099,0.00550000101240299);
#2268=CIRCLE('',#3102,0.00550000101240299);
#2269=CIRCLE('',#3105,0.005500001012403);
#2270=CIRCLE('',#3107,0.00399999999999326);
#2271=CIRCLE('',#3108,0.00399999999999326);
#2272=CIRCLE('',#3111,0.00399999999994829);
#2273=CIRCLE('',#3112,0.00399999999994829);
#2274=CIRCLE('',#3115,0.00400000101241003);
#2275=CIRCLE('',#3116,0.00400000101241003);
#2276=CIRCLE('',#3119,0.0040000010124102);
#2277=CIRCLE('',#3120,0.0040000010124102);
#2278=CIRCLE('',#3126,0.00125);
#2279=CIRCLE('',#3129,0.00125);
#2280=CIRCLE('',#3132,0.00125);
#2281=CIRCLE('',#3135,0.00125);
#2282=CIRCLE('',#3137,0.00325);
#2283=CIRCLE('',#3138,0.00325);
#2284=CIRCLE('',#3139,0.00325);
#2285=CIRCLE('',#3140,0.00325);
#2286=CIRCLE('',#3153,0.005500001012403);
#2287=CIRCLE('',#3154,0.005500001012403);
#2288=CIRCLE('',#3157,0.00550000101240301);
#2289=CIRCLE('',#3158,0.00550000101240301);
#2290=CIRCLE('',#3161,0.005500001012403);
#2291=CIRCLE('',#3162,0.005500001012403);
#2292=CIRCLE('',#3165,0.00550000101240298);
#2293=CIRCLE('',#3166,0.00550000101240298);
#2294=CIRCLE('',#3168,0.0005);
#2295=CIRCLE('',#3169,0.0005);
#2296=CIRCLE('',#3172,0.000499999999999991);
#2297=CIRCLE('',#3173,0.000499999999999991);
#2298=CIRCLE('',#3176,0.0005);
#2299=CIRCLE('',#3177,0.0005);
#2300=CIRCLE('',#3180,0.0005);
#2301=CIRCLE('',#3181,0.0005);
#2302=CIRCLE('',#3183,0.0005);
#2303=CIRCLE('',#3184,0.0005);
#2304=CIRCLE('',#3187,0.000499999999999994);
#2305=CIRCLE('',#3188,0.000499999999999994);
#2306=CIRCLE('',#3191,0.0005);
#2307=CIRCLE('',#3192,0.0005);
#2308=CIRCLE('',#3195,0.0005);
#2309=CIRCLE('',#3196,0.0005);
#2310=CIRCLE('',#3198,0.0005);
#2311=CIRCLE('',#3199,0.0005);
#2312=CIRCLE('',#3202,0.000499999999999994);
#2313=CIRCLE('',#3203,0.000499999999999994);
#2314=CIRCLE('',#3206,0.0005);
#2315=CIRCLE('',#3207,0.0005);
#2316=CIRCLE('',#3210,0.0005);
#2317=CIRCLE('',#3211,0.0005);
#2318=CIRCLE('',#3213,0.0005);
#2319=CIRCLE('',#3214,0.0005);
#2320=CIRCLE('',#3217,0.000499999999999991);
#2321=CIRCLE('',#3218,0.000499999999999991);
#2322=CIRCLE('',#3221,0.0005);
#2323=CIRCLE('',#3222,0.0005);
#2324=CIRCLE('',#3225,0.0005);
#2325=CIRCLE('',#3226,0.0005);
#2326=CIRCLE('',#3228,0.0005);
#2327=CIRCLE('',#3229,0.0005);
#2328=CIRCLE('',#3232,0.00049999999999999);
#2329=CIRCLE('',#3233,0.00049999999999999);
#2330=CIRCLE('',#3236,0.0005);
#2331=CIRCLE('',#3237,0.0005);
#2332=CIRCLE('',#3240,0.0005);
#2333=CIRCLE('',#3241,0.0005);
#2334=CIRCLE('',#3243,0.0005);
#2335=CIRCLE('',#3244,0.0005);
#2336=CIRCLE('',#3247,0.0005);
#2337=CIRCLE('',#3248,0.0005);
#2338=CIRCLE('',#3251,0.0005);
#2339=CIRCLE('',#3252,0.0005);
#2340=CIRCLE('',#3255,0.0005);
#2341=CIRCLE('',#3256,0.0005);
#2342=CIRCLE('',#3258,0.0005);
#2343=CIRCLE('',#3259,0.0005);
#2344=CIRCLE('',#3262,0.000499999999999994);
#2345=CIRCLE('',#3263,0.000499999999999994);
#2346=CIRCLE('',#3266,0.0005);
#2347=CIRCLE('',#3267,0.0005);
#2348=CIRCLE('',#3270,0.0005);
#2349=CIRCLE('',#3271,0.0005);
#2350=CIRCLE('',#3273,0.0005);
#2351=CIRCLE('',#3274,0.0005);
#2352=CIRCLE('',#3277,0.000499999999999994);
#2353=CIRCLE('',#3278,0.000499999999999994);
#2354=CIRCLE('',#3281,0.0005);
#2355=CIRCLE('',#3282,0.0005);
#2356=CIRCLE('',#3285,0.0005);
#2357=CIRCLE('',#3286,0.0005);
#2358=CIRCLE('',#3288,0.0005);
#2359=CIRCLE('',#3289,0.0005);
#2360=CIRCLE('',#3292,0.000499999999999994);
#2361=CIRCLE('',#3293,0.000499999999999994);
#2362=CIRCLE('',#3296,0.0005);
#2363=CIRCLE('',#3297,0.0005);
#2364=CIRCLE('',#3300,0.0005);
#2365=CIRCLE('',#3301,0.0005);
#2366=CIRCLE('',#3316,0.004);
#2367=CIRCLE('',#3317,0.004);
#2368=CIRCLE('',#3318,0.0085000005062);
#2369=CIRCLE('',#3319,0.0085000005062);
#2370=CIRCLE('',#3320,0.00850000050625001);
#2371=CIRCLE('',#3321,0.00850000050619819);
#2372=CIRCLE('',#3326,0.004);
#2373=CIRCLE('',#3329,0.004);
#2374=CIRCLE('',#3331,0.00550000050625001);
#2375=CIRCLE('',#3332,0.0055000005062);
#2376=CIRCLE('',#3333,0.0055000005062);
#2377=CIRCLE('',#3334,0.00550000050619819);
#2378=CIRCLE('',#3336,0.003);
#2379=CIRCLE('',#3337,0.003);
#2380=CIRCLE('',#3339,0.003);
#2381=CIRCLE('',#3341,0.003);
#2382=CIRCLE('',#3343,0.003);
#2383=CIRCLE('',#3345,0.003);
#2384=CIRCLE('',#3347,0.003);
#2385=CIRCLE('',#3349,0.003);
#2386=CIRCLE('',#3355,0.00145);
#2387=CIRCLE('',#3356,0.00145);
#2388=CIRCLE('',#3358,0.00145);
#2389=CIRCLE('',#3359,0.00145);
#2390=EDGE_LOOP('',(#654));
#2391=EDGE_LOOP('',(#655));
#2392=EDGE_LOOP('',(#656,#657,#658,#659));
#2393=EDGE_LOOP('',(#660,#661,#662,#663,#664,#665,#666,#667));
#2394=EDGE_LOOP('',(#668,#669,#670,#671,#672,#673,#674,#675));
#2395=EDGE_LOOP('',(#676,#677,#678,#679,#680,#681,#682,#683));
#2396=EDGE_LOOP('',(#684,#685,#686,#687));
#2397=EDGE_LOOP('',(#688,#689,#690,#691));
#2398=EDGE_LOOP('',(#692,#693,#694,#695));
#2399=EDGE_LOOP('',(#696,#697,#698,#699));
#2400=EDGE_LOOP('',(#700,#701,#702,#703));
#2401=EDGE_LOOP('',(#704,#705,#706,#707));
#2402=EDGE_LOOP('',(#708,#709,#710,#711));
#2403=EDGE_LOOP('',(#712,#713,#714,#715,#716,#717,#718,#719));
#2404=EDGE_LOOP('',(#720,#721,#722,#723));
#2405=EDGE_LOOP('',(#724,#725,#726,#727));
#2406=EDGE_LOOP('',(#728));
#2407=EDGE_LOOP('',(#729));
#2408=EDGE_LOOP('',(#730,#731,#732,#733,#734,#735,#736,#737));
#2409=EDGE_LOOP('',(#738,#739,#740,#741));
#2410=EDGE_LOOP('',(#742,#743,#744,#745));
#2411=EDGE_LOOP('',(#746,#747,#748,#749));
#2412=EDGE_LOOP('',(#750,#751,#752,#753));
#2413=EDGE_LOOP('',(#754,#755,#756,#757));
#2414=EDGE_LOOP('',(#758,#759,#760,#761));
#2415=EDGE_LOOP('',(#762,#763,#764,#765));
#2416=EDGE_LOOP('',(#766,#767,#768,#769));
#2417=EDGE_LOOP('',(#770,#771,#772,#773));
#2418=EDGE_LOOP('',(#774,#775,#776,#777));
#2419=EDGE_LOOP('',(#778,#779,#780,#781));
#2420=EDGE_LOOP('',(#782,#783,#784,#785));
#2421=EDGE_LOOP('',(#786,#787,#788,#789));
#2422=EDGE_LOOP('',(#790,#791,#792,#793));
#2423=EDGE_LOOP('',(#794,#795,#796,#797,#798,#799,#800,#801));
#2424=EDGE_LOOP('',(#802,#803,#804,#805,#806,#807,#808,#809));
#2425=EDGE_LOOP('',(#810,#811,#812,#813,#814,#815,#816,#817));
#2426=EDGE_LOOP('',(#818,#819,#820,#821));
#2427=EDGE_LOOP('',(#822,#823,#824,#825));
#2428=EDGE_LOOP('',(#826,#827,#828,#829));
#2429=EDGE_LOOP('',(#830,#831,#832,#833));
#2430=EDGE_LOOP('',(#834,#835,#836,#837));
#2431=EDGE_LOOP('',(#838,#839,#840,#841));
#2432=EDGE_LOOP('',(#842,#843,#844,#845));
#2433=EDGE_LOOP('',(#846,#847,#848,#849));
#2434=EDGE_LOOP('',(#850,#851,#852,#853,#854,#855,#856,#857));
#2435=EDGE_LOOP('',(#858,#859,#860,#861,#862,#863,#864,#865));
#2436=EDGE_LOOP('',(#866,#867,#868,#869));
#2437=EDGE_LOOP('',(#870,#871,#872,#873));
#2438=EDGE_LOOP('',(#874,#875,#876,#877));
#2439=EDGE_LOOP('',(#878,#879,#880,#881));
#2440=EDGE_LOOP('',(#882,#883,#884,#885));
#2441=EDGE_LOOP('',(#886,#887,#888,#889));
#2442=EDGE_LOOP('',(#890,#891,#892,#893));
#2443=EDGE_LOOP('',(#894,#895,#896,#897));
#2444=EDGE_LOOP('',(#898));
#2445=EDGE_LOOP('',(#899));
#2446=EDGE_LOOP('',(#900));
#2447=EDGE_LOOP('',(#901));
#2448=EDGE_LOOP('',(#902,#903,#904,#905));
#2449=EDGE_LOOP('',(#906,#907,#908,#909));
#2450=EDGE_LOOP('',(#910,#911,#912,#913));
#2451=EDGE_LOOP('',(#914,#915,#916,#917));
#2452=EDGE_LOOP('',(#918,#919,#920,#921));
#2453=EDGE_LOOP('',(#922,#923,#924,#925));
#2454=EDGE_LOOP('',(#926,#927,#928,#929));
#2455=EDGE_LOOP('',(#930,#931,#932,#933));
#2456=EDGE_LOOP('',(#934,#935,#936,#937));
#2457=EDGE_LOOP('',(#938,#939,#940,#941));
#2458=EDGE_LOOP('',(#942,#943,#944,#945));
#2459=EDGE_LOOP('',(#946,#947,#948,#949));
#2460=EDGE_LOOP('',(#950,#951,#952,#953));
#2461=EDGE_LOOP('',(#954,#955,#956,#957));
#2462=EDGE_LOOP('',(#958,#959,#960,#961));
#2463=EDGE_LOOP('',(#962,#963,#964,#965));
#2464=EDGE_LOOP('',(#966,#967,#968,#969));
#2465=EDGE_LOOP('',(#970,#971,#972,#973));
#2466=EDGE_LOOP('',(#974,#975,#976,#977));
#2467=EDGE_LOOP('',(#978,#979,#980,#981));
#2468=EDGE_LOOP('',(#982,#983,#984,#985));
#2469=EDGE_LOOP('',(#986,#987,#988,#989));
#2470=EDGE_LOOP('',(#990,#991,#992,#993));
#2471=EDGE_LOOP('',(#994,#995,#996,#997));
#2472=EDGE_LOOP('',(#998,#999,#1000,#1001));
#2473=EDGE_LOOP('',(#1002,#1003,#1004,#1005));
#2474=EDGE_LOOP('',(#1006,#1007,#1008,#1009));
#2475=EDGE_LOOP('',(#1010,#1011,#1012,#1013));
#2476=EDGE_LOOP('',(#1014,#1015,#1016,#1017));
#2477=EDGE_LOOP('',(#1018,#1019,#1020,#1021));
#2478=EDGE_LOOP('',(#1022,#1023,#1024,#1025));
#2479=EDGE_LOOP('',(#1026,#1027,#1028,#1029));
#2480=EDGE_LOOP('',(#1030,#1031,#1032,#1033));
#2481=EDGE_LOOP('',(#1034,#1035,#1036,#1037));
#2482=EDGE_LOOP('',(#1038,#1039,#1040,#1041));
#2483=EDGE_LOOP('',(#1042,#1043,#1044,#1045));
#2484=EDGE_LOOP('',(#1046,#1047,#1048,#1049));
#2485=EDGE_LOOP('',(#1050,#1051,#1052,#1053));
#2486=EDGE_LOOP('',(#1054,#1055,#1056,#1057));
#2487=EDGE_LOOP('',(#1058,#1059,#1060,#1061));
#2488=EDGE_LOOP('',(#1062,#1063,#1064,#1065));
#2489=EDGE_LOOP('',(#1066,#1067,#1068,#1069));
#2490=EDGE_LOOP('',(#1070,#1071,#1072,#1073));
#2491=EDGE_LOOP('',(#1074,#1075,#1076,#1077));
#2492=EDGE_LOOP('',(#1078,#1079,#1080,#1081));
#2493=EDGE_LOOP('',(#1082,#1083,#1084,#1085));
#2494=EDGE_LOOP('',(#1086,#1087,#1088,#1089));
#2495=EDGE_LOOP('',(#1090,#1091,#1092,#1093));
#2496=EDGE_LOOP('',(#1094,#1095,#1096,#1097));
#2497=EDGE_LOOP('',(#1098,#1099,#1100,#1101));
#2498=EDGE_LOOP('',(#1102,#1103,#1104,#1105));
#2499=EDGE_LOOP('',(#1106,#1107,#1108,#1109));
#2500=EDGE_LOOP('',(#1110,#1111,#1112,#1113));
#2501=EDGE_LOOP('',(#1114,#1115,#1116,#1117));
#2502=EDGE_LOOP('',(#1118,#1119,#1120,#1121));
#2503=EDGE_LOOP('',(#1122,#1123,#1124,#1125));
#2504=EDGE_LOOP('',(#1126,#1127,#1128,#1129));
#2505=EDGE_LOOP('',(#1130,#1131,#1132,#1133));
#2506=EDGE_LOOP('',(#1134,#1135,#1136,#1137));
#2507=EDGE_LOOP('',(#1138,#1139,#1140,#1141));
#2508=EDGE_LOOP('',(#1142,#1143,#1144,#1145));
#2509=EDGE_LOOP('',(#1146,#1147,#1148,#1149));
#2510=EDGE_LOOP('',(#1150,#1151,#1152,#1153));
#2511=EDGE_LOOP('',(#1154,#1155,#1156,#1157));
#2512=EDGE_LOOP('',(#1158,#1159,#1160,#1161));
#2513=EDGE_LOOP('',(#1162,#1163,#1164,#1165));
#2514=EDGE_LOOP('',(#1166,#1167,#1168,#1169));
#2515=EDGE_LOOP('',(#1170,#1171,#1172,#1173));
#2516=EDGE_LOOP('',(#1174,#1175,#1176,#1177));
#2517=EDGE_LOOP('',(#1178,#1179,#1180,#1181));
#2518=EDGE_LOOP('',(#1182,#1183,#1184,#1185));
#2519=EDGE_LOOP('',(#1186,#1187,#1188,#1189));
#2520=EDGE_LOOP('',(#1190,#1191,#1192,#1193));
#2521=EDGE_LOOP('',(#1194,#1195,#1196,#1197));
#2522=EDGE_LOOP('',(#1198,#1199,#1200,#1201));
#2523=EDGE_LOOP('',(#1202,#1203,#1204,#1205));
#2524=EDGE_LOOP('',(#1206,#1207,#1208,#1209));
#2525=EDGE_LOOP('',(#1210,#1211,#1212,#1213));
#2526=EDGE_LOOP('',(#1214,#1215,#1216,#1217));
#2527=EDGE_LOOP('',(#1218,#1219,#1220,#1221));
#2528=EDGE_LOOP('',(#1222,#1223,#1224,#1225,#1226,#1227,#1228,#1229));
#2529=EDGE_LOOP('',(#1230,#1231,#1232,#1233,#1234,#1235,#1236,#1237));
#2530=EDGE_LOOP('',(#1238,#1239,#1240,#1241,#1242,#1243,#1244,#1245));
#2531=EDGE_LOOP('',(#1246,#1247,#1248,#1249,#1250,#1251,#1252,#1253));
#2532=EDGE_LOOP('',(#1254,#1255,#1256,#1257,#1258,#1259,#1260,#1261));
#2533=EDGE_LOOP('',(#1262,#1263,#1264,#1265,#1266,#1267,#1268,#1269));
#2534=EDGE_LOOP('',(#1270,#1271,#1272,#1273,#1274,#1275,#1276,#1277));
#2535=EDGE_LOOP('',(#1278,#1279,#1280,#1281,#1282,#1283,#1284,#1285));
#2536=EDGE_LOOP('',(#1286,#1287,#1288,#1289,#1290,#1291,#1292,#1293));
#2537=EDGE_LOOP('',(#1294,#1295,#1296,#1297,#1298,#1299,#1300,#1301));
#2538=EDGE_LOOP('',(#1302,#1303,#1304,#1305,#1306,#1307,#1308,#1309));
#2539=EDGE_LOOP('',(#1310,#1311,#1312,#1313,#1314,#1315,#1316,#1317));
#2540=EDGE_LOOP('',(#1318,#1319,#1320,#1321,#1322,#1323,#1324,#1325));
#2541=EDGE_LOOP('',(#1326,#1327,#1328,#1329,#1330,#1331,#1332,#1333));
#2542=EDGE_LOOP('',(#1334,#1335,#1336,#1337,#1338,#1339,#1340,#1341));
#2543=EDGE_LOOP('',(#1342,#1343,#1344,#1345,#1346,#1347,#1348,#1349));
#2544=EDGE_LOOP('',(#1350,#1351,#1352,#1353,#1354,#1355,#1356,#1357));
#2545=EDGE_LOOP('',(#1358,#1359,#1360,#1361,#1362,#1363,#1364,#1365));
#2546=EDGE_LOOP('',(#1366,#1367,#1368,#1369,#1370,#1371,#1372,#1373));
#2547=EDGE_LOOP('',(#1374,#1375,#1376,#1377,#1378,#1379,#1380,#1381));
#2548=EDGE_LOOP('',(#1382));
#2549=EDGE_LOOP('',(#1383));
#2550=EDGE_LOOP('',(#1384,#1385,#1386,#1387,#1388,#1389,#1390,#1391));
#2551=EDGE_LOOP('',(#1392,#1393,#1394,#1395));
#2552=EDGE_LOOP('',(#1396,#1397,#1398,#1399));
#2553=EDGE_LOOP('',(#1400,#1401,#1402,#1403));
#2554=EDGE_LOOP('',(#1404,#1405,#1406,#1407));
#2555=EDGE_LOOP('',(#1408,#1409,#1410,#1411));
#2556=EDGE_LOOP('',(#1412));
#2557=EDGE_LOOP('',(#1413));
#2558=EDGE_LOOP('',(#1414,#1415,#1416,#1417));
#2559=EDGE_LOOP('',(#1418));
#2560=EDGE_LOOP('',(#1419));
#2561=EDGE_LOOP('',(#1420,#1421,#1422,#1423,#1424,#1425,#1426,#1427));
#2562=EDGE_LOOP('',(#1428,#1429,#1430,#1431));
#2563=EDGE_LOOP('',(#1432));
#2564=EDGE_LOOP('',(#1433));
#2565=EDGE_LOOP('',(#1434,#1435,#1436,#1437));
#2566=EDGE_LOOP('',(#1438,#1439,#1440,#1441));
#2567=EDGE_LOOP('',(#1442,#1443,#1444,#1445));
#2568=EDGE_LOOP('',(#1446,#1447,#1448,#1449));
#2569=EDGE_LOOP('',(#1450,#1451,#1452,#1453));
#2570=EDGE_LOOP('',(#1454,#1455,#1456,#1457));
#2571=EDGE_LOOP('',(#1458,#1459,#1460,#1461));
#2572=EDGE_LOOP('',(#1462,#1463,#1464,#1465));
#2573=EDGE_LOOP('',(#1466,#1467,#1468,#1469));
#2574=EDGE_LOOP('',(#1470,#1471,#1472,#1473));
#2575=EDGE_LOOP('',(#1474,#1475,#1476,#1477));
#2576=EDGE_LOOP('',(#1478,#1479,#1480,#1481));
#2577=EDGE_LOOP('',(#1482,#1483,#1484,#1485));
#2578=EDGE_LOOP('',(#1486,#1487,#1488,#1489));
#2579=EDGE_LOOP('',(#1490));
#2580=EDGE_LOOP('',(#1491));
#2581=EDGE_LOOP('',(#1492,#1493,#1494,#1495));
#2582=EDGE_LOOP('',(#1496));
#2583=EDGE_LOOP('',(#1497));
#2584=EDGE_LOOP('',(#1498,#1499,#1500,#1501,#1502,#1503,#1504,#1505));
#2585=EDGE_LOOP('',(#1506));
#2586=EDGE_LOOP('',(#1507));
#2587=EDGE_LOOP('',(#1508,#1509,#1510,#1511,#1512,#1513,#1514,#1515));
#2588=EDGE_LOOP('',(#1516));
#2589=EDGE_LOOP('',(#1517));
#2590=FACE_BOUND('',#2390,.T.);
#2591=FACE_BOUND('',#2391,.T.);
#2592=FACE_BOUND('',#2392,.T.);
#2593=FACE_BOUND('',#2393,.T.);
#2594=FACE_BOUND('',#2394,.T.);
#2595=FACE_BOUND('',#2395,.T.);
#2596=FACE_BOUND('',#2396,.T.);
#2597=FACE_BOUND('',#2397,.T.);
#2598=FACE_BOUND('',#2398,.T.);
#2599=FACE_BOUND('',#2399,.T.);
#2600=FACE_BOUND('',#2400,.T.);
#2601=FACE_BOUND('',#2401,.T.);
#2602=FACE_BOUND('',#2402,.T.);
#2603=FACE_BOUND('',#2403,.T.);
#2604=FACE_BOUND('',#2404,.T.);
#2605=FACE_BOUND('',#2405,.T.);
#2606=FACE_BOUND('',#2406,.T.);
#2607=FACE_BOUND('',#2407,.T.);
#2608=FACE_BOUND('',#2408,.T.);
#2609=FACE_BOUND('',#2409,.T.);
#2610=FACE_BOUND('',#2410,.T.);
#2611=FACE_BOUND('',#2411,.T.);
#2612=FACE_BOUND('',#2412,.T.);
#2613=FACE_BOUND('',#2413,.T.);
#2614=FACE_BOUND('',#2414,.T.);
#2615=FACE_BOUND('',#2415,.T.);
#2616=FACE_BOUND('',#2416,.T.);
#2617=FACE_BOUND('',#2417,.T.);
#2618=FACE_BOUND('',#2418,.T.);
#2619=FACE_BOUND('',#2419,.T.);
#2620=FACE_BOUND('',#2420,.T.);
#2621=FACE_BOUND('',#2421,.T.);
#2622=FACE_BOUND('',#2422,.T.);
#2623=FACE_BOUND('',#2423,.T.);
#2624=FACE_BOUND('',#2424,.T.);
#2625=FACE_BOUND('',#2425,.T.);
#2626=FACE_BOUND('',#2426,.T.);
#2627=FACE_BOUND('',#2427,.T.);
#2628=FACE_BOUND('',#2428,.T.);
#2629=FACE_BOUND('',#2429,.T.);
#2630=FACE_BOUND('',#2430,.T.);
#2631=FACE_BOUND('',#2431,.T.);
#2632=FACE_BOUND('',#2432,.T.);
#2633=FACE_BOUND('',#2433,.T.);
#2634=FACE_BOUND('',#2434,.T.);
#2635=FACE_BOUND('',#2435,.T.);
#2636=FACE_BOUND('',#2436,.T.);
#2637=FACE_BOUND('',#2437,.T.);
#2638=FACE_BOUND('',#2438,.T.);
#2639=FACE_BOUND('',#2439,.T.);
#2640=FACE_BOUND('',#2440,.T.);
#2641=FACE_BOUND('',#2441,.T.);
#2642=FACE_BOUND('',#2442,.T.);
#2643=FACE_BOUND('',#2443,.T.);
#2644=FACE_BOUND('',#2444,.T.);
#2645=FACE_BOUND('',#2445,.T.);
#2646=FACE_BOUND('',#2446,.T.);
#2647=FACE_BOUND('',#2447,.T.);
#2648=FACE_BOUND('',#2448,.T.);
#2649=FACE_BOUND('',#2449,.T.);
#2650=FACE_BOUND('',#2450,.T.);
#2651=FACE_BOUND('',#2451,.T.);
#2652=FACE_BOUND('',#2452,.T.);
#2653=FACE_BOUND('',#2453,.T.);
#2654=FACE_BOUND('',#2454,.T.);
#2655=FACE_BOUND('',#2455,.T.);
#2656=FACE_BOUND('',#2456,.T.);
#2657=FACE_BOUND('',#2457,.T.);
#2658=FACE_BOUND('',#2458,.T.);
#2659=FACE_BOUND('',#2459,.T.);
#2660=FACE_BOUND('',#2460,.T.);
#2661=FACE_BOUND('',#2461,.T.);
#2662=FACE_BOUND('',#2462,.T.);
#2663=FACE_BOUND('',#2463,.T.);
#2664=FACE_BOUND('',#2464,.T.);
#2665=FACE_BOUND('',#2465,.T.);
#2666=FACE_BOUND('',#2466,.T.);
#2667=FACE_BOUND('',#2467,.T.);
#2668=FACE_BOUND('',#2468,.T.);
#2669=FACE_BOUND('',#2469,.T.);
#2670=FACE_BOUND('',#2470,.T.);
#2671=FACE_BOUND('',#2471,.T.);
#2672=FACE_BOUND('',#2472,.T.);
#2673=FACE_BOUND('',#2473,.T.);
#2674=FACE_BOUND('',#2474,.T.);
#2675=FACE_BOUND('',#2475,.T.);
#2676=FACE_BOUND('',#2476,.T.);
#2677=FACE_BOUND('',#2477,.T.);
#2678=FACE_BOUND('',#2478,.T.);
#2679=FACE_BOUND('',#2479,.T.);
#2680=FACE_BOUND('',#2480,.T.);
#2681=FACE_BOUND('',#2481,.T.);
#2682=FACE_BOUND('',#2482,.T.);
#2683=FACE_BOUND('',#2483,.T.);
#2684=FACE_BOUND('',#2484,.T.);
#2685=FACE_BOUND('',#2485,.T.);
#2686=FACE_BOUND('',#2486,.T.);
#2687=FACE_BOUND('',#2487,.T.);
#2688=FACE_BOUND('',#2488,.T.);
#2689=FACE_BOUND('',#2489,.T.);
#2690=FACE_BOUND('',#2490,.T.);
#2691=FACE_BOUND('',#2491,.T.);
#2692=FACE_BOUND('',#2492,.T.);
#2693=FACE_BOUND('',#2493,.T.);
#2694=FACE_BOUND('',#2494,.T.);
#2695=FACE_BOUND('',#2495,.T.);
#2696=FACE_BOUND('',#2496,.T.);
#2697=FACE_BOUND('',#2497,.T.);
#2698=FACE_BOUND('',#2498,.T.);
#2699=FACE_BOUND('',#2499,.T.);
#2700=FACE_BOUND('',#2500,.T.);
#2701=FACE_BOUND('',#2501,.T.);
#2702=FACE_BOUND('',#2502,.T.);
#2703=FACE_BOUND('',#2503,.T.);
#2704=FACE_BOUND('',#2504,.T.);
#2705=FACE_BOUND('',#2505,.T.);
#2706=FACE_BOUND('',#2506,.T.);
#2707=FACE_BOUND('',#2507,.T.);
#2708=FACE_BOUND('',#2508,.T.);
#2709=FACE_BOUND('',#2509,.T.);
#2710=FACE_BOUND('',#2510,.T.);
#2711=FACE_BOUND('',#2511,.T.);
#2712=FACE_BOUND('',#2512,.T.);
#2713=FACE_BOUND('',#2513,.T.);
#2714=FACE_BOUND('',#2514,.T.);
#2715=FACE_BOUND('',#2515,.T.);
#2716=FACE_BOUND('',#2516,.T.);
#2717=FACE_BOUND('',#2517,.T.);
#2718=FACE_BOUND('',#2518,.T.);
#2719=FACE_BOUND('',#2519,.T.);
#2720=FACE_BOUND('',#2520,.T.);
#2721=FACE_BOUND('',#2521,.T.);
#2722=FACE_BOUND('',#2522,.T.);
#2723=FACE_BOUND('',#2523,.T.);
#2724=FACE_BOUND('',#2524,.T.);
#2725=FACE_BOUND('',#2525,.T.);
#2726=FACE_BOUND('',#2526,.T.);
#2727=FACE_BOUND('',#2527,.T.);
#2728=FACE_BOUND('',#2528,.T.);
#2729=FACE_BOUND('',#2529,.T.);
#2730=FACE_BOUND('',#2530,.T.);
#2731=FACE_BOUND('',#2531,.T.);
#2732=FACE_BOUND('',#2532,.T.);
#2733=FACE_BOUND('',#2533,.T.);
#2734=FACE_BOUND('',#2534,.T.);
#2735=FACE_BOUND('',#2535,.T.);
#2736=FACE_BOUND('',#2536,.T.);
#2737=FACE_BOUND('',#2537,.T.);
#2738=FACE_BOUND('',#2538,.T.);
#2739=FACE_BOUND('',#2539,.T.);
#2740=FACE_BOUND('',#2540,.T.);
#2741=FACE_BOUND('',#2541,.T.);
#2742=FACE_BOUND('',#2542,.T.);
#2743=FACE_BOUND('',#2543,.T.);
#2744=FACE_BOUND('',#2544,.T.);
#2745=FACE_BOUND('',#2545,.T.);
#2746=FACE_BOUND('',#2546,.T.);
#2747=FACE_BOUND('',#2547,.T.);
#2748=FACE_BOUND('',#2548,.T.);
#2749=FACE_BOUND('',#2549,.T.);
#2750=FACE_BOUND('',#2550,.T.);
#2751=FACE_BOUND('',#2551,.T.);
#2752=FACE_BOUND('',#2552,.T.);
#2753=FACE_BOUND('',#2553,.T.);
#2754=FACE_BOUND('',#2554,.T.);
#2755=FACE_BOUND('',#2555,.T.);
#2756=FACE_BOUND('',#2556,.T.);
#2757=FACE_BOUND('',#2557,.T.);
#2758=FACE_BOUND('',#2558,.T.);
#2759=FACE_BOUND('',#2559,.T.);
#2760=FACE_BOUND('',#2560,.T.);
#2761=FACE_BOUND('',#2561,.T.);
#2762=FACE_BOUND('',#2562,.T.);
#2763=FACE_BOUND('',#2563,.T.);
#2764=FACE_BOUND('',#2564,.T.);
#2765=FACE_BOUND('',#2565,.T.);
#2766=FACE_BOUND('',#2566,.T.);
#2767=FACE_BOUND('',#2567,.T.);
#2768=FACE_BOUND('',#2568,.T.);
#2769=FACE_BOUND('',#2569,.T.);
#2770=FACE_BOUND('',#2570,.T.);
#2771=FACE_BOUND('',#2571,.T.);
#2772=FACE_BOUND('',#2572,.T.);
#2773=FACE_BOUND('',#2573,.T.);
#2774=FACE_BOUND('',#2574,.T.);
#2775=FACE_BOUND('',#2575,.T.);
#2776=FACE_BOUND('',#2576,.T.);
#2777=FACE_BOUND('',#2577,.T.);
#2778=FACE_BOUND('',#2578,.T.);
#2779=FACE_BOUND('',#2579,.T.);
#2780=FACE_BOUND('',#2580,.T.);
#2781=FACE_BOUND('',#2581,.T.);
#2782=FACE_BOUND('',#2582,.T.);
#2783=FACE_BOUND('',#2583,.T.);
#2784=FACE_BOUND('',#2584,.T.);
#2785=FACE_BOUND('',#2585,.T.);
#2786=FACE_BOUND('',#2586,.T.);
#2787=FACE_BOUND('',#2587,.T.);
#2788=FACE_BOUND('',#2588,.T.);
#2789=FACE_BOUND('',#2589,.T.);
#2790=PLANE('',#3060);
#2791=PLANE('',#3067);
#2792=PLANE('',#3078);
#2793=PLANE('',#3081);
#2794=PLANE('',#3084);
#2795=PLANE('',#3087);
#2796=PLANE('',#3088);
#2797=PLANE('',#3091);
#2798=PLANE('',#3100);
#2799=PLANE('',#3103);
#2800=PLANE('',#3109);
#2801=PLANE('',#3113);
#2802=PLANE('',#3117);
#2803=PLANE('',#3121);
#2804=PLANE('',#3122);
#2805=PLANE('',#3123);
#2806=PLANE('',#3124);
#2807=PLANE('',#3127);
#2808=PLANE('',#3130);
#2809=PLANE('',#3133);
#2810=PLANE('',#3136);
#2811=PLANE('',#3141);
#2812=PLANE('',#3143);
#2813=PLANE('',#3145);
#2814=PLANE('',#3147);
#2815=PLANE('',#3155);
#2816=PLANE('',#3159);
#2817=PLANE('',#3163);
#2818=PLANE('',#3170);
#2819=PLANE('',#3174);
#2820=PLANE('',#3178);
#2821=PLANE('',#3185);
#2822=PLANE('',#3189);
#2823=PLANE('',#3193);
#2824=PLANE('',#3200);
#2825=PLANE('',#3204);
#2826=PLANE('',#3208);
#2827=PLANE('',#3215);
#2828=PLANE('',#3219);
#2829=PLANE('',#3223);
#2830=PLANE('',#3230);
#2831=PLANE('',#3234);
#2832=PLANE('',#3238);
#2833=PLANE('',#3245);
#2834=PLANE('',#3249);
#2835=PLANE('',#3253);
#2836=PLANE('',#3260);
#2837=PLANE('',#3264);
#2838=PLANE('',#3268);
#2839=PLANE('',#3275);
#2840=PLANE('',#3279);
#2841=PLANE('',#3283);
#2842=PLANE('',#3290);
#2843=PLANE('',#3294);
#2844=PLANE('',#3298);
#2845=PLANE('',#3302);
#2846=PLANE('',#3303);
#2847=PLANE('',#3304);
#2848=PLANE('',#3305);
#2849=PLANE('',#3306);
#2850=PLANE('',#3307);
#2851=PLANE('',#3308);
#2852=PLANE('',#3309);
#2853=PLANE('',#3310);
#2854=PLANE('',#3311);
#2855=PLANE('',#3312);
#2856=PLANE('',#3313);
#2857=PLANE('',#3315);
#2858=PLANE('',#3322);
#2859=PLANE('',#3323);
#2860=PLANE('',#3324);
#2861=PLANE('',#3327);
#2862=PLANE('',#3330);
#2863=PLANE('',#3351);
#2864=PLANE('',#3352);
#2865=PLANE('',#3353);
#2866=PLANE('',#3360);
#2867=PLANE('',#3361);
#2868=ADVANCED_FACE('',(#2590,#2591,#2592,#2593),#2790,.T.);
#2869=ADVANCED_FACE('',(#2594,#2595),#2791,.T.);
#2870=ADVANCED_FACE('',(#2596),#32,.T.);
#2871=ADVANCED_FACE('',(#2597),#2792,.T.);
#2872=ADVANCED_FACE('',(#2598),#33,.T.);
#2873=ADVANCED_FACE('',(#2599),#2793,.T.);
#2874=ADVANCED_FACE('',(#2600),#34,.T.);
#2875=ADVANCED_FACE('',(#2601),#2794,.T.);
#2876=ADVANCED_FACE('',(#2602),#35,.T.);
#2877=ADVANCED_FACE('',(#2603),#2795,.F.);
#2878=ADVANCED_FACE('',(#2604),#2796,.F.);
#2879=ADVANCED_FACE('',(#2605),#36,.F.);
#2880=ADVANCED_FACE('',(#2606,#2607,#2608,#2609),#2797,.F.);
#2881=ADVANCED_FACE('',(#2610),#37,.F.);
#2882=ADVANCED_FACE('',(#2611),#2798,.F.);
#2883=ADVANCED_FACE('',(#2612),#38,.F.);
#2884=ADVANCED_FACE('',(#2613),#2799,.F.);
#2885=ADVANCED_FACE('',(#2614),#39,.F.);
#2886=ADVANCED_FACE('',(#2615),#40,.F.);
#2887=ADVANCED_FACE('',(#2616),#2800,.F.);
#2888=ADVANCED_FACE('',(#2617),#41,.F.);
#2889=ADVANCED_FACE('',(#2618),#2801,.F.);
#2890=ADVANCED_FACE('',(#2619),#42,.F.);
#2891=ADVANCED_FACE('',(#2620),#2802,.F.);
#2892=ADVANCED_FACE('',(#2621),#43,.F.);
#2893=ADVANCED_FACE('',(#2622),#2803,.F.);
#2894=ADVANCED_FACE('',(#2623,#2624),#2804,.T.);
#2895=ADVANCED_FACE('',(#2625),#2805,.T.);
#2896=ADVANCED_FACE('',(#2626),#2806,.F.);
#2897=ADVANCED_FACE('',(#2627),#44,.F.);
#2898=ADVANCED_FACE('',(#2628),#2807,.T.);
#2899=ADVANCED_FACE('',(#2629),#45,.F.);
#2900=ADVANCED_FACE('',(#2630),#2808,.T.);
#2901=ADVANCED_FACE('',(#2631),#46,.F.);
#2902=ADVANCED_FACE('',(#2632),#2809,.F.);
#2903=ADVANCED_FACE('',(#2633),#47,.F.);
#2904=ADVANCED_FACE('',(#2634,#2635),#2810,.F.);
#2905=ADVANCED_FACE('',(#2636),#2811,.F.);
#2906=ADVANCED_FACE('',(#2637),#48,.F.);
#2907=ADVANCED_FACE('',(#2638),#2812,.F.);
#2908=ADVANCED_FACE('',(#2639),#49,.F.);
#2909=ADVANCED_FACE('',(#2640),#2813,.T.);
#2910=ADVANCED_FACE('',(#2641),#50,.F.);
#2911=ADVANCED_FACE('',(#2642),#2814,.T.);
#2912=ADVANCED_FACE('',(#2643),#51,.F.);
#2913=ADVANCED_FACE('',(#2644,#2645),#52,.F.);
#2914=ADVANCED_FACE('',(#2646,#2647),#53,.F.);
#2915=ADVANCED_FACE('',(#2648),#54,.T.);
#2916=ADVANCED_FACE('',(#2649),#2815,.F.);
#2917=ADVANCED_FACE('',(#2650),#55,.T.);
#2918=ADVANCED_FACE('',(#2651),#2816,.T.);
#2919=ADVANCED_FACE('',(#2652),#56,.T.);
#2920=ADVANCED_FACE('',(#2653),#2817,.T.);
#2921=ADVANCED_FACE('',(#2654),#57,.T.);
#2922=ADVANCED_FACE('',(#2655),#58,.F.);
#2923=ADVANCED_FACE('',(#2656),#2818,.T.);
#2924=ADVANCED_FACE('',(#2657),#59,.F.);
#2925=ADVANCED_FACE('',(#2658),#2819,.F.);
#2926=ADVANCED_FACE('',(#2659),#60,.F.);
#2927=ADVANCED_FACE('',(#2660),#2820,.F.);
#2928=ADVANCED_FACE('',(#2661),#61,.F.);
#2929=ADVANCED_FACE('',(#2662),#62,.F.);
#2930=ADVANCED_FACE('',(#2663),#2821,.T.);
#2931=ADVANCED_FACE('',(#2664),#63,.F.);
#2932=ADVANCED_FACE('',(#2665),#2822,.F.);
#2933=ADVANCED_FACE('',(#2666),#64,.F.);
#2934=ADVANCED_FACE('',(#2667),#2823,.F.);
#2935=ADVANCED_FACE('',(#2668),#65,.F.);
#2936=ADVANCED_FACE('',(#2669),#66,.F.);
#2937=ADVANCED_FACE('',(#2670),#2824,.T.);
#2938=ADVANCED_FACE('',(#2671),#67,.F.);
#2939=ADVANCED_FACE('',(#2672),#2825,.F.);
#2940=ADVANCED_FACE('',(#2673),#68,.F.);
#2941=ADVANCED_FACE('',(#2674),#2826,.F.);
#2942=ADVANCED_FACE('',(#2675),#69,.F.);
#2943=ADVANCED_FACE('',(#2676),#70,.F.);
#2944=ADVANCED_FACE('',(#2677),#2827,.T.);
#2945=ADVANCED_FACE('',(#2678),#71,.F.);
#2946=ADVANCED_FACE('',(#2679),#2828,.F.);
#2947=ADVANCED_FACE('',(#2680),#72,.F.);
#2948=ADVANCED_FACE('',(#2681),#2829,.F.);
#2949=ADVANCED_FACE('',(#2682),#73,.F.);
#2950=ADVANCED_FACE('',(#2683),#74,.F.);
#2951=ADVANCED_FACE('',(#2684),#2830,.T.);
#2952=ADVANCED_FACE('',(#2685),#75,.F.);
#2953=ADVANCED_FACE('',(#2686),#2831,.F.);
#2954=ADVANCED_FACE('',(#2687),#76,.F.);
#2955=ADVANCED_FACE('',(#2688),#2832,.F.);
#2956=ADVANCED_FACE('',(#2689),#77,.F.);
#2957=ADVANCED_FACE('',(#2690),#78,.F.);
#2958=ADVANCED_FACE('',(#2691),#2833,.T.);
#2959=ADVANCED_FACE('',(#2692),#79,.F.);
#2960=ADVANCED_FACE('',(#2693),#2834,.F.);
#2961=ADVANCED_FACE('',(#2694),#80,.F.);
#2962=ADVANCED_FACE('',(#2695),#2835,.F.);
#2963=ADVANCED_FACE('',(#2696),#81,.F.);
#2964=ADVANCED_FACE('',(#2697),#82,.F.);
#2965=ADVANCED_FACE('',(#2698),#2836,.T.);
#2966=ADVANCED_FACE('',(#2699),#83,.F.);
#2967=ADVANCED_FACE('',(#2700),#2837,.F.);
#2968=ADVANCED_FACE('',(#2701),#84,.F.);
#2969=ADVANCED_FACE('',(#2702),#2838,.F.);
#2970=ADVANCED_FACE('',(#2703),#85,.F.);
#2971=ADVANCED_FACE('',(#2704),#86,.F.);
#2972=ADVANCED_FACE('',(#2705),#2839,.T.);
#2973=ADVANCED_FACE('',(#2706),#87,.F.);
#2974=ADVANCED_FACE('',(#2707),#2840,.F.);
#2975=ADVANCED_FACE('',(#2708),#88,.F.);
#2976=ADVANCED_FACE('',(#2709),#2841,.F.);
#2977=ADVANCED_FACE('',(#2710),#89,.F.);
#2978=ADVANCED_FACE('',(#2711),#90,.F.);
#2979=ADVANCED_FACE('',(#2712),#2842,.T.);
#2980=ADVANCED_FACE('',(#2713),#91,.F.);
#2981=ADVANCED_FACE('',(#2714),#2843,.F.);
#2982=ADVANCED_FACE('',(#2715),#92,.F.);
#2983=ADVANCED_FACE('',(#2716),#2844,.F.);
#2984=ADVANCED_FACE('',(#2717),#93,.F.);
#2985=ADVANCED_FACE('',(#2718),#2845,.T.);
#2986=ADVANCED_FACE('',(#2719),#2846,.T.);
#2987=ADVANCED_FACE('',(#2720),#2847,.T.);
#2988=ADVANCED_FACE('',(#2721),#2848,.T.);
#2989=ADVANCED_FACE('',(#2722),#2849,.T.);
#2990=ADVANCED_FACE('',(#2723),#2850,.T.);
#2991=ADVANCED_FACE('',(#2724),#2851,.T.);
#2992=ADVANCED_FACE('',(#2725),#2852,.T.);
#2993=ADVANCED_FACE('',(#2726),#2853,.T.);
#2994=ADVANCED_FACE('',(#2727),#2854,.T.);
#2995=ADVANCED_FACE('',(#2728,#2729,#2730,#2731,#2732,#2733,#2734,#2735,
#2736,#2737),#2855,.T.);
#2996=ADVANCED_FACE('',(#2738,#2739,#2740,#2741,#2742,#2743,#2744,#2745,
#2746,#2747),#2856,.F.);
#2997=ADVANCED_FACE('',(#2748,#2749,#2750,#2751,#2752),#2857,.F.);
#2998=ADVANCED_FACE('',(#2753),#2858,.T.);
#2999=ADVANCED_FACE('',(#2754),#2859,.T.);
#3000=ADVANCED_FACE('',(#2755),#2860,.F.);
#3001=ADVANCED_FACE('',(#2756,#2757),#94,.F.);
#3002=ADVANCED_FACE('',(#2758),#2861,.F.);
#3003=ADVANCED_FACE('',(#2759,#2760),#95,.F.);
#3004=ADVANCED_FACE('',(#2761,#2762,#2763,#2764),#2862,.T.);
#3005=ADVANCED_FACE('',(#2765),#22,.T.);
#3006=ADVANCED_FACE('',(#2766),#96,.T.);
#3007=ADVANCED_FACE('',(#2767),#97,.T.);
#3008=ADVANCED_FACE('',(#2768),#23,.T.);
#3009=ADVANCED_FACE('',(#2769),#24,.T.);
#3010=ADVANCED_FACE('',(#2770),#98,.T.);
#3011=ADVANCED_FACE('',(#2771),#99,.T.);
#3012=ADVANCED_FACE('',(#2772),#25,.T.);
#3013=ADVANCED_FACE('',(#2773),#18,.F.);
#3014=ADVANCED_FACE('',(#2774),#2863,.T.);
#3015=ADVANCED_FACE('',(#2775),#19,.T.);
#3016=ADVANCED_FACE('',(#2776),#2864,.T.);
#3017=ADVANCED_FACE('',(#2777),#20,.F.);
#3018=ADVANCED_FACE('',(#2778),#2865,.T.);
#3019=ADVANCED_FACE('',(#2779,#2780),#100,.F.);
#3020=ADVANCED_FACE('',(#2781),#21,.T.);
#3021=ADVANCED_FACE('',(#2782,#2783),#101,.F.);
#3022=ADVANCED_FACE('',(#2784,#2785,#2786),#2866,.T.);
#3023=ADVANCED_FACE('',(#2787,#2788,#2789),#2867,.F.);
#3024=CLOSED_SHELL('',(#2868,#2869,#2870,#2871,#2872,#2873,#2874,#2875,
#2876,#2877,#2878,#2879,#2880,#2881,#2882,#2883,#2884,#2885,#2886,#2887,
#2888,#2889,#2890,#2891,#2892,#2893,#2894,#2895,#2896,#2897,#2898,#2899,
#2900,#2901,#2902,#2903,#2904,#2905,#2906,#2907,#2908,#2909,#2910,#2911,
#2912,#2913,#2914));
#3025=CLOSED_SHELL('',(#2915,#2916,#2917,#2918,#2919,#2920,#2921,#2922,
#2923,#2924,#2925,#2926,#2927,#2928,#2929,#2930,#2931,#2932,#2933,#2934,
#2935,#2936,#2937,#2938,#2939,#2940,#2941,#2942,#2943,#2944,#2945,#2946,
#2947,#2948,#2949,#2950,#2951,#2952,#2953,#2954,#2955,#2956,#2957,#2958,
#2959,#2960,#2961,#2962,#2963,#2964,#2965,#2966,#2967,#2968,#2969,#2970,
#2971,#2972,#2973,#2974,#2975,#2976,#2977,#2978,#2979,#2980,#2981,#2982,
#2983,#2984,#2985,#2986,#2987,#2988,#2989,#2990,#2991,#2992,#2993,#2994,
#2995,#2996));
#3026=CLOSED_SHELL('',(#2997,#2998,#2999,#3000,#3001,#3002,#3003,#3004,
#3005,#3006,#3007,#3008,#3009,#3010,#3011,#3012,#3013,#3014,#3015,#3016,
#3017,#3018,#3019,#3020,#3021,#3022,#3023));
#3027=STYLED_ITEM('',(#3030),#3050);
#3028=STYLED_ITEM('',(#3031),#3051);
#3029=STYLED_ITEM('',(#3032),#3052);
#3030=PRESENTATION_STYLE_ASSIGNMENT((#3033));
#3031=PRESENTATION_STYLE_ASSIGNMENT((#3034));
#3032=PRESENTATION_STYLE_ASSIGNMENT((#3035));
#3033=SURFACE_STYLE_USAGE(.BOTH.,#3036);
#3034=SURFACE_STYLE_USAGE(.BOTH.,#3037);
#3035=SURFACE_STYLE_USAGE(.BOTH.,#3038);
#3036=SURFACE_SIDE_STYLE('',(#3039));
#3037=SURFACE_SIDE_STYLE('',(#3040));
#3038=SURFACE_SIDE_STYLE('',(#3041));
#3039=SURFACE_STYLE_FILL_AREA(#3042);
#3040=SURFACE_STYLE_FILL_AREA(#3043);
#3041=SURFACE_STYLE_FILL_AREA(#3044);
#3042=FILL_AREA_STYLE('',(#3045));
#3043=FILL_AREA_STYLE('',(#3046));
#3044=FILL_AREA_STYLE('',(#3047));
#3045=FILL_AREA_STYLE_COLOUR('',#3048);
#3046=FILL_AREA_STYLE_COLOUR('',#3049);
#3047=FILL_AREA_STYLE_COLOUR('',#3048);
#3048=COLOUR_RGB('',0.498039215686275,0.498039215686275,0.498039215686275);
#3049=COLOUR_RGB('',0.972549019607843,0.529411764705882,0.00392156862745098);
#3050=MANIFOLD_SOLID_BREP('Part 2',#3024);
#3051=MANIFOLD_SOLID_BREP('Part 3',#3025);
#3052=MANIFOLD_SOLID_BREP('Part 4',#3026);
#3053=SHAPE_DEFINITION_REPRESENTATION(#5197,#3056);
#3054=SHAPE_DEFINITION_REPRESENTATION(#5198,#3057);
#3055=SHAPE_DEFINITION_REPRESENTATION(#5199,#3058);
#3056=SHAPE_REPRESENTATION('Part 2',(#3059),#5182);
#3057=SHAPE_REPRESENTATION('Part 3',(#3151),#5183);
#3058=SHAPE_REPRESENTATION('Part 4',(#3314),#5184);
#3059=AXIS2_PLACEMENT_3D('',#4244,#3362,#3363);
#3060=AXIS2_PLACEMENT_3D('',#4245,#3364,#3365);
#3061=AXIS2_PLACEMENT_3D('',#4246,#3366,#3367);
#3062=AXIS2_PLACEMENT_3D('',#4248,#3368,#3369);
#3063=AXIS2_PLACEMENT_3D('',#4261,#3375,#3376);
#3064=AXIS2_PLACEMENT_3D('',#4265,#3378,#3379);
#3065=AXIS2_PLACEMENT_3D('',#4269,#3381,#3382);
#3066=AXIS2_PLACEMENT_3D('',#4273,#3384,#3385);
#3067=AXIS2_PLACEMENT_3D('',#4274,#3386,#3387);
#3068=AXIS2_PLACEMENT_3D('',#4275,#3388,#3389);
#3069=AXIS2_PLACEMENT_3D('',#4279,#3391,#3392);
#3070=AXIS2_PLACEMENT_3D('',#4283,#3394,#3395);
#3071=AXIS2_PLACEMENT_3D('',#4287,#3397,#3398);
#3072=AXIS2_PLACEMENT_3D('',#4291,#3400,#3401);
#3073=AXIS2_PLACEMENT_3D('',#4295,#3403,#3404);
#3074=AXIS2_PLACEMENT_3D('',#4299,#3406,#3407);
#3075=AXIS2_PLACEMENT_3D('',#4303,#3409,#3410);
#3076=AXIS2_PLACEMENT_3D('',#4304,#3411,#3412);
#3077=AXIS2_PLACEMENT_3D('',#4305,#3413,#3414);
#3078=AXIS2_PLACEMENT_3D('',#4308,#3416,#3417);
#3079=AXIS2_PLACEMENT_3D('',#4312,#3420,#3421);
#3080=AXIS2_PLACEMENT_3D('',#4313,#3422,#3423);
#3081=AXIS2_PLACEMENT_3D('',#4316,#3425,#3426);
#3082=AXIS2_PLACEMENT_3D('',#4320,#3429,#3430);
#3083=AXIS2_PLACEMENT_3D('',#4321,#3431,#3432);
#3084=AXIS2_PLACEMENT_3D('',#4324,#3434,#3435);
#3085=AXIS2_PLACEMENT_3D('',#4328,#3438,#3439);
#3086=AXIS2_PLACEMENT_3D('',#4329,#3440,#3441);
#3087=AXIS2_PLACEMENT_3D('',#4330,#3442,#3443);
#3088=AXIS2_PLACEMENT_3D('',#4331,#3444,#3445);
#3089=AXIS2_PLACEMENT_3D('',#4337,#3449,#3450);
#3090=AXIS2_PLACEMENT_3D('',#4338,#3451,#3452);
#3091=AXIS2_PLACEMENT_3D('',#4341,#3454,#3455);
#3092=AXIS2_PLACEMENT_3D('',#4342,#3456,#3457);
#3093=AXIS2_PLACEMENT_3D('',#4344,#3458,#3459);
#3094=AXIS2_PLACEMENT_3D('',#4346,#3460,#3461);
#3095=AXIS2_PLACEMENT_3D('',#4351,#3463,#3464);
#3096=AXIS2_PLACEMENT_3D('',#4355,#3466,#3467);
#3097=AXIS2_PLACEMENT_3D('',#4359,#3469,#3470);
#3098=AXIS2_PLACEMENT_3D('',#4365,#3474,#3475);
#3099=AXIS2_PLACEMENT_3D('',#4366,#3476,#3477);
#3100=AXIS2_PLACEMENT_3D('',#4369,#3479,#3480);
#3101=AXIS2_PLACEMENT_3D('',#4373,#3483,#3484);
#3102=AXIS2_PLACEMENT_3D('',#4374,#3485,#3486);
#3103=AXIS2_PLACEMENT_3D('',#4377,#3488,#3489);
#3104=AXIS2_PLACEMENT_3D('',#4381,#3492,#3493);
#3105=AXIS2_PLACEMENT_3D('',#4382,#3494,#3495);
#3106=AXIS2_PLACEMENT_3D('',#4383,#3496,#3497);
#3107=AXIS2_PLACEMENT_3D('',#4384,#3498,#3499);
#3108=AXIS2_PLACEMENT_3D('',#4389,#3501,#3502);
#3109=AXIS2_PLACEMENT_3D('',#4392,#3504,#3505);
#3110=AXIS2_PLACEMENT_3D('',#4398,#3509,#3510);
#3111=AXIS2_PLACEMENT_3D('',#4399,#3511,#3512);
#3112=AXIS2_PLACEMENT_3D('',#4403,#3514,#3515);
#3113=AXIS2_PLACEMENT_3D('',#4404,#3516,#3517);
#3114=AXIS2_PLACEMENT_3D('',#4410,#3521,#3522);
#3115=AXIS2_PLACEMENT_3D('',#4411,#3523,#3524);
#3116=AXIS2_PLACEMENT_3D('',#4415,#3526,#3527);
#3117=AXIS2_PLACEMENT_3D('',#4416,#3528,#3529);
#3118=AXIS2_PLACEMENT_3D('',#4422,#3533,#3534);
#3119=AXIS2_PLACEMENT_3D('',#4423,#3535,#3536);
#3120=AXIS2_PLACEMENT_3D('',#4427,#3538,#3539);
#3121=AXIS2_PLACEMENT_3D('',#4428,#3540,#3541);
#3122=AXIS2_PLACEMENT_3D('',#4431,#3544,#3545);
#3123=AXIS2_PLACEMENT_3D('',#4432,#3546,#3547);
#3124=AXIS2_PLACEMENT_3D('',#4433,#3548,#3549);
#3125=AXIS2_PLACEMENT_3D('',#4439,#3553,#3554);
#3126=AXIS2_PLACEMENT_3D('',#4442,#3556,#3557);
#3127=AXIS2_PLACEMENT_3D('',#4443,#3558,#3559);
#3128=AXIS2_PLACEMENT_3D('',#4447,#3562,#3563);
#3129=AXIS2_PLACEMENT_3D('',#4450,#3565,#3566);
#3130=AXIS2_PLACEMENT_3D('',#4451,#3567,#3568);
#3131=AXIS2_PLACEMENT_3D('',#4455,#3571,#3572);
#3132=AXIS2_PLACEMENT_3D('',#4458,#3574,#3575);
#3133=AXIS2_PLACEMENT_3D('',#4459,#3576,#3577);
#3134=AXIS2_PLACEMENT_3D('',#4463,#3580,#3581);
#3135=AXIS2_PLACEMENT_3D('',#4464,#3582,#3583);
#3136=AXIS2_PLACEMENT_3D('',#4465,#3584,#3585);
#3137=AXIS2_PLACEMENT_3D('',#4469,#3587,#3588);
#3138=AXIS2_PLACEMENT_3D('',#4473,#3590,#3591);
#3139=AXIS2_PLACEMENT_3D('',#4477,#3593,#3594);
#3140=AXIS2_PLACEMENT_3D('',#4481,#3596,#3597);
#3141=AXIS2_PLACEMENT_3D('',#4482,#3598,#3599);
#3142=AXIS2_PLACEMENT_3D('',#4485,#3602,#3603);
#3143=AXIS2_PLACEMENT_3D('',#4487,#3605,#3606);
#3144=AXIS2_PLACEMENT_3D('',#4489,#3608,#3609);
#3145=AXIS2_PLACEMENT_3D('',#4491,#3611,#3612);
#3146=AXIS2_PLACEMENT_3D('',#4493,#3614,#3615);
#3147=AXIS2_PLACEMENT_3D('',#4495,#3617,#3618);
#3148=AXIS2_PLACEMENT_3D('',#4497,#3620,#3621);
#3149=AXIS2_PLACEMENT_3D('',#4498,#3622,#3623);
#3150=AXIS2_PLACEMENT_3D('',#4499,#3624,#3625);
#3151=AXIS2_PLACEMENT_3D('',#4500,#3626,#3627);
#3152=AXIS2_PLACEMENT_3D('',#4501,#3628,#3629);
#3153=AXIS2_PLACEMENT_3D('',#4502,#3630,#3631);
#3154=AXIS2_PLACEMENT_3D('',#4507,#3633,#3634);
#3155=AXIS2_PLACEMENT_3D('',#4510,#3636,#3637);
#3156=AXIS2_PLACEMENT_3D('',#4516,#3641,#3642);
#3157=AXIS2_PLACEMENT_3D('',#4517,#3643,#3644);
#3158=AXIS2_PLACEMENT_3D('',#4521,#3646,#3647);
#3159=AXIS2_PLACEMENT_3D('',#4522,#3648,#3649);
#3160=AXIS2_PLACEMENT_3D('',#4528,#3653,#3654);
#3161=AXIS2_PLACEMENT_3D('',#4529,#3655,#3656);
#3162=AXIS2_PLACEMENT_3D('',#4533,#3658,#3659);
#3163=AXIS2_PLACEMENT_3D('',#4534,#3660,#3661);
#3164=AXIS2_PLACEMENT_3D('',#4540,#3665,#3666);
#3165=AXIS2_PLACEMENT_3D('',#4541,#3667,#3668);
#3166=AXIS2_PLACEMENT_3D('',#4545,#3670,#3671);
#3167=AXIS2_PLACEMENT_3D('',#4546,#3672,#3673);
#3168=AXIS2_PLACEMENT_3D('',#4547,#3674,#3675);
#3169=AXIS2_PLACEMENT_3D('',#4552,#3677,#3678);
#3170=AXIS2_PLACEMENT_3D('',#4555,#3680,#3681);
#3171=AXIS2_PLACEMENT_3D('',#4561,#3685,#3686);
#3172=AXIS2_PLACEMENT_3D('',#4562,#3687,#3688);
#3173=AXIS2_PLACEMENT_3D('',#4566,#3690,#3691);
#3174=AXIS2_PLACEMENT_3D('',#4567,#3692,#3693);
#3175=AXIS2_PLACEMENT_3D('',#4573,#3697,#3698);
#3176=AXIS2_PLACEMENT_3D('',#4574,#3699,#3700);
#3177=AXIS2_PLACEMENT_3D('',#4578,#3702,#3703);
#3178=AXIS2_PLACEMENT_3D('',#4579,#3704,#3705);
#3179=AXIS2_PLACEMENT_3D('',#4585,#3709,#3710);
#3180=AXIS2_PLACEMENT_3D('',#4586,#3711,#3712);
#3181=AXIS2_PLACEMENT_3D('',#4590,#3714,#3715);
#3182=AXIS2_PLACEMENT_3D('',#4591,#3716,#3717);
#3183=AXIS2_PLACEMENT_3D('',#4592,#3718,#3719);
#3184=AXIS2_PLACEMENT_3D('',#4597,#3721,#3722);
#3185=AXIS2_PLACEMENT_3D('',#4600,#3724,#3725);
#3186=AXIS2_PLACEMENT_3D('',#4606,#3729,#3730);
#3187=AXIS2_PLACEMENT_3D('',#4607,#3731,#3732);
#3188=AXIS2_PLACEMENT_3D('',#4611,#3734,#3735);
#3189=AXIS2_PLACEMENT_3D('',#4612,#3736,#3737);
#3190=AXIS2_PLACEMENT_3D('',#4618,#3741,#3742);
#3191=AXIS2_PLACEMENT_3D('',#4619,#3743,#3744);
#3192=AXIS2_PLACEMENT_3D('',#4623,#3746,#3747);
#3193=AXIS2_PLACEMENT_3D('',#4624,#3748,#3749);
#3194=AXIS2_PLACEMENT_3D('',#4630,#3753,#3754);
#3195=AXIS2_PLACEMENT_3D('',#4631,#3755,#3756);
#3196=AXIS2_PLACEMENT_3D('',#4635,#3758,#3759);
#3197=AXIS2_PLACEMENT_3D('',#4636,#3760,#3761);
#3198=AXIS2_PLACEMENT_3D('',#4637,#3762,#3763);
#3199=AXIS2_PLACEMENT_3D('',#4642,#3765,#3766);
#3200=AXIS2_PLACEMENT_3D('',#4645,#3768,#3769);
#3201=AXIS2_PLACEMENT_3D('',#4651,#3773,#3774);
#3202=AXIS2_PLACEMENT_3D('',#4652,#3775,#3776);
#3203=AXIS2_PLACEMENT_3D('',#4656,#3778,#3779);
#3204=AXIS2_PLACEMENT_3D('',#4657,#3780,#3781);
#3205=AXIS2_PLACEMENT_3D('',#4663,#3785,#3786);
#3206=AXIS2_PLACEMENT_3D('',#4664,#3787,#3788);
#3207=AXIS2_PLACEMENT_3D('',#4668,#3790,#3791);
#3208=AXIS2_PLACEMENT_3D('',#4669,#3792,#3793);
#3209=AXIS2_PLACEMENT_3D('',#4675,#3797,#3798);
#3210=AXIS2_PLACEMENT_3D('',#4676,#3799,#3800);
#3211=AXIS2_PLACEMENT_3D('',#4680,#3802,#3803);
#3212=AXIS2_PLACEMENT_3D('',#4681,#3804,#3805);
#3213=AXIS2_PLACEMENT_3D('',#4682,#3806,#3807);
#3214=AXIS2_PLACEMENT_3D('',#4687,#3809,#3810);
#3215=AXIS2_PLACEMENT_3D('',#4690,#3812,#3813);
#3216=AXIS2_PLACEMENT_3D('',#4696,#3817,#3818);
#3217=AXIS2_PLACEMENT_3D('',#4697,#3819,#3820);
#3218=AXIS2_PLACEMENT_3D('',#4701,#3822,#3823);
#3219=AXIS2_PLACEMENT_3D('',#4702,#3824,#3825);
#3220=AXIS2_PLACEMENT_3D('',#4708,#3829,#3830);
#3221=AXIS2_PLACEMENT_3D('',#4709,#3831,#3832);
#3222=AXIS2_PLACEMENT_3D('',#4713,#3834,#3835);
#3223=AXIS2_PLACEMENT_3D('',#4714,#3836,#3837);
#3224=AXIS2_PLACEMENT_3D('',#4720,#3841,#3842);
#3225=AXIS2_PLACEMENT_3D('',#4721,#3843,#3844);
#3226=AXIS2_PLACEMENT_3D('',#4725,#3846,#3847);
#3227=AXIS2_PLACEMENT_3D('',#4726,#3848,#3849);
#3228=AXIS2_PLACEMENT_3D('',#4727,#3850,#3851);
#3229=AXIS2_PLACEMENT_3D('',#4732,#3853,#3854);
#3230=AXIS2_PLACEMENT_3D('',#4735,#3856,#3857);
#3231=AXIS2_PLACEMENT_3D('',#4741,#3861,#3862);
#3232=AXIS2_PLACEMENT_3D('',#4742,#3863,#3864);
#3233=AXIS2_PLACEMENT_3D('',#4746,#3866,#3867);
#3234=AXIS2_PLACEMENT_3D('',#4747,#3868,#3869);
#3235=AXIS2_PLACEMENT_3D('',#4753,#3873,#3874);
#3236=AXIS2_PLACEMENT_3D('',#4754,#3875,#3876);
#3237=AXIS2_PLACEMENT_3D('',#4758,#3878,#3879);
#3238=AXIS2_PLACEMENT_3D('',#4759,#3880,#3881);
#3239=AXIS2_PLACEMENT_3D('',#4765,#3885,#3886);
#3240=AXIS2_PLACEMENT_3D('',#4766,#3887,#3888);
#3241=AXIS2_PLACEMENT_3D('',#4770,#3890,#3891);
#3242=AXIS2_PLACEMENT_3D('',#4771,#3892,#3893);
#3243=AXIS2_PLACEMENT_3D('',#4772,#3894,#3895);
#3244=AXIS2_PLACEMENT_3D('',#4777,#3897,#3898);
#3245=AXIS2_PLACEMENT_3D('',#4780,#3900,#3901);
#3246=AXIS2_PLACEMENT_3D('',#4786,#3905,#3906);
#3247=AXIS2_PLACEMENT_3D('',#4787,#3907,#3908);
#3248=AXIS2_PLACEMENT_3D('',#4791,#3910,#3911);
#3249=AXIS2_PLACEMENT_3D('',#4792,#3912,#3913);
#3250=AXIS2_PLACEMENT_3D('',#4798,#3917,#3918);
#3251=AXIS2_PLACEMENT_3D('',#4799,#3919,#3920);
#3252=AXIS2_PLACEMENT_3D('',#4803,#3922,#3923);
#3253=AXIS2_PLACEMENT_3D('',#4804,#3924,#3925);
#3254=AXIS2_PLACEMENT_3D('',#4810,#3929,#3930);
#3255=AXIS2_PLACEMENT_3D('',#4811,#3931,#3932);
#3256=AXIS2_PLACEMENT_3D('',#4815,#3934,#3935);
#3257=AXIS2_PLACEMENT_3D('',#4816,#3936,#3937);
#3258=AXIS2_PLACEMENT_3D('',#4817,#3938,#3939);
#3259=AXIS2_PLACEMENT_3D('',#4822,#3941,#3942);
#3260=AXIS2_PLACEMENT_3D('',#4825,#3944,#3945);
#3261=AXIS2_PLACEMENT_3D('',#4831,#3949,#3950);
#3262=AXIS2_PLACEMENT_3D('',#4832,#3951,#3952);
#3263=AXIS2_PLACEMENT_3D('',#4836,#3954,#3955);
#3264=AXIS2_PLACEMENT_3D('',#4837,#3956,#3957);
#3265=AXIS2_PLACEMENT_3D('',#4843,#3961,#3962);
#3266=AXIS2_PLACEMENT_3D('',#4844,#3963,#3964);
#3267=AXIS2_PLACEMENT_3D('',#4848,#3966,#3967);
#3268=AXIS2_PLACEMENT_3D('',#4849,#3968,#3969);
#3269=AXIS2_PLACEMENT_3D('',#4855,#3973,#3974);
#3270=AXIS2_PLACEMENT_3D('',#4856,#3975,#3976);
#3271=AXIS2_PLACEMENT_3D('',#4860,#3978,#3979);
#3272=AXIS2_PLACEMENT_3D('',#4861,#3980,#3981);
#3273=AXIS2_PLACEMENT_3D('',#4862,#3982,#3983);
#3274=AXIS2_PLACEMENT_3D('',#4867,#3985,#3986);
#3275=AXIS2_PLACEMENT_3D('',#4870,#3988,#3989);
#3276=AXIS2_PLACEMENT_3D('',#4876,#3993,#3994);
#3277=AXIS2_PLACEMENT_3D('',#4877,#3995,#3996);
#3278=AXIS2_PLACEMENT_3D('',#4881,#3998,#3999);
#3279=AXIS2_PLACEMENT_3D('',#4882,#4000,#4001);
#3280=AXIS2_PLACEMENT_3D('',#4888,#4005,#4006);
#3281=AXIS2_PLACEMENT_3D('',#4889,#4007,#4008);
#3282=AXIS2_PLACEMENT_3D('',#4893,#4010,#4011);
#3283=AXIS2_PLACEMENT_3D('',#4894,#4012,#4013);
#3284=AXIS2_PLACEMENT_3D('',#4900,#4017,#4018);
#3285=AXIS2_PLACEMENT_3D('',#4901,#4019,#4020);
#3286=AXIS2_PLACEMENT_3D('',#4905,#4022,#4023);
#3287=AXIS2_PLACEMENT_3D('',#4906,#4024,#4025);
#3288=AXIS2_PLACEMENT_3D('',#4907,#4026,#4027);
#3289=AXIS2_PLACEMENT_3D('',#4912,#4029,#4030);
#3290=AXIS2_PLACEMENT_3D('',#4915,#4032,#4033);
#3291=AXIS2_PLACEMENT_3D('',#4921,#4037,#4038);
#3292=AXIS2_PLACEMENT_3D('',#4922,#4039,#4040);
#3293=AXIS2_PLACEMENT_3D('',#4926,#4042,#4043);
#3294=AXIS2_PLACEMENT_3D('',#4927,#4044,#4045);
#3295=AXIS2_PLACEMENT_3D('',#4933,#4049,#4050);
#3296=AXIS2_PLACEMENT_3D('',#4934,#4051,#4052);
#3297=AXIS2_PLACEMENT_3D('',#4938,#4054,#4055);
#3298=AXIS2_PLACEMENT_3D('',#4939,#4056,#4057);
#3299=AXIS2_PLACEMENT_3D('',#4945,#4061,#4062);
#3300=AXIS2_PLACEMENT_3D('',#4946,#4063,#4064);
#3301=AXIS2_PLACEMENT_3D('',#4950,#4066,#4067);
#3302=AXIS2_PLACEMENT_3D('',#4951,#4068,#4069);
#3303=AXIS2_PLACEMENT_3D('',#4954,#4072,#4073);
#3304=AXIS2_PLACEMENT_3D('',#4957,#4076,#4077);
#3305=AXIS2_PLACEMENT_3D('',#4960,#4080,#4081);
#3306=AXIS2_PLACEMENT_3D('',#4963,#4084,#4085);
#3307=AXIS2_PLACEMENT_3D('',#4966,#4088,#4089);
#3308=AXIS2_PLACEMENT_3D('',#4969,#4092,#4093);
#3309=AXIS2_PLACEMENT_3D('',#4972,#4096,#4097);
#3310=AXIS2_PLACEMENT_3D('',#4975,#4100,#4101);
#3311=AXIS2_PLACEMENT_3D('',#4978,#4104,#4105);
#3312=AXIS2_PLACEMENT_3D('',#4981,#4108,#4109);
#3313=AXIS2_PLACEMENT_3D('',#4982,#4110,#4111);
#3314=AXIS2_PLACEMENT_3D('',#4983,#4112,#4113);
#3315=AXIS2_PLACEMENT_3D('',#4984,#4114,#4115);
#3316=AXIS2_PLACEMENT_3D('',#4985,#4116,#4117);
#3317=AXIS2_PLACEMENT_3D('',#4987,#4118,#4119);
#3318=AXIS2_PLACEMENT_3D('',#4992,#4121,#4122);
#3319=AXIS2_PLACEMENT_3D('',#4996,#4124,#4125);
#3320=AXIS2_PLACEMENT_3D('',#5000,#4127,#4128);
#3321=AXIS2_PLACEMENT_3D('',#5004,#4130,#4131);
#3322=AXIS2_PLACEMENT_3D('',#5021,#4140,#4141);
#3323=AXIS2_PLACEMENT_3D('',#5027,#4145,#4146);
#3324=AXIS2_PLACEMENT_3D('',#5031,#4149,#4150);
#3325=AXIS2_PLACEMENT_3D('',#5035,#4153,#4154);
#3326=AXIS2_PLACEMENT_3D('',#5036,#4155,#4156);
#3327=AXIS2_PLACEMENT_3D('',#5038,#4157,#4158);
#3328=AXIS2_PLACEMENT_3D('',#5040,#4160,#4161);
#3329=AXIS2_PLACEMENT_3D('',#5041,#4162,#4163);
#3330=AXIS2_PLACEMENT_3D('',#5043,#4164,#4165);
#3331=AXIS2_PLACEMENT_3D('',#5047,#4167,#4168);
#3332=AXIS2_PLACEMENT_3D('',#5051,#4170,#4171);
#3333=AXIS2_PLACEMENT_3D('',#5055,#4173,#4174);
#3334=AXIS2_PLACEMENT_3D('',#5059,#4176,#4177);
#3335=AXIS2_PLACEMENT_3D('',#5060,#4178,#4179);
#3336=AXIS2_PLACEMENT_3D('',#5061,#4180,#4181);
#3337=AXIS2_PLACEMENT_3D('',#5062,#4182,#4183);
#3338=AXIS2_PLACEMENT_3D('',#5063,#4184,#4185);
#3339=AXIS2_PLACEMENT_3D('',#5064,#4186,#4187);
#3340=AXIS2_PLACEMENT_3D('',#5065,#4188,#4189);
#3341=AXIS2_PLACEMENT_3D('',#5066,#4190,#4191);
#3342=AXIS2_PLACEMENT_3D('',#5067,#4192,#4193);
#3343=AXIS2_PLACEMENT_3D('',#5068,#4194,#4195);
#3344=AXIS2_PLACEMENT_3D('',#5069,#4196,#4197);
#3345=AXIS2_PLACEMENT_3D('',#5070,#4198,#4199);
#3346=AXIS2_PLACEMENT_3D('',#5071,#4200,#4201);
#3347=AXIS2_PLACEMENT_3D('',#5072,#4202,#4203);
#3348=AXIS2_PLACEMENT_3D('',#5073,#4204,#4205);
#3349=AXIS2_PLACEMENT_3D('',#5074,#4206,#4207);
#3350=AXIS2_PLACEMENT_3D('',#5075,#4208,#4209);
#3351=AXIS2_PLACEMENT_3D('',#5095,#4211,#4212);
#3352=AXIS2_PLACEMENT_3D('',#5120,#4217,#4218);
#3353=AXIS2_PLACEMENT_3D('',#5145,#4223,#4224);
#3354=AXIS2_PLACEMENT_3D('',#5151,#4228,#4229);
#3355=AXIS2_PLACEMENT_3D('',#5152,#4230,#4231);
#3356=AXIS2_PLACEMENT_3D('',#5154,#4232,#4233);
#3357=AXIS2_PLACEMENT_3D('',#5172,#4234,#4235);
#3358=AXIS2_PLACEMENT_3D('',#5173,#4236,#4237);
#3359=AXIS2_PLACEMENT_3D('',#5175,#4238,#4239);
#3360=AXIS2_PLACEMENT_3D('',#5177,#4240,#4241);
#3361=AXIS2_PLACEMENT_3D('',#5178,#4242,#4243);
#3362=DIRECTION('',(0.,0.,1.));
#3363=DIRECTION('',(1.,0.,0.));
#3364=DIRECTION('',(0.,0.,-1.));
#3365=DIRECTION('',(0.,1.,0.));
#3366=DIRECTION('',(0.,0.,1.));
#3367=DIRECTION('',(0.,-1.,0.));
#3368=DIRECTION('',(0.,0.,1.));
#3369=DIRECTION('',(0.,-1.,0.));
#3370=DIRECTION('',(1.,0.,0.));
#3371=DIRECTION('',(0.,-1.,0.));
#3372=DIRECTION('',(1.,0.,0.));
#3373=DIRECTION('',(0.,-1.,0.));
#3374=DIRECTION('',(1.,0.,0.));
#3375=DIRECTION('',(0.,0.,-1.));
#3376=DIRECTION('',(0.,1.,0.));
#3377=DIRECTION('',(-2.44327250137579E-15,1.,0.));
#3378=DIRECTION('',(0.,0.,-1.));
#3379=DIRECTION('',(0.,1.,0.));
#3380=DIRECTION('',(1.,0.,0.));
#3381=DIRECTION('',(0.,0.,-1.));
#3382=DIRECTION('',(0.,1.,0.));
#3383=DIRECTION('',(0.,1.,0.));
#3384=DIRECTION('',(0.,0.,-1.));
#3385=DIRECTION('',(0.,1.,0.));
#3386=DIRECTION('',(0.,1.,0.));
#3387=DIRECTION('',(1.,0.,0.));
#3388=DIRECTION('',(0.,1.,0.));
#3389=DIRECTION('',(1.,0.,0.));
#3390=DIRECTION('',(0.,0.,-1.));
#3391=DIRECTION('',(0.,1.,0.));
#3392=DIRECTION('',(1.,0.,0.));
#3393=DIRECTION('',(-1.,0.,0.));
#3394=DIRECTION('',(0.,1.,0.));
#3395=DIRECTION('',(1.,0.,0.));
#3396=DIRECTION('',(0.,0.,1.));
#3397=DIRECTION('',(0.,1.,0.));
#3398=DIRECTION('',(1.,0.,0.));
#3399=DIRECTION('',(0.,0.,1.));
#3400=DIRECTION('',(0.,1.,0.));
#3401=DIRECTION('',(1.,0.,0.));
#3402=DIRECTION('',(-1.,0.,0.));
#3403=DIRECTION('',(0.,1.,0.));
#3404=DIRECTION('',(1.,0.,0.));
#3405=DIRECTION('',(0.,0.,-1.));
#3406=DIRECTION('',(0.,1.,0.));
#3407=DIRECTION('',(1.,0.,0.));
#3408=DIRECTION('',(1.,0.,0.));
#3409=DIRECTION('',(0.,1.,0.));
#3410=DIRECTION('',(1.,0.,0.));
#3411=DIRECTION('',(0.,-1.,0.));
#3412=DIRECTION('',(-1.,0.,0.));
#3413=DIRECTION('',(0.,1.,0.));
#3414=DIRECTION('',(1.,0.,0.));
#3415=DIRECTION('',(0.,-1.,0.));
#3416=DIRECTION('',(-1.,0.,0.));
#3417=DIRECTION('',(0.,1.,0.));
#3418=DIRECTION('',(0.,0.,-1.));
#3419=DIRECTION('',(0.,-1.,0.));
#3420=DIRECTION('',(0.,-1.,0.));
#3421=DIRECTION('',(-1.,0.,0.));
#3422=DIRECTION('',(0.,1.,0.));
#3423=DIRECTION('',(1.,0.,0.));
#3424=DIRECTION('',(0.,-1.,0.));
#3425=DIRECTION('',(0.,0.,1.));
#3426=DIRECTION('',(0.,-1.,0.));
#3427=DIRECTION('',(-1.,0.,0.));
#3428=DIRECTION('',(0.,-1.,0.));
#3429=DIRECTION('',(0.,-1.,0.));
#3430=DIRECTION('',(-1.,0.,0.));
#3431=DIRECTION('',(0.,1.,0.));
#3432=DIRECTION('',(1.,0.,0.));
#3433=DIRECTION('',(0.,-1.,0.));
#3434=DIRECTION('',(1.,0.,0.));
#3435=DIRECTION('',(0.,-1.,0.));
#3436=DIRECTION('',(0.,0.,1.));
#3437=DIRECTION('',(0.,-1.,0.));
#3438=DIRECTION('',(0.,-1.,0.));
#3439=DIRECTION('',(-1.,0.,0.));
#3440=DIRECTION('',(0.,1.,0.));
#3441=DIRECTION('',(1.,0.,0.));
#3442=DIRECTION('',(0.,1.,0.));
#3443=DIRECTION('',(1.,0.,0.));
#3444=DIRECTION('',(1.,0.,0.));
#3445=DIRECTION('',(0.,-1.,0.));
#3446=DIRECTION('',(0.,-1.,0.));
#3447=DIRECTION('',(0.,0.,1.));
#3448=DIRECTION('',(0.,-1.,0.));
#3449=DIRECTION('',(0.,-1.,0.));
#3450=DIRECTION('',(-1.,0.,0.));
#3451=DIRECTION('',(0.,1.,0.));
#3452=DIRECTION('',(1.,0.,0.));
#3453=DIRECTION('',(0.,-1.,0.));
#3454=DIRECTION('',(0.,0.,-1.));
#3455=DIRECTION('',(0.,1.,0.));
#3456=DIRECTION('',(0.,0.,-1.));
#3457=DIRECTION('',(0.,1.,0.));
#3458=DIRECTION('',(0.,0.,-1.));
#3459=DIRECTION('',(0.,1.,0.));
#3460=DIRECTION('',(0.,0.,-1.));
#3461=DIRECTION('',(0.,1.,0.));
#3462=DIRECTION('',(-1.22163625068789E-15,1.,0.));
#3463=DIRECTION('',(0.,0.,-1.));
#3464=DIRECTION('',(0.,1.,0.));
#3465=DIRECTION('',(1.,0.,0.));
#3466=DIRECTION('',(0.,0.,-1.));
#3467=DIRECTION('',(0.,1.,0.));
#3468=DIRECTION('',(0.,1.,0.));
#3469=DIRECTION('',(0.,0.,-1.));
#3470=DIRECTION('',(0.,1.,0.));
#3471=DIRECTION('',(1.,0.,0.));
#3472=DIRECTION('',(0.,-1.,0.));
#3473=DIRECTION('',(1.,0.,0.));
#3474=DIRECTION('',(0.,-1.,0.));
#3475=DIRECTION('',(-1.,0.,0.));
#3476=DIRECTION('',(0.,1.,0.));
#3477=DIRECTION('',(1.,0.,0.));
#3478=DIRECTION('',(0.,-1.,0.));
#3479=DIRECTION('',(-1.,0.,0.));
#3480=DIRECTION('',(0.,1.,0.));
#3481=DIRECTION('',(0.,-1.,0.));
#3482=DIRECTION('',(0.,0.,-1.));
#3483=DIRECTION('',(0.,-1.,0.));
#3484=DIRECTION('',(-1.,0.,0.));
#3485=DIRECTION('',(0.,1.,0.));
#3486=DIRECTION('',(1.,0.,0.));
#3487=DIRECTION('',(0.,-1.,0.));
#3488=DIRECTION('',(0.,0.,1.));
#3489=DIRECTION('',(0.,-1.,0.));
#3490=DIRECTION('',(0.,-1.,0.));
#3491=DIRECTION('',(-1.,0.,0.));
#3492=DIRECTION('',(0.,-1.,0.));
#3493=DIRECTION('',(-1.,0.,0.));
#3494=DIRECTION('',(0.,1.,0.));
#3495=DIRECTION('',(1.,0.,0.));
#3496=DIRECTION('',(0.,-1.,0.));
#3497=DIRECTION('',(-1.,0.,0.));
#3498=DIRECTION('',(0.,1.,0.));
#3499=DIRECTION('',(1.,0.,0.));
#3500=DIRECTION('',(0.,-1.,0.));
#3501=DIRECTION('',(0.,1.,0.));
#3502=DIRECTION('',(1.,0.,0.));
#3503=DIRECTION('',(0.,-1.,0.));
#3504=DIRECTION('',(-1.,0.,3.96508228815329E-16));
#3505=DIRECTION('',(3.96508228815329E-16,0.,1.));
#3506=DIRECTION('',(-3.96508228815329E-16,0.,-1.));
#3507=DIRECTION('',(0.,-1.,0.));
#3508=DIRECTION('',(-3.96508228815329E-16,0.,-1.));
#3509=DIRECTION('',(0.,-1.,0.));
#3510=DIRECTION('',(-1.,0.,0.));
#3511=DIRECTION('',(0.,1.,0.));
#3512=DIRECTION('',(1.,0.,0.));
#3513=DIRECTION('',(0.,-1.,0.));
#3514=DIRECTION('',(0.,1.,0.));
#3515=DIRECTION('',(1.,0.,0.));
#3516=DIRECTION('',(-2.74807684871904E-16,0.,-1.));
#3517=DIRECTION('',(-1.,0.,2.74807684871904E-16));
#3518=DIRECTION('',(1.,0.,-2.74807684871904E-16));
#3519=DIRECTION('',(0.,-1.,0.));
#3520=DIRECTION('',(1.,0.,-2.74807684871904E-16));
#3521=DIRECTION('',(0.,-1.,0.));
#3522=DIRECTION('',(-1.,0.,0.));
#3523=DIRECTION('',(0.,1.,0.));
#3524=DIRECTION('',(1.,0.,0.));
#3525=DIRECTION('',(0.,-1.,0.));
#3526=DIRECTION('',(0.,1.,0.));
#3527=DIRECTION('',(1.,0.,0.));
#3528=DIRECTION('',(1.,0.,-3.96508228815338E-16));
#3529=DIRECTION('',(-3.96508228815338E-16,0.,-1.));
#3530=DIRECTION('',(3.96508228815338E-16,0.,1.));
#3531=DIRECTION('',(0.,-1.,0.));
#3532=DIRECTION('',(3.96508228815338E-16,0.,1.));
#3533=DIRECTION('',(0.,-1.,0.));
#3534=DIRECTION('',(-1.,0.,0.));
#3535=DIRECTION('',(0.,1.,0.));
#3536=DIRECTION('',(1.,0.,0.));
#3537=DIRECTION('',(0.,-1.,0.));
#3538=DIRECTION('',(0.,1.,0.));
#3539=DIRECTION('',(1.,0.,0.));
#3540=DIRECTION('',(2.74807684871894E-16,0.,1.));
#3541=DIRECTION('',(1.,0.,-2.74807684871894E-16));
#3542=DIRECTION('',(-1.,0.,2.74807684871894E-16));
#3543=DIRECTION('',(-1.,0.,2.74807684871894E-16));
#3544=DIRECTION('',(0.,1.,0.));
#3545=DIRECTION('',(1.,0.,0.));
#3546=DIRECTION('',(0.,1.,0.));
#3547=DIRECTION('',(1.,0.,0.));
#3548=DIRECTION('',(-1.,-1.22163625068789E-15,0.));
#3549=DIRECTION('',(-1.22163625068789E-15,1.,0.));
#3550=DIRECTION('',(0.,0.,1.));
#3551=DIRECTION('',(-1.22163625068789E-15,1.,0.));
#3552=DIRECTION('',(0.,0.,1.));
#3553=DIRECTION('',(0.,0.,1.));
#3554=DIRECTION('',(0.,-1.,0.));
#3555=DIRECTION('',(0.,0.,1.));
#3556=DIRECTION('',(0.,0.,1.));
#3557=DIRECTION('',(0.,-1.,0.));
#3558=DIRECTION('',(0.,1.,0.));
#3559=DIRECTION('',(1.,0.,0.));
#3560=DIRECTION('',(1.,0.,0.));
#3561=DIRECTION('',(0.,0.,1.));
#3562=DIRECTION('',(0.,0.,1.));
#3563=DIRECTION('',(0.,-1.,0.));
#3564=DIRECTION('',(0.,0.,1.));
#3565=DIRECTION('',(0.,0.,1.));
#3566=DIRECTION('',(0.,-1.,0.));
#3567=DIRECTION('',(-1.,0.,0.));
#3568=DIRECTION('',(0.,1.,0.));
#3569=DIRECTION('',(0.,1.,0.));
#3570=DIRECTION('',(0.,0.,1.));
#3571=DIRECTION('',(0.,0.,1.));
#3572=DIRECTION('',(0.,-1.,0.));
#3573=DIRECTION('',(0.,0.,1.));
#3574=DIRECTION('',(0.,0.,1.));
#3575=DIRECTION('',(0.,-1.,0.));
#3576=DIRECTION('',(0.,1.,0.));
#3577=DIRECTION('',(1.,0.,0.));
#3578=DIRECTION('',(0.,0.,1.));
#3579=DIRECTION('',(1.,0.,0.));
#3580=DIRECTION('',(0.,0.,1.));
#3581=DIRECTION('',(0.,-1.,0.));
#3582=DIRECTION('',(0.,0.,1.));
#3583=DIRECTION('',(0.,-1.,0.));
#3584=DIRECTION('',(0.,0.,1.));
#3585=DIRECTION('',(1.,0.,0.));
#3586=DIRECTION('',(-1.,0.,0.));
#3587=DIRECTION('',(0.,0.,-1.));
#3588=DIRECTION('',(0.,-1.,0.));
#3589=DIRECTION('',(0.,-1.,0.));
#3590=DIRECTION('',(0.,0.,1.));
#3591=DIRECTION('',(0.,-1.,0.));
#3592=DIRECTION('',(-1.,0.,0.));
#3593=DIRECTION('',(0.,0.,1.));
#3594=DIRECTION('',(0.,-1.,0.));
#3595=DIRECTION('',(2.44327250137579E-15,-1.,0.));
#3596=DIRECTION('',(0.,0.,1.));
#3597=DIRECTION('',(0.,-1.,0.));
#3598=DIRECTION('',(0.,1.,0.));
#3599=DIRECTION('',(1.,0.,0.));
#3600=DIRECTION('',(0.,0.,1.));
#3601=DIRECTION('',(0.,0.,1.));
#3602=DIRECTION('',(0.,0.,1.));
#3603=DIRECTION('',(0.,-1.,0.));
#3604=DIRECTION('',(0.,0.,1.));
#3605=DIRECTION('',(-1.,-2.44327250137579E-15,0.));
#3606=DIRECTION('',(-2.44327250137579E-15,1.,0.));
#3607=DIRECTION('',(0.,0.,1.));
#3608=DIRECTION('',(0.,0.,1.));
#3609=DIRECTION('',(0.,-1.,0.));
#3610=DIRECTION('',(0.,0.,1.));
#3611=DIRECTION('',(0.,1.,0.));
#3612=DIRECTION('',(1.,0.,0.));
#3613=DIRECTION('',(0.,0.,1.));
#3614=DIRECTION('',(0.,0.,1.));
#3615=DIRECTION('',(0.,-1.,0.));
#3616=DIRECTION('',(0.,0.,1.));
#3617=DIRECTION('',(-1.,0.,0.));
#3618=DIRECTION('',(0.,1.,0.));
#3619=DIRECTION('',(0.,0.,1.));
#3620=DIRECTION('',(0.,0.,1.));
#3621=DIRECTION('',(0.,-1.,0.));
#3622=DIRECTION('',(0.,0.,1.));
#3623=DIRECTION('',(0.,-1.,0.));
#3624=DIRECTION('',(0.,0.,1.));
#3625=DIRECTION('',(0.,-1.,0.));
#3626=DIRECTION('',(0.,0.,1.));
#3627=DIRECTION('',(1.,0.,0.));
#3628=DIRECTION('',(0.,-1.,0.));
#3629=DIRECTION('',(-1.,0.,0.));
#3630=DIRECTION('',(0.,1.,0.));
#3631=DIRECTION('',(1.,0.,0.));
#3632=DIRECTION('',(0.,-1.,0.));
#3633=DIRECTION('',(0.,1.,0.));
#3634=DIRECTION('',(1.,0.,0.));
#3635=DIRECTION('',(0.,-1.,0.));
#3636=DIRECTION('',(-1.,0.,0.));
#3637=DIRECTION('',(0.,1.,0.));
#3638=DIRECTION('',(0.,0.,-1.));
#3639=DIRECTION('',(0.,-1.,0.));
#3640=DIRECTION('',(0.,0.,-1.));
#3641=DIRECTION('',(0.,-1.,0.));
#3642=DIRECTION('',(-1.,0.,0.));
#3643=DIRECTION('',(0.,1.,0.));
#3644=DIRECTION('',(1.,0.,0.));
#3645=DIRECTION('',(0.,-1.,0.));
#3646=DIRECTION('',(0.,1.,0.));
#3647=DIRECTION('',(1.,0.,0.));
#3648=DIRECTION('',(0.,0.,-1.));
#3649=DIRECTION('',(0.,1.,0.));
#3650=DIRECTION('',(1.,0.,0.));
#3651=DIRECTION('',(0.,-1.,0.));
#3652=DIRECTION('',(1.,0.,0.));
#3653=DIRECTION('',(0.,-1.,0.));
#3654=DIRECTION('',(-1.,0.,0.));
#3655=DIRECTION('',(0.,1.,0.));
#3656=DIRECTION('',(1.,0.,0.));
#3657=DIRECTION('',(0.,-1.,0.));
#3658=DIRECTION('',(0.,1.,0.));
#3659=DIRECTION('',(1.,0.,0.));
#3660=DIRECTION('',(-1.,0.,0.));
#3661=DIRECTION('',(0.,1.,0.));
#3662=DIRECTION('',(0.,0.,-1.));
#3663=DIRECTION('',(0.,-1.,0.));
#3664=DIRECTION('',(0.,0.,-1.));
#3665=DIRECTION('',(0.,-1.,0.));
#3666=DIRECTION('',(-1.,0.,0.));
#3667=DIRECTION('',(0.,1.,0.));
#3668=DIRECTION('',(1.,0.,0.));
#3669=DIRECTION('',(0.,-1.,0.));
#3670=DIRECTION('',(0.,1.,0.));
#3671=DIRECTION('',(1.,0.,0.));
#3672=DIRECTION('',(0.,-1.,0.));
#3673=DIRECTION('',(-1.,0.,0.));
#3674=DIRECTION('',(0.,1.,0.));
#3675=DIRECTION('',(1.,0.,0.));
#3676=DIRECTION('',(0.,-1.,0.));
#3677=DIRECTION('',(0.,1.,0.));
#3678=DIRECTION('',(1.,0.,0.));
#3679=DIRECTION('',(0.,-1.,0.));
#3680=DIRECTION('',(1.,0.,-1.33440267382831E-16));
#3681=DIRECTION('',(-1.33440267382831E-16,0.,-1.));
#3682=DIRECTION('',(1.33440267382831E-16,0.,1.));
#3683=DIRECTION('',(0.,-1.,0.));
#3684=DIRECTION('',(1.33440267382831E-16,0.,1.));
#3685=DIRECTION('',(0.,-1.,0.));
#3686=DIRECTION('',(-1.,0.,0.));
#3687=DIRECTION('',(0.,1.,0.));
#3688=DIRECTION('',(1.,0.,0.));
#3689=DIRECTION('',(0.,-1.,0.));
#3690=DIRECTION('',(0.,1.,0.));
#3691=DIRECTION('',(1.,0.,0.));
#3692=DIRECTION('',(0.,0.,-1.));
#3693=DIRECTION('',(0.,1.,0.));
#3694=DIRECTION('',(1.,0.,0.));
#3695=DIRECTION('',(0.,-1.,0.));
#3696=DIRECTION('',(1.,0.,0.));
#3697=DIRECTION('',(0.,-1.,0.));
#3698=DIRECTION('',(-1.,0.,0.));
#3699=DIRECTION('',(0.,1.,0.));
#3700=DIRECTION('',(1.,0.,0.));
#3701=DIRECTION('',(0.,-1.,0.));
#3702=DIRECTION('',(0.,1.,0.));
#3703=DIRECTION('',(1.,0.,0.));
#3704=DIRECTION('',(1.,0.,0.));
#3705=DIRECTION('',(0.,-1.,0.));
#3706=DIRECTION('',(0.,0.,1.));
#3707=DIRECTION('',(0.,-1.,0.));
#3708=DIRECTION('',(0.,0.,1.));
#3709=DIRECTION('',(0.,-1.,0.));
#3710=DIRECTION('',(-1.,0.,0.));
#3711=DIRECTION('',(0.,1.,0.));
#3712=DIRECTION('',(1.,0.,0.));
#3713=DIRECTION('',(0.,-1.,0.));
#3714=DIRECTION('',(0.,1.,0.));
#3715=DIRECTION('',(1.,0.,0.));
#3716=DIRECTION('',(0.,-1.,0.));
#3717=DIRECTION('',(-1.,0.,0.));
#3718=DIRECTION('',(0.,1.,0.));
#3719=DIRECTION('',(1.,0.,0.));
#3720=DIRECTION('',(0.,-1.,0.));
#3721=DIRECTION('',(0.,1.,0.));
#3722=DIRECTION('',(1.,0.,0.));
#3723=DIRECTION('',(0.,-1.,0.));
#3724=DIRECTION('',(1.,0.,-1.33440267382831E-16));
#3725=DIRECTION('',(-1.33440267382831E-16,0.,-1.));
#3726=DIRECTION('',(1.33440267382831E-16,0.,1.));
#3727=DIRECTION('',(0.,-1.,0.));
#3728=DIRECTION('',(1.33440267382831E-16,0.,1.));
#3729=DIRECTION('',(0.,-1.,0.));
#3730=DIRECTION('',(-1.,0.,0.));
#3731=DIRECTION('',(0.,1.,0.));
#3732=DIRECTION('',(1.,0.,0.));
#3733=DIRECTION('',(0.,-1.,0.));
#3734=DIRECTION('',(0.,1.,0.));
#3735=DIRECTION('',(1.,0.,0.));
#3736=DIRECTION('',(0.,0.,-1.));
#3737=DIRECTION('',(0.,1.,0.));
#3738=DIRECTION('',(1.,0.,0.));
#3739=DIRECTION('',(0.,-1.,0.));
#3740=DIRECTION('',(1.,0.,0.));
#3741=DIRECTION('',(0.,-1.,0.));
#3742=DIRECTION('',(-1.,0.,0.));
#3743=DIRECTION('',(0.,1.,0.));
#3744=DIRECTION('',(1.,0.,0.));
#3745=DIRECTION('',(0.,-1.,0.));
#3746=DIRECTION('',(0.,1.,0.));
#3747=DIRECTION('',(1.,0.,0.));
#3748=DIRECTION('',(1.,0.,0.));
#3749=DIRECTION('',(0.,-1.,0.));
#3750=DIRECTION('',(0.,0.,1.));
#3751=DIRECTION('',(0.,-1.,0.));
#3752=DIRECTION('',(0.,0.,1.));
#3753=DIRECTION('',(0.,-1.,0.));
#3754=DIRECTION('',(-1.,0.,0.));
#3755=DIRECTION('',(0.,1.,0.));
#3756=DIRECTION('',(1.,0.,0.));
#3757=DIRECTION('',(0.,-1.,0.));
#3758=DIRECTION('',(0.,1.,0.));
#3759=DIRECTION('',(1.,0.,0.));
#3760=DIRECTION('',(0.,-1.,0.));
#3761=DIRECTION('',(-1.,0.,0.));
#3762=DIRECTION('',(0.,1.,0.));
#3763=DIRECTION('',(1.,0.,0.));
#3764=DIRECTION('',(0.,-1.,0.));
#3765=DIRECTION('',(0.,1.,0.));
#3766=DIRECTION('',(1.,0.,0.));
#3767=DIRECTION('',(0.,-1.,0.));
#3768=DIRECTION('',(1.,0.,-1.33440267382831E-16));
#3769=DIRECTION('',(-1.33440267382831E-16,0.,-1.));
#3770=DIRECTION('',(1.33440267382831E-16,0.,1.));
#3771=DIRECTION('',(0.,-1.,0.));
#3772=DIRECTION('',(1.33440267382831E-16,0.,1.));
#3773=DIRECTION('',(0.,-1.,0.));
#3774=DIRECTION('',(-1.,0.,0.));
#3775=DIRECTION('',(0.,1.,0.));
#3776=DIRECTION('',(1.,0.,0.));
#3777=DIRECTION('',(0.,-1.,0.));
#3778=DIRECTION('',(0.,1.,0.));
#3779=DIRECTION('',(1.,0.,0.));
#3780=DIRECTION('',(0.,0.,-1.));
#3781=DIRECTION('',(0.,1.,0.));
#3782=DIRECTION('',(1.,0.,0.));
#3783=DIRECTION('',(0.,-1.,0.));
#3784=DIRECTION('',(1.,0.,0.));
#3785=DIRECTION('',(0.,-1.,0.));
#3786=DIRECTION('',(-1.,0.,0.));
#3787=DIRECTION('',(0.,1.,0.));
#3788=DIRECTION('',(1.,0.,0.));
#3789=DIRECTION('',(0.,-1.,0.));
#3790=DIRECTION('',(0.,1.,0.));
#3791=DIRECTION('',(1.,0.,0.));
#3792=DIRECTION('',(1.,0.,0.));
#3793=DIRECTION('',(0.,-1.,0.));
#3794=DIRECTION('',(0.,0.,1.));
#3795=DIRECTION('',(0.,-1.,0.));
#3796=DIRECTION('',(0.,0.,1.));
#3797=DIRECTION('',(0.,-1.,0.));
#3798=DIRECTION('',(-1.,0.,0.));
#3799=DIRECTION('',(0.,1.,0.));
#3800=DIRECTION('',(1.,0.,0.));
#3801=DIRECTION('',(0.,-1.,0.));
#3802=DIRECTION('',(0.,1.,0.));
#3803=DIRECTION('',(1.,0.,0.));
#3804=DIRECTION('',(0.,-1.,0.));
#3805=DIRECTION('',(-1.,0.,0.));
#3806=DIRECTION('',(0.,1.,0.));
#3807=DIRECTION('',(1.,0.,0.));
#3808=DIRECTION('',(0.,-1.,0.));
#3809=DIRECTION('',(0.,1.,0.));
#3810=DIRECTION('',(1.,0.,0.));
#3811=DIRECTION('',(0.,-1.,0.));
#3812=DIRECTION('',(1.,0.,-1.33440267382831E-16));
#3813=DIRECTION('',(-1.33440267382831E-16,0.,-1.));
#3814=DIRECTION('',(1.33440267382831E-16,0.,1.));
#3815=DIRECTION('',(0.,-1.,0.));
#3816=DIRECTION('',(1.33440267382831E-16,0.,1.));
#3817=DIRECTION('',(0.,-1.,0.));
#3818=DIRECTION('',(-1.,0.,0.));
#3819=DIRECTION('',(0.,1.,0.));
#3820=DIRECTION('',(1.,0.,0.));
#3821=DIRECTION('',(0.,-1.,0.));
#3822=DIRECTION('',(0.,1.,0.));
#3823=DIRECTION('',(1.,0.,0.));
#3824=DIRECTION('',(0.,0.,-1.));
#3825=DIRECTION('',(0.,1.,0.));
#3826=DIRECTION('',(1.,0.,0.));
#3827=DIRECTION('',(0.,-1.,0.));
#3828=DIRECTION('',(1.,0.,0.));
#3829=DIRECTION('',(0.,-1.,0.));
#3830=DIRECTION('',(-1.,0.,0.));
#3831=DIRECTION('',(0.,1.,0.));
#3832=DIRECTION('',(1.,0.,0.));
#3833=DIRECTION('',(0.,-1.,0.));
#3834=DIRECTION('',(0.,1.,0.));
#3835=DIRECTION('',(1.,0.,0.));
#3836=DIRECTION('',(1.,0.,-1.33440267382831E-16));
#3837=DIRECTION('',(-1.33440267382831E-16,0.,-1.));
#3838=DIRECTION('',(1.33440267382831E-16,0.,1.));
#3839=DIRECTION('',(0.,-1.,0.));
#3840=DIRECTION('',(1.33440267382831E-16,0.,1.));
#3841=DIRECTION('',(0.,-1.,0.));
#3842=DIRECTION('',(-1.,0.,0.));
#3843=DIRECTION('',(0.,1.,0.));
#3844=DIRECTION('',(1.,0.,0.));
#3845=DIRECTION('',(0.,-1.,0.));
#3846=DIRECTION('',(0.,1.,0.));
#3847=DIRECTION('',(1.,0.,0.));
#3848=DIRECTION('',(0.,-1.,0.));
#3849=DIRECTION('',(-1.,0.,0.));
#3850=DIRECTION('',(0.,1.,0.));
#3851=DIRECTION('',(1.,0.,0.));
#3852=DIRECTION('',(0.,-1.,0.));
#3853=DIRECTION('',(0.,1.,0.));
#3854=DIRECTION('',(1.,0.,0.));
#3855=DIRECTION('',(0.,-1.,0.));
#3856=DIRECTION('',(1.,0.,0.));
#3857=DIRECTION('',(0.,-1.,0.));
#3858=DIRECTION('',(0.,0.,1.));
#3859=DIRECTION('',(0.,-1.,0.));
#3860=DIRECTION('',(0.,0.,1.));
#3861=DIRECTION('',(0.,-1.,0.));
#3862=DIRECTION('',(-1.,0.,0.));
#3863=DIRECTION('',(0.,1.,0.));
#3864=DIRECTION('',(1.,0.,0.));
#3865=DIRECTION('',(0.,-1.,0.));
#3866=DIRECTION('',(0.,1.,0.));
#3867=DIRECTION('',(1.,0.,0.));
#3868=DIRECTION('',(0.,0.,-1.));
#3869=DIRECTION('',(0.,1.,0.));
#3870=DIRECTION('',(1.,0.,0.));
#3871=DIRECTION('',(0.,-1.,0.));
#3872=DIRECTION('',(1.,0.,0.));
#3873=DIRECTION('',(0.,-1.,0.));
#3874=DIRECTION('',(-1.,0.,0.));
#3875=DIRECTION('',(0.,1.,0.));
#3876=DIRECTION('',(1.,0.,0.));
#3877=DIRECTION('',(0.,-1.,0.));
#3878=DIRECTION('',(0.,1.,0.));
#3879=DIRECTION('',(1.,0.,0.));
#3880=DIRECTION('',(1.,0.,-1.33440267382831E-16));
#3881=DIRECTION('',(-1.33440267382831E-16,0.,-1.));
#3882=DIRECTION('',(1.33440267382831E-16,0.,1.));
#3883=DIRECTION('',(0.,-1.,0.));
#3884=DIRECTION('',(1.33440267382831E-16,0.,1.));
#3885=DIRECTION('',(0.,-1.,0.));
#3886=DIRECTION('',(-1.,0.,0.));
#3887=DIRECTION('',(0.,1.,0.));
#3888=DIRECTION('',(1.,0.,0.));
#3889=DIRECTION('',(0.,-1.,0.));
#3890=DIRECTION('',(0.,1.,0.));
#3891=DIRECTION('',(1.,0.,0.));
#3892=DIRECTION('',(0.,-1.,0.));
#3893=DIRECTION('',(-1.,0.,0.));
#3894=DIRECTION('',(0.,1.,0.));
#3895=DIRECTION('',(1.,0.,0.));
#3896=DIRECTION('',(0.,-1.,0.));
#3897=DIRECTION('',(0.,1.,0.));
#3898=DIRECTION('',(1.,0.,0.));
#3899=DIRECTION('',(0.,-1.,0.));
#3900=DIRECTION('',(1.,0.,-1.33440267382831E-16));
#3901=DIRECTION('',(-1.33440267382831E-16,0.,-1.));
#3902=DIRECTION('',(1.33440267382831E-16,0.,1.));
#3903=DIRECTION('',(0.,-1.,0.));
#3904=DIRECTION('',(1.33440267382831E-16,0.,1.));
#3905=DIRECTION('',(0.,-1.,0.));
#3906=DIRECTION('',(-1.,0.,0.));
#3907=DIRECTION('',(0.,1.,0.));
#3908=DIRECTION('',(1.,0.,0.));
#3909=DIRECTION('',(0.,-1.,0.));
#3910=DIRECTION('',(0.,1.,0.));
#3911=DIRECTION('',(1.,0.,0.));
#3912=DIRECTION('',(0.,0.,-1.));
#3913=DIRECTION('',(0.,1.,0.));
#3914=DIRECTION('',(1.,0.,0.));
#3915=DIRECTION('',(0.,-1.,0.));
#3916=DIRECTION('',(1.,0.,0.));
#3917=DIRECTION('',(0.,-1.,0.));
#3918=DIRECTION('',(-1.,0.,0.));
#3919=DIRECTION('',(0.,1.,0.));
#3920=DIRECTION('',(1.,0.,0.));
#3921=DIRECTION('',(0.,-1.,0.));
#3922=DIRECTION('',(0.,1.,0.));
#3923=DIRECTION('',(1.,0.,0.));
#3924=DIRECTION('',(1.,0.,-1.33440267382831E-16));
#3925=DIRECTION('',(-1.33440267382831E-16,0.,-1.));
#3926=DIRECTION('',(1.33440267382831E-16,0.,1.));
#3927=DIRECTION('',(0.,-1.,0.));
#3928=DIRECTION('',(1.33440267382831E-16,0.,1.));
#3929=DIRECTION('',(0.,-1.,0.));
#3930=DIRECTION('',(-1.,0.,0.));
#3931=DIRECTION('',(0.,1.,0.));
#3932=DIRECTION('',(1.,0.,0.));
#3933=DIRECTION('',(0.,-1.,0.));
#3934=DIRECTION('',(0.,1.,0.));
#3935=DIRECTION('',(1.,0.,0.));
#3936=DIRECTION('',(0.,-1.,0.));
#3937=DIRECTION('',(-1.,0.,0.));
#3938=DIRECTION('',(0.,1.,0.));
#3939=DIRECTION('',(1.,0.,0.));
#3940=DIRECTION('',(0.,-1.,0.));
#3941=DIRECTION('',(0.,1.,0.));
#3942=DIRECTION('',(1.,0.,0.));
#3943=DIRECTION('',(0.,-1.,0.));
#3944=DIRECTION('',(1.,0.,0.));
#3945=DIRECTION('',(0.,-1.,0.));
#3946=DIRECTION('',(0.,0.,1.));
#3947=DIRECTION('',(0.,-1.,0.));
#3948=DIRECTION('',(0.,0.,1.));
#3949=DIRECTION('',(0.,-1.,0.));
#3950=DIRECTION('',(-1.,0.,0.));
#3951=DIRECTION('',(0.,1.,0.));
#3952=DIRECTION('',(1.,0.,0.));
#3953=DIRECTION('',(0.,-1.,0.));
#3954=DIRECTION('',(0.,1.,0.));
#3955=DIRECTION('',(1.,0.,0.));
#3956=DIRECTION('',(0.,0.,-1.));
#3957=DIRECTION('',(0.,1.,0.));
#3958=DIRECTION('',(1.,0.,0.));
#3959=DIRECTION('',(0.,-1.,0.));
#3960=DIRECTION('',(1.,0.,0.));
#3961=DIRECTION('',(0.,-1.,0.));
#3962=DIRECTION('',(-1.,0.,0.));
#3963=DIRECTION('',(0.,1.,0.));
#3964=DIRECTION('',(1.,0.,0.));
#3965=DIRECTION('',(0.,-1.,0.));
#3966=DIRECTION('',(0.,1.,0.));
#3967=DIRECTION('',(1.,0.,0.));
#3968=DIRECTION('',(1.,0.,-1.33440267382831E-16));
#3969=DIRECTION('',(-1.33440267382831E-16,0.,-1.));
#3970=DIRECTION('',(1.33440267382831E-16,0.,1.));
#3971=DIRECTION('',(0.,-1.,0.));
#3972=DIRECTION('',(1.33440267382831E-16,0.,1.));
#3973=DIRECTION('',(0.,-1.,0.));
#3974=DIRECTION('',(-1.,0.,0.));
#3975=DIRECTION('',(0.,1.,0.));
#3976=DIRECTION('',(1.,0.,0.));
#3977=DIRECTION('',(0.,-1.,0.));
#3978=DIRECTION('',(0.,1.,0.));
#3979=DIRECTION('',(1.,0.,0.));
#3980=DIRECTION('',(0.,-1.,0.));
#3981=DIRECTION('',(-1.,0.,0.));
#3982=DIRECTION('',(0.,1.,0.));
#3983=DIRECTION('',(1.,0.,0.));
#3984=DIRECTION('',(0.,-1.,0.));
#3985=DIRECTION('',(0.,1.,0.));
#3986=DIRECTION('',(1.,0.,0.));
#3987=DIRECTION('',(0.,-1.,0.));
#3988=DIRECTION('',(1.,0.,-1.33440267382831E-16));
#3989=DIRECTION('',(-1.33440267382831E-16,0.,-1.));
#3990=DIRECTION('',(1.33440267382831E-16,0.,1.));
#3991=DIRECTION('',(0.,-1.,0.));
#3992=DIRECTION('',(1.33440267382831E-16,0.,1.));
#3993=DIRECTION('',(0.,-1.,0.));
#3994=DIRECTION('',(-1.,0.,0.));
#3995=DIRECTION('',(0.,1.,0.));
#3996=DIRECTION('',(1.,0.,0.));
#3997=DIRECTION('',(0.,-1.,0.));
#3998=DIRECTION('',(0.,1.,0.));
#3999=DIRECTION('',(1.,0.,0.));
#4000=DIRECTION('',(0.,0.,-1.));
#4001=DIRECTION('',(0.,1.,0.));
#4002=DIRECTION('',(1.,0.,0.));
#4003=DIRECTION('',(0.,-1.,0.));
#4004=DIRECTION('',(1.,0.,0.));
#4005=DIRECTION('',(0.,-1.,0.));
#4006=DIRECTION('',(-1.,0.,0.));
#4007=DIRECTION('',(0.,1.,0.));
#4008=DIRECTION('',(1.,0.,0.));
#4009=DIRECTION('',(0.,-1.,0.));
#4010=DIRECTION('',(0.,1.,0.));
#4011=DIRECTION('',(1.,0.,0.));
#4012=DIRECTION('',(1.,0.,-1.33440267382831E-16));
#4013=DIRECTION('',(-1.33440267382831E-16,0.,-1.));
#4014=DIRECTION('',(1.33440267382831E-16,0.,1.));
#4015=DIRECTION('',(0.,-1.,0.));
#4016=DIRECTION('',(1.33440267382831E-16,0.,1.));
#4017=DIRECTION('',(0.,-1.,0.));
#4018=DIRECTION('',(-1.,0.,0.));
#4019=DIRECTION('',(0.,1.,0.));
#4020=DIRECTION('',(1.,0.,0.));
#4021=DIRECTION('',(0.,-1.,0.));
#4022=DIRECTION('',(0.,1.,0.));
#4023=DIRECTION('',(1.,0.,0.));
#4024=DIRECTION('',(0.,-1.,0.));
#4025=DIRECTION('',(-1.,0.,0.));
#4026=DIRECTION('',(0.,1.,0.));
#4027=DIRECTION('',(1.,0.,0.));
#4028=DIRECTION('',(0.,-1.,0.));
#4029=DIRECTION('',(0.,1.,0.));
#4030=DIRECTION('',(1.,0.,0.));
#4031=DIRECTION('',(0.,-1.,0.));
#4032=DIRECTION('',(1.,0.,0.));
#4033=DIRECTION('',(0.,-1.,0.));
#4034=DIRECTION('',(0.,0.,1.));
#4035=DIRECTION('',(0.,-1.,0.));
#4036=DIRECTION('',(0.,0.,1.));
#4037=DIRECTION('',(0.,-1.,0.));
#4038=DIRECTION('',(-1.,0.,0.));
#4039=DIRECTION('',(0.,1.,0.));
#4040=DIRECTION('',(1.,0.,0.));
#4041=DIRECTION('',(0.,-1.,0.));
#4042=DIRECTION('',(0.,1.,0.));
#4043=DIRECTION('',(1.,0.,0.));
#4044=DIRECTION('',(0.,0.,-1.));
#4045=DIRECTION('',(0.,1.,0.));
#4046=DIRECTION('',(1.,0.,0.));
#4047=DIRECTION('',(0.,-1.,0.));
#4048=DIRECTION('',(1.,0.,0.));
#4049=DIRECTION('',(0.,-1.,0.));
#4050=DIRECTION('',(-1.,0.,0.));
#4051=DIRECTION('',(0.,1.,0.));
#4052=DIRECTION('',(1.,0.,0.));
#4053=DIRECTION('',(0.,-1.,0.));
#4054=DIRECTION('',(0.,1.,0.));
#4055=DIRECTION('',(1.,0.,0.));
#4056=DIRECTION('',(1.,0.,-1.33440267382831E-16));
#4057=DIRECTION('',(-1.33440267382831E-16,0.,-1.));
#4058=DIRECTION('',(1.33440267382831E-16,0.,1.));
#4059=DIRECTION('',(0.,-1.,0.));
#4060=DIRECTION('',(1.33440267382831E-16,0.,1.));
#4061=DIRECTION('',(0.,-1.,0.));
#4062=DIRECTION('',(-1.,0.,0.));
#4063=DIRECTION('',(0.,1.,0.));
#4064=DIRECTION('',(1.,0.,0.));
#4065=DIRECTION('',(0.,-1.,0.));
#4066=DIRECTION('',(0.,1.,0.));
#4067=DIRECTION('',(1.,0.,0.));
#4068=DIRECTION('',(0.,0.,-1.));
#4069=DIRECTION('',(0.,1.,0.));
#4070=DIRECTION('',(1.,0.,0.));
#4071=DIRECTION('',(1.,0.,0.));
#4072=DIRECTION('',(0.,0.,-1.));
#4073=DIRECTION('',(0.,1.,0.));
#4074=DIRECTION('',(1.,0.,0.));
#4075=DIRECTION('',(1.,0.,0.));
#4076=DIRECTION('',(0.,0.,-1.));
#4077=DIRECTION('',(0.,1.,0.));
#4078=DIRECTION('',(1.,0.,0.));
#4079=DIRECTION('',(1.,0.,0.));
#4080=DIRECTION('',(0.,0.,-1.));
#4081=DIRECTION('',(0.,1.,0.));
#4082=DIRECTION('',(1.,0.,0.));
#4083=DIRECTION('',(1.,0.,0.));
#4084=DIRECTION('',(0.,0.,-1.));
#4085=DIRECTION('',(0.,1.,0.));
#4086=DIRECTION('',(1.,0.,0.));
#4087=DIRECTION('',(1.,0.,0.));
#4088=DIRECTION('',(0.,0.,-1.));
#4089=DIRECTION('',(0.,1.,0.));
#4090=DIRECTION('',(1.,0.,0.));
#4091=DIRECTION('',(1.,0.,0.));
#4092=DIRECTION('',(0.,0.,-1.));
#4093=DIRECTION('',(0.,1.,0.));
#4094=DIRECTION('',(1.,0.,0.));
#4095=DIRECTION('',(1.,0.,0.));
#4096=DIRECTION('',(0.,0.,-1.));
#4097=DIRECTION('',(0.,1.,0.));
#4098=DIRECTION('',(1.,0.,0.));
#4099=DIRECTION('',(1.,0.,0.));
#4100=DIRECTION('',(0.,0.,-1.));
#4101=DIRECTION('',(0.,1.,0.));
#4102=DIRECTION('',(1.,0.,0.));
#4103=DIRECTION('',(1.,0.,0.));
#4104=DIRECTION('',(0.,0.,1.));
#4105=DIRECTION('',(0.,-1.,0.));
#4106=DIRECTION('',(-1.,0.,0.));
#4107=DIRECTION('',(-1.,0.,0.));
#4108=DIRECTION('',(0.,1.,0.));
#4109=DIRECTION('',(1.,0.,0.));
#4110=DIRECTION('',(0.,1.,0.));
#4111=DIRECTION('',(1.,0.,0.));
#4112=DIRECTION('',(0.,0.,1.));
#4113=DIRECTION('',(1.,0.,0.));
#4114=DIRECTION('',(0.,1.,0.));
#4115=DIRECTION('',(1.,0.,0.));
#4116=DIRECTION('',(0.,1.,0.));
#4117=DIRECTION('',(1.,0.,0.));
#4118=DIRECTION('',(0.,1.,0.));
#4119=DIRECTION('',(1.,0.,0.));
#4120=DIRECTION('',(0.,0.,-1.));
#4121=DIRECTION('',(0.,1.,0.));
#4122=DIRECTION('',(1.,0.,0.));
#4123=DIRECTION('',(1.,0.,0.));
#4124=DIRECTION('',(0.,1.,0.));
#4125=DIRECTION('',(1.,0.,0.));
#4126=DIRECTION('',(0.,0.,1.));
#4127=DIRECTION('',(0.,1.,0.));
#4128=DIRECTION('',(1.,0.,0.));
#4129=DIRECTION('',(-1.,0.,0.));
#4130=DIRECTION('',(0.,1.,0.));
#4131=DIRECTION('',(1.,0.,0.));
#4132=DIRECTION('',(1.,0.,0.));
#4133=DIRECTION('',(0.,0.,1.));
#4134=DIRECTION('',(1.,0.,0.));
#4135=DIRECTION('',(0.,0.,1.));
#4136=DIRECTION('',(0.,0.,-1.));
#4137=DIRECTION('',(1.,0.,0.));
#4138=DIRECTION('',(0.,0.,-1.));
#4139=DIRECTION('',(1.,0.,0.));
#4140=DIRECTION('',(0.,0.,-1.));
#4141=DIRECTION('',(0.,1.,0.));
#4142=DIRECTION('',(0.,-1.,0.));
#4143=DIRECTION('',(1.,0.,0.));
#4144=DIRECTION('',(0.,-1.,0.));
#4145=DIRECTION('',(1.,0.,0.));
#4146=DIRECTION('',(0.,-1.,0.));
#4147=DIRECTION('',(0.,-1.,0.));
#4148=DIRECTION('',(0.,0.,1.));
#4149=DIRECTION('',(0.,0.,-1.));
#4150=DIRECTION('',(0.,1.,0.));
#4151=DIRECTION('',(0.,-1.,0.));
#4152=DIRECTION('',(1.,0.,0.));
#4153=DIRECTION('',(0.,-1.,0.));
#4154=DIRECTION('',(-1.,0.,0.));
#4155=DIRECTION('',(0.,1.,0.));
#4156=DIRECTION('',(1.,0.,0.));
#4157=DIRECTION('',(1.,0.,0.));
#4158=DIRECTION('',(0.,-1.,0.));
#4159=DIRECTION('',(0.,0.,1.));
#4160=DIRECTION('',(0.,-1.,0.));
#4161=DIRECTION('',(-1.,0.,0.));
#4162=DIRECTION('',(0.,1.,0.));
#4163=DIRECTION('',(1.,0.,0.));
#4164=DIRECTION('',(0.,1.,0.));
#4165=DIRECTION('',(1.,0.,0.));
#4166=DIRECTION('',(-1.,0.,0.));
#4167=DIRECTION('',(0.,1.,0.));
#4168=DIRECTION('',(1.,0.,0.));
#4169=DIRECTION('',(0.,0.,1.));
#4170=DIRECTION('',(0.,1.,0.));
#4171=DIRECTION('',(1.,0.,0.));
#4172=DIRECTION('',(1.,0.,0.));
#4173=DIRECTION('',(0.,1.,0.));
#4174=DIRECTION('',(1.,0.,0.));
#4175=DIRECTION('',(0.,0.,-1.));
#4176=DIRECTION('',(0.,1.,0.));
#4177=DIRECTION('',(1.,0.,0.));
#4178=DIRECTION('',(0.,1.,0.));
#4179=DIRECTION('',(1.,0.,0.));
#4180=DIRECTION('',(1.,1.15648231731787E-15,-1.15648231731787E-15));
#4181=DIRECTION('',(1.15648231731787E-15,-1.,0.));
#4182=DIRECTION('',(-1.98914958578674E-13,0.,1.));
#4183=DIRECTION('',(1.,0.,1.98914958578674E-13));
#4184=DIRECTION('',(0.,0.,-1.));
#4185=DIRECTION('',(0.,1.,0.));
#4186=DIRECTION('',(0.,0.,1.));
#4187=DIRECTION('',(0.,-1.,0.));
#4188=DIRECTION('',(1.,0.,0.));
#4189=DIRECTION('',(0.,-1.,0.));
#4190=DIRECTION('',(1.,-5.89805981832115E-13,0.));
#4191=DIRECTION('',(-5.89805981832115E-13,-1.,0.));
#4192=DIRECTION('',(0.,1.,0.));
#4193=DIRECTION('',(1.,0.,0.));
#4194=DIRECTION('',(1.,0.,1.15648231731787E-15));
#4195=DIRECTION('',(1.15648231731787E-15,0.,-1.));
#4196=DIRECTION('',(0.,1.,0.));
#4197=DIRECTION('',(1.,0.,0.));
#4198=DIRECTION('',(0.,0.,1.));
#4199=DIRECTION('',(0.,-1.,0.));
#4200=DIRECTION('',(-1.,0.,0.));
#4201=DIRECTION('',(0.,1.,0.));
#4202=DIRECTION('',(1.,0.,-5.29437604868121E-12));
#4203=DIRECTION('',(-5.29437604868121E-12,0.,-1.));
#4204=DIRECTION('',(0.,0.,1.));
#4205=DIRECTION('',(0.,-1.,0.));
#4206=DIRECTION('',(0.,0.,1.));
#4207=DIRECTION('',(0.,-1.,0.));
#4208=DIRECTION('',(0.,1.,0.));
#4209=DIRECTION('',(1.,0.,0.));
#4210=DIRECTION('',(0.,0.,-1.));
#4211=DIRECTION('',(0.,-1.,0.));
#4212=DIRECTION('',(-1.,0.,0.));
#4213=DIRECTION('',(-1.,0.,0.));
#4214=DIRECTION('',(0.,0.,-1.));
#4215=DIRECTION('',(-1.,0.,0.));
#4216=DIRECTION('',(0.,0.,-1.));
#4217=DIRECTION('',(0.,-1.,0.));
#4218=DIRECTION('',(-1.,0.,0.));
#4219=DIRECTION('',(-1.,0.,0.));
#4220=DIRECTION('',(0.,0.,-1.));
#4221=DIRECTION('',(-1.,0.,0.));
#4222=DIRECTION('',(0.,0.,-1.));
#4223=DIRECTION('',(0.,-1.,0.));
#4224=DIRECTION('',(-1.,0.,0.));
#4225=DIRECTION('',(-1.,0.,0.));
#4226=DIRECTION('',(0.,0.,-1.));
#4227=DIRECTION('',(-1.,0.,0.));
#4228=DIRECTION('',(0.,0.,-1.));
#4229=DIRECTION('',(0.,1.,0.));
#4230=DIRECTION('',(0.,0.,1.));
#4231=DIRECTION('',(0.,-1.,0.));
#4232=DIRECTION('',(0.,0.,1.));
#4233=DIRECTION('',(0.,-1.,0.));
#4234=DIRECTION('',(0.,0.,-1.));
#4235=DIRECTION('',(0.,1.,0.));
#4236=DIRECTION('',(0.,0.,1.));
#4237=DIRECTION('',(0.,-1.,0.));
#4238=DIRECTION('',(0.,0.,1.));
#4239=DIRECTION('',(0.,-1.,0.));
#4240=DIRECTION('',(0.,0.,1.));
#4241=DIRECTION('',(1.,0.,0.));
#4242=DIRECTION('',(0.,0.,1.));
#4243=DIRECTION('',(1.,0.,0.));
#4244=CARTESIAN_POINT('',(0.,0.,0.));
#4245=CARTESIAN_POINT('',(-0.000250000000002505,0.0135,-0.0431));
#4246=CARTESIAN_POINT('',(0.01,0.01,-0.0431));
#4247=CARTESIAN_POINT('',(0.01,0.00855,-0.0431));
#4248=CARTESIAN_POINT('',(-0.01,0.01,-0.0431));
#4249=CARTESIAN_POINT('',(-0.01,0.00855,-0.0431));
#4250=CARTESIAN_POINT('',(-0.000250000000002505,0.,-0.0431));
#4251=CARTESIAN_POINT('',(-0.0254999994938,0.,-0.0431));
#4252=CARTESIAN_POINT('',(0.024999999493795,0.,-0.0431));
#4253=CARTESIAN_POINT('',(-0.0254999994938,0.0135,-0.0431));
#4254=CARTESIAN_POINT('',(-0.0254999994938,0.0135,-0.0431));
#4255=CARTESIAN_POINT('',(-0.000250000000002505,0.0135,-0.0431));
#4256=CARTESIAN_POINT('',(0.024999999493795,0.0135,-0.0431));
#4257=CARTESIAN_POINT('',(0.024999999493795,0.0135,-0.0431));
#4258=CARTESIAN_POINT('',(-0.000250000000002505,0.011605,-0.0431));
#4259=CARTESIAN_POINT('',(-0.00322,0.011605,-0.0431));
#4260=CARTESIAN_POINT('',(0.00322,0.011605,-0.0431));
#4261=CARTESIAN_POINT('',(-0.00322,0.008355,-0.0431));
#4262=CARTESIAN_POINT('',(-0.00647,0.008355,-0.0431));
#4263=CARTESIAN_POINT('',(-0.00647,0.0135,-0.0431));
#4264=CARTESIAN_POINT('',(-0.00647,0.007645,-0.0431));
#4265=CARTESIAN_POINT('',(-0.00322,0.007645,-0.0431));
#4266=CARTESIAN_POINT('',(-0.00322,0.004395,-0.0431));
#4267=CARTESIAN_POINT('',(-0.000250000000002505,0.004395,-0.0431));
#4268=CARTESIAN_POINT('',(0.00322,0.004395,-0.0431));
#4269=CARTESIAN_POINT('',(0.00322,0.007645,-0.0431));
#4270=CARTESIAN_POINT('',(0.00647,0.007645,-0.0431));
#4271=CARTESIAN_POINT('',(0.00647,0.0135,-0.0431));
#4272=CARTESIAN_POINT('',(0.00647,0.008355,-0.0431));
#4273=CARTESIAN_POINT('',(0.00322,0.008355,-0.0431));
#4274=CARTESIAN_POINT('',(-0.00025,0.0135,0.000649999999999963));
#4275=CARTESIAN_POINT('',(-0.0254999994938017,0.0135,-0.0345999994938017));
#4276=CARTESIAN_POINT('',(-0.034,0.0135,-0.0345999994938017));
#4277=CARTESIAN_POINT('',(-0.034,0.0135,0.000650000506198262));
#4278=CARTESIAN_POINT('',(-0.034,0.0135,0.03589999949375));
#4279=CARTESIAN_POINT('',(-0.0254999994938018,0.0135,0.0358999994938018));
#4280=CARTESIAN_POINT('',(-0.0254999994938018,0.0135,0.0444));
#4281=CARTESIAN_POINT('',(-0.000250000000003407,0.0135,0.0444));
#4282=CARTESIAN_POINT('',(0.024999999493795,0.0135,0.0444));
#4283=CARTESIAN_POINT('',(0.02499999949375,0.0135,0.03589999949375));
#4284=CARTESIAN_POINT('',(0.0335,0.0135,0.03589999949375));
#4285=CARTESIAN_POINT('',(0.0335,0.0135,0.000650000506199955));
#4286=CARTESIAN_POINT('',(0.0335,0.0135,-0.0345999994938));
#4287=CARTESIAN_POINT('',(0.0249999994938001,0.0135,-0.0345999994938));
#4288=CARTESIAN_POINT('',(0.0305,0.0135,0.000399999999974955));
#4289=CARTESIAN_POINT('',(0.0305,0.0135,-0.0345999994938));
#4290=CARTESIAN_POINT('',(0.030499999999993,0.0135,0.03539999949375));
#4291=CARTESIAN_POINT('',(0.02499999898759,0.0135,0.0353999989875));
#4292=CARTESIAN_POINT('',(0.024999999493795,0.0135,0.0408999999999029));
#4293=CARTESIAN_POINT('',(-0.000250000000003407,0.0135,0.0409));
#4294=CARTESIAN_POINT('',(-0.0254999994938018,0.0135,0.0409));
#4295=CARTESIAN_POINT('',(-0.0254999989876,0.0135,0.0353999989875));
#4296=CARTESIAN_POINT('',(-0.031000000000003,0.0135,0.03539999949375));
#4297=CARTESIAN_POINT('',(-0.031,0.0135,0.000399999999974109));
#4298=CARTESIAN_POINT('',(-0.031,0.0135,-0.0345999994938017));
#4299=CARTESIAN_POINT('',(-0.0254999989876,0.0135,-0.0345999989876001));
#4300=CARTESIAN_POINT('',(-0.0254999994938,0.0135,-0.040100000000003));
#4301=CARTESIAN_POINT('',(-0.000250000000002505,0.0135,-0.0401));
#4302=CARTESIAN_POINT('',(0.024999999493795,0.0135,-0.0401));
#4303=CARTESIAN_POINT('',(0.0249999989875899,0.0135,-0.0345999989876001));
#4304=CARTESIAN_POINT('',(-0.0254999994938017,0.0135,-0.0345999994938017));
#4305=CARTESIAN_POINT('',(-0.0254999994938017,0.,-0.0345999994938017));
#4306=CARTESIAN_POINT('',(-0.034,0.,-0.0345999994938017));
#4307=CARTESIAN_POINT('',(-0.034,0.0135,-0.0345999994938017));
#4308=CARTESIAN_POINT('',(-0.034,0.0135,0.000650000506198262));
#4309=CARTESIAN_POINT('',(-0.034,0.,0.000650000506198262));
#4310=CARTESIAN_POINT('',(-0.034,0.,0.03589999949375));
#4311=CARTESIAN_POINT('',(-0.034,0.0135,0.03589999949375));
#4312=CARTESIAN_POINT('',(-0.0254999994938018,0.0135,0.0358999994938018));
#4313=CARTESIAN_POINT('',(-0.0254999994938018,0.,0.0358999994938018));
#4314=CARTESIAN_POINT('',(-0.0254999994938018,0.,0.0444));
#4315=CARTESIAN_POINT('',(-0.0254999994938018,0.0135,0.0444));
#4316=CARTESIAN_POINT('',(-0.000250000000003407,0.0135,0.0444));
#4317=CARTESIAN_POINT('',(-0.000250000000003407,0.,0.0444));
#4318=CARTESIAN_POINT('',(0.024999999493795,0.,0.0444));
#4319=CARTESIAN_POINT('',(0.024999999493795,0.0135,0.0444));
#4320=CARTESIAN_POINT('',(0.02499999949375,0.0135,0.03589999949375));
#4321=CARTESIAN_POINT('',(0.02499999949375,0.,0.03589999949375));
#4322=CARTESIAN_POINT('',(0.0335,0.,0.03589999949375));
#4323=CARTESIAN_POINT('',(0.0335,0.0135,0.03589999949375));
#4324=CARTESIAN_POINT('',(0.0335,0.0135,0.000650000506199955));
#4325=CARTESIAN_POINT('',(0.0335,0.,0.000650000506199955));
#4326=CARTESIAN_POINT('',(0.0335,0.,-0.0345999994938));
#4327=CARTESIAN_POINT('',(0.0335,0.0135,-0.0345999994938));
#4328=CARTESIAN_POINT('',(0.0249999994938001,0.0135,-0.0345999994938));
#4329=CARTESIAN_POINT('',(0.0249999994938001,0.,-0.0345999994938));
#4330=CARTESIAN_POINT('',(-0.00025,0.,0.000649999999999963));
#4331=CARTESIAN_POINT('',(0.0305,0.0135,0.000399999999974955));
#4332=CARTESIAN_POINT('',(0.0305,0.0135,-0.0345999994938));
#4333=CARTESIAN_POINT('',(0.0305,0.0036,-0.0345999994938));
#4334=CARTESIAN_POINT('',(0.0305,0.0036,0.000399999999974955));
#4335=CARTESIAN_POINT('',(0.030499999999993,0.0036,0.03539999949375));
#4336=CARTESIAN_POINT('',(0.030499999999993,0.0135,0.03539999949375));
#4337=CARTESIAN_POINT('',(0.0249999989875899,0.0135,-0.0345999989876001));
#4338=CARTESIAN_POINT('',(0.0249999989875899,0.0036,-0.0345999989876001));
#4339=CARTESIAN_POINT('',(0.024999999493795,0.0036,-0.0401));
#4340=CARTESIAN_POINT('',(0.024999999493795,0.0135,-0.0401));
#4341=CARTESIAN_POINT('',(-0.000250000000002505,0.0135,-0.0401));
#4342=CARTESIAN_POINT('',(0.01,0.01,-0.0401));
#4343=CARTESIAN_POINT('',(0.01,0.01145,-0.0401));
#4344=CARTESIAN_POINT('',(-0.01,0.01,-0.0401));
#4345=CARTESIAN_POINT('',(-0.01,0.01145,-0.0401));
#4346=CARTESIAN_POINT('',(-0.00322,0.007645,-0.0401));
#4347=CARTESIAN_POINT('',(-0.00322,0.006395,-0.0401));
#4348=CARTESIAN_POINT('',(-0.00447,0.007645,-0.0401));
#4349=CARTESIAN_POINT('',(-0.00447,0.0135,-0.0401));
#4350=CARTESIAN_POINT('',(-0.00447,0.008355,-0.0401));
#4351=CARTESIAN_POINT('',(-0.00322,0.008355,-0.0401));
#4352=CARTESIAN_POINT('',(-0.00322,0.009605,-0.0401));
#4353=CARTESIAN_POINT('',(-0.000250000000002505,0.009605,-0.0401));
#4354=CARTESIAN_POINT('',(0.00322,0.009605,-0.0401));
#4355=CARTESIAN_POINT('',(0.00322,0.008355,-0.0401));
#4356=CARTESIAN_POINT('',(0.00447,0.008355,-0.0401));
#4357=CARTESIAN_POINT('',(0.00447,0.0135,-0.0401));
#4358=CARTESIAN_POINT('',(0.00447,0.007645,-0.0401));
#4359=CARTESIAN_POINT('',(0.00322,0.007645,-0.0401));
#4360=CARTESIAN_POINT('',(0.00322,0.006395,-0.0401));
#4361=CARTESIAN_POINT('',(-0.000250000000002505,0.006395,-0.0401));
#4362=CARTESIAN_POINT('',(-0.0254999994938,0.0135,-0.040100000000003));
#4363=CARTESIAN_POINT('',(-0.0254999994938,0.0036,-0.040100000000003));
#4364=CARTESIAN_POINT('',(-0.000250000000002505,0.0036,-0.0401));
#4365=CARTESIAN_POINT('',(-0.0254999989876,0.0135,-0.0345999989876001));
#4366=CARTESIAN_POINT('',(-0.0254999989876,0.0036,-0.0345999989876001));
#4367=CARTESIAN_POINT('',(-0.031,0.0036,-0.0345999994938017));
#4368=CARTESIAN_POINT('',(-0.031,0.0135,-0.0345999994938017));
#4369=CARTESIAN_POINT('',(-0.031,0.0135,0.000399999999974109));
#4370=CARTESIAN_POINT('',(-0.031000000000003,0.0135,0.03539999949375));
#4371=CARTESIAN_POINT('',(-0.031000000000003,0.0036,0.03539999949375));
#4372=CARTESIAN_POINT('',(-0.031,0.0036,0.000399999999974109));
#4373=CARTESIAN_POINT('',(-0.0254999989876,0.0135,0.0353999989875));
#4374=CARTESIAN_POINT('',(-0.0254999989876,0.0036,0.0353999989875));
#4375=CARTESIAN_POINT('',(-0.0254999994938018,0.0036,0.0409));
#4376=CARTESIAN_POINT('',(-0.0254999994938018,0.0135,0.0409));
#4377=CARTESIAN_POINT('',(-0.000250000000003407,0.0135,0.0409));
#4378=CARTESIAN_POINT('',(0.024999999493795,0.0135,0.0408999999999029));
#4379=CARTESIAN_POINT('',(0.024999999493795,0.0036,0.0408999999999029));
#4380=CARTESIAN_POINT('',(-0.000250000000003407,0.0036,0.0409));
#4381=CARTESIAN_POINT('',(0.02499999898759,0.0135,0.0353999989875));
#4382=CARTESIAN_POINT('',(0.0249999989875899,0.0036,0.0353999989875));
#4383=CARTESIAN_POINT('',(-0.0255000000000068,0.0036,0.0354000000000067));
#4384=CARTESIAN_POINT('',(-0.0255000000000068,0.002,0.0354000000000067));
#4385=CARTESIAN_POINT('',(-0.0295,0.002,0.0353999989875));
#4386=CARTESIAN_POINT('',(-0.0255000000000068,0.002,0.0394));
#4387=CARTESIAN_POINT('',(-0.0295,0.0036,0.0353999989875));
#4388=CARTESIAN_POINT('',(-0.0295,0.0036,0.0353999989875));
#4389=CARTESIAN_POINT('',(-0.0255000000000068,0.0036,0.0354000000000067));
#4390=CARTESIAN_POINT('',(-0.0255000000000068,0.0036,0.0394));
#4391=CARTESIAN_POINT('',(-0.0255000000000068,0.0036,0.0394));
#4392=CARTESIAN_POINT('',(-0.0295,0.0036,0.000399999493724122));
#4393=CARTESIAN_POINT('',(-0.0295,0.002,0.000399999493724122));
#4394=CARTESIAN_POINT('',(-0.0295,0.002,-0.0346000000000517));
#4395=CARTESIAN_POINT('',(-0.0295,0.0036,-0.0346000000000517));
#4396=CARTESIAN_POINT('',(-0.0295,0.0036,-0.0346000000000517));
#4397=CARTESIAN_POINT('',(-0.0295,0.0036,0.000399999493724122));
#4398=CARTESIAN_POINT('',(-0.0255000000000517,0.0036,-0.0346000000000517));
#4399=CARTESIAN_POINT('',(-0.0255000000000517,0.002,-0.0346000000000517));
#4400=CARTESIAN_POINT('',(-0.025500000000005,0.002,-0.0386));
#4401=CARTESIAN_POINT('',(-0.025500000000005,0.0036,-0.0386));
#4402=CARTESIAN_POINT('',(-0.025500000000005,0.0036,-0.0386));
#4403=CARTESIAN_POINT('',(-0.0255000000000517,0.0036,-0.0346000000000517));
#4404=CARTESIAN_POINT('',(-0.000250000506207541,0.0036,-0.0386));
#4405=CARTESIAN_POINT('',(-0.000250000506207541,0.002,-0.0386));
#4406=CARTESIAN_POINT('',(0.0249999989875899,0.002,-0.0386));
#4407=CARTESIAN_POINT('',(0.0249999989875899,0.0036,-0.0386));
#4408=CARTESIAN_POINT('',(0.0249999989875899,0.0036,-0.0386));
#4409=CARTESIAN_POINT('',(-0.000250000506207541,0.0036,-0.0386));
#4410=CARTESIAN_POINT('',(0.0249999989875899,0.0036,-0.03459999898759));
#4411=CARTESIAN_POINT('',(0.0249999989875899,0.002,-0.03459999898759));
#4412=CARTESIAN_POINT('',(0.029,0.002,-0.0345999989876001));
#4413=CARTESIAN_POINT('',(0.029,0.0036,-0.0345999989876001));
#4414=CARTESIAN_POINT('',(0.029,0.0036,-0.0345999989876001));
#4415=CARTESIAN_POINT('',(0.0249999989875899,0.0036,-0.03459999898759));
#4416=CARTESIAN_POINT('',(0.029,0.0036,0.000400000506174947));
#4417=CARTESIAN_POINT('',(0.029,0.002,0.000400000506174947));
#4418=CARTESIAN_POINT('',(0.029,0.002,0.03539999999995));
#4419=CARTESIAN_POINT('',(0.029,0.0036,0.03539999999995));
#4420=CARTESIAN_POINT('',(0.029,0.0036,0.03539999999995));
#4421=CARTESIAN_POINT('',(0.029,0.0036,0.000400000506174947));
#4422=CARTESIAN_POINT('',(0.0249999989875899,0.0036,0.0353999989875897));
#4423=CARTESIAN_POINT('',(0.0249999989875899,0.002,0.0353999989875897));
#4424=CARTESIAN_POINT('',(0.0249999989875899,0.002,0.0394));
#4425=CARTESIAN_POINT('',(0.0249999989875899,0.0036,0.0394));
#4426=CARTESIAN_POINT('',(0.0249999989875899,0.0036,0.0394));
#4427=CARTESIAN_POINT('',(0.0249999989875899,0.0036,0.0353999989875897));
#4428=CARTESIAN_POINT('',(-0.000250000506208443,0.0036,0.0394));
#4429=CARTESIAN_POINT('',(-0.000250000506208443,0.002,0.0394));
#4430=CARTESIAN_POINT('',(-0.000250000506208443,0.0036,0.0394));
#4431=CARTESIAN_POINT('',(-0.000250000000001506,0.0036,0.000399999999998457));
#4432=CARTESIAN_POINT('',(-0.000250000000001506,0.002,0.000399999999998464));
#4433=CARTESIAN_POINT('',(-0.00447,0.008,-0.0431));
#4434=CARTESIAN_POINT('',(-0.00447,0.007645,-0.0431));
#4435=CARTESIAN_POINT('',(-0.00447,0.007645,-0.0411));
#4436=CARTESIAN_POINT('',(-0.00447,0.008,-0.0411));
#4437=CARTESIAN_POINT('',(-0.00447,0.008355,-0.0411));
#4438=CARTESIAN_POINT('',(-0.00447,0.008355,-0.0431));
#4439=CARTESIAN_POINT('',(-0.00322,0.007645,-0.0431));
#4440=CARTESIAN_POINT('',(-0.00322,0.006395,-0.0431));
#4441=CARTESIAN_POINT('',(-0.00322,0.006395,-0.0411));
#4442=CARTESIAN_POINT('',(-0.00322,0.007645,-0.0411));
#4443=CARTESIAN_POINT('',(-4.33680868994202E-19,0.006395,-0.0431));
#4444=CARTESIAN_POINT('',(-4.33680868994202E-19,0.006395,-0.0411));
#4445=CARTESIAN_POINT('',(0.00322,0.006395,-0.0411));
#4446=CARTESIAN_POINT('',(0.00322,0.006395,-0.0431));
#4447=CARTESIAN_POINT('',(0.00322,0.007645,-0.0431));
#4448=CARTESIAN_POINT('',(0.00447,0.007645,-0.0431));
#4449=CARTESIAN_POINT('',(0.00447,0.007645,-0.0411));
#4450=CARTESIAN_POINT('',(0.00322,0.007645,-0.0411));
#4451=CARTESIAN_POINT('',(0.00447,0.008,-0.0431));
#4452=CARTESIAN_POINT('',(0.00447,0.008,-0.0411));
#4453=CARTESIAN_POINT('',(0.00447,0.008355,-0.0411));
#4454=CARTESIAN_POINT('',(0.00447,0.008355,-0.0431));
#4455=CARTESIAN_POINT('',(0.00322,0.008355,-0.0431));
#4456=CARTESIAN_POINT('',(0.00322,0.009605,-0.0431));
#4457=CARTESIAN_POINT('',(0.00322,0.009605,-0.0411));
#4458=CARTESIAN_POINT('',(0.00322,0.008355,-0.0411));
#4459=CARTESIAN_POINT('',(-4.33680868994202E-19,0.009605,-0.0431));
#4460=CARTESIAN_POINT('',(-0.00322,0.009605,-0.0431));
#4461=CARTESIAN_POINT('',(-0.00322,0.009605,-0.0411));
#4462=CARTESIAN_POINT('',(-4.33680868994202E-19,0.009605,-0.0411));
#4463=CARTESIAN_POINT('',(-0.00322,0.008355,-0.0431));
#4464=CARTESIAN_POINT('',(-0.00322,0.008355,-0.0411));
#4465=CARTESIAN_POINT('',(-1.7347234759768E-18,0.008,-0.0411));
#4466=CARTESIAN_POINT('',(-3.46944695195361E-18,0.011605,-0.0411));
#4467=CARTESIAN_POINT('',(0.00322,0.011605,-0.0411));
#4468=CARTESIAN_POINT('',(-0.00322,0.011605,-0.0411));
#4469=CARTESIAN_POINT('',(0.00322,0.008355,-0.0411));
#4470=CARTESIAN_POINT('',(0.00647,0.008355,-0.0411));
#4471=CARTESIAN_POINT('',(0.00647,0.008,-0.0411));
#4472=CARTESIAN_POINT('',(0.00647,0.007645,-0.0411));
#4473=CARTESIAN_POINT('',(0.00322,0.007645,-0.0411));
#4474=CARTESIAN_POINT('',(0.00322,0.004395,-0.0411));
#4475=CARTESIAN_POINT('',(-4.33680868994202E-19,0.004395,-0.0411));
#4476=CARTESIAN_POINT('',(-0.00322,0.004395,-0.0411));
#4477=CARTESIAN_POINT('',(-0.00322,0.007645,-0.0411));
#4478=CARTESIAN_POINT('',(-0.00647,0.007645,-0.0411));
#4479=CARTESIAN_POINT('',(-0.00647,0.008,-0.0411));
#4480=CARTESIAN_POINT('',(-0.00647,0.008355,-0.0411));
#4481=CARTESIAN_POINT('',(-0.00322,0.008355,-0.0411));
#4482=CARTESIAN_POINT('',(-3.46944695195361E-18,0.011605,-0.0441));
#4483=CARTESIAN_POINT('',(0.00322,0.011605,-0.0441));
#4484=CARTESIAN_POINT('',(-0.00322,0.011605,-0.0441));
#4485=CARTESIAN_POINT('',(-0.00322,0.008355,-0.0441));
#4486=CARTESIAN_POINT('',(-0.00647,0.008355,-0.0441));
#4487=CARTESIAN_POINT('',(-0.00647,0.008,-0.0441));
#4488=CARTESIAN_POINT('',(-0.00647,0.007645,-0.0441));
#4489=CARTESIAN_POINT('',(-0.00322,0.007645,-0.0441));
#4490=CARTESIAN_POINT('',(-0.00322,0.004395,-0.0441));
#4491=CARTESIAN_POINT('',(-4.33680868994202E-19,0.004395,-0.0441));
#4492=CARTESIAN_POINT('',(0.00322,0.004395,-0.0441));
#4493=CARTESIAN_POINT('',(0.00322,0.007645,-0.0441));
#4494=CARTESIAN_POINT('',(0.00647,0.007645,-0.0441));
#4495=CARTESIAN_POINT('',(0.00647,0.008,-0.0441));
#4496=CARTESIAN_POINT('',(0.00647,0.008355,-0.0441));
#4497=CARTESIAN_POINT('',(0.00322,0.008355,-0.0441));
#4498=CARTESIAN_POINT('',(-0.01,0.01,-0.0431));
#4499=CARTESIAN_POINT('',(0.01,0.01,-0.0431));
#4500=CARTESIAN_POINT('',(0.,0.,0.));
#4501=CARTESIAN_POINT('',(0.0249999989875899,0.0087,0.0353999989875));
#4502=CARTESIAN_POINT('',(0.0249999989875899,0.0072,0.0353999989875));
#4503=CARTESIAN_POINT('',(0.024999999493795,0.0072,0.0409));
#4504=CARTESIAN_POINT('',(0.030499999999993,0.0072,0.03539999949375));
#4505=CARTESIAN_POINT('',(0.030499999999993,0.0087,0.03539999949375));
#4506=CARTESIAN_POINT('',(0.030499999999993,0.0087,0.03539999949375));
#4507=CARTESIAN_POINT('',(0.0249999989875899,0.0087,0.0353999989875));
#4508=CARTESIAN_POINT('',(0.024999999493795,0.0087,0.0409));
#4509=CARTESIAN_POINT('',(0.024999999493795,0.0087,0.0409));
#4510=CARTESIAN_POINT('',(0.030499999999993,0.0087,0.010899999240625));
#4511=CARTESIAN_POINT('',(0.030499999999993,0.0072,0.010899999240625));
#4512=CARTESIAN_POINT('',(0.030499999999993,0.0072,-0.0136000010125));
#4513=CARTESIAN_POINT('',(0.030499999999993,0.0087,-0.0136000010125));
#4514=CARTESIAN_POINT('',(0.030499999999993,0.0087,-0.0136000010125));
#4515=CARTESIAN_POINT('',(0.030499999999993,0.0087,0.010899999240625));
#4516=CARTESIAN_POINT('',(0.0249999989875899,0.0087,-0.0136000005063));
#4517=CARTESIAN_POINT('',(0.0249999989875899,0.0072,-0.0136000005063));
#4518=CARTESIAN_POINT('',(0.024999999493795,0.0072,-0.019100001518703));
#4519=CARTESIAN_POINT('',(0.024999999493795,0.0087,-0.019100001518703));
#4520=CARTESIAN_POINT('',(0.024999999493795,0.0087,-0.019100001518703));
#4521=CARTESIAN_POINT('',(0.0249999989875899,0.0087,-0.0136000005063));
#4522=CARTESIAN_POINT('',(-0.000250000000002498,0.0087,-0.019100001518703));
#4523=CARTESIAN_POINT('',(-0.000250000000002498,0.0072,-0.019100001518703));
#4524=CARTESIAN_POINT('',(-0.0254999994938,0.0072,-0.019100001518703));
#4525=CARTESIAN_POINT('',(-0.0254999994938,0.0087,-0.019100001518703));
#4526=CARTESIAN_POINT('',(-0.0254999994938,0.0087,-0.019100001518703));
#4527=CARTESIAN_POINT('',(-0.000250000000002498,0.0087,-0.019100001518703));
#4528=CARTESIAN_POINT('',(-0.0254999989876,0.0087,-0.0136000005063));
#4529=CARTESIAN_POINT('',(-0.0254999989876,0.0072,-0.0136000005063));
#4530=CARTESIAN_POINT('',(-0.031000000000003,0.0072,-0.0136000010125));
#4531=CARTESIAN_POINT('',(-0.031000000000003,0.0087,-0.0136000010125));
#4532=CARTESIAN_POINT('',(-0.031000000000003,0.0087,-0.0136000010125));
#4533=CARTESIAN_POINT('',(-0.0254999989876,0.0087,-0.0136000005063));
#4534=CARTESIAN_POINT('',(-0.031000000000003,0.0087,0.010899999240625));
#4535=CARTESIAN_POINT('',(-0.031000000000003,0.0072,0.010899999240625));
#4536=CARTESIAN_POINT('',(-0.031000000000003,0.0072,0.03539999949375));
#4537=CARTESIAN_POINT('',(-0.031000000000003,0.0087,0.03539999949375));
#4538=CARTESIAN_POINT('',(-0.031000000000003,0.0087,0.03539999949375));
#4539=CARTESIAN_POINT('',(-0.031000000000003,0.0087,0.010899999240625));
#4540=CARTESIAN_POINT('',(-0.0254999989876,0.0087,0.0353999989875));
#4541=CARTESIAN_POINT('',(-0.0254999989876,0.0072,0.0353999989875));
#4542=CARTESIAN_POINT('',(-0.0254999994938018,0.0072,0.0408999999999029));
#4543=CARTESIAN_POINT('',(-0.0254999994938018,0.0087,0.0408999999999029));
#4544=CARTESIAN_POINT('',(-0.0254999994938018,0.0087,0.0408999999999029));
#4545=CARTESIAN_POINT('',(-0.0254999989876,0.0087,0.0353999989875));
#4546=CARTESIAN_POINT('',(0.01254,0.0087,0.03482));
#4547=CARTESIAN_POINT('',(0.01254,0.0072,0.03482));
#4548=CARTESIAN_POINT('',(0.01204,0.0072,0.03482));
#4549=CARTESIAN_POINT('',(0.01254,0.0072,0.03532));
#4550=CARTESIAN_POINT('',(0.01204,0.0087,0.03482));
#4551=CARTESIAN_POINT('',(0.01204,0.0087,0.03482));
#4552=CARTESIAN_POINT('',(0.01254,0.0087,0.03482));
#4553=CARTESIAN_POINT('',(0.01254,0.0087,0.03532));
#4554=CARTESIAN_POINT('',(0.01254,0.0087,0.03532));
#4555=CARTESIAN_POINT('',(0.01204,0.0087,0.02832));
#4556=CARTESIAN_POINT('',(0.01204,0.0072,0.02832));
#4557=CARTESIAN_POINT('',(0.01204,0.0072,0.02182));
#4558=CARTESIAN_POINT('',(0.01204,0.0087,0.02182));
#4559=CARTESIAN_POINT('',(0.01204,0.0087,0.02182));
#4560=CARTESIAN_POINT('',(0.01204,0.0087,0.02832));
#4561=CARTESIAN_POINT('',(0.01254,0.0087,0.02182));
#4562=CARTESIAN_POINT('',(0.01254,0.0072,0.02182));
#4563=CARTESIAN_POINT('',(0.01254,0.0072,0.02132));
#4564=CARTESIAN_POINT('',(0.01254,0.0087,0.02132));
#4565=CARTESIAN_POINT('',(0.01254,0.0087,0.02132));
#4566=CARTESIAN_POINT('',(0.01254,0.0087,0.02182));
#4567=CARTESIAN_POINT('',(0.01904,0.0087,0.02132));
#4568=CARTESIAN_POINT('',(0.01904,0.0072,0.02132));
#4569=CARTESIAN_POINT('',(0.02554,0.0072,0.02132));
#4570=CARTESIAN_POINT('',(0.02554,0.0087,0.02132));
#4571=CARTESIAN_POINT('',(0.02554,0.0087,0.02132));
#4572=CARTESIAN_POINT('',(0.01904,0.0087,0.02132));
#4573=CARTESIAN_POINT('',(0.02554,0.0087,0.02182));
#4574=CARTESIAN_POINT('',(0.02554,0.0072,0.02182));
#4575=CARTESIAN_POINT('',(0.02604,0.0072,0.02182));
#4576=CARTESIAN_POINT('',(0.02604,0.0087,0.02182));
#4577=CARTESIAN_POINT('',(0.02604,0.0087,0.02182));
#4578=CARTESIAN_POINT('',(0.02554,0.0087,0.02182));
#4579=CARTESIAN_POINT('',(0.02604,0.0087,0.02832));
#4580=CARTESIAN_POINT('',(0.02604,0.0072,0.02832));
#4581=CARTESIAN_POINT('',(0.02604,0.0072,0.03482));
#4582=CARTESIAN_POINT('',(0.02604,0.0087,0.03482));
#4583=CARTESIAN_POINT('',(0.02604,0.0087,0.03482));
#4584=CARTESIAN_POINT('',(0.02604,0.0087,0.02832));
#4585=CARTESIAN_POINT('',(0.02554,0.0087,0.03482));
#4586=CARTESIAN_POINT('',(0.02554,0.0072,0.03482));
#4587=CARTESIAN_POINT('',(0.02554,0.0072,0.03532));
#4588=CARTESIAN_POINT('',(0.02554,0.0087,0.03532));
#4589=CARTESIAN_POINT('',(0.02554,0.0087,0.03532));
#4590=CARTESIAN_POINT('',(0.02554,0.0087,0.03482));
#4591=CARTESIAN_POINT('',(0.01254,0.0087,0.01582));
#4592=CARTESIAN_POINT('',(0.01254,0.0072,0.01582));
#4593=CARTESIAN_POINT('',(0.01204,0.0072,0.01582));
#4594=CARTESIAN_POINT('',(0.01254,0.0072,0.01632));
#4595=CARTESIAN_POINT('',(0.01204,0.0087,0.01582));
#4596=CARTESIAN_POINT('',(0.01204,0.0087,0.01582));
#4597=CARTESIAN_POINT('',(0.01254,0.0087,0.01582));
#4598=CARTESIAN_POINT('',(0.01254,0.0087,0.01632));
#4599=CARTESIAN_POINT('',(0.01254,0.0087,0.01632));
#4600=CARTESIAN_POINT('',(0.01204,0.0087,0.00932));
#4601=CARTESIAN_POINT('',(0.01204,0.0072,0.00932));
#4602=CARTESIAN_POINT('',(0.01204,0.0072,0.00281999999999995));
#4603=CARTESIAN_POINT('',(0.01204,0.0087,0.00281999999999995));
#4604=CARTESIAN_POINT('',(0.01204,0.0087,0.00281999999999995));
#4605=CARTESIAN_POINT('',(0.01204,0.0087,0.00932));
#4606=CARTESIAN_POINT('',(0.01254,0.0087,0.00281999999999995));
#4607=CARTESIAN_POINT('',(0.01254,0.0072,0.00281999999999995));
#4608=CARTESIAN_POINT('',(0.01254,0.0072,0.00231999999999995));
#4609=CARTESIAN_POINT('',(0.01254,0.0087,0.00231999999999995));
#4610=CARTESIAN_POINT('',(0.01254,0.0087,0.00231999999999995));
#4611=CARTESIAN_POINT('',(0.01254,0.0087,0.00281999999999995));
#4612=CARTESIAN_POINT('',(0.01904,0.0087,0.00231999999999995));
#4613=CARTESIAN_POINT('',(0.01904,0.0072,0.00231999999999995));
#4614=CARTESIAN_POINT('',(0.02554,0.0072,0.00231999999999995));
#4615=CARTESIAN_POINT('',(0.02554,0.0087,0.00231999999999995));
#4616=CARTESIAN_POINT('',(0.02554,0.0087,0.00231999999999995));
#4617=CARTESIAN_POINT('',(0.01904,0.0087,0.00231999999999995));
#4618=CARTESIAN_POINT('',(0.02554,0.0087,0.00281999999999995));
#4619=CARTESIAN_POINT('',(0.02554,0.0072,0.00281999999999995));
#4620=CARTESIAN_POINT('',(0.02604,0.0072,0.00281999999999995));
#4621=CARTESIAN_POINT('',(0.02604,0.0087,0.00281999999999995));
#4622=CARTESIAN_POINT('',(0.02604,0.0087,0.00281999999999995));
#4623=CARTESIAN_POINT('',(0.02554,0.0087,0.00281999999999995));
#4624=CARTESIAN_POINT('',(0.02604,0.0087,0.00932));
#4625=CARTESIAN_POINT('',(0.02604,0.0072,0.00932));
#4626=CARTESIAN_POINT('',(0.02604,0.0072,0.01582));
#4627=CARTESIAN_POINT('',(0.02604,0.0087,0.01582));
#4628=CARTESIAN_POINT('',(0.02604,0.0087,0.01582));
#4629=CARTESIAN_POINT('',(0.02604,0.0087,0.00932));
#4630=CARTESIAN_POINT('',(0.02554,0.0087,0.01582));
#4631=CARTESIAN_POINT('',(0.02554,0.0072,0.01582));
#4632=CARTESIAN_POINT('',(0.02554,0.0072,0.01632));
#4633=CARTESIAN_POINT('',(0.02554,0.0087,0.01632));
#4634=CARTESIAN_POINT('',(0.02554,0.0087,0.01632));
#4635=CARTESIAN_POINT('',(0.02554,0.0087,0.01582));
#4636=CARTESIAN_POINT('',(0.01254,0.0087,-0.00318000000000004));
#4637=CARTESIAN_POINT('',(0.01254,0.0072,-0.00318000000000004));
#4638=CARTESIAN_POINT('',(0.01204,0.0072,-0.00318000000000004));
#4639=CARTESIAN_POINT('',(0.01254,0.0072,-0.00268000000000004));
#4640=CARTESIAN_POINT('',(0.01204,0.0087,-0.00318000000000004));
#4641=CARTESIAN_POINT('',(0.01204,0.0087,-0.00318000000000004));
#4642=CARTESIAN_POINT('',(0.01254,0.0087,-0.00318000000000004));
#4643=CARTESIAN_POINT('',(0.01254,0.0087,-0.00268000000000004));
#4644=CARTESIAN_POINT('',(0.01254,0.0087,-0.00268000000000004));
#4645=CARTESIAN_POINT('',(0.01204,0.0087,-0.00968));
#4646=CARTESIAN_POINT('',(0.01204,0.0072,-0.00968));
#4647=CARTESIAN_POINT('',(0.01204,0.0072,-0.01618));
#4648=CARTESIAN_POINT('',(0.01204,0.0087,-0.01618));
#4649=CARTESIAN_POINT('',(0.01204,0.0087,-0.01618));
#4650=CARTESIAN_POINT('',(0.01204,0.0087,-0.00968));
#4651=CARTESIAN_POINT('',(0.01254,0.0087,-0.01618));
#4652=CARTESIAN_POINT('',(0.01254,0.0072,-0.01618));
#4653=CARTESIAN_POINT('',(0.01254,0.0072,-0.01668));
#4654=CARTESIAN_POINT('',(0.01254,0.0087,-0.01668));
#4655=CARTESIAN_POINT('',(0.01254,0.0087,-0.01668));
#4656=CARTESIAN_POINT('',(0.01254,0.0087,-0.01618));
#4657=CARTESIAN_POINT('',(0.01904,0.0087,-0.01668));
#4658=CARTESIAN_POINT('',(0.01904,0.0072,-0.01668));
#4659=CARTESIAN_POINT('',(0.02554,0.0072,-0.01668));
#4660=CARTESIAN_POINT('',(0.02554,0.0087,-0.01668));
#4661=CARTESIAN_POINT('',(0.02554,0.0087,-0.01668));
#4662=CARTESIAN_POINT('',(0.01904,0.0087,-0.01668));
#4663=CARTESIAN_POINT('',(0.02554,0.0087,-0.01618));
#4664=CARTESIAN_POINT('',(0.02554,0.0072,-0.01618));
#4665=CARTESIAN_POINT('',(0.02604,0.0072,-0.01618));
#4666=CARTESIAN_POINT('',(0.02604,0.0087,-0.01618));
#4667=CARTESIAN_POINT('',(0.02604,0.0087,-0.01618));
#4668=CARTESIAN_POINT('',(0.02554,0.0087,-0.01618));
#4669=CARTESIAN_POINT('',(0.02604,0.0087,-0.00968));
#4670=CARTESIAN_POINT('',(0.02604,0.0072,-0.00968));
#4671=CARTESIAN_POINT('',(0.02604,0.0072,-0.00318000000000004));
#4672=CARTESIAN_POINT('',(0.02604,0.0087,-0.00318000000000004));
#4673=CARTESIAN_POINT('',(0.02604,0.0087,-0.00318000000000004));
#4674=CARTESIAN_POINT('',(0.02604,0.0087,-0.00968));
#4675=CARTESIAN_POINT('',(0.02554,0.0087,-0.00318));
#4676=CARTESIAN_POINT('',(0.02554,0.0072,-0.00318));
#4677=CARTESIAN_POINT('',(0.02554,0.0072,-0.00268000000000004));
#4678=CARTESIAN_POINT('',(0.02554,0.0087,-0.00268000000000004));
#4679=CARTESIAN_POINT('',(0.02554,0.0087,-0.00268000000000004));
#4680=CARTESIAN_POINT('',(0.02554,0.0087,-0.00318));
#4681=CARTESIAN_POINT('',(-0.00646,0.0087,0.03482));
#4682=CARTESIAN_POINT('',(-0.00646,0.0072,0.03482));
#4683=CARTESIAN_POINT('',(-0.00696,0.0072,0.03482));
#4684=CARTESIAN_POINT('',(-0.00646,0.0072,0.03532));
#4685=CARTESIAN_POINT('',(-0.00696,0.0087,0.03482));
#4686=CARTESIAN_POINT('',(-0.00696,0.0087,0.03482));
#4687=CARTESIAN_POINT('',(-0.00646,0.0087,0.03482));
#4688=CARTESIAN_POINT('',(-0.00646,0.0087,0.03532));
#4689=CARTESIAN_POINT('',(-0.00646,0.0087,0.03532));
#4690=CARTESIAN_POINT('',(-0.00696,0.0087,0.02832));
#4691=CARTESIAN_POINT('',(-0.00696,0.0072,0.02832));
#4692=CARTESIAN_POINT('',(-0.00696,0.0072,0.02182));
#4693=CARTESIAN_POINT('',(-0.00696,0.0087,0.02182));
#4694=CARTESIAN_POINT('',(-0.00696,0.0087,0.02182));
#4695=CARTESIAN_POINT('',(-0.00696,0.0087,0.02832));
#4696=CARTESIAN_POINT('',(-0.00646,0.0087,0.02182));
#4697=CARTESIAN_POINT('',(-0.00646,0.0072,0.02182));
#4698=CARTESIAN_POINT('',(-0.00646,0.0072,0.02132));
#4699=CARTESIAN_POINT('',(-0.00646,0.0087,0.02132));
#4700=CARTESIAN_POINT('',(-0.00646,0.0087,0.02132));
#4701=CARTESIAN_POINT('',(-0.00646,0.0087,0.02182));
#4702=CARTESIAN_POINT('',(3.99999999999845E-5,0.0087,0.02132));
#4703=CARTESIAN_POINT('',(3.99999999999845E-5,0.0072,0.02132));
#4704=CARTESIAN_POINT('',(0.00654,0.0072,0.02132));
#4705=CARTESIAN_POINT('',(0.00654,0.0087,0.02132));
#4706=CARTESIAN_POINT('',(0.00654,0.0087,0.02132));
#4707=CARTESIAN_POINT('',(3.99999999999845E-5,0.0087,0.02132));
#4708=CARTESIAN_POINT('',(0.00654,0.0087,0.02182));
#4709=CARTESIAN_POINT('',(0.00654,0.0072,0.02182));
#4710=CARTESIAN_POINT('',(0.00704,0.0072,0.02182));
#4711=CARTESIAN_POINT('',(0.00704,0.0087,0.02182));
#4712=CARTESIAN_POINT('',(0.00704,0.0087,0.02182));
#4713=CARTESIAN_POINT('',(0.00654,0.0087,0.02182));
#4714=CARTESIAN_POINT('',(0.00704,0.0087,0.02832));
#4715=CARTESIAN_POINT('',(0.00704,0.0072,0.02832));
#4716=CARTESIAN_POINT('',(0.00704,0.0072,0.03482));
#4717=CARTESIAN_POINT('',(0.00704,0.0087,0.03482));
#4718=CARTESIAN_POINT('',(0.00704,0.0087,0.03482));
#4719=CARTESIAN_POINT('',(0.00704,0.0087,0.02832));
#4720=CARTESIAN_POINT('',(0.00654,0.0087,0.03482));
#4721=CARTESIAN_POINT('',(0.00654,0.0072,0.03482));
#4722=CARTESIAN_POINT('',(0.00654,0.0072,0.03532));
#4723=CARTESIAN_POINT('',(0.00654,0.0087,0.03532));
#4724=CARTESIAN_POINT('',(0.00654,0.0087,0.03532));
#4725=CARTESIAN_POINT('',(0.00654,0.0087,0.03482));
#4726=CARTESIAN_POINT('',(-0.02546,0.0087,0.03482));
#4727=CARTESIAN_POINT('',(-0.02546,0.0072,0.03482));
#4728=CARTESIAN_POINT('',(-0.02596,0.0072,0.03482));
#4729=CARTESIAN_POINT('',(-0.02546,0.0072,0.03532));
#4730=CARTESIAN_POINT('',(-0.02596,0.0087,0.03482));
#4731=CARTESIAN_POINT('',(-0.02596,0.0087,0.03482));
#4732=CARTESIAN_POINT('',(-0.02546,0.0087,0.03482));
#4733=CARTESIAN_POINT('',(-0.02546,0.0087,0.03532));
#4734=CARTESIAN_POINT('',(-0.02546,0.0087,0.03532));
#4735=CARTESIAN_POINT('',(-0.02596,0.0087,0.02832));
#4736=CARTESIAN_POINT('',(-0.02596,0.0072,0.02832));
#4737=CARTESIAN_POINT('',(-0.02596,0.0072,0.02182));
#4738=CARTESIAN_POINT('',(-0.02596,0.0087,0.02182));
#4739=CARTESIAN_POINT('',(-0.02596,0.0087,0.02182));
#4740=CARTESIAN_POINT('',(-0.02596,0.0087,0.02832));
#4741=CARTESIAN_POINT('',(-0.02546,0.0087,0.02182));
#4742=CARTESIAN_POINT('',(-0.02546,0.0072,0.02182));
#4743=CARTESIAN_POINT('',(-0.02546,0.0072,0.02132));
#4744=CARTESIAN_POINT('',(-0.02546,0.0087,0.02132));
#4745=CARTESIAN_POINT('',(-0.02546,0.0087,0.02132));
#4746=CARTESIAN_POINT('',(-0.02546,0.0087,0.02182));
#4747=CARTESIAN_POINT('',(-0.01896,0.0087,0.02132));
#4748=CARTESIAN_POINT('',(-0.01896,0.0072,0.02132));
#4749=CARTESIAN_POINT('',(-0.01246,0.0072,0.02132));
#4750=CARTESIAN_POINT('',(-0.01246,0.0087,0.02132));
#4751=CARTESIAN_POINT('',(-0.01246,0.0087,0.02132));
#4752=CARTESIAN_POINT('',(-0.01896,0.0087,0.02132));
#4753=CARTESIAN_POINT('',(-0.01246,0.0087,0.02182));
#4754=CARTESIAN_POINT('',(-0.01246,0.0072,0.02182));
#4755=CARTESIAN_POINT('',(-0.01196,0.0072,0.02182));
#4756=CARTESIAN_POINT('',(-0.01196,0.0087,0.02182));
#4757=CARTESIAN_POINT('',(-0.01196,0.0087,0.02182));
#4758=CARTESIAN_POINT('',(-0.01246,0.0087,0.02182));
#4759=CARTESIAN_POINT('',(-0.01196,0.0087,0.02832));
#4760=CARTESIAN_POINT('',(-0.01196,0.0072,0.02832));
#4761=CARTESIAN_POINT('',(-0.01196,0.0072,0.03482));
#4762=CARTESIAN_POINT('',(-0.01196,0.0087,0.03482));
#4763=CARTESIAN_POINT('',(-0.01196,0.0087,0.03482));
#4764=CARTESIAN_POINT('',(-0.01196,0.0087,0.02832));
#4765=CARTESIAN_POINT('',(-0.01246,0.0087,0.03482));
#4766=CARTESIAN_POINT('',(-0.01246,0.0072,0.03482));
#4767=CARTESIAN_POINT('',(-0.01246,0.0072,0.03532));
#4768=CARTESIAN_POINT('',(-0.01246,0.0087,0.03532));
#4769=CARTESIAN_POINT('',(-0.01246,0.0087,0.03532));
#4770=CARTESIAN_POINT('',(-0.01246,0.0087,0.03482));
#4771=CARTESIAN_POINT('',(-0.00646,0.0087,0.01582));
#4772=CARTESIAN_POINT('',(-0.00646,0.0072,0.01582));
#4773=CARTESIAN_POINT('',(-0.00696,0.0072,0.01582));
#4774=CARTESIAN_POINT('',(-0.00646,0.0072,0.01632));
#4775=CARTESIAN_POINT('',(-0.00696,0.0087,0.01582));
#4776=CARTESIAN_POINT('',(-0.00696,0.0087,0.01582));
#4777=CARTESIAN_POINT('',(-0.00646,0.0087,0.01582));
#4778=CARTESIAN_POINT('',(-0.00646,0.0087,0.01632));
#4779=CARTESIAN_POINT('',(-0.00646,0.0087,0.01632));
#4780=CARTESIAN_POINT('',(-0.00696,0.0087,0.00932));
#4781=CARTESIAN_POINT('',(-0.00696,0.0072,0.00932));
#4782=CARTESIAN_POINT('',(-0.00696,0.0072,0.00281999999999995));
#4783=CARTESIAN_POINT('',(-0.00696,0.0087,0.00281999999999995));
#4784=CARTESIAN_POINT('',(-0.00696,0.0087,0.00281999999999995));
#4785=CARTESIAN_POINT('',(-0.00696,0.0087,0.00932));
#4786=CARTESIAN_POINT('',(-0.00646,0.0087,0.00281999999999995));
#4787=CARTESIAN_POINT('',(-0.00646,0.0072,0.00281999999999995));
#4788=CARTESIAN_POINT('',(-0.00646,0.0072,0.00231999999999995));
#4789=CARTESIAN_POINT('',(-0.00646,0.0087,0.00231999999999995));
#4790=CARTESIAN_POINT('',(-0.00646,0.0087,0.00231999999999995));
#4791=CARTESIAN_POINT('',(-0.00646,0.0087,0.00281999999999995));
#4792=CARTESIAN_POINT('',(3.99999999999845E-5,0.0087,0.00231999999999995));
#4793=CARTESIAN_POINT('',(3.99999999999845E-5,0.0072,0.00231999999999995));
#4794=CARTESIAN_POINT('',(0.00654,0.0072,0.00231999999999995));
#4795=CARTESIAN_POINT('',(0.00654,0.0087,0.00231999999999995));
#4796=CARTESIAN_POINT('',(0.00654,0.0087,0.00231999999999995));
#4797=CARTESIAN_POINT('',(3.99999999999845E-5,0.0087,0.00231999999999995));
#4798=CARTESIAN_POINT('',(0.00654,0.0087,0.00281999999999995));
#4799=CARTESIAN_POINT('',(0.00654,0.0072,0.00281999999999995));
#4800=CARTESIAN_POINT('',(0.00704,0.0072,0.00281999999999995));
#4801=CARTESIAN_POINT('',(0.00704,0.0087,0.00281999999999995));
#4802=CARTESIAN_POINT('',(0.00704,0.0087,0.00281999999999995));
#4803=CARTESIAN_POINT('',(0.00654,0.0087,0.00281999999999995));
#4804=CARTESIAN_POINT('',(0.00704,0.0087,0.00932));
#4805=CARTESIAN_POINT('',(0.00704,0.0072,0.00932));
#4806=CARTESIAN_POINT('',(0.00704,0.0072,0.01582));
#4807=CARTESIAN_POINT('',(0.00704,0.0087,0.01582));
#4808=CARTESIAN_POINT('',(0.00704,0.0087,0.01582));
#4809=CARTESIAN_POINT('',(0.00704,0.0087,0.00932));
#4810=CARTESIAN_POINT('',(0.00654,0.0087,0.01582));
#4811=CARTESIAN_POINT('',(0.00654,0.0072,0.01582));
#4812=CARTESIAN_POINT('',(0.00654,0.0072,0.01632));
#4813=CARTESIAN_POINT('',(0.00654,0.0087,0.01632));
#4814=CARTESIAN_POINT('',(0.00654,0.0087,0.01632));
#4815=CARTESIAN_POINT('',(0.00654,0.0087,0.01582));
#4816=CARTESIAN_POINT('',(-0.02546,0.0087,0.01582));
#4817=CARTESIAN_POINT('',(-0.02546,0.0072,0.01582));
#4818=CARTESIAN_POINT('',(-0.02596,0.0072,0.01582));
#4819=CARTESIAN_POINT('',(-0.02546,0.0072,0.01632));
#4820=CARTESIAN_POINT('',(-0.02596,0.0087,0.01582));
#4821=CARTESIAN_POINT('',(-0.02596,0.0087,0.01582));
#4822=CARTESIAN_POINT('',(-0.02546,0.0087,0.01582));
#4823=CARTESIAN_POINT('',(-0.02546,0.0087,0.01632));
#4824=CARTESIAN_POINT('',(-0.02546,0.0087,0.01632));
#4825=CARTESIAN_POINT('',(-0.02596,0.0087,0.00932));
#4826=CARTESIAN_POINT('',(-0.02596,0.0072,0.00932));
#4827=CARTESIAN_POINT('',(-0.02596,0.0072,0.00281999999999995));
#4828=CARTESIAN_POINT('',(-0.02596,0.0087,0.00281999999999995));
#4829=CARTESIAN_POINT('',(-0.02596,0.0087,0.00281999999999995));
#4830=CARTESIAN_POINT('',(-0.02596,0.0087,0.00932));
#4831=CARTESIAN_POINT('',(-0.02546,0.0087,0.00281999999999995));
#4832=CARTESIAN_POINT('',(-0.02546,0.0072,0.00281999999999995));
#4833=CARTESIAN_POINT('',(-0.02546,0.0072,0.00231999999999995));
#4834=CARTESIAN_POINT('',(-0.02546,0.0087,0.00231999999999995));
#4835=CARTESIAN_POINT('',(-0.02546,0.0087,0.00231999999999995));
#4836=CARTESIAN_POINT('',(-0.02546,0.0087,0.00281999999999995));
#4837=CARTESIAN_POINT('',(-0.01896,0.0087,0.00231999999999995));
#4838=CARTESIAN_POINT('',(-0.01896,0.0072,0.00231999999999995));
#4839=CARTESIAN_POINT('',(-0.01246,0.0072,0.00231999999999995));
#4840=CARTESIAN_POINT('',(-0.01246,0.0087,0.00231999999999995));
#4841=CARTESIAN_POINT('',(-0.01246,0.0087,0.00231999999999995));
#4842=CARTESIAN_POINT('',(-0.01896,0.0087,0.00231999999999995));
#4843=CARTESIAN_POINT('',(-0.01246,0.0087,0.00281999999999995));
#4844=CARTESIAN_POINT('',(-0.01246,0.0072,0.00281999999999995));
#4845=CARTESIAN_POINT('',(-0.01196,0.0072,0.00281999999999995));
#4846=CARTESIAN_POINT('',(-0.01196,0.0087,0.00281999999999995));
#4847=CARTESIAN_POINT('',(-0.01196,0.0087,0.00281999999999995));
#4848=CARTESIAN_POINT('',(-0.01246,0.0087,0.00281999999999995));
#4849=CARTESIAN_POINT('',(-0.01196,0.0087,0.00932));
#4850=CARTESIAN_POINT('',(-0.01196,0.0072,0.00932));
#4851=CARTESIAN_POINT('',(-0.01196,0.0072,0.01582));
#4852=CARTESIAN_POINT('',(-0.01196,0.0087,0.01582));
#4853=CARTESIAN_POINT('',(-0.01196,0.0087,0.01582));
#4854=CARTESIAN_POINT('',(-0.01196,0.0087,0.00932));
#4855=CARTESIAN_POINT('',(-0.01246,0.0087,0.01582));
#4856=CARTESIAN_POINT('',(-0.01246,0.0072,0.01582));
#4857=CARTESIAN_POINT('',(-0.01246,0.0072,0.01632));
#4858=CARTESIAN_POINT('',(-0.01246,0.0087,0.01632));
#4859=CARTESIAN_POINT('',(-0.01246,0.0087,0.01632));
#4860=CARTESIAN_POINT('',(-0.01246,0.0087,0.01582));
#4861=CARTESIAN_POINT('',(-0.00646,0.0087,-0.00318000000000004));
#4862=CARTESIAN_POINT('',(-0.00646,0.0072,-0.00318000000000004));
#4863=CARTESIAN_POINT('',(-0.00696,0.0072,-0.00318000000000004));
#4864=CARTESIAN_POINT('',(-0.00646,0.0072,-0.00268000000000004));
#4865=CARTESIAN_POINT('',(-0.00696,0.0087,-0.00318000000000004));
#4866=CARTESIAN_POINT('',(-0.00696,0.0087,-0.00318000000000004));
#4867=CARTESIAN_POINT('',(-0.00646,0.0087,-0.00318000000000004));
#4868=CARTESIAN_POINT('',(-0.00646,0.0087,-0.00268000000000004));
#4869=CARTESIAN_POINT('',(-0.00646,0.0087,-0.00268000000000004));
#4870=CARTESIAN_POINT('',(-0.00696,0.0087,-0.00968));
#4871=CARTESIAN_POINT('',(-0.00696,0.0072,-0.00968));
#4872=CARTESIAN_POINT('',(-0.00696,0.0072,-0.01618));
#4873=CARTESIAN_POINT('',(-0.00696,0.0087,-0.01618));
#4874=CARTESIAN_POINT('',(-0.00696,0.0087,-0.01618));
#4875=CARTESIAN_POINT('',(-0.00696,0.0087,-0.00968));
#4876=CARTESIAN_POINT('',(-0.00646,0.0087,-0.01618));
#4877=CARTESIAN_POINT('',(-0.00646,0.0072,-0.01618));
#4878=CARTESIAN_POINT('',(-0.00646,0.0072,-0.01668));
#4879=CARTESIAN_POINT('',(-0.00646,0.0087,-0.01668));
#4880=CARTESIAN_POINT('',(-0.00646,0.0087,-0.01668));
#4881=CARTESIAN_POINT('',(-0.00646,0.0087,-0.01618));
#4882=CARTESIAN_POINT('',(3.99999999999845E-5,0.0087,-0.01668));
#4883=CARTESIAN_POINT('',(3.99999999999845E-5,0.0072,-0.01668));
#4884=CARTESIAN_POINT('',(0.00654,0.0072,-0.01668));
#4885=CARTESIAN_POINT('',(0.00654,0.0087,-0.01668));
#4886=CARTESIAN_POINT('',(0.00654,0.0087,-0.01668));
#4887=CARTESIAN_POINT('',(3.99999999999845E-5,0.0087,-0.01668));
#4888=CARTESIAN_POINT('',(0.00654,0.0087,-0.01618));
#4889=CARTESIAN_POINT('',(0.00654,0.0072,-0.01618));
#4890=CARTESIAN_POINT('',(0.00704,0.0072,-0.01618));
#4891=CARTESIAN_POINT('',(0.00704,0.0087,-0.01618));
#4892=CARTESIAN_POINT('',(0.00704,0.0087,-0.01618));
#4893=CARTESIAN_POINT('',(0.00654,0.0087,-0.01618));
#4894=CARTESIAN_POINT('',(0.00704,0.0087,-0.00968));
#4895=CARTESIAN_POINT('',(0.00704,0.0072,-0.00968));
#4896=CARTESIAN_POINT('',(0.00704,0.0072,-0.00318000000000004));
#4897=CARTESIAN_POINT('',(0.00704,0.0087,-0.00318000000000004));
#4898=CARTESIAN_POINT('',(0.00704,0.0087,-0.00318000000000004));
#4899=CARTESIAN_POINT('',(0.00704,0.0087,-0.00968));
#4900=CARTESIAN_POINT('',(0.00654,0.0087,-0.00318000000000004));
#4901=CARTESIAN_POINT('',(0.00654,0.0072,-0.00318000000000004));
#4902=CARTESIAN_POINT('',(0.00654,0.0072,-0.00268000000000004));
#4903=CARTESIAN_POINT('',(0.00654,0.0087,-0.00268000000000004));
#4904=CARTESIAN_POINT('',(0.00654,0.0087,-0.00268000000000004));
#4905=CARTESIAN_POINT('',(0.00654,0.0087,-0.00318000000000004));
#4906=CARTESIAN_POINT('',(-0.02546,0.0087,-0.00318000000000004));
#4907=CARTESIAN_POINT('',(-0.02546,0.0072,-0.00318000000000004));
#4908=CARTESIAN_POINT('',(-0.02596,0.0072,-0.00318000000000004));
#4909=CARTESIAN_POINT('',(-0.02546,0.0072,-0.00268000000000004));
#4910=CARTESIAN_POINT('',(-0.02596,0.0087,-0.00318000000000004));
#4911=CARTESIAN_POINT('',(-0.02596,0.0087,-0.00318000000000004));
#4912=CARTESIAN_POINT('',(-0.02546,0.0087,-0.00318000000000004));
#4913=CARTESIAN_POINT('',(-0.02546,0.0087,-0.00268000000000004));
#4914=CARTESIAN_POINT('',(-0.02546,0.0087,-0.00268000000000004));
#4915=CARTESIAN_POINT('',(-0.02596,0.0087,-0.00968));
#4916=CARTESIAN_POINT('',(-0.02596,0.0072,-0.00968));
#4917=CARTESIAN_POINT('',(-0.02596,0.0072,-0.01618));
#4918=CARTESIAN_POINT('',(-0.02596,0.0087,-0.01618));
#4919=CARTESIAN_POINT('',(-0.02596,0.0087,-0.01618));
#4920=CARTESIAN_POINT('',(-0.02596,0.0087,-0.00968));
#4921=CARTESIAN_POINT('',(-0.02546,0.0087,-0.01618));
#4922=CARTESIAN_POINT('',(-0.02546,0.0072,-0.01618));
#4923=CARTESIAN_POINT('',(-0.02546,0.0072,-0.01668));
#4924=CARTESIAN_POINT('',(-0.02546,0.0087,-0.01668));
#4925=CARTESIAN_POINT('',(-0.02546,0.0087,-0.01668));
#4926=CARTESIAN_POINT('',(-0.02546,0.0087,-0.01618));
#4927=CARTESIAN_POINT('',(-0.01896,0.0087,-0.01668));
#4928=CARTESIAN_POINT('',(-0.01896,0.0072,-0.01668));
#4929=CARTESIAN_POINT('',(-0.01246,0.0072,-0.01668));
#4930=CARTESIAN_POINT('',(-0.01246,0.0087,-0.01668));
#4931=CARTESIAN_POINT('',(-0.01246,0.0087,-0.01668));
#4932=CARTESIAN_POINT('',(-0.01896,0.0087,-0.01668));
#4933=CARTESIAN_POINT('',(-0.01246,0.0087,-0.01618));
#4934=CARTESIAN_POINT('',(-0.01246,0.0072,-0.01618));
#4935=CARTESIAN_POINT('',(-0.01196,0.0072,-0.01618));
#4936=CARTESIAN_POINT('',(-0.01196,0.0087,-0.01618));
#4937=CARTESIAN_POINT('',(-0.01196,0.0087,-0.01618));
#4938=CARTESIAN_POINT('',(-0.01246,0.0087,-0.01618));
#4939=CARTESIAN_POINT('',(-0.01196,0.0087,-0.00968));
#4940=CARTESIAN_POINT('',(-0.01196,0.0072,-0.00968));
#4941=CARTESIAN_POINT('',(-0.01196,0.0072,-0.00318000000000004));
#4942=CARTESIAN_POINT('',(-0.01196,0.0087,-0.00318000000000004));
#4943=CARTESIAN_POINT('',(-0.01196,0.0087,-0.00318000000000004));
#4944=CARTESIAN_POINT('',(-0.01196,0.0087,-0.00968));
#4945=CARTESIAN_POINT('',(-0.01246,0.0087,-0.00318000000000004));
#4946=CARTESIAN_POINT('',(-0.01246,0.0072,-0.00318000000000004));
#4947=CARTESIAN_POINT('',(-0.01246,0.0072,-0.00268000000000004));
#4948=CARTESIAN_POINT('',(-0.01246,0.0087,-0.00268000000000004));
#4949=CARTESIAN_POINT('',(-0.01246,0.0087,-0.00268000000000004));
#4950=CARTESIAN_POINT('',(-0.01246,0.0087,-0.00318000000000004));
#4951=CARTESIAN_POINT('',(0.01904,0.0087,0.03532));
#4952=CARTESIAN_POINT('',(0.01904,0.0072,0.03532));
#4953=CARTESIAN_POINT('',(0.01904,0.0087,0.03532));
#4954=CARTESIAN_POINT('',(0.01904,0.0087,0.01632));
#4955=CARTESIAN_POINT('',(0.01904,0.0072,0.01632));
#4956=CARTESIAN_POINT('',(0.01904,0.0087,0.01632));
#4957=CARTESIAN_POINT('',(0.01904,0.0087,-0.00268000000000004));
#4958=CARTESIAN_POINT('',(0.01904,0.0072,-0.00268000000000004));
#4959=CARTESIAN_POINT('',(0.01904,0.0087,-0.00268000000000004));
#4960=CARTESIAN_POINT('',(3.99999999999862E-5,0.0087,0.03532));
#4961=CARTESIAN_POINT('',(3.99999999999862E-5,0.0072,0.03532));
#4962=CARTESIAN_POINT('',(3.99999999999862E-5,0.0087,0.03532));
#4963=CARTESIAN_POINT('',(-0.01896,0.0087,0.03532));
#4964=CARTESIAN_POINT('',(-0.01896,0.0072,0.03532));
#4965=CARTESIAN_POINT('',(-0.01896,0.0087,0.03532));
#4966=CARTESIAN_POINT('',(3.99999999999862E-5,0.0087,0.01632));
#4967=CARTESIAN_POINT('',(3.99999999999862E-5,0.0072,0.01632));
#4968=CARTESIAN_POINT('',(3.99999999999862E-5,0.0087,0.01632));
#4969=CARTESIAN_POINT('',(-0.01896,0.0087,0.01632));
#4970=CARTESIAN_POINT('',(-0.01896,0.0072,0.01632));
#4971=CARTESIAN_POINT('',(-0.01896,0.0087,0.01632));
#4972=CARTESIAN_POINT('',(3.99999999999862E-5,0.0087,-0.00268000000000004));
#4973=CARTESIAN_POINT('',(3.99999999999862E-5,0.0072,-0.00268000000000004));
#4974=CARTESIAN_POINT('',(3.99999999999862E-5,0.0087,-0.00268000000000004));
#4975=CARTESIAN_POINT('',(-0.01896,0.0087,-0.00268000000000004));
#4976=CARTESIAN_POINT('',(-0.01896,0.0072,-0.00268000000000004));
#4977=CARTESIAN_POINT('',(-0.01896,0.0087,-0.00268000000000004));
#4978=CARTESIAN_POINT('',(-0.000250000000003407,0.0087,0.0409));
#4979=CARTESIAN_POINT('',(-0.000250000000003407,0.0072,0.0409));
#4980=CARTESIAN_POINT('',(-0.000250000000003407,0.0087,0.0409));
#4981=CARTESIAN_POINT('',(-0.000250000000005017,0.0087,0.0108999992406485));
#4982=CARTESIAN_POINT('',(-0.000250000000005017,0.0072,0.0108999992406485));
#4983=CARTESIAN_POINT('',(0.,0.,0.));
#4984=CARTESIAN_POINT('',(-0.000249999999999993,0.0135,0.00064999999999997));
#4985=CARTESIAN_POINT('',(0.02,0.0135,-0.0296));
#4986=CARTESIAN_POINT('',(0.024,0.0135,-0.0296));
#4987=CARTESIAN_POINT('',(-0.02,0.0135,-0.0296));
#4988=CARTESIAN_POINT('',(-0.016,0.0135,-0.0296));
#4989=CARTESIAN_POINT('',(-0.034,0.0135,0.000649999999974109));
#4990=CARTESIAN_POINT('',(-0.034,0.0135,0.03589999949375));
#4991=CARTESIAN_POINT('',(-0.034,0.0135,-0.0345999994938017));
#4992=CARTESIAN_POINT('',(-0.0254999994938,0.0135,-0.0345999994938));
#4993=CARTESIAN_POINT('',(-0.0254999994938,0.0135,-0.0431));
#4994=CARTESIAN_POINT('',(-0.000250000000002505,0.0135,-0.0431));
#4995=CARTESIAN_POINT('',(0.024999999493795,0.0135,-0.0431));
#4996=CARTESIAN_POINT('',(0.0249999994938,0.0135,-0.0345999994938));
#4997=CARTESIAN_POINT('',(0.0335,0.0135,-0.0345999994938));
#4998=CARTESIAN_POINT('',(0.0335,0.0135,0.000649999999974955));
#4999=CARTESIAN_POINT('',(0.0335,0.0135,0.03589999949375));
#5000=CARTESIAN_POINT('',(0.02499999949375,0.0135,0.03589999949375));
#5001=CARTESIAN_POINT('',(0.024999999493795,0.0135,0.0444));
#5002=CARTESIAN_POINT('',(-0.000250000000003407,0.0135,0.0444));
#5003=CARTESIAN_POINT('',(-0.0254999994938018,0.0135,0.0444));
#5004=CARTESIAN_POINT('',(-0.0254999994938018,0.0135,0.0358999994938018));
#5005=CARTESIAN_POINT('',(4.00000000000019E-5,0.0135,0.03817));
#5006=CARTESIAN_POINT('',(-0.02881,0.0135,0.03817));
#5007=CARTESIAN_POINT('',(0.02889,0.0135,0.03817));
#5008=CARTESIAN_POINT('',(0.02889,0.0135,0.00932));
#5009=CARTESIAN_POINT('',(0.02889,0.0135,-0.01953));
#5010=CARTESIAN_POINT('',(3.99999999999983E-5,0.0135,-0.01953));
#5011=CARTESIAN_POINT('',(-0.02881,0.0135,-0.01953));
#5012=CARTESIAN_POINT('',(-0.02881,0.0135,0.00932));
#5013=CARTESIAN_POINT('',(-0.0175,0.0135,-0.037));
#5014=CARTESIAN_POINT('',(-0.0175,0.0135,-0.037));
#5015=CARTESIAN_POINT('',(-0.0175,0.0135,-0.04));
#5016=CARTESIAN_POINT('',(0.,0.0135,-0.037));
#5017=CARTESIAN_POINT('',(0.0175,0.0135,-0.037));
#5018=CARTESIAN_POINT('',(0.0175,0.0135,-0.037));
#5019=CARTESIAN_POINT('',(0.0175,0.0135,-0.04));
#5020=CARTESIAN_POINT('',(0.,0.0135,-0.04));
#5021=CARTESIAN_POINT('',(4.00000000000019E-5,0.0165,0.03817));
#5022=CARTESIAN_POINT('',(-0.02881,0.0165,0.03817));
#5023=CARTESIAN_POINT('',(-0.02881,0.0165,0.03817));
#5024=CARTESIAN_POINT('',(4.00000000000019E-5,0.0165,0.03817));
#5025=CARTESIAN_POINT('',(0.02889,0.0165,0.03817));
#5026=CARTESIAN_POINT('',(0.02889,0.0165,0.03817));
#5027=CARTESIAN_POINT('',(-0.02881,0.0165,0.00932));
#5028=CARTESIAN_POINT('',(-0.02881,0.0165,-0.01953));
#5029=CARTESIAN_POINT('',(-0.02881,0.0165,-0.01953));
#5030=CARTESIAN_POINT('',(-0.02881,0.0165,0.00932));
#5031=CARTESIAN_POINT('',(3.99999999999983E-5,0.0165,-0.01953));
#5032=CARTESIAN_POINT('',(0.02889,0.0165,-0.01953));
#5033=CARTESIAN_POINT('',(0.02889,0.0165,-0.01953));
#5034=CARTESIAN_POINT('',(3.99999999999983E-5,0.0165,-0.01953));
#5035=CARTESIAN_POINT('',(-0.02,0.0165,-0.0296));
#5036=CARTESIAN_POINT('',(-0.02,0.0165,-0.0296));
#5037=CARTESIAN_POINT('',(-0.016,0.0165,-0.0296));
#5038=CARTESIAN_POINT('',(0.02889,0.0165,0.00932));
#5039=CARTESIAN_POINT('',(0.02889,0.0165,0.00932));
#5040=CARTESIAN_POINT('',(0.02,0.0165,-0.0296));
#5041=CARTESIAN_POINT('',(0.02,0.0165,-0.0296));
#5042=CARTESIAN_POINT('',(0.024,0.0165,-0.0296));
#5043=CARTESIAN_POINT('',(-0.000249999999999993,0.0165,0.00064999999999997));
#5044=CARTESIAN_POINT('',(-0.000249999999999993,0.0165,0.0414));
#5045=CARTESIAN_POINT('',(-0.0254999994938018,0.0165,0.0414));
#5046=CARTESIAN_POINT('',(0.0249999994937791,0.0165,0.0414));
#5047=CARTESIAN_POINT('',(0.02499999949375,0.0165,0.03589999949375));
#5048=CARTESIAN_POINT('',(0.0305,0.0165,0.03589999949375));
#5049=CARTESIAN_POINT('',(0.0305,0.0165,0.00064999999999997));
#5050=CARTESIAN_POINT('',(0.0305,0.0165,-0.0345999994938));
#5051=CARTESIAN_POINT('',(0.0249999994938,0.0165,-0.0345999994938));
#5052=CARTESIAN_POINT('',(0.0249999994937968,0.0165,-0.0401));
#5053=CARTESIAN_POINT('',(-0.000249999999999993,0.0165,-0.0401));
#5054=CARTESIAN_POINT('',(-0.0254999994938,0.0165,-0.0401));
#5055=CARTESIAN_POINT('',(-0.0254999994938,0.0165,-0.0345999994938));
#5056=CARTESIAN_POINT('',(-0.031,0.0165,-0.0345999994938011));
#5057=CARTESIAN_POINT('',(-0.031,0.0165,0.00064999999999997));
#5058=CARTESIAN_POINT('',(-0.031,0.0165,0.03589999949375));
#5059=CARTESIAN_POINT('',(-0.0254999994938018,0.0165,0.0358999994938018));
#5060=CARTESIAN_POINT('',(-0.0254999994938,0.0135,-0.0345999994938));
#5061=CARTESIAN_POINT('',(-0.0254999994938,0.0135,-0.0401));
#5062=CARTESIAN_POINT('',(-0.031,0.0135,-0.0345999994938011));
#5063=CARTESIAN_POINT('',(-0.031,0.0135,0.000649999999974109));
#5064=CARTESIAN_POINT('',(-0.031,0.0135,0.03589999949375));
#5065=CARTESIAN_POINT('',(-0.000250000000002505,0.0135,-0.0401));
#5066=CARTESIAN_POINT('',(0.024999999493795,0.0135,-0.0401));
#5067=CARTESIAN_POINT('',(-0.0254999994938018,0.0135,0.0358999994938018));
#5068=CARTESIAN_POINT('',(-0.0254999994938018,0.0135,0.0414));
#5069=CARTESIAN_POINT('',(0.0249999994938,0.0135,-0.0345999994938));
#5070=CARTESIAN_POINT('',(0.0305,0.0135,-0.0345999994938));
#5071=CARTESIAN_POINT('',(-0.000250000000003407,0.0135,0.0414));
#5072=CARTESIAN_POINT('',(0.0249999994937791,0.0135,0.0414));
#5073=CARTESIAN_POINT('',(0.0305,0.0135,0.000649999999974955));
#5074=CARTESIAN_POINT('',(0.0305,0.0135,0.03589999949375));
#5075=CARTESIAN_POINT('',(0.02499999949375,0.0135,0.03589999949375));
#5076=CARTESIAN_POINT('',(-0.0175,0.0135,-0.037));
#5077=CARTESIAN_POINT('',(-0.0175,0.0135,-0.04));
#5078=CARTESIAN_POINT('',(-0.0155,0.0135,-0.037));
#5079=CARTESIAN_POINT('',(-0.0155,0.0135,-0.04));
#5080=CARTESIAN_POINT('',(-0.0155,0.0065,-0.037));
#5081=CARTESIAN_POINT('',(-0.0155,0.0065,-0.04));
#5082=CARTESIAN_POINT('',(-0.0135,0.0065,-0.037));
#5083=CARTESIAN_POINT('',(-0.0135,0.0065,-0.04));
#5084=CARTESIAN_POINT('',(-0.0175,0.0135,-0.04));
#5085=CARTESIAN_POINT('',(-0.0155,0.0135,-0.04));
#5086=CARTESIAN_POINT('',(-0.0155,0.0065,-0.04));
#5087=CARTESIAN_POINT('',(-0.0135,0.0065,-0.04));
#5088=CARTESIAN_POINT('',(-0.0135,0.0065,-0.04));
#5089=CARTESIAN_POINT('',(-0.0135,0.0065,-0.037));
#5090=CARTESIAN_POINT('',(-0.0135,0.0065,-0.037));
#5091=CARTESIAN_POINT('',(-0.0175,0.0135,-0.037));
#5092=CARTESIAN_POINT('',(-0.0155,0.0135,-0.037));
#5093=CARTESIAN_POINT('',(-0.0155,0.0065,-0.037));
#5094=CARTESIAN_POINT('',(-0.0135,0.0065,-0.037));
#5095=CARTESIAN_POINT('',(-0.01,0.0065,-0.037));
#5096=CARTESIAN_POINT('',(-0.01,0.0065,-0.04));
#5097=CARTESIAN_POINT('',(-0.0065,0.0065,-0.04));
#5098=CARTESIAN_POINT('',(-0.0065,0.0065,-0.037));
#5099=CARTESIAN_POINT('',(-0.0065,0.0065,-0.037));
#5100=CARTESIAN_POINT('',(-0.01,0.0065,-0.037));
#5101=CARTESIAN_POINT('',(-0.0045,0.01,-0.037));
#5102=CARTESIAN_POINT('',(-0.0045,0.01,-0.04));
#5103=CARTESIAN_POINT('',(-0.0055,0.01,-0.037));
#5104=CARTESIAN_POINT('',(-0.0055,0.01,-0.04));
#5105=CARTESIAN_POINT('',(-0.0055,0.0065,-0.037));
#5106=CARTESIAN_POINT('',(-0.0055,0.0065,-0.04));
#5107=CARTESIAN_POINT('',(-0.0065,0.0065,-0.037));
#5108=CARTESIAN_POINT('',(-0.0065,0.0065,-0.04));
#5109=CARTESIAN_POINT('',(-0.0045,0.01,-0.04));
#5110=CARTESIAN_POINT('',(-0.0055,0.01,-0.04));
#5111=CARTESIAN_POINT('',(-0.0055,0.0065,-0.04));
#5112=CARTESIAN_POINT('',(-0.0065,0.0065,-0.04));
#5113=CARTESIAN_POINT('',(-0.0045,0.01,-0.04));
#5114=CARTESIAN_POINT('',(-0.0045,0.01,-0.037));
#5115=CARTESIAN_POINT('',(-0.0045,0.01,-0.037));
#5116=CARTESIAN_POINT('',(-0.0045,0.01,-0.037));
#5117=CARTESIAN_POINT('',(-0.0055,0.01,-0.037));
#5118=CARTESIAN_POINT('',(-0.0055,0.0065,-0.037));
#5119=CARTESIAN_POINT('',(-0.0065,0.0065,-0.037));
#5120=CARTESIAN_POINT('',(-3.46944695195361E-18,0.01,-0.037));
#5121=CARTESIAN_POINT('',(-3.46944695195361E-18,0.01,-0.04));
#5122=CARTESIAN_POINT('',(0.0045,0.01,-0.04));
#5123=CARTESIAN_POINT('',(0.0045,0.01,-0.037));
#5124=CARTESIAN_POINT('',(0.0045,0.01,-0.037));
#5125=CARTESIAN_POINT('',(-3.46944695195361E-18,0.01,-0.037));
#5126=CARTESIAN_POINT('',(0.0045,0.01,-0.037));
#5127=CARTESIAN_POINT('',(0.0045,0.01,-0.04));
#5128=CARTESIAN_POINT('',(0.0055,0.01,-0.037));
#5129=CARTESIAN_POINT('',(0.0055,0.01,-0.04));
#5130=CARTESIAN_POINT('',(0.0055,0.0065,-0.037));
#5131=CARTESIAN_POINT('',(0.0055,0.0065,-0.04));
#5132=CARTESIAN_POINT('',(0.0065,0.0065,-0.037));
#5133=CARTESIAN_POINT('',(0.0065,0.0065,-0.04));
#5134=CARTESIAN_POINT('',(0.0045,0.01,-0.04));
#5135=CARTESIAN_POINT('',(0.0055,0.01,-0.04));
#5136=CARTESIAN_POINT('',(0.0055,0.0065,-0.04));
#5137=CARTESIAN_POINT('',(0.0065,0.0065,-0.04));
#5138=CARTESIAN_POINT('',(0.0065,0.0065,-0.04));
#5139=CARTESIAN_POINT('',(0.0065,0.0065,-0.037));
#5140=CARTESIAN_POINT('',(0.0065,0.0065,-0.037));
#5141=CARTESIAN_POINT('',(0.0045,0.01,-0.037));
#5142=CARTESIAN_POINT('',(0.0055,0.01,-0.037));
#5143=CARTESIAN_POINT('',(0.0055,0.0065,-0.037));
#5144=CARTESIAN_POINT('',(0.0065,0.0065,-0.037));
#5145=CARTESIAN_POINT('',(0.01,0.0065,-0.037));
#5146=CARTESIAN_POINT('',(0.01,0.0065,-0.04));
#5147=CARTESIAN_POINT('',(0.0135,0.0065,-0.04));
#5148=CARTESIAN_POINT('',(0.0135,0.0065,-0.037));
#5149=CARTESIAN_POINT('',(0.0135,0.0065,-0.037));
#5150=CARTESIAN_POINT('',(0.01,0.0065,-0.037));
#5151=CARTESIAN_POINT('',(0.01,0.01,-0.037));
#5152=CARTESIAN_POINT('',(0.01,0.01,-0.037));
#5153=CARTESIAN_POINT('',(0.01,0.00855,-0.037));
#5154=CARTESIAN_POINT('',(0.01,0.01,-0.04));
#5155=CARTESIAN_POINT('',(0.01,0.00855,-0.04));
#5156=CARTESIAN_POINT('',(0.0175,0.0135,-0.037));
#5157=CARTESIAN_POINT('',(0.0175,0.0135,-0.04));
#5158=CARTESIAN_POINT('',(0.0155,0.0135,-0.037));
#5159=CARTESIAN_POINT('',(0.0155,0.0135,-0.04));
#5160=CARTESIAN_POINT('',(0.0155,0.0065,-0.037));
#5161=CARTESIAN_POINT('',(0.0155,0.0065,-0.04));
#5162=CARTESIAN_POINT('',(0.0135,0.0065,-0.037));
#5163=CARTESIAN_POINT('',(0.0135,0.0065,-0.04));
#5164=CARTESIAN_POINT('',(0.0175,0.0135,-0.04));
#5165=CARTESIAN_POINT('',(0.0155,0.0135,-0.04));
#5166=CARTESIAN_POINT('',(0.0155,0.0065,-0.04));
#5167=CARTESIAN_POINT('',(0.0135,0.0065,-0.04));
#5168=CARTESIAN_POINT('',(0.0175,0.0135,-0.037));
#5169=CARTESIAN_POINT('',(0.0155,0.0135,-0.037));
#5170=CARTESIAN_POINT('',(0.0155,0.0065,-0.037));
#5171=CARTESIAN_POINT('',(0.0135,0.0065,-0.037));
#5172=CARTESIAN_POINT('',(-0.01,0.01,-0.037));
#5173=CARTESIAN_POINT('',(-0.01,0.01,-0.037));
#5174=CARTESIAN_POINT('',(-0.01,0.00855,-0.037));
#5175=CARTESIAN_POINT('',(-0.01,0.01,-0.04));
#5176=CARTESIAN_POINT('',(-0.01,0.00855,-0.04));
#5177=CARTESIAN_POINT('',(-0.000250000000002505,0.01,-0.037));
#5178=CARTESIAN_POINT('',(-0.000250000000002505,0.01,-0.04));
#5179=MECHANICAL_DESIGN_GEOMETRIC_PRESENTATION_REPRESENTATION('',(#3027),
#5182);
#5180=MECHANICAL_DESIGN_GEOMETRIC_PRESENTATION_REPRESENTATION('',(#3028),
#5183);
#5181=MECHANICAL_DESIGN_GEOMETRIC_PRESENTATION_REPRESENTATION('',(#3029),
#5184);
#5182=(
GEOMETRIC_REPRESENTATION_CONTEXT(3)
GLOBAL_UNCERTAINTY_ASSIGNED_CONTEXT((#5185))
GLOBAL_UNIT_ASSIGNED_CONTEXT((#5194,#5191,#5188))
REPRESENTATION_CONTEXT('Part 2','TOP_LEVEL_ASSEMBLY_PART')
);
#5183=(
GEOMETRIC_REPRESENTATION_CONTEXT(3)
GLOBAL_UNCERTAINTY_ASSIGNED_CONTEXT((#5186))
GLOBAL_UNIT_ASSIGNED_CONTEXT((#5195,#5192,#5189))
REPRESENTATION_CONTEXT('Part 3','TOP_LEVEL_ASSEMBLY_PART')
);
#5184=(
GEOMETRIC_REPRESENTATION_CONTEXT(3)
GLOBAL_UNCERTAINTY_ASSIGNED_CONTEXT((#5187))
GLOBAL_UNIT_ASSIGNED_CONTEXT((#5196,#5193,#5190))
REPRESENTATION_CONTEXT('Part 4','TOP_LEVEL_ASSEMBLY_PART')
);
#5185=UNCERTAINTY_MEASURE_WITH_UNIT(LENGTH_MEASURE(1.E-8),#5194,
'DISTANCE_ACCURACY_VALUE','Maximum Tolerance applied to model');
#5186=UNCERTAINTY_MEASURE_WITH_UNIT(LENGTH_MEASURE(1.E-8),#5195,
'DISTANCE_ACCURACY_VALUE','Maximum Tolerance applied to model');
#5187=UNCERTAINTY_MEASURE_WITH_UNIT(LENGTH_MEASURE(2.E-5),#5196,
'DISTANCE_ACCURACY_VALUE','Maximum Tolerance applied to model');
#5188=(
NAMED_UNIT(*)
SI_UNIT($,.STERADIAN.)
SOLID_ANGLE_UNIT()
);
#5189=(
NAMED_UNIT(*)
SI_UNIT($,.STERADIAN.)
SOLID_ANGLE_UNIT()
);
#5190=(
NAMED_UNIT(*)
SI_UNIT($,.STERADIAN.)
SOLID_ANGLE_UNIT()
);
#5191=(
NAMED_UNIT(*)
PLANE_ANGLE_UNIT()
SI_UNIT($,.RADIAN.)
);
#5192=(
NAMED_UNIT(*)
PLANE_ANGLE_UNIT()
SI_UNIT($,.RADIAN.)
);
#5193=(
NAMED_UNIT(*)
PLANE_ANGLE_UNIT()
SI_UNIT($,.RADIAN.)
);
#5194=(
LENGTH_UNIT()
NAMED_UNIT(*)
SI_UNIT($,.METRE.)
);
#5195=(
LENGTH_UNIT()
NAMED_UNIT(*)
SI_UNIT($,.METRE.)
);
#5196=(
LENGTH_UNIT()
NAMED_UNIT(*)
SI_UNIT($,.METRE.)
);
#5197=PRODUCT_DEFINITION_SHAPE('','',#5200);
#5198=PRODUCT_DEFINITION_SHAPE('','',#5201);
#5199=PRODUCT_DEFINITION_SHAPE('','',#5202);
#5200=PRODUCT_DEFINITION('','',#5206,#5203);
#5201=PRODUCT_DEFINITION('','',#5207,#5204);
#5202=PRODUCT_DEFINITION('','',#5208,#5205);
#5203=PRODUCT_DEFINITION_CONTEXT('',#5224,'design');
#5204=PRODUCT_DEFINITION_CONTEXT('',#5225,'design');
#5205=PRODUCT_DEFINITION_CONTEXT('',#5226,'design');
#5206=PRODUCT_DEFINITION_FORMATION_WITH_SPECIFIED_SOURCE('','',#5212,
 .NOT_KNOWN.);
#5207=PRODUCT_DEFINITION_FORMATION_WITH_SPECIFIED_SOURCE('','',#5213,
 .NOT_KNOWN.);
#5208=PRODUCT_DEFINITION_FORMATION_WITH_SPECIFIED_SOURCE('','',#5214,
 .NOT_KNOWN.);
#5209=PRODUCT_RELATED_PRODUCT_CATEGORY('','',(#5212));
#5210=PRODUCT_RELATED_PRODUCT_CATEGORY('','',(#5213));
#5211=PRODUCT_RELATED_PRODUCT_CATEGORY('','',(#5214));
#5212=PRODUCT('Part 2','Part 2','Part 2',(#5218));
#5213=PRODUCT('Part 3','Part 3','Part 3',(#5219));
#5214=PRODUCT('Part 4','Part 4','Part 4',(#5220));
#5215=PRODUCT_CATEGORY('','');
#5216=PRODUCT_CATEGORY('','');
#5217=PRODUCT_CATEGORY('','');
#5218=PRODUCT_CONTEXT('',#5224,'mechanical');
#5219=PRODUCT_CONTEXT('',#5225,'mechanical');
#5220=PRODUCT_CONTEXT('',#5226,'mechanical');
#5221=APPLICATION_PROTOCOL_DEFINITION('international standard',
'ap242_managed_model_based_3d_engineering',2020,#5224);
#5222=APPLICATION_PROTOCOL_DEFINITION('international standard',
'ap242_managed_model_based_3d_engineering',2020,#5225);
#5223=APPLICATION_PROTOCOL_DEFINITION('international standard',
'ap242_managed_model_based_3d_engineering',2020,#5226);
#5224=APPLICATION_CONTEXT('managed model based 3d engineering');
#5225=APPLICATION_CONTEXT('managed model based 3d engineering');
#5226=APPLICATION_CONTEXT('managed model based 3d engineering');
ENDSEC;
END-ISO-10303-21;
