ISO-10303-21;
HEADER;
FILE_DESCRIPTION(('KiCad electronic assembly'),'2;1');
FILE_NAME('KnowledgeBoard.step','2026-07-24T08:31:18',('Pcbnew'),(
    'Kicad'),'Open CASCADE STEP processor 7.9','KiCad to STEP converter'
  ,'Unknown');
FILE_SCHEMA(('AUTOMOTIVE_DESIGN { 1 0 10303 214 1 1 1 1 }'));
ENDSEC;
DATA;
#1 = APPLICATION_PROTOCOL_DEFINITION('international standard',
  'automotive_design',2000,#2);
#2 = APPLICATION_CONTEXT(
  'core data for automotive mechanical design processes');
#3 = SHAPE_DEFINITION_REPRESENTATION(#4,#10);
#4 = PRODUCT_DEFINITION_SHAPE('','',#5);
#5 = PRODUCT_DEFINITION('design','',#6,#9);
#6 = PRODUCT_DEFINITION_FORMATION('','',#7);
#7 = PRODUCT('KnowledgeBoard 1','KnowledgeBoard 1','',(#8));
#8 = PRODUCT_CONTEXT('',#2,'mechanical');
#9 = PRODUCT_DEFINITION_CONTEXT('part definition',#2,'design');
#10 = SHAPE_REPRESENTATION('',(#11,#15),#19);
#11 = AXIS2_PLACEMENT_3D('',#12,#13,#14);
#12 = CARTESIAN_POINT('',(0.,0.,0.));
#13 = DIRECTION('',(0.,0.,1.));
#14 = DIRECTION('',(1.,0.,-0.));
#15 = AXIS2_PLACEMENT_3D('',#16,#17,#18);
#16 = CARTESIAN_POINT('',(0.,0.,0.));
#17 = DIRECTION('',(0.,0.,1.));
#18 = DIRECTION('',(1.,0.,-0.));
#19 = ( GEOMETRIC_REPRESENTATION_CONTEXT(3) 
GLOBAL_UNCERTAINTY_ASSIGNED_CONTEXT((#23)) GLOBAL_UNIT_ASSIGNED_CONTEXT(
(#20,#21,#22)) REPRESENTATION_CONTEXT('Context #1',
  '3D Context with UNIT and UNCERTAINTY') );
#20 = ( LENGTH_UNIT() NAMED_UNIT(*) SI_UNIT(.MILLI.,.METRE.) );
#21 = ( NAMED_UNIT(*) PLANE_ANGLE_UNIT() SI_UNIT($,.RADIAN.) );
#22 = ( NAMED_UNIT(*) SI_UNIT($,.STERADIAN.) SOLID_ANGLE_UNIT() );
#23 = UNCERTAINTY_MEASURE_WITH_UNIT(LENGTH_MEASURE(1.E-07),#20,
  'distance_accuracy_value','confusion accuracy');
#24 = PRODUCT_RELATED_PRODUCT_CATEGORY('part',$,(#7));
#25 = SHAPE_DEFINITION_REPRESENTATION(#26,#32);
#26 = PRODUCT_DEFINITION_SHAPE('','',#27);
#27 = PRODUCT_DEFINITION('design','',#28,#31);
#28 = PRODUCT_DEFINITION_FORMATION('','',#29);
#29 = PRODUCT('KnowledgeBoard_PCB','KnowledgeBoard_PCB','',(#30));
#30 = PRODUCT_CONTEXT('',#2,'mechanical');
#31 = PRODUCT_DEFINITION_CONTEXT('part definition',#2,'design');
#32 = ADVANCED_BREP_SHAPE_REPRESENTATION('',(#11,#33),#9708);
#33 = MANIFOLD_SOLID_BREP('',#34);
#34 = CLOSED_SHELL('',(#35,#77,#108,#139,#2682,#5225,#5242,#5259,#5276,
    #5293,#5310,#5327,#5344,#5361,#5378,#5395,#5412,#5429,#5441,#5458,
    #5475,#5492,#5509,#5526,#5543,#5565,#5582,#5599,#5616,#5633,#5650,
    #5667,#5684,#5701,#5718,#5735,#5752,#5769,#5786,#5803,#5815,#5832,
    #5849,#5866,#5883,#5900,#5917,#5934,#5951,#5968,#5985,#6007,#6024,
    #6041,#6058,#6075,#6092,#6109,#6126,#6143,#6160,#6177,#6194,#6211,
    #6228,#6245,#6257,#6274,#6291,#6308,#6325,#6342,#6359,#6376,#6393,
    #6415,#6432,#6449,#6466,#6483,#6500,#6517,#6534,#6551,#6568,#6585,
    #6602,#6619,#6636,#6653,#6665,#6682,#6699,#6716,#6733,#6750,#6767,
    #6789,#6806,#6823,#6840,#6857,#6874,#6891,#6908,#6925,#6942,#6959,
    #6976,#6993,#7010,#7027,#7039,#7056,#7073,#7090,#7107,#7124,#7146,
    #7163,#7180,#7197,#7214,#7231,#7248,#7265,#7282,#7299,#7316,#7333,
    #7350,#7367,#7384,#7396,#7413,#7430,#7447,#7464,#7481,#7498,#7520,
    #7537,#7554,#7571,#7588,#7605,#7622,#7639,#7656,#7673,#7690,#7707,
    #7724,#7741,#7758,#7770,#7787,#7804,#7821,#7838,#7855,#7872,#7889,
    #7911,#7928,#7945,#7962,#7979,#7996,#8013,#8030,#8047,#8064,#8081,
    #8098,#8115,#8132,#8149,#8161,#8178,#8195,#8212,#8229,#8246,#8263,
    #8280,#8302,#8319,#8336,#8348,#8365,#8382,#8404,#8421,#8438,#8450,
    #8467,#8484,#8501,#8518,#8535,#8552,#8569,#8586,#8603,#8620,#8637,
    #8654,#8671,#8693,#8710,#8727,#8744,#8761,#8778,#8795,#8812,#8829,
    #8846,#8863,#8880,#8897,#8914,#8931,#8943,#8960,#8977,#8994,#9011,
    #9028,#9045,#9067,#9084,#9101,#9118,#9135,#9152,#9169,#9186,#9203,
    #9220,#9237,#9254,#9271,#9288,#9305,#9317,#9334,#9351,#9368,#9385,
    #9402,#9419,#9436,#9453,#9470,#9487,#9504,#9521,#9543,#9560,#9577,
    #9589,#9606,#9623,#9645,#9662,#9679,#9691));
#35 = ADVANCED_FACE('',(#36),#72,.F.);
#36 = FACE_BOUND('',#37,.T.);
#37 = EDGE_LOOP('',(#38,#48,#57,#65));
#38 = ORIENTED_EDGE('',*,*,#39,.T.);
#39 = EDGE_CURVE('',#40,#42,#44,.T.);
#40 = VERTEX_POINT('',#41);
#41 = CARTESIAN_POINT('',(149.544186,-48.999629,0.));
#42 = VERTEX_POINT('',#43);
#43 = CARTESIAN_POINT('',(149.544186,-48.999629,1.51));
#44 = LINE('',#45,#46);
#45 = CARTESIAN_POINT('',(149.544186,-48.999629,0.));
#46 = VECTOR('',#47,1.);
#47 = DIRECTION('',(0.,0.,1.));
#48 = ORIENTED_EDGE('',*,*,#49,.T.);
#49 = EDGE_CURVE('',#42,#50,#52,.T.);
#50 = VERTEX_POINT('',#51);
#51 = CARTESIAN_POINT('',(155.458039,-49.,1.51));
#52 = CIRCLE('',#53,2.997744922155);
#53 = AXIS2_PLACEMENT_3D('',#54,#55,#56);
#54 = CARTESIAN_POINT('',(152.5011434286,-48.50680308376,1.51));
#55 = DIRECTION('',(0.,0.,1.));
#56 = DIRECTION('',(-0.986393941244,-0.164398882837,0.));
#57 = ORIENTED_EDGE('',*,*,#58,.F.);
#58 = EDGE_CURVE('',#59,#50,#61,.T.);
#59 = VERTEX_POINT('',#60);
#60 = CARTESIAN_POINT('',(155.458039,-49.,0.));
#61 = LINE('',#62,#63);
#62 = CARTESIAN_POINT('',(155.458039,-49.,0.));
#63 = VECTOR('',#64,1.);
#64 = DIRECTION('',(0.,0.,1.));
#65 = ORIENTED_EDGE('',*,*,#66,.F.);
#66 = EDGE_CURVE('',#40,#59,#67,.T.);
#67 = CIRCLE('',#68,2.997744922155);
#68 = AXIS2_PLACEMENT_3D('',#69,#70,#71);
#69 = CARTESIAN_POINT('',(152.5011434286,-48.50680308376,0.));
#70 = DIRECTION('',(0.,0.,1.));
#71 = DIRECTION('',(-0.986393941244,-0.164398882837,0.));
#72 = CYLINDRICAL_SURFACE('',#73,2.997744922155);
#73 = AXIS2_PLACEMENT_3D('',#74,#75,#76);
#74 = CARTESIAN_POINT('',(152.5011434286,-48.50680308376,0.));
#75 = DIRECTION('',(-0.,-0.,-1.));
#76 = DIRECTION('',(-0.986393941244,-0.164398882837,0.));
#77 = ADVANCED_FACE('',(#78),#103,.T.);
#78 = FACE_BOUND('',#79,.T.);
#79 = EDGE_LOOP('',(#80,#90,#96,#97));
#80 = ORIENTED_EDGE('',*,*,#81,.T.);
#81 = EDGE_CURVE('',#82,#84,#86,.T.);
#82 = VERTEX_POINT('',#83);
#83 = CARTESIAN_POINT('',(114.958039,-49.,0.));
#84 = VERTEX_POINT('',#85);
#85 = CARTESIAN_POINT('',(114.958039,-49.,1.51));
#86 = LINE('',#87,#88);
#87 = CARTESIAN_POINT('',(114.958039,-49.,0.));
#88 = VECTOR('',#89,1.);
#89 = DIRECTION('',(0.,0.,1.));
#90 = ORIENTED_EDGE('',*,*,#91,.T.);
#91 = EDGE_CURVE('',#84,#42,#92,.T.);
#92 = LINE('',#93,#94);
#93 = CARTESIAN_POINT('',(114.958039,-49.,1.51));
#94 = VECTOR('',#95,1.);
#95 = DIRECTION('',(0.999999999942,1.072683811758E-05,0.));
#96 = ORIENTED_EDGE('',*,*,#39,.F.);
#97 = ORIENTED_EDGE('',*,*,#98,.F.);
#98 = EDGE_CURVE('',#82,#40,#99,.T.);
#99 = LINE('',#100,#101);
#100 = CARTESIAN_POINT('',(114.958039,-49.,0.));
#101 = VECTOR('',#102,1.);
#102 = DIRECTION('',(0.999999999942,1.072683811758E-05,0.));
#103 = PLANE('',#104);
#104 = AXIS2_PLACEMENT_3D('',#105,#106,#107);
#105 = CARTESIAN_POINT('',(114.958039,-49.,0.));
#106 = DIRECTION('',(-1.072683811758E-05,0.999999999942,0.));
#107 = DIRECTION('',(0.999999999942,1.072683811758E-05,0.));
#108 = ADVANCED_FACE('',(#109),#134,.T.);
#109 = FACE_BOUND('',#110,.T.);
#110 = EDGE_LOOP('',(#111,#112,#120,#128));
#111 = ORIENTED_EDGE('',*,*,#58,.T.);
#112 = ORIENTED_EDGE('',*,*,#113,.T.);
#113 = EDGE_CURVE('',#50,#114,#116,.T.);
#114 = VERTEX_POINT('',#115);
#115 = CARTESIAN_POINT('',(157.,-49.,1.51));
#116 = LINE('',#117,#118);
#117 = CARTESIAN_POINT('',(155.458039,-49.,1.51));
#118 = VECTOR('',#119,1.);
#119 = DIRECTION('',(1.,0.,0.));
#120 = ORIENTED_EDGE('',*,*,#121,.F.);
#121 = EDGE_CURVE('',#122,#114,#124,.T.);
#122 = VERTEX_POINT('',#123);
#123 = CARTESIAN_POINT('',(157.,-49.,0.));
#124 = LINE('',#125,#126);
#125 = CARTESIAN_POINT('',(157.,-49.,0.));
#126 = VECTOR('',#127,1.);
#127 = DIRECTION('',(0.,0.,1.));
#128 = ORIENTED_EDGE('',*,*,#129,.F.);
#129 = EDGE_CURVE('',#59,#122,#130,.T.);
#130 = LINE('',#131,#132);
#131 = CARTESIAN_POINT('',(155.458039,-49.,0.));
#132 = VECTOR('',#133,1.);
#133 = DIRECTION('',(1.,0.,0.));
#134 = PLANE('',#135);
#135 = AXIS2_PLACEMENT_3D('',#136,#137,#138);
#136 = CARTESIAN_POINT('',(155.458039,-49.,0.));
#137 = DIRECTION('',(0.,1.,0.));
#138 = DIRECTION('',(1.,0.,0.));
#139 = ADVANCED_FACE('',(#140,#254,#265,#276,#287,#298,#309,#320,#462,
    #473,#484,#495,#506,#517,#528,#539,#550,#561,#572,#714,#725,#736,
    #747,#758,#769,#780,#791,#802,#944,#955,#966,#977,#988,#999,#1010,
    #1152,#1163,#1174,#1185,#1196,#1207,#1349,#1360,#1371,#1382,#1393,
    #1404,#1415,#1557,#1568,#1579,#1590,#1601,#1612,#1623,#1634,#1776,
    #1787,#1798,#1809,#1820,#1831,#1842,#1853,#1889,#1900,#1911,#1947,
    #1958,#1969,#1980,#1991,#2002,#2013,#2024,#2035,#2046,#2057,#2068,
    #2079,#2090,#2232,#2243,#2254,#2265,#2276,#2287,#2298,#2440,#2451,
    #2462,#2473,#2484,#2495,#2506,#2517,#2528,#2539,#2550,#2561,#2572,
    #2608,#2619,#2630,#2666),#2677,.F.);
#140 = FACE_BOUND('',#141,.F.);
#141 = EDGE_LOOP('',(#142,#143,#144,#153,#161,#170,#178,#187,#195,#204,
    #212,#221,#229,#238,#246,#253));
#142 = ORIENTED_EDGE('',*,*,#66,.F.);
#143 = ORIENTED_EDGE('',*,*,#98,.F.);
#144 = ORIENTED_EDGE('',*,*,#145,.F.);
#145 = EDGE_CURVE('',#146,#82,#148,.T.);
#146 = VERTEX_POINT('',#147);
#147 = CARTESIAN_POINT('',(109.041961,-49.,0.));
#148 = CIRCLE('',#149,2.999999145104);
#149 = AXIS2_PLACEMENT_3D('',#150,#151,#152);
#150 = CARTESIAN_POINT('',(112.,-48.49999985489,0.));
#151 = DIRECTION('',(0.,0.,1.));
#152 = DIRECTION('',(-0.98601328098,-0.166666762529,0.));
#153 = ORIENTED_EDGE('',*,*,#154,.F.);
#154 = EDGE_CURVE('',#155,#146,#157,.T.);
#155 = VERTEX_POINT('',#156);
#156 = CARTESIAN_POINT('',(106.5,-49.,0.));
#157 = LINE('',#158,#159);
#158 = CARTESIAN_POINT('',(106.5,-49.,0.));
#159 = VECTOR('',#160,1.);
#160 = DIRECTION('',(1.,0.,0.));
#161 = ORIENTED_EDGE('',*,*,#162,.F.);
#162 = EDGE_CURVE('',#163,#155,#165,.T.);
#163 = VERTEX_POINT('',#164);
#164 = CARTESIAN_POINT('',(101.,-54.5,0.));
#165 = CIRCLE('',#166,5.500001012403);
#166 = AXIS2_PLACEMENT_3D('',#167,#168,#169);
#167 = CARTESIAN_POINT('',(106.5000010124,-54.5000010124,0.));
#168 = DIRECTION('',(0.,0.,-1.));
#169 = DIRECTION('',(-1.,1.840733016002E-07,0.));
#170 = ORIENTED_EDGE('',*,*,#171,.F.);
#171 = EDGE_CURVE('',#172,#163,#174,.T.);
#172 = VERTEX_POINT('',#173);
#173 = CARTESIAN_POINT('',(101.,-124.5,0.));
#174 = LINE('',#175,#176);
#175 = CARTESIAN_POINT('',(101.,-124.5,0.));
#176 = VECTOR('',#177,1.);
#177 = DIRECTION('',(0.,1.,0.));
#178 = ORIENTED_EDGE('',*,*,#179,.F.);
#179 = EDGE_CURVE('',#180,#172,#182,.T.);
#180 = VERTEX_POINT('',#181);
#181 = CARTESIAN_POINT('',(106.5,-130.,0.));
#182 = CIRCLE('',#183,5.500001012403);
#183 = AXIS2_PLACEMENT_3D('',#184,#185,#186);
#184 = CARTESIAN_POINT('',(106.5000010124,-124.4999989875,0.));
#185 = DIRECTION('',(0.,0.,-1.));
#186 = DIRECTION('',(-1.840733067678E-07,-1.,-0.));
#187 = ORIENTED_EDGE('',*,*,#188,.F.);
#188 = EDGE_CURVE('',#189,#180,#191,.T.);
#189 = VERTEX_POINT('',#190);
#190 = CARTESIAN_POINT('',(119.541961,-130.,0.));
#191 = LINE('',#192,#193);
#192 = CARTESIAN_POINT('',(119.541961,-130.,0.));
#193 = VECTOR('',#194,1.);
#194 = DIRECTION('',(-1.,0.,0.));
#195 = ORIENTED_EDGE('',*,*,#196,.F.);
#196 = EDGE_CURVE('',#197,#189,#199,.T.);
#197 = VERTEX_POINT('',#198);
#198 = CARTESIAN_POINT('',(125.458039,-130.,0.));
#199 = CIRCLE('',#200,2.999998945104);
#200 = AXIS2_PLACEMENT_3D('',#201,#202,#203);
#201 = CARTESIAN_POINT('',(122.5,-130.4999989451,0.));
#202 = DIRECTION('',(0.,0.,1.));
#203 = DIRECTION('',(0.986013346714,0.16666637364,-0.));
#204 = ORIENTED_EDGE('',*,*,#205,.F.);
#205 = EDGE_CURVE('',#206,#197,#208,.T.);
#206 = VERTEX_POINT('',#207);
#207 = CARTESIAN_POINT('',(138.541962,-130.,0.));
#208 = LINE('',#209,#210);
#209 = CARTESIAN_POINT('',(138.541962,-130.,0.));
#210 = VECTOR('',#211,1.);
#211 = DIRECTION('',(-1.,0.,0.));
#212 = ORIENTED_EDGE('',*,*,#213,.F.);
#213 = EDGE_CURVE('',#214,#206,#216,.T.);
#214 = VERTEX_POINT('',#215);
#215 = CARTESIAN_POINT('',(144.458039,-130.,0.));
#216 = CIRCLE('',#217,2.999998353496);
#217 = AXIS2_PLACEMENT_3D('',#218,#219,#220);
#218 = CARTESIAN_POINT('',(141.5000005,-130.4999983534,0.));
#219 = DIRECTION('',(0.,0.,1.));
#220 = DIRECTION('',(0.986013374492,0.166666209304,-0.));
#221 = ORIENTED_EDGE('',*,*,#222,.F.);
#222 = EDGE_CURVE('',#223,#214,#225,.T.);
#223 = VERTEX_POINT('',#224);
#224 = CARTESIAN_POINT('',(157.,-130.,0.));
#225 = LINE('',#226,#227);
#226 = CARTESIAN_POINT('',(157.,-130.,0.));
#227 = VECTOR('',#228,1.);
#228 = DIRECTION('',(-1.,0.,0.));
#229 = ORIENTED_EDGE('',*,*,#230,.F.);
#230 = EDGE_CURVE('',#231,#223,#233,.T.);
#231 = VERTEX_POINT('',#232);
#232 = CARTESIAN_POINT('',(162.5,-124.5,0.));
#233 = CIRCLE('',#234,5.500001012403);
#234 = AXIS2_PLACEMENT_3D('',#235,#236,#237);
#235 = CARTESIAN_POINT('',(156.99999898759,-124.4999989875,0.));
#236 = DIRECTION('',(0.,0.,-1.));
#237 = DIRECTION('',(1.,-1.840733119354E-07,0.));
#238 = ORIENTED_EDGE('',*,*,#239,.F.);
#239 = EDGE_CURVE('',#240,#231,#242,.T.);
#240 = VERTEX_POINT('',#241);
#241 = CARTESIAN_POINT('',(162.5,-54.5,0.));
#242 = LINE('',#243,#244);
#243 = CARTESIAN_POINT('',(162.5,-54.5,0.));
#244 = VECTOR('',#245,1.);
#245 = DIRECTION('',(0.,-1.,0.));
#246 = ORIENTED_EDGE('',*,*,#247,.F.);
#247 = EDGE_CURVE('',#122,#240,#248,.T.);
#248 = CIRCLE('',#249,5.500001012403);
#249 = AXIS2_PLACEMENT_3D('',#250,#251,#252);
#250 = CARTESIAN_POINT('',(156.99999898759,-54.5000010124,0.));
#251 = DIRECTION('',(0.,0.,-1.));
#252 = DIRECTION('',(1.840733016002E-07,1.,0.));
#253 = ORIENTED_EDGE('',*,*,#129,.F.);
#254 = FACE_BOUND('',#255,.F.);
#255 = EDGE_LOOP('',(#256));
#256 = ORIENTED_EDGE('',*,*,#257,.T.);
#257 = EDGE_CURVE('',#258,#258,#260,.T.);
#258 = VERTEX_POINT('',#259);
#259 = CARTESIAN_POINT('',(109.,-127.4,0.));
#260 = CIRCLE('',#261,0.4);
#261 = AXIS2_PLACEMENT_3D('',#262,#263,#264);
#262 = CARTESIAN_POINT('',(109.,-127.,0.));
#263 = DIRECTION('',(-0.,0.,-1.));
#264 = DIRECTION('',(-0.,-1.,0.));
#265 = FACE_BOUND('',#266,.F.);
#266 = EDGE_LOOP('',(#267));
#267 = ORIENTED_EDGE('',*,*,#268,.T.);
#268 = EDGE_CURVE('',#269,#269,#271,.T.);
#269 = VERTEX_POINT('',#270);
#270 = CARTESIAN_POINT('',(110.5,-123.25,0.));
#271 = CIRCLE('',#272,0.75);
#272 = AXIS2_PLACEMENT_3D('',#273,#274,#275);
#273 = CARTESIAN_POINT('',(110.5,-122.5,0.));
#274 = DIRECTION('',(-0.,0.,-1.));
#275 = DIRECTION('',(-0.,-1.,0.));
#276 = FACE_BOUND('',#277,.F.);
#277 = EDGE_LOOP('',(#278));
#278 = ORIENTED_EDGE('',*,*,#279,.T.);
#279 = EDGE_CURVE('',#280,#280,#282,.T.);
#280 = VERTEX_POINT('',#281);
#281 = CARTESIAN_POINT('',(116.62,-127.4,0.));
#282 = CIRCLE('',#283,0.4);
#283 = AXIS2_PLACEMENT_3D('',#284,#285,#286);
#284 = CARTESIAN_POINT('',(116.62,-127.,0.));
#285 = DIRECTION('',(-0.,0.,-1.));
#286 = DIRECTION('',(-0.,-1.,0.));
#287 = FACE_BOUND('',#288,.F.);
#288 = EDGE_LOOP('',(#289));
#289 = ORIENTED_EDGE('',*,*,#290,.T.);
#290 = EDGE_CURVE('',#291,#291,#293,.T.);
#291 = VERTEX_POINT('',#292);
#292 = CARTESIAN_POINT('',(116.85,-120.71,0.));
#293 = CIRCLE('',#294,0.75);
#294 = AXIS2_PLACEMENT_3D('',#295,#296,#297);
#295 = CARTESIAN_POINT('',(116.85,-119.96,0.));
#296 = DIRECTION('',(-0.,0.,-1.));
#297 = DIRECTION('',(-0.,-1.,0.));
#298 = FACE_BOUND('',#299,.F.);
#299 = EDGE_LOOP('',(#300));
#300 = ORIENTED_EDGE('',*,*,#301,.T.);
#301 = EDGE_CURVE('',#302,#302,#304,.T.);
#302 = VERTEX_POINT('',#303);
#303 = CARTESIAN_POINT('',(107.96,-118.27,0.));
#304 = CIRCLE('',#305,0.85);
#305 = AXIS2_PLACEMENT_3D('',#306,#307,#308);
#306 = CARTESIAN_POINT('',(107.96,-117.42,0.));
#307 = DIRECTION('',(-0.,0.,-1.));
#308 = DIRECTION('',(-1.671865260612E-14,-1.,0.));
#309 = FACE_BOUND('',#310,.F.);
#310 = EDGE_LOOP('',(#311));
#311 = ORIENTED_EDGE('',*,*,#312,.T.);
#312 = EDGE_CURVE('',#313,#313,#315,.T.);
#313 = VERTEX_POINT('',#314);
#314 = CARTESIAN_POINT('',(113.04,-119.42,0.));
#315 = CIRCLE('',#316,2.);
#316 = AXIS2_PLACEMENT_3D('',#317,#318,#319);
#317 = CARTESIAN_POINT('',(113.04,-117.42,0.));
#318 = DIRECTION('',(-0.,0.,-1.));
#319 = DIRECTION('',(-0.,-1.,0.));
#320 = FACE_BOUND('',#321,.F.);
#321 = EDGE_LOOP('',(#322,#333,#342,#350,#359,#368,#377,#385,#394,#403,
    #412,#420,#429,#438,#447,#455));
#322 = ORIENTED_EDGE('',*,*,#323,.F.);
#323 = EDGE_CURVE('',#324,#326,#328,.T.);
#324 = VERTEX_POINT('',#325);
#325 = CARTESIAN_POINT('',(114.749484,-111.68028,0.));
#326 = VERTEX_POINT('',#327);
#327 = CARTESIAN_POINT('',(114.046711,-111.031702,0.));
#328 = CIRCLE('',#329,0.4999991191);
#329 = AXIS2_PLACEMENT_3D('',#330,#331,#332);
#330 = CARTESIAN_POINT('',(114.29896999978,-111.4634015669,0.));
#331 = DIRECTION('',(0.,0.,1.));
#332 = DIRECTION('',(0.901029587867,-0.433757630236,0.));
#333 = ORIENTED_EDGE('',*,*,#334,.F.);
#334 = EDGE_CURVE('',#335,#324,#337,.T.);
#335 = VERTEX_POINT('',#336);
#336 = CARTESIAN_POINT('',(114.699999,-111.897157,0.));
#337 = CIRCLE('',#338,0.500027821848);
#338 = AXIS2_PLACEMENT_3D('',#339,#340,#341);
#339 = CARTESIAN_POINT('',(115.20002682178,-111.8971647351,0.));
#340 = DIRECTION('',(0.,0.,-1.));
#341 = DIRECTION('',(-0.99999999988,1.546951327115E-05,0.));
#342 = ORIENTED_EDGE('',*,*,#343,.F.);
#343 = EDGE_CURVE('',#344,#335,#346,.T.);
#344 = VERTEX_POINT('',#345);
#345 = CARTESIAN_POINT('',(114.699999,-113.302842,0.));
#346 = LINE('',#347,#348);
#347 = CARTESIAN_POINT('',(114.699999,-113.302842,0.));
#348 = VECTOR('',#349,1.);
#349 = DIRECTION('',(0.,1.,0.));
#350 = ORIENTED_EDGE('',*,*,#351,.F.);
#351 = EDGE_CURVE('',#352,#344,#354,.T.);
#352 = VERTEX_POINT('',#353);
#353 = CARTESIAN_POINT('',(114.749484,-113.51972,0.));
#354 = CIRCLE('',#355,0.499677963726);
#355 = AXIS2_PLACEMENT_3D('',#356,#357,#358);
#356 = CARTESIAN_POINT('',(115.19967695838,-113.302915093,0.));
#357 = DIRECTION('',(0.,0.,-1.));
#358 = DIRECTION('',(-0.900966204359,-0.433889269979,-0.));
#359 = ORIENTED_EDGE('',*,*,#360,.F.);
#360 = EDGE_CURVE('',#361,#352,#363,.T.);
#361 = VERTEX_POINT('',#362);
#362 = CARTESIAN_POINT('',(114.046711,-114.168299,0.));
#363 = CIRCLE('',#364,0.499999448976);
#364 = AXIS2_PLACEMENT_3D('',#365,#366,#367);
#365 = CARTESIAN_POINT('',(114.29896990428,-113.7365989951,0.));
#366 = DIRECTION('',(0.,0.,1.));
#367 = DIRECTION('',(-0.504518364574,-0.863400961204,0.));
#368 = ORIENTED_EDGE('',*,*,#369,.F.);
#369 = EDGE_CURVE('',#370,#361,#372,.T.);
#370 = VERTEX_POINT('',#371);
#371 = CARTESIAN_POINT('',(113.794452,-114.1,0.));
#372 = CIRCLE('',#373,0.500008729226);
#373 = AXIS2_PLACEMENT_3D('',#374,#375,#376);
#374 = CARTESIAN_POINT('',(113.79445034314,-114.6000087292,0.));
#375 = DIRECTION('',(0.,0.,-1.));
#376 = DIRECTION('',(3.313649430713E-06,0.999999999995,0.));
#377 = ORIENTED_EDGE('',*,*,#378,.F.);
#378 = EDGE_CURVE('',#379,#370,#381,.T.);
#379 = VERTEX_POINT('',#380);
#380 = CARTESIAN_POINT('',(112.205548,-114.1,0.));
#381 = LINE('',#382,#383);
#382 = CARTESIAN_POINT('',(112.205548,-114.1,0.));
#383 = VECTOR('',#384,1.);
#384 = DIRECTION('',(1.,0.,0.));
#385 = ORIENTED_EDGE('',*,*,#386,.F.);
#386 = EDGE_CURVE('',#387,#379,#389,.T.);
#387 = VERTEX_POINT('',#388);
#388 = CARTESIAN_POINT('',(111.95329,-114.168299,0.));
#389 = CIRCLE('',#390,0.500008729288);
#390 = AXIS2_PLACEMENT_3D('',#391,#392,#393);
#391 = CARTESIAN_POINT('',(112.20555065687,-114.6000087292,0.));
#392 = DIRECTION('',(0.,0.,-1.));
#393 = DIRECTION('',(-0.504512505685,0.863404384751,0.));
#394 = ORIENTED_EDGE('',*,*,#395,.F.);
#395 = EDGE_CURVE('',#396,#387,#398,.T.);
#396 = VERTEX_POINT('',#397);
#397 = CARTESIAN_POINT('',(111.250516,-113.51972,0.));
#398 = CIRCLE('',#399,0.500000669307);
#399 = AXIS2_PLACEMENT_3D('',#400,#401,#402);
#400 = CARTESIAN_POINT('',(111.7010325355,-113.7365967404,0.));
#401 = DIRECTION('',(0.,0.,1.));
#402 = DIRECTION('',(-0.901031864884,0.433752900236,0.));
#403 = ORIENTED_EDGE('',*,*,#404,.F.);
#404 = EDGE_CURVE('',#405,#396,#407,.T.);
#405 = VERTEX_POINT('',#406);
#406 = CARTESIAN_POINT('',(111.300001,-113.302843,0.));
#407 = CIRCLE('',#408,0.499989884977);
#408 = AXIS2_PLACEMENT_3D('',#409,#410,#411);
#409 = CARTESIAN_POINT('',(110.80001111502,-113.3028439208,0.));
#410 = DIRECTION('',(0.,0.,-1.));
#411 = DIRECTION('',(0.999999999998,1.841808795158E-06,0.));
#412 = ORIENTED_EDGE('',*,*,#413,.F.);
#413 = EDGE_CURVE('',#414,#405,#416,.T.);
#414 = VERTEX_POINT('',#415);
#415 = CARTESIAN_POINT('',(111.300001,-111.897158,0.));
#416 = LINE('',#417,#418);
#417 = CARTESIAN_POINT('',(111.300001,-111.897158,0.));
#418 = VECTOR('',#419,1.);
#419 = DIRECTION('',(0.,-1.,0.));
#420 = ORIENTED_EDGE('',*,*,#421,.F.);
#421 = EDGE_CURVE('',#422,#414,#424,.T.);
#422 = VERTEX_POINT('',#423);
#423 = CARTESIAN_POINT('',(111.250516,-111.68028,0.));
#424 = CIRCLE('',#425,0.499989885034);
#425 = AXIS2_PLACEMENT_3D('',#426,#427,#428);
#426 = CARTESIAN_POINT('',(110.80001111497,-111.8971560791,0.));
#427 = DIRECTION('',(0.,0.,-1.));
#428 = DIRECTION('',(0.901027997796,0.43376093322,0.));
#429 = ORIENTED_EDGE('',*,*,#430,.F.);
#430 = EDGE_CURVE('',#431,#422,#433,.T.);
#431 = VERTEX_POINT('',#432);
#432 = CARTESIAN_POINT('',(111.953289,-111.031701,0.));
#433 = CIRCLE('',#434,0.499999729127);
#434 = AXIS2_PLACEMENT_3D('',#435,#436,#437);
#435 = CARTESIAN_POINT('',(111.70103074567,-111.4634017091,0.));
#436 = DIRECTION('',(0.,0.,1.));
#437 = DIRECTION('',(0.504516781968,0.863401885979,-0.));
#438 = ORIENTED_EDGE('',*,*,#439,.F.);
#439 = EDGE_CURVE('',#440,#431,#442,.T.);
#440 = VERTEX_POINT('',#441);
#441 = CARTESIAN_POINT('',(112.205547,-111.1,0.));
#442 = CIRCLE('',#443,0.500008729288);
#443 = AXIS2_PLACEMENT_3D('',#444,#445,#446);
#444 = CARTESIAN_POINT('',(112.20554965687,-110.5999912707,0.));
#445 = DIRECTION('',(0.,0.,-1.));
#446 = DIRECTION('',(-5.313662711088E-06,-0.999999999986,-0.));
#447 = ORIENTED_EDGE('',*,*,#448,.F.);
#448 = EDGE_CURVE('',#449,#440,#451,.T.);
#449 = VERTEX_POINT('',#450);
#450 = CARTESIAN_POINT('',(113.794453,-111.100001,0.));
#451 = LINE('',#452,#453);
#452 = CARTESIAN_POINT('',(113.794453,-111.100001,0.));
#453 = VECTOR('',#454,1.);
#454 = DIRECTION('',(-1.,6.293638589608E-07,0.));
#455 = ORIENTED_EDGE('',*,*,#456,.F.);
#456 = EDGE_CURVE('',#326,#449,#457,.T.);
#457 = CIRCLE('',#458,0.500008729288);
#458 = AXIS2_PLACEMENT_3D('',#459,#460,#461);
#459 = CARTESIAN_POINT('',(113.79445034312,-110.5999922707,0.));
#460 = DIRECTION('',(0.,0.,-1.));
#461 = DIRECTION('',(0.504512505685,-0.863404384751,0.));
#462 = FACE_BOUND('',#463,.F.);
#463 = EDGE_LOOP('',(#464));
#464 = ORIENTED_EDGE('',*,*,#465,.T.);
#465 = EDGE_CURVE('',#466,#466,#468,.T.);
#466 = VERTEX_POINT('',#467);
#467 = CARTESIAN_POINT('',(128.,-127.4,0.));
#468 = CIRCLE('',#469,0.4);
#469 = AXIS2_PLACEMENT_3D('',#470,#471,#472);
#470 = CARTESIAN_POINT('',(128.,-127.,0.));
#471 = DIRECTION('',(-0.,0.,-1.));
#472 = DIRECTION('',(-0.,-1.,0.));
#473 = FACE_BOUND('',#474,.F.);
#474 = EDGE_LOOP('',(#475));
#475 = ORIENTED_EDGE('',*,*,#476,.T.);
#476 = EDGE_CURVE('',#477,#477,#479,.T.);
#477 = VERTEX_POINT('',#478);
#478 = CARTESIAN_POINT('',(129.5,-123.25,0.));
#479 = CIRCLE('',#480,0.75);
#480 = AXIS2_PLACEMENT_3D('',#481,#482,#483);
#481 = CARTESIAN_POINT('',(129.5,-122.5,0.));
#482 = DIRECTION('',(-0.,0.,-1.));
#483 = DIRECTION('',(-0.,-1.,0.));
#484 = FACE_BOUND('',#485,.F.);
#485 = EDGE_LOOP('',(#486));
#486 = ORIENTED_EDGE('',*,*,#487,.T.);
#487 = EDGE_CURVE('',#488,#488,#490,.T.);
#488 = VERTEX_POINT('',#489);
#489 = CARTESIAN_POINT('',(118.12,-118.27,0.));
#490 = CIRCLE('',#491,0.85);
#491 = AXIS2_PLACEMENT_3D('',#492,#493,#494);
#492 = CARTESIAN_POINT('',(118.12,-117.42,0.));
#493 = DIRECTION('',(-0.,0.,-1.));
#494 = DIRECTION('',(-0.,-1.,0.));
#495 = FACE_BOUND('',#496,.F.);
#496 = EDGE_LOOP('',(#497));
#497 = ORIENTED_EDGE('',*,*,#498,.T.);
#498 = EDGE_CURVE('',#499,#499,#501,.T.);
#499 = VERTEX_POINT('',#500);
#500 = CARTESIAN_POINT('',(126.96,-118.27,0.));
#501 = CIRCLE('',#502,0.85);
#502 = AXIS2_PLACEMENT_3D('',#503,#504,#505);
#503 = CARTESIAN_POINT('',(126.96,-117.42,0.));
#504 = DIRECTION('',(-0.,0.,-1.));
#505 = DIRECTION('',(-1.671865260612E-14,-1.,0.));
#506 = FACE_BOUND('',#507,.F.);
#507 = EDGE_LOOP('',(#508));
#508 = ORIENTED_EDGE('',*,*,#509,.T.);
#509 = EDGE_CURVE('',#510,#510,#512,.T.);
#510 = VERTEX_POINT('',#511);
#511 = CARTESIAN_POINT('',(109.,-108.4,0.));
#512 = CIRCLE('',#513,0.4);
#513 = AXIS2_PLACEMENT_3D('',#514,#515,#516);
#514 = CARTESIAN_POINT('',(109.,-108.,0.));
#515 = DIRECTION('',(-0.,0.,-1.));
#516 = DIRECTION('',(-0.,-1.,0.));
#517 = FACE_BOUND('',#518,.F.);
#518 = EDGE_LOOP('',(#519));
#519 = ORIENTED_EDGE('',*,*,#520,.T.);
#520 = EDGE_CURVE('',#521,#521,#523,.T.);
#521 = VERTEX_POINT('',#522);
#522 = CARTESIAN_POINT('',(110.5,-104.25,0.));
#523 = CIRCLE('',#524,0.75);
#524 = AXIS2_PLACEMENT_3D('',#525,#526,#527);
#525 = CARTESIAN_POINT('',(110.5,-103.5,0.));
#526 = DIRECTION('',(-0.,0.,-1.));
#527 = DIRECTION('',(-0.,-1.,0.));
#528 = FACE_BOUND('',#529,.F.);
#529 = EDGE_LOOP('',(#530));
#530 = ORIENTED_EDGE('',*,*,#531,.T.);
#531 = EDGE_CURVE('',#532,#532,#534,.T.);
#532 = VERTEX_POINT('',#533);
#533 = CARTESIAN_POINT('',(116.62,-108.4,0.));
#534 = CIRCLE('',#535,0.4);
#535 = AXIS2_PLACEMENT_3D('',#536,#537,#538);
#536 = CARTESIAN_POINT('',(116.62,-108.,0.));
#537 = DIRECTION('',(-0.,0.,-1.));
#538 = DIRECTION('',(-0.,-1.,0.));
#539 = FACE_BOUND('',#540,.F.);
#540 = EDGE_LOOP('',(#541));
#541 = ORIENTED_EDGE('',*,*,#542,.T.);
#542 = EDGE_CURVE('',#543,#543,#545,.T.);
#543 = VERTEX_POINT('',#544);
#544 = CARTESIAN_POINT('',(116.85,-101.71,0.));
#545 = CIRCLE('',#546,0.75);
#546 = AXIS2_PLACEMENT_3D('',#547,#548,#549);
#547 = CARTESIAN_POINT('',(116.85,-100.96,0.));
#548 = DIRECTION('',(-0.,0.,-1.));
#549 = DIRECTION('',(-0.,-1.,0.));
#550 = FACE_BOUND('',#551,.F.);
#551 = EDGE_LOOP('',(#552));
#552 = ORIENTED_EDGE('',*,*,#553,.T.);
#553 = EDGE_CURVE('',#554,#554,#556,.T.);
#554 = VERTEX_POINT('',#555);
#555 = CARTESIAN_POINT('',(107.96,-99.27,0.));
#556 = CIRCLE('',#557,0.85);
#557 = AXIS2_PLACEMENT_3D('',#558,#559,#560);
#558 = CARTESIAN_POINT('',(107.96,-98.42,0.));
#559 = DIRECTION('',(-0.,0.,-1.));
#560 = DIRECTION('',(-1.671865260612E-14,-1.,0.));
#561 = FACE_BOUND('',#562,.F.);
#562 = EDGE_LOOP('',(#563));
#563 = ORIENTED_EDGE('',*,*,#564,.T.);
#564 = EDGE_CURVE('',#565,#565,#567,.T.);
#565 = VERTEX_POINT('',#566);
#566 = CARTESIAN_POINT('',(113.04,-100.42,0.));
#567 = CIRCLE('',#568,2.);
#568 = AXIS2_PLACEMENT_3D('',#569,#570,#571);
#569 = CARTESIAN_POINT('',(113.04,-98.42,0.));
#570 = DIRECTION('',(-0.,0.,-1.));
#571 = DIRECTION('',(-0.,-1.,0.));
#572 = FACE_BOUND('',#573,.F.);
#573 = EDGE_LOOP('',(#574,#585,#594,#602,#611,#620,#629,#637,#646,#655,
    #664,#672,#681,#690,#699,#707));
#574 = ORIENTED_EDGE('',*,*,#575,.F.);
#575 = EDGE_CURVE('',#576,#578,#580,.T.);
#576 = VERTEX_POINT('',#577);
#577 = CARTESIAN_POINT('',(114.749484,-92.68028,0.));
#578 = VERTEX_POINT('',#579);
#579 = CARTESIAN_POINT('',(114.046711,-92.031702,0.));
#580 = CIRCLE('',#581,0.4999991191);
#581 = AXIS2_PLACEMENT_3D('',#582,#583,#584);
#582 = CARTESIAN_POINT('',(114.29896999978,-92.46340156697,0.));
#583 = DIRECTION('',(0.,0.,1.));
#584 = DIRECTION('',(0.901029587867,-0.433757630236,0.));
#585 = ORIENTED_EDGE('',*,*,#586,.F.);
#586 = EDGE_CURVE('',#587,#576,#589,.T.);
#587 = VERTEX_POINT('',#588);
#588 = CARTESIAN_POINT('',(114.699999,-92.897157,0.));
#589 = CIRCLE('',#590,0.500027821848);
#590 = AXIS2_PLACEMENT_3D('',#591,#592,#593);
#591 = CARTESIAN_POINT('',(115.20002682178,-92.89716473518,0.));
#592 = DIRECTION('',(0.,0.,-1.));
#593 = DIRECTION('',(-0.99999999988,1.546951327115E-05,0.));
#594 = ORIENTED_EDGE('',*,*,#595,.F.);
#595 = EDGE_CURVE('',#596,#587,#598,.T.);
#596 = VERTEX_POINT('',#597);
#597 = CARTESIAN_POINT('',(114.699999,-94.302842,0.));
#598 = LINE('',#599,#600);
#599 = CARTESIAN_POINT('',(114.699999,-94.302842,0.));
#600 = VECTOR('',#601,1.);
#601 = DIRECTION('',(0.,1.,0.));
#602 = ORIENTED_EDGE('',*,*,#603,.F.);
#603 = EDGE_CURVE('',#604,#596,#606,.T.);
#604 = VERTEX_POINT('',#605);
#605 = CARTESIAN_POINT('',(114.749484,-94.51972,0.));
#606 = CIRCLE('',#607,0.499677963726);
#607 = AXIS2_PLACEMENT_3D('',#608,#609,#610);
#608 = CARTESIAN_POINT('',(115.19967695838,-94.30291509309,0.));
#609 = DIRECTION('',(0.,0.,-1.));
#610 = DIRECTION('',(-0.900966204359,-0.433889269979,-0.));
#611 = ORIENTED_EDGE('',*,*,#612,.F.);
#612 = EDGE_CURVE('',#613,#604,#615,.T.);
#613 = VERTEX_POINT('',#614);
#614 = CARTESIAN_POINT('',(114.046711,-95.168299,0.));
#615 = CIRCLE('',#616,0.499999448976);
#616 = AXIS2_PLACEMENT_3D('',#617,#618,#619);
#617 = CARTESIAN_POINT('',(114.29896990428,-94.73659899515,0.));
#618 = DIRECTION('',(0.,0.,1.));
#619 = DIRECTION('',(-0.504518364574,-0.863400961204,0.));
#620 = ORIENTED_EDGE('',*,*,#621,.F.);
#621 = EDGE_CURVE('',#622,#613,#624,.T.);
#622 = VERTEX_POINT('',#623);
#623 = CARTESIAN_POINT('',(113.794452,-95.1,0.));
#624 = CIRCLE('',#625,0.500008729226);
#625 = AXIS2_PLACEMENT_3D('',#626,#627,#628);
#626 = CARTESIAN_POINT('',(113.79445034314,-95.60000872922,0.));
#627 = DIRECTION('',(0.,0.,-1.));
#628 = DIRECTION('',(3.313649430713E-06,0.999999999995,0.));
#629 = ORIENTED_EDGE('',*,*,#630,.F.);
#630 = EDGE_CURVE('',#631,#622,#633,.T.);
#631 = VERTEX_POINT('',#632);
#632 = CARTESIAN_POINT('',(112.205548,-95.1,0.));
#633 = LINE('',#634,#635);
#634 = CARTESIAN_POINT('',(112.205548,-95.1,0.));
#635 = VECTOR('',#636,1.);
#636 = DIRECTION('',(1.,0.,0.));
#637 = ORIENTED_EDGE('',*,*,#638,.F.);
#638 = EDGE_CURVE('',#639,#631,#641,.T.);
#639 = VERTEX_POINT('',#640);
#640 = CARTESIAN_POINT('',(111.95329,-95.168299,0.));
#641 = CIRCLE('',#642,0.500008729288);
#642 = AXIS2_PLACEMENT_3D('',#643,#644,#645);
#643 = CARTESIAN_POINT('',(112.20555065687,-95.60000872928,0.));
#644 = DIRECTION('',(0.,0.,-1.));
#645 = DIRECTION('',(-0.504512505685,0.863404384751,0.));
#646 = ORIENTED_EDGE('',*,*,#647,.F.);
#647 = EDGE_CURVE('',#648,#639,#650,.T.);
#648 = VERTEX_POINT('',#649);
#649 = CARTESIAN_POINT('',(111.250516,-94.51972,0.));
#650 = CIRCLE('',#651,0.500000669307);
#651 = AXIS2_PLACEMENT_3D('',#652,#653,#654);
#652 = CARTESIAN_POINT('',(111.7010325355,-94.73659674043,0.));
#653 = DIRECTION('',(0.,0.,1.));
#654 = DIRECTION('',(-0.901031864884,0.433752900236,0.));
#655 = ORIENTED_EDGE('',*,*,#656,.F.);
#656 = EDGE_CURVE('',#657,#648,#659,.T.);
#657 = VERTEX_POINT('',#658);
#658 = CARTESIAN_POINT('',(111.300001,-94.302843,0.));
#659 = CIRCLE('',#660,0.499989884977);
#660 = AXIS2_PLACEMENT_3D('',#661,#662,#663);
#661 = CARTESIAN_POINT('',(110.80001111502,-94.30284392088,0.));
#662 = DIRECTION('',(0.,0.,-1.));
#663 = DIRECTION('',(0.999999999998,1.841808795158E-06,0.));
#664 = ORIENTED_EDGE('',*,*,#665,.F.);
#665 = EDGE_CURVE('',#666,#657,#668,.T.);
#666 = VERTEX_POINT('',#667);
#667 = CARTESIAN_POINT('',(111.300001,-92.897158,0.));
#668 = LINE('',#669,#670);
#669 = CARTESIAN_POINT('',(111.300001,-92.897158,0.));
#670 = VECTOR('',#671,1.);
#671 = DIRECTION('',(0.,-1.,0.));
#672 = ORIENTED_EDGE('',*,*,#673,.F.);
#673 = EDGE_CURVE('',#674,#666,#676,.T.);
#674 = VERTEX_POINT('',#675);
#675 = CARTESIAN_POINT('',(111.250516,-92.68028,0.));
#676 = CIRCLE('',#677,0.499989885034);
#677 = AXIS2_PLACEMENT_3D('',#678,#679,#680);
#678 = CARTESIAN_POINT('',(110.80001111497,-92.89715607913,0.));
#679 = DIRECTION('',(0.,0.,-1.));
#680 = DIRECTION('',(0.901027997796,0.43376093322,0.));
#681 = ORIENTED_EDGE('',*,*,#682,.F.);
#682 = EDGE_CURVE('',#683,#674,#685,.T.);
#683 = VERTEX_POINT('',#684);
#684 = CARTESIAN_POINT('',(111.953289,-92.031701,0.));
#685 = CIRCLE('',#686,0.499999729127);
#686 = AXIS2_PLACEMENT_3D('',#687,#688,#689);
#687 = CARTESIAN_POINT('',(111.70103074567,-92.46340170911,0.));
#688 = DIRECTION('',(0.,0.,1.));
#689 = DIRECTION('',(0.504516781968,0.863401885979,-0.));
#690 = ORIENTED_EDGE('',*,*,#691,.F.);
#691 = EDGE_CURVE('',#692,#683,#694,.T.);
#692 = VERTEX_POINT('',#693);
#693 = CARTESIAN_POINT('',(112.205548,-92.100001,0.));
#694 = CIRCLE('',#695,0.50002311711);
#695 = AXIS2_PLACEMENT_3D('',#696,#697,#698);
#696 = CARTESIAN_POINT('',(112.20555526378,-91.59997788294,0.));
#697 = DIRECTION('',(0.,0.,-1.));
#698 = DIRECTION('',(-1.452689337449E-05,-0.999999999894,-0.));
#699 = ORIENTED_EDGE('',*,*,#700,.F.);
#700 = EDGE_CURVE('',#701,#692,#703,.T.);
#701 = VERTEX_POINT('',#702);
#702 = CARTESIAN_POINT('',(113.794453,-92.100001,0.));
#703 = LINE('',#704,#705);
#704 = CARTESIAN_POINT('',(113.794453,-92.100001,0.));
#705 = VECTOR('',#706,1.);
#706 = DIRECTION('',(-1.,0.,0.));
#707 = ORIENTED_EDGE('',*,*,#708,.F.);
#708 = EDGE_CURVE('',#578,#701,#709,.T.);
#709 = CIRCLE('',#710,0.500008729288);
#710 = AXIS2_PLACEMENT_3D('',#711,#712,#713);
#711 = CARTESIAN_POINT('',(113.79445034312,-91.59999227071,0.));
#712 = DIRECTION('',(0.,0.,-1.));
#713 = DIRECTION('',(0.504512505685,-0.863404384751,0.));
#714 = FACE_BOUND('',#715,.F.);
#715 = EDGE_LOOP('',(#716));
#716 = ORIENTED_EDGE('',*,*,#717,.T.);
#717 = EDGE_CURVE('',#718,#718,#720,.T.);
#718 = VERTEX_POINT('',#719);
#719 = CARTESIAN_POINT('',(128.,-108.4,0.));
#720 = CIRCLE('',#721,0.4);
#721 = AXIS2_PLACEMENT_3D('',#722,#723,#724);
#722 = CARTESIAN_POINT('',(128.,-108.,0.));
#723 = DIRECTION('',(-0.,0.,-1.));
#724 = DIRECTION('',(-0.,-1.,0.));
#725 = FACE_BOUND('',#726,.F.);
#726 = EDGE_LOOP('',(#727));
#727 = ORIENTED_EDGE('',*,*,#728,.T.);
#728 = EDGE_CURVE('',#729,#729,#731,.T.);
#729 = VERTEX_POINT('',#730);
#730 = CARTESIAN_POINT('',(129.5,-104.25,0.));
#731 = CIRCLE('',#732,0.75);
#732 = AXIS2_PLACEMENT_3D('',#733,#734,#735);
#733 = CARTESIAN_POINT('',(129.5,-103.5,0.));
#734 = DIRECTION('',(-0.,0.,-1.));
#735 = DIRECTION('',(-0.,-1.,0.));
#736 = FACE_BOUND('',#737,.F.);
#737 = EDGE_LOOP('',(#738));
#738 = ORIENTED_EDGE('',*,*,#739,.T.);
#739 = EDGE_CURVE('',#740,#740,#742,.T.);
#740 = VERTEX_POINT('',#741);
#741 = CARTESIAN_POINT('',(118.12,-99.27,0.));
#742 = CIRCLE('',#743,0.85);
#743 = AXIS2_PLACEMENT_3D('',#744,#745,#746);
#744 = CARTESIAN_POINT('',(118.12,-98.42,0.));
#745 = DIRECTION('',(-0.,0.,-1.));
#746 = DIRECTION('',(-0.,-1.,0.));
#747 = FACE_BOUND('',#748,.F.);
#748 = EDGE_LOOP('',(#749));
#749 = ORIENTED_EDGE('',*,*,#750,.T.);
#750 = EDGE_CURVE('',#751,#751,#753,.T.);
#751 = VERTEX_POINT('',#752);
#752 = CARTESIAN_POINT('',(126.96,-99.27,0.));
#753 = CIRCLE('',#754,0.85);
#754 = AXIS2_PLACEMENT_3D('',#755,#756,#757);
#755 = CARTESIAN_POINT('',(126.96,-98.42,0.));
#756 = DIRECTION('',(-0.,0.,-1.));
#757 = DIRECTION('',(-1.671865260612E-14,-1.,0.));
#758 = FACE_BOUND('',#759,.F.);
#759 = EDGE_LOOP('',(#760));
#760 = ORIENTED_EDGE('',*,*,#761,.T.);
#761 = EDGE_CURVE('',#762,#762,#764,.T.);
#762 = VERTEX_POINT('',#763);
#763 = CARTESIAN_POINT('',(135.62,-127.4,0.));
#764 = CIRCLE('',#765,0.4);
#765 = AXIS2_PLACEMENT_3D('',#766,#767,#768);
#766 = CARTESIAN_POINT('',(135.62,-127.,0.));
#767 = DIRECTION('',(-0.,0.,-1.));
#768 = DIRECTION('',(-0.,-1.,0.));
#769 = FACE_BOUND('',#770,.F.);
#770 = EDGE_LOOP('',(#771));
#771 = ORIENTED_EDGE('',*,*,#772,.T.);
#772 = EDGE_CURVE('',#773,#773,#775,.T.);
#773 = VERTEX_POINT('',#774);
#774 = CARTESIAN_POINT('',(135.85,-120.71,0.));
#775 = CIRCLE('',#776,0.75);
#776 = AXIS2_PLACEMENT_3D('',#777,#778,#779);
#777 = CARTESIAN_POINT('',(135.85,-119.96,0.));
#778 = DIRECTION('',(-0.,0.,-1.));
#779 = DIRECTION('',(-0.,-1.,0.));
#780 = FACE_BOUND('',#781,.F.);
#781 = EDGE_LOOP('',(#782));
#782 = ORIENTED_EDGE('',*,*,#783,.T.);
#783 = EDGE_CURVE('',#784,#784,#786,.T.);
#784 = VERTEX_POINT('',#785);
#785 = CARTESIAN_POINT('',(132.04,-119.42,0.));
#786 = CIRCLE('',#787,2.);
#787 = AXIS2_PLACEMENT_3D('',#788,#789,#790);
#788 = CARTESIAN_POINT('',(132.04,-117.42,0.));
#789 = DIRECTION('',(-0.,0.,-1.));
#790 = DIRECTION('',(-0.,-1.,0.));
#791 = FACE_BOUND('',#792,.F.);
#792 = EDGE_LOOP('',(#793));
#793 = ORIENTED_EDGE('',*,*,#794,.T.);
#794 = EDGE_CURVE('',#795,#795,#797,.T.);
#795 = VERTEX_POINT('',#796);
#796 = CARTESIAN_POINT('',(137.12,-118.27,0.));
#797 = CIRCLE('',#798,0.85);
#798 = AXIS2_PLACEMENT_3D('',#799,#800,#801);
#799 = CARTESIAN_POINT('',(137.12,-117.42,0.));
#800 = DIRECTION('',(-0.,0.,-1.));
#801 = DIRECTION('',(-0.,-1.,0.));
#802 = FACE_BOUND('',#803,.F.);
#803 = EDGE_LOOP('',(#804,#815,#824,#832,#841,#850,#859,#867,#876,#885,
    #894,#902,#911,#920,#929,#937));
#804 = ORIENTED_EDGE('',*,*,#805,.F.);
#805 = EDGE_CURVE('',#806,#808,#810,.T.);
#806 = VERTEX_POINT('',#807);
#807 = CARTESIAN_POINT('',(133.749484,-111.68028,0.));
#808 = VERTEX_POINT('',#809);
#809 = CARTESIAN_POINT('',(133.046711,-111.031702,0.));
#810 = CIRCLE('',#811,0.4999991191);
#811 = AXIS2_PLACEMENT_3D('',#812,#813,#814);
#812 = CARTESIAN_POINT('',(133.29896999978,-111.4634015669,0.));
#813 = DIRECTION('',(0.,0.,1.));
#814 = DIRECTION('',(0.901029587867,-0.433757630236,0.));
#815 = ORIENTED_EDGE('',*,*,#816,.F.);
#816 = EDGE_CURVE('',#817,#806,#819,.T.);
#817 = VERTEX_POINT('',#818);
#818 = CARTESIAN_POINT('',(133.699999,-111.897157,0.));
#819 = CIRCLE('',#820,0.500027821847);
#820 = AXIS2_PLACEMENT_3D('',#821,#822,#823);
#821 = CARTESIAN_POINT('',(134.20002682178,-111.8971647351,0.));
#822 = DIRECTION('',(0.,0.,-1.));
#823 = DIRECTION('',(-0.99999999988,1.546951321432E-05,0.));
#824 = ORIENTED_EDGE('',*,*,#825,.F.);
#825 = EDGE_CURVE('',#826,#817,#828,.T.);
#826 = VERTEX_POINT('',#827);
#827 = CARTESIAN_POINT('',(133.699999,-113.302842,0.));
#828 = LINE('',#829,#830);
#829 = CARTESIAN_POINT('',(133.699999,-113.302842,0.));
#830 = VECTOR('',#831,1.);
#831 = DIRECTION('',(0.,1.,0.));
#832 = ORIENTED_EDGE('',*,*,#833,.F.);
#833 = EDGE_CURVE('',#834,#826,#836,.T.);
#834 = VERTEX_POINT('',#835);
#835 = CARTESIAN_POINT('',(133.749484,-113.51972,0.));
#836 = CIRCLE('',#837,0.499677963726);
#837 = AXIS2_PLACEMENT_3D('',#838,#839,#840);
#838 = CARTESIAN_POINT('',(134.19967695838,-113.302915093,0.));
#839 = DIRECTION('',(0.,0.,-1.));
#840 = DIRECTION('',(-0.900966204359,-0.43388926998,-0.));
#841 = ORIENTED_EDGE('',*,*,#842,.F.);
#842 = EDGE_CURVE('',#843,#834,#845,.T.);
#843 = VERTEX_POINT('',#844);
#844 = CARTESIAN_POINT('',(133.046711,-114.168299,0.));
#845 = CIRCLE('',#846,0.499999448976);
#846 = AXIS2_PLACEMENT_3D('',#847,#848,#849);
#847 = CARTESIAN_POINT('',(133.29896990428,-113.7365989951,0.));
#848 = DIRECTION('',(0.,0.,1.));
#849 = DIRECTION('',(-0.504518364574,-0.863400961204,0.));
#850 = ORIENTED_EDGE('',*,*,#851,.F.);
#851 = EDGE_CURVE('',#852,#843,#854,.T.);
#852 = VERTEX_POINT('',#853);
#853 = CARTESIAN_POINT('',(132.794452,-114.1,0.));
#854 = CIRCLE('',#855,0.500008729226);
#855 = AXIS2_PLACEMENT_3D('',#856,#857,#858);
#856 = CARTESIAN_POINT('',(132.79445034314,-114.6000087292,0.));
#857 = DIRECTION('',(0.,0.,-1.));
#858 = DIRECTION('',(3.313649373872E-06,0.999999999995,0.));
#859 = ORIENTED_EDGE('',*,*,#860,.F.);
#860 = EDGE_CURVE('',#861,#852,#863,.T.);
#861 = VERTEX_POINT('',#862);
#862 = CARTESIAN_POINT('',(131.205548,-114.1,0.));
#863 = LINE('',#864,#865);
#864 = CARTESIAN_POINT('',(131.205548,-114.1,0.));
#865 = VECTOR('',#866,1.);
#866 = DIRECTION('',(1.,0.,0.));
#867 = ORIENTED_EDGE('',*,*,#868,.F.);
#868 = EDGE_CURVE('',#869,#861,#871,.T.);
#869 = VERTEX_POINT('',#870);
#870 = CARTESIAN_POINT('',(130.95329,-114.168299,0.));
#871 = CIRCLE('',#872,0.500008729288);
#872 = AXIS2_PLACEMENT_3D('',#873,#874,#875);
#873 = CARTESIAN_POINT('',(131.20555065687,-114.6000087292,0.));
#874 = DIRECTION('',(0.,0.,-1.));
#875 = DIRECTION('',(-0.504512505685,0.863404384751,0.));
#876 = ORIENTED_EDGE('',*,*,#877,.F.);
#877 = EDGE_CURVE('',#878,#869,#880,.T.);
#878 = VERTEX_POINT('',#879);
#879 = CARTESIAN_POINT('',(130.250516,-113.51972,0.));
#880 = CIRCLE('',#881,0.500000669307);
#881 = AXIS2_PLACEMENT_3D('',#882,#883,#884);
#882 = CARTESIAN_POINT('',(130.7010325355,-113.7365967404,0.));
#883 = DIRECTION('',(0.,0.,1.));
#884 = DIRECTION('',(-0.901031864884,0.433752900236,0.));
#885 = ORIENTED_EDGE('',*,*,#886,.F.);
#886 = EDGE_CURVE('',#887,#878,#889,.T.);
#887 = VERTEX_POINT('',#888);
#888 = CARTESIAN_POINT('',(130.300001,-113.302843,0.));
#889 = CIRCLE('',#890,0.499989884978);
#890 = AXIS2_PLACEMENT_3D('',#891,#892,#893);
#891 = CARTESIAN_POINT('',(129.80001111502,-113.3028439208,0.));
#892 = DIRECTION('',(0.,0.,-1.));
#893 = DIRECTION('',(0.999999999998,1.841808596201E-06,0.));
#894 = ORIENTED_EDGE('',*,*,#895,.F.);
#895 = EDGE_CURVE('',#896,#887,#898,.T.);
#896 = VERTEX_POINT('',#897);
#897 = CARTESIAN_POINT('',(130.300001,-111.897158,0.));
#898 = LINE('',#899,#900);
#899 = CARTESIAN_POINT('',(130.300001,-111.897158,0.));
#900 = VECTOR('',#901,1.);
#901 = DIRECTION('',(0.,-1.,0.));
#902 = ORIENTED_EDGE('',*,*,#903,.F.);
#903 = EDGE_CURVE('',#904,#896,#906,.T.);
#904 = VERTEX_POINT('',#905);
#905 = CARTESIAN_POINT('',(130.250516,-111.68028,0.));
#906 = CIRCLE('',#907,0.499989885034);
#907 = AXIS2_PLACEMENT_3D('',#908,#909,#910);
#908 = CARTESIAN_POINT('',(129.80001111496,-111.8971560791,0.));
#909 = DIRECTION('',(0.,0.,-1.));
#910 = DIRECTION('',(0.901027997796,0.43376093322,0.));
#911 = ORIENTED_EDGE('',*,*,#912,.F.);
#912 = EDGE_CURVE('',#913,#904,#915,.T.);
#913 = VERTEX_POINT('',#914);
#914 = CARTESIAN_POINT('',(130.953289,-111.031701,0.));
#915 = CIRCLE('',#916,0.499999729127);
#916 = AXIS2_PLACEMENT_3D('',#917,#918,#919);
#917 = CARTESIAN_POINT('',(130.70103074567,-111.4634017091,0.));
#918 = DIRECTION('',(0.,0.,1.));
#919 = DIRECTION('',(0.504516781969,0.863401885979,-0.));
#920 = ORIENTED_EDGE('',*,*,#921,.F.);
#921 = EDGE_CURVE('',#922,#913,#924,.T.);
#922 = VERTEX_POINT('',#923);
#923 = CARTESIAN_POINT('',(131.205547,-111.1,0.));
#924 = CIRCLE('',#925,0.500008729288);
#925 = AXIS2_PLACEMENT_3D('',#926,#927,#928);
#926 = CARTESIAN_POINT('',(131.20554965687,-110.5999912707,0.));
#927 = DIRECTION('',(0.,0.,-1.));
#928 = DIRECTION('',(-5.313662654248E-06,-0.999999999986,-0.));
#929 = ORIENTED_EDGE('',*,*,#930,.F.);
#930 = EDGE_CURVE('',#931,#922,#933,.T.);
#931 = VERTEX_POINT('',#932);
#932 = CARTESIAN_POINT('',(132.794453,-111.100001,0.));
#933 = LINE('',#934,#935);
#934 = CARTESIAN_POINT('',(132.794453,-111.100001,0.));
#935 = VECTOR('',#936,1.);
#936 = DIRECTION('',(-1.,6.293638589608E-07,0.));
#937 = ORIENTED_EDGE('',*,*,#938,.F.);
#938 = EDGE_CURVE('',#808,#931,#939,.T.);
#939 = CIRCLE('',#940,0.500008729288);
#940 = AXIS2_PLACEMENT_3D('',#941,#942,#943);
#941 = CARTESIAN_POINT('',(132.79445034312,-110.5999922707,0.));
#942 = DIRECTION('',(0.,0.,-1.));
#943 = DIRECTION('',(0.504512505685,-0.863404384751,0.));
#944 = FACE_BOUND('',#945,.F.);
#945 = EDGE_LOOP('',(#946));
#946 = ORIENTED_EDGE('',*,*,#947,.T.);
#947 = EDGE_CURVE('',#948,#948,#950,.T.);
#948 = VERTEX_POINT('',#949);
#949 = CARTESIAN_POINT('',(147.,-127.4,0.));
#950 = CIRCLE('',#951,0.4);
#951 = AXIS2_PLACEMENT_3D('',#952,#953,#954);
#952 = CARTESIAN_POINT('',(147.,-127.,0.));
#953 = DIRECTION('',(-0.,0.,-1.));
#954 = DIRECTION('',(-0.,-1.,0.));
#955 = FACE_BOUND('',#956,.F.);
#956 = EDGE_LOOP('',(#957));
#957 = ORIENTED_EDGE('',*,*,#958,.T.);
#958 = EDGE_CURVE('',#959,#959,#961,.T.);
#959 = VERTEX_POINT('',#960);
#960 = CARTESIAN_POINT('',(148.5,-123.25,0.));
#961 = CIRCLE('',#962,0.75);
#962 = AXIS2_PLACEMENT_3D('',#963,#964,#965);
#963 = CARTESIAN_POINT('',(148.5,-122.5,0.));
#964 = DIRECTION('',(-0.,0.,-1.));
#965 = DIRECTION('',(-0.,-1.,0.));
#966 = FACE_BOUND('',#967,.F.);
#967 = EDGE_LOOP('',(#968));
#968 = ORIENTED_EDGE('',*,*,#969,.T.);
#969 = EDGE_CURVE('',#970,#970,#972,.T.);
#970 = VERTEX_POINT('',#971);
#971 = CARTESIAN_POINT('',(154.62,-127.4,0.));
#972 = CIRCLE('',#973,0.4);
#973 = AXIS2_PLACEMENT_3D('',#974,#975,#976);
#974 = CARTESIAN_POINT('',(154.62,-127.,0.));
#975 = DIRECTION('',(-0.,0.,-1.));
#976 = DIRECTION('',(-0.,-1.,0.));
#977 = FACE_BOUND('',#978,.F.);
#978 = EDGE_LOOP('',(#979));
#979 = ORIENTED_EDGE('',*,*,#980,.T.);
#980 = EDGE_CURVE('',#981,#981,#983,.T.);
#981 = VERTEX_POINT('',#982);
#982 = CARTESIAN_POINT('',(154.85,-120.71,0.));
#983 = CIRCLE('',#984,0.75);
#984 = AXIS2_PLACEMENT_3D('',#985,#986,#987);
#985 = CARTESIAN_POINT('',(154.85,-119.96,0.));
#986 = DIRECTION('',(-0.,0.,-1.));
#987 = DIRECTION('',(-0.,-1.,0.));
#988 = FACE_BOUND('',#989,.F.);
#989 = EDGE_LOOP('',(#990));
#990 = ORIENTED_EDGE('',*,*,#991,.T.);
#991 = EDGE_CURVE('',#992,#992,#994,.T.);
#992 = VERTEX_POINT('',#993);
#993 = CARTESIAN_POINT('',(145.96,-118.27,0.));
#994 = CIRCLE('',#995,0.85);
#995 = AXIS2_PLACEMENT_3D('',#996,#997,#998);
#996 = CARTESIAN_POINT('',(145.96,-117.42,0.));
#997 = DIRECTION('',(-0.,0.,-1.));
#998 = DIRECTION('',(-0.,-1.,0.));
#999 = FACE_BOUND('',#1000,.F.);
#1000 = EDGE_LOOP('',(#1001));
#1001 = ORIENTED_EDGE('',*,*,#1002,.T.);
#1002 = EDGE_CURVE('',#1003,#1003,#1005,.T.);
#1003 = VERTEX_POINT('',#1004);
#1004 = CARTESIAN_POINT('',(151.04,-119.42,0.));
#1005 = CIRCLE('',#1006,2.);
#1006 = AXIS2_PLACEMENT_3D('',#1007,#1008,#1009);
#1007 = CARTESIAN_POINT('',(151.04,-117.42,0.));
#1008 = DIRECTION('',(-0.,0.,-1.));
#1009 = DIRECTION('',(-0.,-1.,0.));
#1010 = FACE_BOUND('',#1011,.F.);
#1011 = EDGE_LOOP('',(#1012,#1023,#1032,#1040,#1049,#1058,#1067,#1075,
    #1084,#1093,#1102,#1110,#1119,#1128,#1137,#1145));
#1012 = ORIENTED_EDGE('',*,*,#1013,.F.);
#1013 = EDGE_CURVE('',#1014,#1016,#1018,.T.);
#1014 = VERTEX_POINT('',#1015);
#1015 = CARTESIAN_POINT('',(152.749484,-111.68028,0.));
#1016 = VERTEX_POINT('',#1017);
#1017 = CARTESIAN_POINT('',(152.046711,-111.031702,0.));
#1018 = CIRCLE('',#1019,0.4999991191);
#1019 = AXIS2_PLACEMENT_3D('',#1020,#1021,#1022);
#1020 = CARTESIAN_POINT('',(152.29896999978,-111.4634015669,0.));
#1021 = DIRECTION('',(0.,0.,1.));
#1022 = DIRECTION('',(0.901029587867,-0.433757630236,0.));
#1023 = ORIENTED_EDGE('',*,*,#1024,.F.);
#1024 = EDGE_CURVE('',#1025,#1014,#1027,.T.);
#1025 = VERTEX_POINT('',#1026);
#1026 = CARTESIAN_POINT('',(152.699999,-111.897158,0.));
#1027 = CIRCLE('',#1028,0.500027821559);
#1028 = AXIS2_PLACEMENT_3D('',#1029,#1030,#1031);
#1029 = CARTESIAN_POINT('',(153.20002682151,-111.897164735,0.));
#1030 = DIRECTION('',(0.,0.,-1.));
#1031 = DIRECTION('',(-0.999999999909,1.346943264406E-05,0.));
#1032 = ORIENTED_EDGE('',*,*,#1033,.F.);
#1033 = EDGE_CURVE('',#1034,#1025,#1036,.T.);
#1034 = VERTEX_POINT('',#1035);
#1035 = CARTESIAN_POINT('',(152.699999,-113.302842,0.));
#1036 = LINE('',#1037,#1038);
#1037 = CARTESIAN_POINT('',(152.699999,-113.302842,0.));
#1038 = VECTOR('',#1039,1.);
#1039 = DIRECTION('',(0.,1.,0.));
#1040 = ORIENTED_EDGE('',*,*,#1041,.F.);
#1041 = EDGE_CURVE('',#1042,#1034,#1044,.T.);
#1042 = VERTEX_POINT('',#1043);
#1043 = CARTESIAN_POINT('',(152.749484,-113.51972,0.));
#1044 = CIRCLE('',#1045,0.499677963726);
#1045 = AXIS2_PLACEMENT_3D('',#1046,#1047,#1048);
#1046 = CARTESIAN_POINT('',(153.19967695838,-113.302915093,0.));
#1047 = DIRECTION('',(0.,0.,-1.));
#1048 = DIRECTION('',(-0.900966204359,-0.43388926998,-0.));
#1049 = ORIENTED_EDGE('',*,*,#1050,.F.);
#1050 = EDGE_CURVE('',#1051,#1042,#1053,.T.);
#1051 = VERTEX_POINT('',#1052);
#1052 = CARTESIAN_POINT('',(152.046711,-114.168299,0.));
#1053 = CIRCLE('',#1054,0.499999448976);
#1054 = AXIS2_PLACEMENT_3D('',#1055,#1056,#1057);
#1055 = CARTESIAN_POINT('',(152.29896990428,-113.7365989951,0.));
#1056 = DIRECTION('',(0.,0.,1.));
#1057 = DIRECTION('',(-0.504518364574,-0.863400961204,0.));
#1058 = ORIENTED_EDGE('',*,*,#1059,.F.);
#1059 = EDGE_CURVE('',#1060,#1051,#1062,.T.);
#1060 = VERTEX_POINT('',#1061);
#1061 = CARTESIAN_POINT('',(151.794452,-114.1,0.));
#1062 = CIRCLE('',#1063,0.500008729226);
#1063 = AXIS2_PLACEMENT_3D('',#1064,#1065,#1066);
#1064 = CARTESIAN_POINT('',(151.79445034314,-114.6000087292,0.));
#1065 = DIRECTION('',(0.,0.,-1.));
#1066 = DIRECTION('',(3.313649373872E-06,0.999999999995,0.));
#1067 = ORIENTED_EDGE('',*,*,#1068,.F.);
#1068 = EDGE_CURVE('',#1069,#1060,#1071,.T.);
#1069 = VERTEX_POINT('',#1070);
#1070 = CARTESIAN_POINT('',(150.205548,-114.1,0.));
#1071 = LINE('',#1072,#1073);
#1072 = CARTESIAN_POINT('',(150.205548,-114.1,0.));
#1073 = VECTOR('',#1074,1.);
#1074 = DIRECTION('',(1.,0.,0.));
#1075 = ORIENTED_EDGE('',*,*,#1076,.F.);
#1076 = EDGE_CURVE('',#1077,#1069,#1079,.T.);
#1077 = VERTEX_POINT('',#1078);
#1078 = CARTESIAN_POINT('',(149.95329,-114.168299,0.));
#1079 = CIRCLE('',#1080,0.500008729288);
#1080 = AXIS2_PLACEMENT_3D('',#1081,#1082,#1083);
#1081 = CARTESIAN_POINT('',(150.20555065687,-114.6000087292,0.));
#1082 = DIRECTION('',(0.,0.,-1.));
#1083 = DIRECTION('',(-0.504512505685,0.863404384751,0.));
#1084 = ORIENTED_EDGE('',*,*,#1085,.F.);
#1085 = EDGE_CURVE('',#1086,#1077,#1088,.T.);
#1086 = VERTEX_POINT('',#1087);
#1087 = CARTESIAN_POINT('',(149.250516,-113.51972,0.));
#1088 = CIRCLE('',#1089,0.500000669307);
#1089 = AXIS2_PLACEMENT_3D('',#1090,#1091,#1092);
#1090 = CARTESIAN_POINT('',(149.7010325355,-113.7365967404,0.));
#1091 = DIRECTION('',(0.,0.,1.));
#1092 = DIRECTION('',(-0.901031864884,0.433752900236,0.));
#1093 = ORIENTED_EDGE('',*,*,#1094,.F.);
#1094 = EDGE_CURVE('',#1095,#1086,#1097,.T.);
#1095 = VERTEX_POINT('',#1096);
#1096 = CARTESIAN_POINT('',(149.300001,-113.302843,0.));
#1097 = CIRCLE('',#1098,0.499989884978);
#1098 = AXIS2_PLACEMENT_3D('',#1099,#1100,#1101);
#1099 = CARTESIAN_POINT('',(148.80001111502,-113.3028439208,0.));
#1100 = DIRECTION('',(0.,0.,-1.));
#1101 = DIRECTION('',(0.999999999998,1.841808596201E-06,0.));
#1102 = ORIENTED_EDGE('',*,*,#1103,.F.);
#1103 = EDGE_CURVE('',#1104,#1095,#1106,.T.);
#1104 = VERTEX_POINT('',#1105);
#1105 = CARTESIAN_POINT('',(149.300001,-111.897158,0.));
#1106 = LINE('',#1107,#1108);
#1107 = CARTESIAN_POINT('',(149.300001,-111.897158,0.));
#1108 = VECTOR('',#1109,1.);
#1109 = DIRECTION('',(0.,-1.,0.));
#1110 = ORIENTED_EDGE('',*,*,#1111,.F.);
#1111 = EDGE_CURVE('',#1112,#1104,#1114,.T.);
#1112 = VERTEX_POINT('',#1113);
#1113 = CARTESIAN_POINT('',(149.250516,-111.68028,0.));
#1114 = CIRCLE('',#1115,0.499989885034);
#1115 = AXIS2_PLACEMENT_3D('',#1116,#1117,#1118);
#1116 = CARTESIAN_POINT('',(148.80001111496,-111.8971560791,0.));
#1117 = DIRECTION('',(0.,0.,-1.));
#1118 = DIRECTION('',(0.901027997796,0.43376093322,0.));
#1119 = ORIENTED_EDGE('',*,*,#1120,.F.);
#1120 = EDGE_CURVE('',#1121,#1112,#1123,.T.);
#1121 = VERTEX_POINT('',#1122);
#1122 = CARTESIAN_POINT('',(149.953289,-111.031701,0.));
#1123 = CIRCLE('',#1124,0.499999729127);
#1124 = AXIS2_PLACEMENT_3D('',#1125,#1126,#1127);
#1125 = CARTESIAN_POINT('',(149.70103074567,-111.4634017091,0.));
#1126 = DIRECTION('',(0.,0.,1.));
#1127 = DIRECTION('',(0.504516781969,0.863401885979,-0.));
#1128 = ORIENTED_EDGE('',*,*,#1129,.F.);
#1129 = EDGE_CURVE('',#1130,#1121,#1132,.T.);
#1130 = VERTEX_POINT('',#1131);
#1131 = CARTESIAN_POINT('',(150.205547,-111.1,0.));
#1132 = CIRCLE('',#1133,0.500008729288);
#1133 = AXIS2_PLACEMENT_3D('',#1134,#1135,#1136);
#1134 = CARTESIAN_POINT('',(150.20554965687,-110.5999912707,0.));
#1135 = DIRECTION('',(0.,0.,-1.));
#1136 = DIRECTION('',(-5.313662654248E-06,-0.999999999986,-0.));
#1137 = ORIENTED_EDGE('',*,*,#1138,.F.);
#1138 = EDGE_CURVE('',#1139,#1130,#1141,.T.);
#1139 = VERTEX_POINT('',#1140);
#1140 = CARTESIAN_POINT('',(151.794453,-111.100001,0.));
#1141 = LINE('',#1142,#1143);
#1142 = CARTESIAN_POINT('',(151.794453,-111.100001,0.));
#1143 = VECTOR('',#1144,1.);
#1144 = DIRECTION('',(-1.,6.293638589608E-07,0.));
#1145 = ORIENTED_EDGE('',*,*,#1146,.F.);
#1146 = EDGE_CURVE('',#1016,#1139,#1147,.T.);
#1147 = CIRCLE('',#1148,0.500008729288);
#1148 = AXIS2_PLACEMENT_3D('',#1149,#1150,#1151);
#1149 = CARTESIAN_POINT('',(151.79445034312,-110.5999922707,0.));
#1150 = DIRECTION('',(0.,0.,-1.));
#1151 = DIRECTION('',(0.504512505685,-0.863404384751,0.));
#1152 = FACE_BOUND('',#1153,.F.);
#1153 = EDGE_LOOP('',(#1154));
#1154 = ORIENTED_EDGE('',*,*,#1155,.T.);
#1155 = EDGE_CURVE('',#1156,#1156,#1158,.T.);
#1156 = VERTEX_POINT('',#1157);
#1157 = CARTESIAN_POINT('',(156.12,-118.27,0.));
#1158 = CIRCLE('',#1159,0.85);
#1159 = AXIS2_PLACEMENT_3D('',#1160,#1161,#1162);
#1160 = CARTESIAN_POINT('',(156.12,-117.42,0.));
#1161 = DIRECTION('',(-0.,0.,-1.));
#1162 = DIRECTION('',(-0.,-1.,0.));
#1163 = FACE_BOUND('',#1164,.F.);
#1164 = EDGE_LOOP('',(#1165));
#1165 = ORIENTED_EDGE('',*,*,#1166,.T.);
#1166 = EDGE_CURVE('',#1167,#1167,#1169,.T.);
#1167 = VERTEX_POINT('',#1168);
#1168 = CARTESIAN_POINT('',(135.62,-108.4,0.));
#1169 = CIRCLE('',#1170,0.4);
#1170 = AXIS2_PLACEMENT_3D('',#1171,#1172,#1173);
#1171 = CARTESIAN_POINT('',(135.62,-108.,0.));
#1172 = DIRECTION('',(-0.,0.,-1.));
#1173 = DIRECTION('',(-0.,-1.,0.));
#1174 = FACE_BOUND('',#1175,.F.);
#1175 = EDGE_LOOP('',(#1176));
#1176 = ORIENTED_EDGE('',*,*,#1177,.T.);
#1177 = EDGE_CURVE('',#1178,#1178,#1180,.T.);
#1178 = VERTEX_POINT('',#1179);
#1179 = CARTESIAN_POINT('',(135.85,-101.71,0.));
#1180 = CIRCLE('',#1181,0.75);
#1181 = AXIS2_PLACEMENT_3D('',#1182,#1183,#1184);
#1182 = CARTESIAN_POINT('',(135.85,-100.96,0.));
#1183 = DIRECTION('',(-0.,0.,-1.));
#1184 = DIRECTION('',(-0.,-1.,0.));
#1185 = FACE_BOUND('',#1186,.F.);
#1186 = EDGE_LOOP('',(#1187));
#1187 = ORIENTED_EDGE('',*,*,#1188,.T.);
#1188 = EDGE_CURVE('',#1189,#1189,#1191,.T.);
#1189 = VERTEX_POINT('',#1190);
#1190 = CARTESIAN_POINT('',(132.04,-100.42,0.));
#1191 = CIRCLE('',#1192,2.);
#1192 = AXIS2_PLACEMENT_3D('',#1193,#1194,#1195);
#1193 = CARTESIAN_POINT('',(132.04,-98.42,0.));
#1194 = DIRECTION('',(-0.,0.,-1.));
#1195 = DIRECTION('',(-0.,-1.,0.));
#1196 = FACE_BOUND('',#1197,.F.);
#1197 = EDGE_LOOP('',(#1198));
#1198 = ORIENTED_EDGE('',*,*,#1199,.T.);
#1199 = EDGE_CURVE('',#1200,#1200,#1202,.T.);
#1200 = VERTEX_POINT('',#1201);
#1201 = CARTESIAN_POINT('',(137.12,-99.27,0.));
#1202 = CIRCLE('',#1203,0.85);
#1203 = AXIS2_PLACEMENT_3D('',#1204,#1205,#1206);
#1204 = CARTESIAN_POINT('',(137.12,-98.42,0.));
#1205 = DIRECTION('',(-0.,0.,-1.));
#1206 = DIRECTION('',(-0.,-1.,0.));
#1207 = FACE_BOUND('',#1208,.F.);
#1208 = EDGE_LOOP('',(#1209,#1220,#1229,#1237,#1246,#1255,#1264,#1272,
    #1281,#1290,#1299,#1307,#1316,#1325,#1334,#1342));
#1209 = ORIENTED_EDGE('',*,*,#1210,.F.);
#1210 = EDGE_CURVE('',#1211,#1213,#1215,.T.);
#1211 = VERTEX_POINT('',#1212);
#1212 = CARTESIAN_POINT('',(133.749484,-92.70528,0.));
#1213 = VERTEX_POINT('',#1214);
#1214 = CARTESIAN_POINT('',(133.046711,-92.056702,0.));
#1215 = CIRCLE('',#1216,0.4999991191);
#1216 = AXIS2_PLACEMENT_3D('',#1217,#1218,#1219);
#1217 = CARTESIAN_POINT('',(133.29896999978,-92.48840156697,0.));
#1218 = DIRECTION('',(0.,0.,1.));
#1219 = DIRECTION('',(0.901029587867,-0.433757630236,0.));
#1220 = ORIENTED_EDGE('',*,*,#1221,.F.);
#1221 = EDGE_CURVE('',#1222,#1211,#1224,.T.);
#1222 = VERTEX_POINT('',#1223);
#1223 = CARTESIAN_POINT('',(133.699999,-92.922157,0.));
#1224 = CIRCLE('',#1225,0.500027821847);
#1225 = AXIS2_PLACEMENT_3D('',#1226,#1227,#1228);
#1226 = CARTESIAN_POINT('',(134.20002682178,-92.92216473518,0.));
#1227 = DIRECTION('',(0.,0.,-1.));
#1228 = DIRECTION('',(-0.99999999988,1.546951324274E-05,0.));
#1229 = ORIENTED_EDGE('',*,*,#1230,.F.);
#1230 = EDGE_CURVE('',#1231,#1222,#1233,.T.);
#1231 = VERTEX_POINT('',#1232);
#1232 = CARTESIAN_POINT('',(133.699999,-94.327842,0.));
#1233 = LINE('',#1234,#1235);
#1234 = CARTESIAN_POINT('',(133.699999,-94.327842,0.));
#1235 = VECTOR('',#1236,1.);
#1236 = DIRECTION('',(0.,1.,0.));
#1237 = ORIENTED_EDGE('',*,*,#1238,.F.);
#1238 = EDGE_CURVE('',#1239,#1231,#1241,.T.);
#1239 = VERTEX_POINT('',#1240);
#1240 = CARTESIAN_POINT('',(133.749484,-94.54472,0.));
#1241 = CIRCLE('',#1242,0.499677963726);
#1242 = AXIS2_PLACEMENT_3D('',#1243,#1244,#1245);
#1243 = CARTESIAN_POINT('',(134.19967695837,-94.32791509309,0.));
#1244 = DIRECTION('',(0.,0.,-1.));
#1245 = DIRECTION('',(-0.900966204359,-0.43388926998,-0.));
#1246 = ORIENTED_EDGE('',*,*,#1247,.F.);
#1247 = EDGE_CURVE('',#1248,#1239,#1250,.T.);
#1248 = VERTEX_POINT('',#1249);
#1249 = CARTESIAN_POINT('',(133.046711,-95.193299,0.));
#1250 = CIRCLE('',#1251,0.499999448976);
#1251 = AXIS2_PLACEMENT_3D('',#1252,#1253,#1254);
#1252 = CARTESIAN_POINT('',(133.29896990428,-94.76159899515,0.));
#1253 = DIRECTION('',(0.,0.,1.));
#1254 = DIRECTION('',(-0.504518364574,-0.863400961204,0.));
#1255 = ORIENTED_EDGE('',*,*,#1256,.F.);
#1256 = EDGE_CURVE('',#1257,#1248,#1259,.T.);
#1257 = VERTEX_POINT('',#1258);
#1258 = CARTESIAN_POINT('',(132.794452,-95.125,0.));
#1259 = CIRCLE('',#1260,0.500008729226);
#1260 = AXIS2_PLACEMENT_3D('',#1261,#1262,#1263);
#1261 = CARTESIAN_POINT('',(132.79445034314,-95.62500872922,0.));
#1262 = DIRECTION('',(0.,0.,-1.));
#1263 = DIRECTION('',(3.313649203346E-06,0.999999999995,0.));
#1264 = ORIENTED_EDGE('',*,*,#1265,.F.);
#1265 = EDGE_CURVE('',#1266,#1257,#1268,.T.);
#1266 = VERTEX_POINT('',#1267);
#1267 = CARTESIAN_POINT('',(131.205548,-95.125,0.));
#1268 = LINE('',#1269,#1270);
#1269 = CARTESIAN_POINT('',(131.205548,-95.125,0.));
#1270 = VECTOR('',#1271,1.);
#1271 = DIRECTION('',(1.,0.,0.));
#1272 = ORIENTED_EDGE('',*,*,#1273,.F.);
#1273 = EDGE_CURVE('',#1274,#1266,#1276,.T.);
#1274 = VERTEX_POINT('',#1275);
#1275 = CARTESIAN_POINT('',(130.95329,-95.193299,0.));
#1276 = CIRCLE('',#1277,0.500008729288);
#1277 = AXIS2_PLACEMENT_3D('',#1278,#1279,#1280);
#1278 = CARTESIAN_POINT('',(131.20555065687,-95.62500872928,0.));
#1279 = DIRECTION('',(0.,0.,-1.));
#1280 = DIRECTION('',(-0.504512505685,0.863404384751,0.));
#1281 = ORIENTED_EDGE('',*,*,#1282,.F.);
#1282 = EDGE_CURVE('',#1283,#1274,#1285,.T.);
#1283 = VERTEX_POINT('',#1284);
#1284 = CARTESIAN_POINT('',(130.250516,-94.54472,0.));
#1285 = CIRCLE('',#1286,0.500000669307);
#1286 = AXIS2_PLACEMENT_3D('',#1287,#1288,#1289);
#1287 = CARTESIAN_POINT('',(130.7010325355,-94.76159674043,0.));
#1288 = DIRECTION('',(0.,0.,1.));
#1289 = DIRECTION('',(-0.901031864884,0.433752900236,0.));
#1290 = ORIENTED_EDGE('',*,*,#1291,.F.);
#1291 = EDGE_CURVE('',#1292,#1283,#1294,.T.);
#1292 = VERTEX_POINT('',#1293);
#1293 = CARTESIAN_POINT('',(130.300001,-94.327842,0.));
#1294 = CIRCLE('',#1295,0.499989885034);
#1295 = AXIS2_PLACEMENT_3D('',#1296,#1297,#1298);
#1296 = CARTESIAN_POINT('',(129.80001111496,-94.32784392086,0.));
#1297 = DIRECTION('',(0.,0.,-1.));
#1298 = DIRECTION('',(0.999999999993,3.841811392097E-06,0.));
#1299 = ORIENTED_EDGE('',*,*,#1300,.F.);
#1300 = EDGE_CURVE('',#1301,#1292,#1303,.T.);
#1301 = VERTEX_POINT('',#1302);
#1302 = CARTESIAN_POINT('',(130.300001,-92.922158,0.));
#1303 = LINE('',#1304,#1305);
#1304 = CARTESIAN_POINT('',(130.300001,-92.922158,0.));
#1305 = VECTOR('',#1306,1.);
#1306 = DIRECTION('',(0.,-1.,0.));
#1307 = ORIENTED_EDGE('',*,*,#1308,.F.);
#1308 = EDGE_CURVE('',#1309,#1301,#1311,.T.);
#1309 = VERTEX_POINT('',#1310);
#1310 = CARTESIAN_POINT('',(130.250516,-92.70528,0.));
#1311 = CIRCLE('',#1312,0.499989885034);
#1312 = AXIS2_PLACEMENT_3D('',#1313,#1314,#1315);
#1313 = CARTESIAN_POINT('',(129.80001111496,-92.92215607913,0.));
#1314 = DIRECTION('',(0.,0.,-1.));
#1315 = DIRECTION('',(0.901027997796,0.43376093322,0.));
#1316 = ORIENTED_EDGE('',*,*,#1317,.F.);
#1317 = EDGE_CURVE('',#1318,#1309,#1320,.T.);
#1318 = VERTEX_POINT('',#1319);
#1319 = CARTESIAN_POINT('',(130.953289,-92.056701,0.));
#1320 = CIRCLE('',#1321,0.499999729127);
#1321 = AXIS2_PLACEMENT_3D('',#1322,#1323,#1324);
#1322 = CARTESIAN_POINT('',(130.70103074567,-92.48840170911,0.));
#1323 = DIRECTION('',(0.,0.,1.));
#1324 = DIRECTION('',(0.504516781969,0.863401885979,-0.));
#1325 = ORIENTED_EDGE('',*,*,#1326,.F.);
#1326 = EDGE_CURVE('',#1327,#1318,#1329,.T.);
#1327 = VERTEX_POINT('',#1328);
#1328 = CARTESIAN_POINT('',(131.205547,-92.125,0.));
#1329 = CIRCLE('',#1330,0.500008729288);
#1330 = AXIS2_PLACEMENT_3D('',#1331,#1332,#1333);
#1331 = CARTESIAN_POINT('',(131.20554965687,-91.62499127071,0.));
#1332 = DIRECTION('',(0.,0.,-1.));
#1333 = DIRECTION('',(-5.313662654248E-06,-0.999999999986,-0.));
#1334 = ORIENTED_EDGE('',*,*,#1335,.F.);
#1335 = EDGE_CURVE('',#1336,#1327,#1338,.T.);
#1336 = VERTEX_POINT('',#1337);
#1337 = CARTESIAN_POINT('',(132.794453,-92.125001,0.));
#1338 = LINE('',#1339,#1340);
#1339 = CARTESIAN_POINT('',(132.794453,-92.125001,0.));
#1340 = VECTOR('',#1341,1.);
#1341 = DIRECTION('',(-1.,6.29363850017E-07,0.));
#1342 = ORIENTED_EDGE('',*,*,#1343,.F.);
#1343 = EDGE_CURVE('',#1213,#1336,#1344,.T.);
#1344 = CIRCLE('',#1345,0.500008729288);
#1345 = AXIS2_PLACEMENT_3D('',#1346,#1347,#1348);
#1346 = CARTESIAN_POINT('',(132.79445034312,-91.62499227071,0.));
#1347 = DIRECTION('',(0.,0.,-1.));
#1348 = DIRECTION('',(0.504512505686,-0.863404384751,0.));
#1349 = FACE_BOUND('',#1350,.F.);
#1350 = EDGE_LOOP('',(#1351));
#1351 = ORIENTED_EDGE('',*,*,#1352,.T.);
#1352 = EDGE_CURVE('',#1353,#1353,#1355,.T.);
#1353 = VERTEX_POINT('',#1354);
#1354 = CARTESIAN_POINT('',(147.,-108.4,0.));
#1355 = CIRCLE('',#1356,0.4);
#1356 = AXIS2_PLACEMENT_3D('',#1357,#1358,#1359);
#1357 = CARTESIAN_POINT('',(147.,-108.,0.));
#1358 = DIRECTION('',(-0.,0.,-1.));
#1359 = DIRECTION('',(-0.,-1.,0.));
#1360 = FACE_BOUND('',#1361,.F.);
#1361 = EDGE_LOOP('',(#1362));
#1362 = ORIENTED_EDGE('',*,*,#1363,.T.);
#1363 = EDGE_CURVE('',#1364,#1364,#1366,.T.);
#1364 = VERTEX_POINT('',#1365);
#1365 = CARTESIAN_POINT('',(148.5,-104.25,0.));
#1366 = CIRCLE('',#1367,0.75);
#1367 = AXIS2_PLACEMENT_3D('',#1368,#1369,#1370);
#1368 = CARTESIAN_POINT('',(148.5,-103.5,0.));
#1369 = DIRECTION('',(-0.,0.,-1.));
#1370 = DIRECTION('',(-0.,-1.,0.));
#1371 = FACE_BOUND('',#1372,.F.);
#1372 = EDGE_LOOP('',(#1373));
#1373 = ORIENTED_EDGE('',*,*,#1374,.T.);
#1374 = EDGE_CURVE('',#1375,#1375,#1377,.T.);
#1375 = VERTEX_POINT('',#1376);
#1376 = CARTESIAN_POINT('',(154.62,-108.4,0.));
#1377 = CIRCLE('',#1378,0.4);
#1378 = AXIS2_PLACEMENT_3D('',#1379,#1380,#1381);
#1379 = CARTESIAN_POINT('',(154.62,-108.,0.));
#1380 = DIRECTION('',(-0.,0.,-1.));
#1381 = DIRECTION('',(-0.,-1.,0.));
#1382 = FACE_BOUND('',#1383,.F.);
#1383 = EDGE_LOOP('',(#1384));
#1384 = ORIENTED_EDGE('',*,*,#1385,.T.);
#1385 = EDGE_CURVE('',#1386,#1386,#1388,.T.);
#1386 = VERTEX_POINT('',#1387);
#1387 = CARTESIAN_POINT('',(154.85,-101.71,0.));
#1388 = CIRCLE('',#1389,0.75);
#1389 = AXIS2_PLACEMENT_3D('',#1390,#1391,#1392);
#1390 = CARTESIAN_POINT('',(154.85,-100.96,0.));
#1391 = DIRECTION('',(-0.,0.,-1.));
#1392 = DIRECTION('',(-0.,-1.,0.));
#1393 = FACE_BOUND('',#1394,.F.);
#1394 = EDGE_LOOP('',(#1395));
#1395 = ORIENTED_EDGE('',*,*,#1396,.T.);
#1396 = EDGE_CURVE('',#1397,#1397,#1399,.T.);
#1397 = VERTEX_POINT('',#1398);
#1398 = CARTESIAN_POINT('',(145.96,-99.27,0.));
#1399 = CIRCLE('',#1400,0.85);
#1400 = AXIS2_PLACEMENT_3D('',#1401,#1402,#1403);
#1401 = CARTESIAN_POINT('',(145.96,-98.42,0.));
#1402 = DIRECTION('',(-0.,0.,-1.));
#1403 = DIRECTION('',(-0.,-1.,0.));
#1404 = FACE_BOUND('',#1405,.F.);
#1405 = EDGE_LOOP('',(#1406));
#1406 = ORIENTED_EDGE('',*,*,#1407,.T.);
#1407 = EDGE_CURVE('',#1408,#1408,#1410,.T.);
#1408 = VERTEX_POINT('',#1409);
#1409 = CARTESIAN_POINT('',(151.04,-100.42,0.));
#1410 = CIRCLE('',#1411,2.);
#1411 = AXIS2_PLACEMENT_3D('',#1412,#1413,#1414);
#1412 = CARTESIAN_POINT('',(151.04,-98.42,0.));
#1413 = DIRECTION('',(-0.,0.,-1.));
#1414 = DIRECTION('',(-0.,-1.,0.));
#1415 = FACE_BOUND('',#1416,.F.);
#1416 = EDGE_LOOP('',(#1417,#1428,#1437,#1445,#1454,#1463,#1472,#1480,
    #1489,#1498,#1507,#1515,#1524,#1533,#1542,#1550));
#1417 = ORIENTED_EDGE('',*,*,#1418,.F.);
#1418 = EDGE_CURVE('',#1419,#1421,#1423,.T.);
#1419 = VERTEX_POINT('',#1420);
#1420 = CARTESIAN_POINT('',(152.749484,-92.68028,0.));
#1421 = VERTEX_POINT('',#1422);
#1422 = CARTESIAN_POINT('',(152.046711,-92.031702,0.));
#1423 = CIRCLE('',#1424,0.4999991191);
#1424 = AXIS2_PLACEMENT_3D('',#1425,#1426,#1427);
#1425 = CARTESIAN_POINT('',(152.29896999978,-92.46340156697,0.));
#1426 = DIRECTION('',(0.,0.,1.));
#1427 = DIRECTION('',(0.901029587867,-0.433757630236,0.));
#1428 = ORIENTED_EDGE('',*,*,#1429,.F.);
#1429 = EDGE_CURVE('',#1430,#1419,#1432,.T.);
#1430 = VERTEX_POINT('',#1431);
#1431 = CARTESIAN_POINT('',(152.699999,-92.897157,0.));
#1432 = CIRCLE('',#1433,0.500027821847);
#1433 = AXIS2_PLACEMENT_3D('',#1434,#1435,#1436);
#1434 = CARTESIAN_POINT('',(153.20002682178,-92.89716473518,0.));
#1435 = DIRECTION('',(0.,0.,-1.));
#1436 = DIRECTION('',(-0.99999999988,1.546951321432E-05,0.));
#1437 = ORIENTED_EDGE('',*,*,#1438,.F.);
#1438 = EDGE_CURVE('',#1439,#1430,#1441,.T.);
#1439 = VERTEX_POINT('',#1440);
#1440 = CARTESIAN_POINT('',(152.699999,-94.302842,0.));
#1441 = LINE('',#1442,#1443);
#1442 = CARTESIAN_POINT('',(152.699999,-94.302842,0.));
#1443 = VECTOR('',#1444,1.);
#1444 = DIRECTION('',(0.,1.,0.));
#1445 = ORIENTED_EDGE('',*,*,#1446,.F.);
#1446 = EDGE_CURVE('',#1447,#1439,#1449,.T.);
#1447 = VERTEX_POINT('',#1448);
#1448 = CARTESIAN_POINT('',(152.749484,-94.51972,0.));
#1449 = CIRCLE('',#1450,0.499677963726);
#1450 = AXIS2_PLACEMENT_3D('',#1451,#1452,#1453);
#1451 = CARTESIAN_POINT('',(153.19967695838,-94.30291509309,0.));
#1452 = DIRECTION('',(0.,0.,-1.));
#1453 = DIRECTION('',(-0.900966204359,-0.43388926998,-0.));
#1454 = ORIENTED_EDGE('',*,*,#1455,.F.);
#1455 = EDGE_CURVE('',#1456,#1447,#1458,.T.);
#1456 = VERTEX_POINT('',#1457);
#1457 = CARTESIAN_POINT('',(152.046711,-95.168299,0.));
#1458 = CIRCLE('',#1459,0.499999448976);
#1459 = AXIS2_PLACEMENT_3D('',#1460,#1461,#1462);
#1460 = CARTESIAN_POINT('',(152.29896990428,-94.73659899515,0.));
#1461 = DIRECTION('',(0.,0.,1.));
#1462 = DIRECTION('',(-0.504518364574,-0.863400961204,0.));
#1463 = ORIENTED_EDGE('',*,*,#1464,.F.);
#1464 = EDGE_CURVE('',#1465,#1456,#1467,.T.);
#1465 = VERTEX_POINT('',#1466);
#1466 = CARTESIAN_POINT('',(151.794452,-95.1,0.));
#1467 = CIRCLE('',#1468,0.500008729226);
#1468 = AXIS2_PLACEMENT_3D('',#1469,#1470,#1471);
#1469 = CARTESIAN_POINT('',(151.79445034314,-95.60000872922,0.));
#1470 = DIRECTION('',(0.,0.,-1.));
#1471 = DIRECTION('',(3.313649373872E-06,0.999999999995,0.));
#1472 = ORIENTED_EDGE('',*,*,#1473,.F.);
#1473 = EDGE_CURVE('',#1474,#1465,#1476,.T.);
#1474 = VERTEX_POINT('',#1475);
#1475 = CARTESIAN_POINT('',(150.205548,-95.1,0.));
#1476 = LINE('',#1477,#1478);
#1477 = CARTESIAN_POINT('',(150.205548,-95.1,0.));
#1478 = VECTOR('',#1479,1.);
#1479 = DIRECTION('',(1.,0.,0.));
#1480 = ORIENTED_EDGE('',*,*,#1481,.F.);
#1481 = EDGE_CURVE('',#1482,#1474,#1484,.T.);
#1482 = VERTEX_POINT('',#1483);
#1483 = CARTESIAN_POINT('',(149.95329,-95.168299,0.));
#1484 = CIRCLE('',#1485,0.500008729288);
#1485 = AXIS2_PLACEMENT_3D('',#1486,#1487,#1488);
#1486 = CARTESIAN_POINT('',(150.20555065687,-95.60000872928,0.));
#1487 = DIRECTION('',(0.,0.,-1.));
#1488 = DIRECTION('',(-0.504512505685,0.863404384751,0.));
#1489 = ORIENTED_EDGE('',*,*,#1490,.F.);
#1490 = EDGE_CURVE('',#1491,#1482,#1493,.T.);
#1491 = VERTEX_POINT('',#1492);
#1492 = CARTESIAN_POINT('',(149.250516,-94.51972,0.));
#1493 = CIRCLE('',#1494,0.500000669307);
#1494 = AXIS2_PLACEMENT_3D('',#1495,#1496,#1497);
#1495 = CARTESIAN_POINT('',(149.7010325355,-94.73659674043,0.));
#1496 = DIRECTION('',(0.,0.,1.));
#1497 = DIRECTION('',(-0.901031864884,0.433752900236,0.));
#1498 = ORIENTED_EDGE('',*,*,#1499,.F.);
#1499 = EDGE_CURVE('',#1500,#1491,#1502,.T.);
#1500 = VERTEX_POINT('',#1501);
#1501 = CARTESIAN_POINT('',(149.300001,-94.302843,0.));
#1502 = CIRCLE('',#1503,0.499989884978);
#1503 = AXIS2_PLACEMENT_3D('',#1504,#1505,#1506);
#1504 = CARTESIAN_POINT('',(148.80001111502,-94.30284392088,0.));
#1505 = DIRECTION('',(0.,0.,-1.));
#1506 = DIRECTION('',(0.999999999998,1.841808596201E-06,0.));
#1507 = ORIENTED_EDGE('',*,*,#1508,.F.);
#1508 = EDGE_CURVE('',#1509,#1500,#1511,.T.);
#1509 = VERTEX_POINT('',#1510);
#1510 = CARTESIAN_POINT('',(149.300001,-92.897158,0.));
#1511 = LINE('',#1512,#1513);
#1512 = CARTESIAN_POINT('',(149.300001,-92.897158,0.));
#1513 = VECTOR('',#1514,1.);
#1514 = DIRECTION('',(0.,-1.,0.));
#1515 = ORIENTED_EDGE('',*,*,#1516,.F.);
#1516 = EDGE_CURVE('',#1517,#1509,#1519,.T.);
#1517 = VERTEX_POINT('',#1518);
#1518 = CARTESIAN_POINT('',(149.250516,-92.68028,0.));
#1519 = CIRCLE('',#1520,0.499989885034);
#1520 = AXIS2_PLACEMENT_3D('',#1521,#1522,#1523);
#1521 = CARTESIAN_POINT('',(148.80001111496,-92.89715607913,0.));
#1522 = DIRECTION('',(0.,0.,-1.));
#1523 = DIRECTION('',(0.901027997796,0.43376093322,0.));
#1524 = ORIENTED_EDGE('',*,*,#1525,.F.);
#1525 = EDGE_CURVE('',#1526,#1517,#1528,.T.);
#1526 = VERTEX_POINT('',#1527);
#1527 = CARTESIAN_POINT('',(149.953289,-92.031701,0.));
#1528 = CIRCLE('',#1529,0.499999729127);
#1529 = AXIS2_PLACEMENT_3D('',#1530,#1531,#1532);
#1530 = CARTESIAN_POINT('',(149.70103074567,-92.46340170911,0.));
#1531 = DIRECTION('',(0.,0.,1.));
#1532 = DIRECTION('',(0.504516781969,0.863401885979,-0.));
#1533 = ORIENTED_EDGE('',*,*,#1534,.F.);
#1534 = EDGE_CURVE('',#1535,#1526,#1537,.T.);
#1535 = VERTEX_POINT('',#1536);
#1536 = CARTESIAN_POINT('',(150.205547,-92.1,0.));
#1537 = CIRCLE('',#1538,0.500008729288);
#1538 = AXIS2_PLACEMENT_3D('',#1539,#1540,#1541);
#1539 = CARTESIAN_POINT('',(150.20554965687,-91.59999127071,0.));
#1540 = DIRECTION('',(0.,0.,-1.));
#1541 = DIRECTION('',(-5.313662654248E-06,-0.999999999986,-0.));
#1542 = ORIENTED_EDGE('',*,*,#1543,.F.);
#1543 = EDGE_CURVE('',#1544,#1535,#1546,.T.);
#1544 = VERTEX_POINT('',#1545);
#1545 = CARTESIAN_POINT('',(151.794453,-92.100001,0.));
#1546 = LINE('',#1547,#1548);
#1547 = CARTESIAN_POINT('',(151.794453,-92.100001,0.));
#1548 = VECTOR('',#1549,1.);
#1549 = DIRECTION('',(-1.,6.293638589608E-07,0.));
#1550 = ORIENTED_EDGE('',*,*,#1551,.F.);
#1551 = EDGE_CURVE('',#1421,#1544,#1552,.T.);
#1552 = CIRCLE('',#1553,0.500008729288);
#1553 = AXIS2_PLACEMENT_3D('',#1554,#1555,#1556);
#1554 = CARTESIAN_POINT('',(151.79445034312,-91.59999227071,0.));
#1555 = DIRECTION('',(0.,0.,-1.));
#1556 = DIRECTION('',(0.504512505685,-0.863404384751,0.));
#1557 = FACE_BOUND('',#1558,.F.);
#1558 = EDGE_LOOP('',(#1559));
#1559 = ORIENTED_EDGE('',*,*,#1560,.T.);
#1560 = EDGE_CURVE('',#1561,#1561,#1563,.T.);
#1561 = VERTEX_POINT('',#1562);
#1562 = CARTESIAN_POINT('',(156.12,-99.27,0.));
#1563 = CIRCLE('',#1564,0.85);
#1564 = AXIS2_PLACEMENT_3D('',#1565,#1566,#1567);
#1565 = CARTESIAN_POINT('',(156.12,-98.42,0.));
#1566 = DIRECTION('',(-0.,0.,-1.));
#1567 = DIRECTION('',(-0.,-1.,0.));
#1568 = FACE_BOUND('',#1569,.F.);
#1569 = EDGE_LOOP('',(#1570));
#1570 = ORIENTED_EDGE('',*,*,#1571,.T.);
#1571 = EDGE_CURVE('',#1572,#1572,#1574,.T.);
#1572 = VERTEX_POINT('',#1573);
#1573 = CARTESIAN_POINT('',(109.,-89.4,0.));
#1574 = CIRCLE('',#1575,0.4);
#1575 = AXIS2_PLACEMENT_3D('',#1576,#1577,#1578);
#1576 = CARTESIAN_POINT('',(109.,-89.,0.));
#1577 = DIRECTION('',(-0.,0.,-1.));
#1578 = DIRECTION('',(-0.,-1.,0.));
#1579 = FACE_BOUND('',#1580,.F.);
#1580 = EDGE_LOOP('',(#1581));
#1581 = ORIENTED_EDGE('',*,*,#1582,.T.);
#1582 = EDGE_CURVE('',#1583,#1583,#1585,.T.);
#1583 = VERTEX_POINT('',#1584);
#1584 = CARTESIAN_POINT('',(110.5,-85.25,0.));
#1585 = CIRCLE('',#1586,0.75);
#1586 = AXIS2_PLACEMENT_3D('',#1587,#1588,#1589);
#1587 = CARTESIAN_POINT('',(110.5,-84.5,0.));
#1588 = DIRECTION('',(-0.,0.,-1.));
#1589 = DIRECTION('',(-0.,-1.,0.));
#1590 = FACE_BOUND('',#1591,.F.);
#1591 = EDGE_LOOP('',(#1592));
#1592 = ORIENTED_EDGE('',*,*,#1593,.T.);
#1593 = EDGE_CURVE('',#1594,#1594,#1596,.T.);
#1594 = VERTEX_POINT('',#1595);
#1595 = CARTESIAN_POINT('',(116.62,-89.4,0.));
#1596 = CIRCLE('',#1597,0.4);
#1597 = AXIS2_PLACEMENT_3D('',#1598,#1599,#1600);
#1598 = CARTESIAN_POINT('',(116.62,-89.,0.));
#1599 = DIRECTION('',(-0.,0.,-1.));
#1600 = DIRECTION('',(-0.,-1.,0.));
#1601 = FACE_BOUND('',#1602,.F.);
#1602 = EDGE_LOOP('',(#1603));
#1603 = ORIENTED_EDGE('',*,*,#1604,.T.);
#1604 = EDGE_CURVE('',#1605,#1605,#1607,.T.);
#1605 = VERTEX_POINT('',#1606);
#1606 = CARTESIAN_POINT('',(116.85,-82.71,0.));
#1607 = CIRCLE('',#1608,0.75);
#1608 = AXIS2_PLACEMENT_3D('',#1609,#1610,#1611);
#1609 = CARTESIAN_POINT('',(116.85,-81.96,0.));
#1610 = DIRECTION('',(-0.,0.,-1.));
#1611 = DIRECTION('',(-0.,-1.,0.));
#1612 = FACE_BOUND('',#1613,.F.);
#1613 = EDGE_LOOP('',(#1614));
#1614 = ORIENTED_EDGE('',*,*,#1615,.T.);
#1615 = EDGE_CURVE('',#1616,#1616,#1618,.T.);
#1616 = VERTEX_POINT('',#1617);
#1617 = CARTESIAN_POINT('',(107.96,-80.27,0.));
#1618 = CIRCLE('',#1619,0.85);
#1619 = AXIS2_PLACEMENT_3D('',#1620,#1621,#1622);
#1620 = CARTESIAN_POINT('',(107.96,-79.42,0.));
#1621 = DIRECTION('',(-0.,0.,-1.));
#1622 = DIRECTION('',(-1.671865260612E-14,-1.,0.));
#1623 = FACE_BOUND('',#1624,.F.);
#1624 = EDGE_LOOP('',(#1625));
#1625 = ORIENTED_EDGE('',*,*,#1626,.T.);
#1626 = EDGE_CURVE('',#1627,#1627,#1629,.T.);
#1627 = VERTEX_POINT('',#1628);
#1628 = CARTESIAN_POINT('',(113.04,-81.42,0.));
#1629 = CIRCLE('',#1630,2.);
#1630 = AXIS2_PLACEMENT_3D('',#1631,#1632,#1633);
#1631 = CARTESIAN_POINT('',(113.04,-79.42,0.));
#1632 = DIRECTION('',(-0.,0.,-1.));
#1633 = DIRECTION('',(-0.,-1.,0.));
#1634 = FACE_BOUND('',#1635,.F.);
#1635 = EDGE_LOOP('',(#1636,#1647,#1656,#1664,#1673,#1682,#1691,#1699,
    #1708,#1717,#1726,#1734,#1743,#1752,#1761,#1769));
#1636 = ORIENTED_EDGE('',*,*,#1637,.F.);
#1637 = EDGE_CURVE('',#1638,#1640,#1642,.T.);
#1638 = VERTEX_POINT('',#1639);
#1639 = CARTESIAN_POINT('',(114.749484,-73.68028,0.));
#1640 = VERTEX_POINT('',#1641);
#1641 = CARTESIAN_POINT('',(114.046711,-73.031702,0.));
#1642 = CIRCLE('',#1643,0.4999991191);
#1643 = AXIS2_PLACEMENT_3D('',#1644,#1645,#1646);
#1644 = CARTESIAN_POINT('',(114.29896999978,-73.46340156697,0.));
#1645 = DIRECTION('',(0.,0.,1.));
#1646 = DIRECTION('',(0.901029587867,-0.433757630236,0.));
#1647 = ORIENTED_EDGE('',*,*,#1648,.F.);
#1648 = EDGE_CURVE('',#1649,#1638,#1651,.T.);
#1649 = VERTEX_POINT('',#1650);
#1650 = CARTESIAN_POINT('',(114.699999,-73.897157,0.));
#1651 = CIRCLE('',#1652,0.500027821848);
#1652 = AXIS2_PLACEMENT_3D('',#1653,#1654,#1655);
#1653 = CARTESIAN_POINT('',(115.20002682178,-73.89716473518,0.));
#1654 = DIRECTION('',(0.,0.,-1.));
#1655 = DIRECTION('',(-0.99999999988,1.546951327115E-05,0.));
#1656 = ORIENTED_EDGE('',*,*,#1657,.F.);
#1657 = EDGE_CURVE('',#1658,#1649,#1660,.T.);
#1658 = VERTEX_POINT('',#1659);
#1659 = CARTESIAN_POINT('',(114.699999,-75.302842,0.));
#1660 = LINE('',#1661,#1662);
#1661 = CARTESIAN_POINT('',(114.699999,-75.302842,0.));
#1662 = VECTOR('',#1663,1.);
#1663 = DIRECTION('',(0.,1.,0.));
#1664 = ORIENTED_EDGE('',*,*,#1665,.F.);
#1665 = EDGE_CURVE('',#1666,#1658,#1668,.T.);
#1666 = VERTEX_POINT('',#1667);
#1667 = CARTESIAN_POINT('',(114.749484,-75.51972,0.));
#1668 = CIRCLE('',#1669,0.499677963726);
#1669 = AXIS2_PLACEMENT_3D('',#1670,#1671,#1672);
#1670 = CARTESIAN_POINT('',(115.19967695838,-75.30291509309,0.));
#1671 = DIRECTION('',(0.,0.,-1.));
#1672 = DIRECTION('',(-0.900966204359,-0.433889269979,-0.));
#1673 = ORIENTED_EDGE('',*,*,#1674,.F.);
#1674 = EDGE_CURVE('',#1675,#1666,#1677,.T.);
#1675 = VERTEX_POINT('',#1676);
#1676 = CARTESIAN_POINT('',(114.046711,-76.168299,0.));
#1677 = CIRCLE('',#1678,0.499999448976);
#1678 = AXIS2_PLACEMENT_3D('',#1679,#1680,#1681);
#1679 = CARTESIAN_POINT('',(114.29896990428,-75.73659899515,0.));
#1680 = DIRECTION('',(0.,0.,1.));
#1681 = DIRECTION('',(-0.504518364574,-0.863400961204,0.));
#1682 = ORIENTED_EDGE('',*,*,#1683,.F.);
#1683 = EDGE_CURVE('',#1684,#1675,#1686,.T.);
#1684 = VERTEX_POINT('',#1685);
#1685 = CARTESIAN_POINT('',(113.794452,-76.1,0.));
#1686 = CIRCLE('',#1687,0.500008729226);
#1687 = AXIS2_PLACEMENT_3D('',#1688,#1689,#1690);
#1688 = CARTESIAN_POINT('',(113.79445034314,-76.60000872922,0.));
#1689 = DIRECTION('',(0.,0.,-1.));
#1690 = DIRECTION('',(3.313649430713E-06,0.999999999995,0.));
#1691 = ORIENTED_EDGE('',*,*,#1692,.F.);
#1692 = EDGE_CURVE('',#1693,#1684,#1695,.T.);
#1693 = VERTEX_POINT('',#1694);
#1694 = CARTESIAN_POINT('',(112.205548,-76.1,0.));
#1695 = LINE('',#1696,#1697);
#1696 = CARTESIAN_POINT('',(112.205548,-76.1,0.));
#1697 = VECTOR('',#1698,1.);
#1698 = DIRECTION('',(1.,0.,0.));
#1699 = ORIENTED_EDGE('',*,*,#1700,.F.);
#1700 = EDGE_CURVE('',#1701,#1693,#1703,.T.);
#1701 = VERTEX_POINT('',#1702);
#1702 = CARTESIAN_POINT('',(111.953289,-76.168297,0.));
#1703 = CIRCLE('',#1704,0.500040834725);
#1704 = AXIS2_PLACEMENT_3D('',#1705,#1706,#1707);
#1705 = CARTESIAN_POINT('',(112.20555492637,-76.60004083467,0.));
#1706 = DIRECTION('',(0.,0.,-1.));
#1707 = DIRECTION('',(-0.50449065128,0.86341715455,0.));
#1708 = ORIENTED_EDGE('',*,*,#1709,.F.);
#1709 = EDGE_CURVE('',#1710,#1701,#1712,.T.);
#1710 = VERTEX_POINT('',#1711);
#1711 = CARTESIAN_POINT('',(111.250516,-75.51972,0.));
#1712 = CIRCLE('',#1713,0.499999092786);
#1713 = AXIS2_PLACEMENT_3D('',#1714,#1715,#1716);
#1714 = CARTESIAN_POINT('',(111.70103060898,-75.73659710777,0.));
#1715 = DIRECTION('',(0.,0.,1.));
#1716 = DIRECTION('',(-0.901030852831,0.43375500256,0.));
#1717 = ORIENTED_EDGE('',*,*,#1718,.F.);
#1718 = EDGE_CURVE('',#1719,#1710,#1721,.T.);
#1719 = VERTEX_POINT('',#1720);
#1720 = CARTESIAN_POINT('',(111.300001,-75.302843,0.));
#1721 = CIRCLE('',#1722,0.499989884977);
#1722 = AXIS2_PLACEMENT_3D('',#1723,#1724,#1725);
#1723 = CARTESIAN_POINT('',(110.80001111502,-75.30284392088,0.));
#1724 = DIRECTION('',(0.,0.,-1.));
#1725 = DIRECTION('',(0.999999999998,1.841808795158E-06,0.));
#1726 = ORIENTED_EDGE('',*,*,#1727,.F.);
#1727 = EDGE_CURVE('',#1728,#1719,#1730,.T.);
#1728 = VERTEX_POINT('',#1729);
#1729 = CARTESIAN_POINT('',(111.300001,-73.897158,0.));
#1730 = LINE('',#1731,#1732);
#1731 = CARTESIAN_POINT('',(111.300001,-73.897158,0.));
#1732 = VECTOR('',#1733,1.);
#1733 = DIRECTION('',(0.,-1.,0.));
#1734 = ORIENTED_EDGE('',*,*,#1735,.F.);
#1735 = EDGE_CURVE('',#1736,#1728,#1738,.T.);
#1736 = VERTEX_POINT('',#1737);
#1737 = CARTESIAN_POINT('',(111.250516,-73.68028,0.));
#1738 = CIRCLE('',#1739,0.499989885034);
#1739 = AXIS2_PLACEMENT_3D('',#1740,#1741,#1742);
#1740 = CARTESIAN_POINT('',(110.80001111497,-73.89715607913,0.));
#1741 = DIRECTION('',(0.,0.,-1.));
#1742 = DIRECTION('',(0.901027997796,0.43376093322,0.));
#1743 = ORIENTED_EDGE('',*,*,#1744,.F.);
#1744 = EDGE_CURVE('',#1745,#1736,#1747,.T.);
#1745 = VERTEX_POINT('',#1746);
#1746 = CARTESIAN_POINT('',(111.953289,-73.031701,0.));
#1747 = CIRCLE('',#1748,0.499999729127);
#1748 = AXIS2_PLACEMENT_3D('',#1749,#1750,#1751);
#1749 = CARTESIAN_POINT('',(111.70103074567,-73.46340170911,0.));
#1750 = DIRECTION('',(0.,0.,1.));
#1751 = DIRECTION('',(0.504516781968,0.863401885979,-0.));
#1752 = ORIENTED_EDGE('',*,*,#1753,.F.);
#1753 = EDGE_CURVE('',#1754,#1745,#1756,.T.);
#1754 = VERTEX_POINT('',#1755);
#1755 = CARTESIAN_POINT('',(112.205547,-73.1,0.));
#1756 = CIRCLE('',#1757,0.500008729288);
#1757 = AXIS2_PLACEMENT_3D('',#1758,#1759,#1760);
#1758 = CARTESIAN_POINT('',(112.20554965687,-72.59999127071,0.));
#1759 = DIRECTION('',(0.,0.,-1.));
#1760 = DIRECTION('',(-5.313662711088E-06,-0.999999999986,-0.));
#1761 = ORIENTED_EDGE('',*,*,#1762,.F.);
#1762 = EDGE_CURVE('',#1763,#1754,#1765,.T.);
#1763 = VERTEX_POINT('',#1764);
#1764 = CARTESIAN_POINT('',(113.794453,-73.100001,0.));
#1765 = LINE('',#1766,#1767);
#1766 = CARTESIAN_POINT('',(113.794453,-73.100001,0.));
#1767 = VECTOR('',#1768,1.);
#1768 = DIRECTION('',(-1.,6.293638589608E-07,0.));
#1769 = ORIENTED_EDGE('',*,*,#1770,.F.);
#1770 = EDGE_CURVE('',#1640,#1763,#1771,.T.);
#1771 = CIRCLE('',#1772,0.500008729288);
#1772 = AXIS2_PLACEMENT_3D('',#1773,#1774,#1775);
#1773 = CARTESIAN_POINT('',(113.79445034312,-72.59999227071,0.));
#1774 = DIRECTION('',(0.,0.,-1.));
#1775 = DIRECTION('',(0.504512505685,-0.863404384751,0.));
#1776 = FACE_BOUND('',#1777,.F.);
#1777 = EDGE_LOOP('',(#1778));
#1778 = ORIENTED_EDGE('',*,*,#1779,.T.);
#1779 = EDGE_CURVE('',#1780,#1780,#1782,.T.);
#1780 = VERTEX_POINT('',#1781);
#1781 = CARTESIAN_POINT('',(128.,-89.4,0.));
#1782 = CIRCLE('',#1783,0.4);
#1783 = AXIS2_PLACEMENT_3D('',#1784,#1785,#1786);
#1784 = CARTESIAN_POINT('',(128.,-89.,0.));
#1785 = DIRECTION('',(-0.,0.,-1.));
#1786 = DIRECTION('',(-0.,-1.,0.));
#1787 = FACE_BOUND('',#1788,.F.);
#1788 = EDGE_LOOP('',(#1789));
#1789 = ORIENTED_EDGE('',*,*,#1790,.T.);
#1790 = EDGE_CURVE('',#1791,#1791,#1793,.T.);
#1791 = VERTEX_POINT('',#1792);
#1792 = CARTESIAN_POINT('',(129.5,-85.25,0.));
#1793 = CIRCLE('',#1794,0.75);
#1794 = AXIS2_PLACEMENT_3D('',#1795,#1796,#1797);
#1795 = CARTESIAN_POINT('',(129.5,-84.5,0.));
#1796 = DIRECTION('',(-0.,0.,-1.));
#1797 = DIRECTION('',(-0.,-1.,0.));
#1798 = FACE_BOUND('',#1799,.F.);
#1799 = EDGE_LOOP('',(#1800));
#1800 = ORIENTED_EDGE('',*,*,#1801,.T.);
#1801 = EDGE_CURVE('',#1802,#1802,#1804,.T.);
#1802 = VERTEX_POINT('',#1803);
#1803 = CARTESIAN_POINT('',(118.12,-80.27,0.));
#1804 = CIRCLE('',#1805,0.85);
#1805 = AXIS2_PLACEMENT_3D('',#1806,#1807,#1808);
#1806 = CARTESIAN_POINT('',(118.12,-79.42,0.));
#1807 = DIRECTION('',(-0.,0.,-1.));
#1808 = DIRECTION('',(-0.,-1.,0.));
#1809 = FACE_BOUND('',#1810,.F.);
#1810 = EDGE_LOOP('',(#1811));
#1811 = ORIENTED_EDGE('',*,*,#1812,.T.);
#1812 = EDGE_CURVE('',#1813,#1813,#1815,.T.);
#1813 = VERTEX_POINT('',#1814);
#1814 = CARTESIAN_POINT('',(126.96,-80.27,0.));
#1815 = CIRCLE('',#1816,0.85);
#1816 = AXIS2_PLACEMENT_3D('',#1817,#1818,#1819);
#1817 = CARTESIAN_POINT('',(126.96,-79.42,0.));
#1818 = DIRECTION('',(-0.,0.,-1.));
#1819 = DIRECTION('',(-1.671865260612E-14,-1.,0.));
#1820 = FACE_BOUND('',#1821,.F.);
#1821 = EDGE_LOOP('',(#1822));
#1822 = ORIENTED_EDGE('',*,*,#1823,.T.);
#1823 = EDGE_CURVE('',#1824,#1824,#1826,.T.);
#1824 = VERTEX_POINT('',#1825);
#1825 = CARTESIAN_POINT('',(108.,-68.4,0.));
#1826 = CIRCLE('',#1827,0.4);
#1827 = AXIS2_PLACEMENT_3D('',#1828,#1829,#1830);
#1828 = CARTESIAN_POINT('',(108.,-68.,0.));
#1829 = DIRECTION('',(-0.,0.,-1.));
#1830 = DIRECTION('',(-0.,-1.,0.));
#1831 = FACE_BOUND('',#1832,.F.);
#1832 = EDGE_LOOP('',(#1833));
#1833 = ORIENTED_EDGE('',*,*,#1834,.T.);
#1834 = EDGE_CURVE('',#1835,#1835,#1837,.T.);
#1835 = VERTEX_POINT('',#1836);
#1836 = CARTESIAN_POINT('',(104.5,-62.5,0.));
#1837 = CIRCLE('',#1838,0.5);
#1838 = AXIS2_PLACEMENT_3D('',#1839,#1840,#1841);
#1839 = CARTESIAN_POINT('',(104.5,-62.,0.));
#1840 = DIRECTION('',(-0.,0.,-1.));
#1841 = DIRECTION('',(-0.,-1.,0.));
#1842 = FACE_BOUND('',#1843,.F.);
#1843 = EDGE_LOOP('',(#1844));
#1844 = ORIENTED_EDGE('',*,*,#1845,.T.);
#1845 = EDGE_CURVE('',#1846,#1846,#1848,.T.);
#1846 = VERTEX_POINT('',#1847);
#1847 = CARTESIAN_POINT('',(115.62,-68.4,0.));
#1848 = CIRCLE('',#1849,0.4);
#1849 = AXIS2_PLACEMENT_3D('',#1850,#1851,#1852);
#1850 = CARTESIAN_POINT('',(115.62,-68.,0.));
#1851 = DIRECTION('',(-0.,0.,-1.));
#1852 = DIRECTION('',(-0.,-1.,0.));
#1853 = FACE_BOUND('',#1854,.F.);
#1854 = EDGE_LOOP('',(#1855,#1866,#1874,#1883));
#1855 = ORIENTED_EDGE('',*,*,#1856,.T.);
#1856 = EDGE_CURVE('',#1857,#1859,#1861,.T.);
#1857 = VERTEX_POINT('',#1858);
#1858 = CARTESIAN_POINT('',(112.65,-64.35,0.));
#1859 = VERTEX_POINT('',#1860);
#1860 = CARTESIAN_POINT('',(112.65,-65.85,0.));
#1861 = CIRCLE('',#1862,0.75);
#1862 = AXIS2_PLACEMENT_3D('',#1863,#1864,#1865);
#1863 = CARTESIAN_POINT('',(112.65,-65.1,0.));
#1864 = DIRECTION('',(-0.,0.,-1.));
#1865 = DIRECTION('',(-0.,-1.,0.));
#1866 = ORIENTED_EDGE('',*,*,#1867,.T.);
#1867 = EDGE_CURVE('',#1859,#1868,#1870,.T.);
#1868 = VERTEX_POINT('',#1869);
#1869 = CARTESIAN_POINT('',(111.35,-65.85,0.));
#1870 = LINE('',#1871,#1872);
#1871 = CARTESIAN_POINT('',(55.675,-65.85,0.));
#1872 = VECTOR('',#1873,1.);
#1873 = DIRECTION('',(-1.,0.,0.));
#1874 = ORIENTED_EDGE('',*,*,#1875,.T.);
#1875 = EDGE_CURVE('',#1868,#1876,#1878,.T.);
#1876 = VERTEX_POINT('',#1877);
#1877 = CARTESIAN_POINT('',(111.35,-64.35,0.));
#1878 = CIRCLE('',#1879,0.75);
#1879 = AXIS2_PLACEMENT_3D('',#1880,#1881,#1882);
#1880 = CARTESIAN_POINT('',(111.35,-65.1,0.));
#1881 = DIRECTION('',(-0.,0.,-1.));
#1882 = DIRECTION('',(0.,1.,0.));
#1883 = ORIENTED_EDGE('',*,*,#1884,.T.);
#1884 = EDGE_CURVE('',#1876,#1857,#1885,.T.);
#1885 = LINE('',#1886,#1887);
#1886 = CARTESIAN_POINT('',(56.325,-64.35,0.));
#1887 = VECTOR('',#1888,1.);
#1888 = DIRECTION('',(1.,0.,-0.));
#1889 = FACE_BOUND('',#1890,.F.);
#1890 = EDGE_LOOP('',(#1891));
#1891 = ORIENTED_EDGE('',*,*,#1892,.T.);
#1892 = EDGE_CURVE('',#1893,#1893,#1895,.T.);
#1893 = VERTEX_POINT('',#1894);
#1894 = CARTESIAN_POINT('',(104.5,-60.,0.));
#1895 = CIRCLE('',#1896,0.5);
#1896 = AXIS2_PLACEMENT_3D('',#1897,#1898,#1899);
#1897 = CARTESIAN_POINT('',(104.5,-59.5,0.));
#1898 = DIRECTION('',(-0.,0.,-1.));
#1899 = DIRECTION('',(-0.,-1.,0.));
#1900 = FACE_BOUND('',#1901,.F.);
#1901 = EDGE_LOOP('',(#1902));
#1902 = ORIENTED_EDGE('',*,*,#1903,.T.);
#1903 = EDGE_CURVE('',#1904,#1904,#1906,.T.);
#1904 = VERTEX_POINT('',#1905);
#1905 = CARTESIAN_POINT('',(104.5,-57.5,0.));
#1906 = CIRCLE('',#1907,0.5);
#1907 = AXIS2_PLACEMENT_3D('',#1908,#1909,#1910);
#1908 = CARTESIAN_POINT('',(104.5,-57.,0.));
#1909 = DIRECTION('',(-0.,0.,-1.));
#1910 = DIRECTION('',(-0.,-1.,0.));
#1911 = FACE_BOUND('',#1912,.F.);
#1912 = EDGE_LOOP('',(#1913,#1924,#1932,#1941));
#1913 = ORIENTED_EDGE('',*,*,#1914,.T.);
#1914 = EDGE_CURVE('',#1915,#1917,#1919,.T.);
#1915 = VERTEX_POINT('',#1916);
#1916 = CARTESIAN_POINT('',(112.65,-53.15,0.));
#1917 = VERTEX_POINT('',#1918);
#1918 = CARTESIAN_POINT('',(112.65,-54.65,0.));
#1919 = CIRCLE('',#1920,0.75);
#1920 = AXIS2_PLACEMENT_3D('',#1921,#1922,#1923);
#1921 = CARTESIAN_POINT('',(112.65,-53.9,0.));
#1922 = DIRECTION('',(-0.,0.,-1.));
#1923 = DIRECTION('',(-0.,-1.,0.));
#1924 = ORIENTED_EDGE('',*,*,#1925,.T.);
#1925 = EDGE_CURVE('',#1917,#1926,#1928,.T.);
#1926 = VERTEX_POINT('',#1927);
#1927 = CARTESIAN_POINT('',(111.35,-54.65,0.));
#1928 = LINE('',#1929,#1930);
#1929 = CARTESIAN_POINT('',(55.675,-54.65,0.));
#1930 = VECTOR('',#1931,1.);
#1931 = DIRECTION('',(-1.,0.,0.));
#1932 = ORIENTED_EDGE('',*,*,#1933,.T.);
#1933 = EDGE_CURVE('',#1926,#1934,#1936,.T.);
#1934 = VERTEX_POINT('',#1935);
#1935 = CARTESIAN_POINT('',(111.35,-53.15,0.));
#1936 = CIRCLE('',#1937,0.75);
#1937 = AXIS2_PLACEMENT_3D('',#1938,#1939,#1940);
#1938 = CARTESIAN_POINT('',(111.35,-53.9,0.));
#1939 = DIRECTION('',(-0.,0.,-1.));
#1940 = DIRECTION('',(0.,1.,0.));
#1941 = ORIENTED_EDGE('',*,*,#1942,.T.);
#1942 = EDGE_CURVE('',#1934,#1915,#1943,.T.);
#1943 = LINE('',#1944,#1945);
#1944 = CARTESIAN_POINT('',(56.325,-53.15,0.));
#1945 = VECTOR('',#1946,1.);
#1946 = DIRECTION('',(1.,0.,-0.));
#1947 = FACE_BOUND('',#1948,.F.);
#1948 = EDGE_LOOP('',(#1949));
#1949 = ORIENTED_EDGE('',*,*,#1950,.T.);
#1950 = EDGE_CURVE('',#1951,#1951,#1953,.T.);
#1951 = VERTEX_POINT('',#1952);
#1952 = CARTESIAN_POINT('',(124.375,-67.62,0.));
#1953 = CIRCLE('',#1954,0.5);
#1954 = AXIS2_PLACEMENT_3D('',#1955,#1956,#1957);
#1955 = CARTESIAN_POINT('',(124.375,-67.12,0.));
#1956 = DIRECTION('',(-0.,0.,-1.));
#1957 = DIRECTION('',(-0.,-1.,0.));
#1958 = FACE_BOUND('',#1959,.F.);
#1959 = EDGE_LOOP('',(#1960));
#1960 = ORIENTED_EDGE('',*,*,#1961,.T.);
#1961 = EDGE_CURVE('',#1962,#1962,#1964,.T.);
#1962 = VERTEX_POINT('',#1963);
#1963 = CARTESIAN_POINT('',(119.,-62.5,0.));
#1964 = CIRCLE('',#1965,0.5);
#1965 = AXIS2_PLACEMENT_3D('',#1966,#1967,#1968);
#1966 = CARTESIAN_POINT('',(119.,-62.,0.));
#1967 = DIRECTION('',(-0.,0.,-1.));
#1968 = DIRECTION('',(-0.,-1.,0.));
#1969 = FACE_BOUND('',#1970,.F.);
#1970 = EDGE_LOOP('',(#1971));
#1971 = ORIENTED_EDGE('',*,*,#1972,.T.);
#1972 = EDGE_CURVE('',#1973,#1973,#1975,.T.);
#1973 = VERTEX_POINT('',#1974);
#1974 = CARTESIAN_POINT('',(124.375,-65.08,0.));
#1975 = CIRCLE('',#1976,0.5);
#1976 = AXIS2_PLACEMENT_3D('',#1977,#1978,#1979);
#1977 = CARTESIAN_POINT('',(124.375,-64.58,0.));
#1978 = DIRECTION('',(-0.,0.,-1.));
#1979 = DIRECTION('',(-0.,-1.,0.));
#1980 = FACE_BOUND('',#1981,.F.);
#1981 = EDGE_LOOP('',(#1982));
#1982 = ORIENTED_EDGE('',*,*,#1983,.T.);
#1983 = EDGE_CURVE('',#1984,#1984,#1986,.T.);
#1984 = VERTEX_POINT('',#1985);
#1985 = CARTESIAN_POINT('',(124.375,-62.54,0.));
#1986 = CIRCLE('',#1987,0.5);
#1987 = AXIS2_PLACEMENT_3D('',#1988,#1989,#1990);
#1988 = CARTESIAN_POINT('',(124.375,-62.04,0.));
#1989 = DIRECTION('',(-0.,0.,-1.));
#1990 = DIRECTION('',(-0.,-1.,0.));
#1991 = FACE_BOUND('',#1992,.F.);
#1992 = EDGE_LOOP('',(#1993));
#1993 = ORIENTED_EDGE('',*,*,#1994,.T.);
#1994 = EDGE_CURVE('',#1995,#1995,#1997,.T.);
#1995 = VERTEX_POINT('',#1996);
#1996 = CARTESIAN_POINT('',(119.,-57.5,0.));
#1997 = CIRCLE('',#1998,0.5);
#1998 = AXIS2_PLACEMENT_3D('',#1999,#2000,#2001);
#1999 = CARTESIAN_POINT('',(119.,-57.,0.));
#2000 = DIRECTION('',(-0.,0.,-1.));
#2001 = DIRECTION('',(-0.,-1.,0.));
#2002 = FACE_BOUND('',#2003,.F.);
#2003 = EDGE_LOOP('',(#2004));
#2004 = ORIENTED_EDGE('',*,*,#2005,.T.);
#2005 = EDGE_CURVE('',#2006,#2006,#2008,.T.);
#2006 = VERTEX_POINT('',#2007);
#2007 = CARTESIAN_POINT('',(124.375,-60.,0.));
#2008 = CIRCLE('',#2009,0.5);
#2009 = AXIS2_PLACEMENT_3D('',#2010,#2011,#2012);
#2010 = CARTESIAN_POINT('',(124.375,-59.5,0.));
#2011 = DIRECTION('',(-0.,0.,-1.));
#2012 = DIRECTION('',(-0.,-1.,0.));
#2013 = FACE_BOUND('',#2014,.F.);
#2014 = EDGE_LOOP('',(#2015));
#2015 = ORIENTED_EDGE('',*,*,#2016,.T.);
#2016 = EDGE_CURVE('',#2017,#2017,#2019,.T.);
#2017 = VERTEX_POINT('',#2018);
#2018 = CARTESIAN_POINT('',(124.375,-57.46,0.));
#2019 = CIRCLE('',#2020,0.5);
#2020 = AXIS2_PLACEMENT_3D('',#2021,#2022,#2023);
#2021 = CARTESIAN_POINT('',(124.375,-56.96,0.));
#2022 = DIRECTION('',(-0.,0.,-1.));
#2023 = DIRECTION('',(-0.,-1.,0.));
#2024 = FACE_BOUND('',#2025,.F.);
#2025 = EDGE_LOOP('',(#2026));
#2026 = ORIENTED_EDGE('',*,*,#2027,.T.);
#2027 = EDGE_CURVE('',#2028,#2028,#2030,.T.);
#2028 = VERTEX_POINT('',#2029);
#2029 = CARTESIAN_POINT('',(124.375,-54.92,0.));
#2030 = CIRCLE('',#2031,0.5);
#2031 = AXIS2_PLACEMENT_3D('',#2032,#2033,#2034);
#2032 = CARTESIAN_POINT('',(124.375,-54.42,0.));
#2033 = DIRECTION('',(-0.,0.,-1.));
#2034 = DIRECTION('',(-0.,-1.,0.));
#2035 = FACE_BOUND('',#2036,.F.);
#2036 = EDGE_LOOP('',(#2037));
#2037 = ORIENTED_EDGE('',*,*,#2038,.T.);
#2038 = EDGE_CURVE('',#2039,#2039,#2041,.T.);
#2039 = VERTEX_POINT('',#2040);
#2040 = CARTESIAN_POINT('',(124.375,-52.38,0.));
#2041 = CIRCLE('',#2042,0.5);
#2042 = AXIS2_PLACEMENT_3D('',#2043,#2044,#2045);
#2043 = CARTESIAN_POINT('',(124.375,-51.88,0.));
#2044 = DIRECTION('',(-0.,0.,-1.));
#2045 = DIRECTION('',(-0.,-1.,0.));
#2046 = FACE_BOUND('',#2047,.F.);
#2047 = EDGE_LOOP('',(#2048));
#2048 = ORIENTED_EDGE('',*,*,#2049,.T.);
#2049 = EDGE_CURVE('',#2050,#2050,#2052,.T.);
#2050 = VERTEX_POINT('',#2051);
#2051 = CARTESIAN_POINT('',(135.62,-89.4,0.));
#2052 = CIRCLE('',#2053,0.4);
#2053 = AXIS2_PLACEMENT_3D('',#2054,#2055,#2056);
#2054 = CARTESIAN_POINT('',(135.62,-89.,0.));
#2055 = DIRECTION('',(-0.,0.,-1.));
#2056 = DIRECTION('',(-0.,-1.,0.));
#2057 = FACE_BOUND('',#2058,.F.);
#2058 = EDGE_LOOP('',(#2059));
#2059 = ORIENTED_EDGE('',*,*,#2060,.T.);
#2060 = EDGE_CURVE('',#2061,#2061,#2063,.T.);
#2061 = VERTEX_POINT('',#2062);
#2062 = CARTESIAN_POINT('',(135.85,-82.71,0.));
#2063 = CIRCLE('',#2064,0.75);
#2064 = AXIS2_PLACEMENT_3D('',#2065,#2066,#2067);
#2065 = CARTESIAN_POINT('',(135.85,-81.96,0.));
#2066 = DIRECTION('',(-0.,0.,-1.));
#2067 = DIRECTION('',(-0.,-1.,0.));
#2068 = FACE_BOUND('',#2069,.F.);
#2069 = EDGE_LOOP('',(#2070));
#2070 = ORIENTED_EDGE('',*,*,#2071,.T.);
#2071 = EDGE_CURVE('',#2072,#2072,#2074,.T.);
#2072 = VERTEX_POINT('',#2073);
#2073 = CARTESIAN_POINT('',(132.04,-81.42,0.));
#2074 = CIRCLE('',#2075,2.);
#2075 = AXIS2_PLACEMENT_3D('',#2076,#2077,#2078);
#2076 = CARTESIAN_POINT('',(132.04,-79.42,0.));
#2077 = DIRECTION('',(-0.,0.,-1.));
#2078 = DIRECTION('',(-0.,-1.,0.));
#2079 = FACE_BOUND('',#2080,.F.);
#2080 = EDGE_LOOP('',(#2081));
#2081 = ORIENTED_EDGE('',*,*,#2082,.T.);
#2082 = EDGE_CURVE('',#2083,#2083,#2085,.T.);
#2083 = VERTEX_POINT('',#2084);
#2084 = CARTESIAN_POINT('',(137.12,-80.27,0.));
#2085 = CIRCLE('',#2086,0.85);
#2086 = AXIS2_PLACEMENT_3D('',#2087,#2088,#2089);
#2087 = CARTESIAN_POINT('',(137.12,-79.42,0.));
#2088 = DIRECTION('',(-0.,0.,-1.));
#2089 = DIRECTION('',(-0.,-1.,0.));
#2090 = FACE_BOUND('',#2091,.F.);
#2091 = EDGE_LOOP('',(#2092,#2103,#2112,#2120,#2129,#2138,#2147,#2155,
    #2164,#2173,#2182,#2190,#2199,#2208,#2217,#2225));
#2092 = ORIENTED_EDGE('',*,*,#2093,.F.);
#2093 = EDGE_CURVE('',#2094,#2096,#2098,.T.);
#2094 = VERTEX_POINT('',#2095);
#2095 = CARTESIAN_POINT('',(130.953289,-73.031701,0.));
#2096 = VERTEX_POINT('',#2097);
#2097 = CARTESIAN_POINT('',(130.250516,-73.68028,0.));
#2098 = CIRCLE('',#2099,0.499999729127);
#2099 = AXIS2_PLACEMENT_3D('',#2100,#2101,#2102);
#2100 = CARTESIAN_POINT('',(130.70103074567,-73.46340170911,0.));
#2101 = DIRECTION('',(0.,0.,1.));
#2102 = DIRECTION('',(0.504516781969,0.863401885979,-0.));
#2103 = ORIENTED_EDGE('',*,*,#2104,.F.);
#2104 = EDGE_CURVE('',#2105,#2094,#2107,.T.);
#2105 = VERTEX_POINT('',#2106);
#2106 = CARTESIAN_POINT('',(131.205548,-73.100001,0.));
#2107 = CIRCLE('',#2108,0.50002311711);
#2108 = AXIS2_PLACEMENT_3D('',#2109,#2110,#2111);
#2109 = CARTESIAN_POINT('',(131.20555526378,-72.59997788294,0.));
#2110 = DIRECTION('',(0.,0.,-1.));
#2111 = DIRECTION('',(-1.452689328924E-05,-0.999999999894,-0.));
#2112 = ORIENTED_EDGE('',*,*,#2113,.F.);
#2113 = EDGE_CURVE('',#2114,#2105,#2116,.T.);
#2114 = VERTEX_POINT('',#2115);
#2115 = CARTESIAN_POINT('',(132.794453,-73.100001,0.));
#2116 = LINE('',#2117,#2118);
#2117 = CARTESIAN_POINT('',(132.794453,-73.100001,0.));
#2118 = VECTOR('',#2119,1.);
#2119 = DIRECTION('',(-1.,0.,0.));
#2120 = ORIENTED_EDGE('',*,*,#2121,.F.);
#2121 = EDGE_CURVE('',#2122,#2114,#2124,.T.);
#2122 = VERTEX_POINT('',#2123);
#2123 = CARTESIAN_POINT('',(133.046711,-73.031702,0.));
#2124 = CIRCLE('',#2125,0.500008729288);
#2125 = AXIS2_PLACEMENT_3D('',#2126,#2127,#2128);
#2126 = CARTESIAN_POINT('',(132.79445034312,-72.59999227071,0.));
#2127 = DIRECTION('',(0.,0.,-1.));
#2128 = DIRECTION('',(0.504512505685,-0.863404384751,0.));
#2129 = ORIENTED_EDGE('',*,*,#2130,.F.);
#2130 = EDGE_CURVE('',#2131,#2122,#2133,.T.);
#2131 = VERTEX_POINT('',#2132);
#2132 = CARTESIAN_POINT('',(133.749484,-73.68028,0.));
#2133 = CIRCLE('',#2134,0.4999991191);
#2134 = AXIS2_PLACEMENT_3D('',#2135,#2136,#2137);
#2135 = CARTESIAN_POINT('',(133.29896999978,-73.46340156697,0.));
#2136 = DIRECTION('',(0.,0.,1.));
#2137 = DIRECTION('',(0.901029587867,-0.433757630236,0.));
#2138 = ORIENTED_EDGE('',*,*,#2139,.F.);
#2139 = EDGE_CURVE('',#2140,#2131,#2142,.T.);
#2140 = VERTEX_POINT('',#2141);
#2141 = CARTESIAN_POINT('',(133.699999,-73.897157,0.));
#2142 = CIRCLE('',#2143,0.500027821847);
#2143 = AXIS2_PLACEMENT_3D('',#2144,#2145,#2146);
#2144 = CARTESIAN_POINT('',(134.20002682178,-73.89716473518,0.));
#2145 = DIRECTION('',(0.,0.,-1.));
#2146 = DIRECTION('',(-0.99999999988,1.546951321432E-05,0.));
#2147 = ORIENTED_EDGE('',*,*,#2148,.F.);
#2148 = EDGE_CURVE('',#2149,#2140,#2151,.T.);
#2149 = VERTEX_POINT('',#2150);
#2150 = CARTESIAN_POINT('',(133.699999,-75.302842,0.));
#2151 = LINE('',#2152,#2153);
#2152 = CARTESIAN_POINT('',(133.699999,-75.302842,0.));
#2153 = VECTOR('',#2154,1.);
#2154 = DIRECTION('',(0.,1.,0.));
#2155 = ORIENTED_EDGE('',*,*,#2156,.F.);
#2156 = EDGE_CURVE('',#2157,#2149,#2159,.T.);
#2157 = VERTEX_POINT('',#2158);
#2158 = CARTESIAN_POINT('',(133.749484,-75.519719,0.));
#2159 = CIRCLE('',#2160,0.49966931686);
#2160 = AXIS2_PLACEMENT_3D('',#2161,#2162,#2163);
#2161 = CARTESIAN_POINT('',(134.19966831137,-75.30291606642,0.));
#2162 = DIRECTION('',(0.,0.,-1.));
#2163 = DIRECTION('',(-0.900964490274,-0.433892829239,-0.));
#2164 = ORIENTED_EDGE('',*,*,#2165,.F.);
#2165 = EDGE_CURVE('',#2166,#2157,#2168,.T.);
#2166 = VERTEX_POINT('',#2167);
#2167 = CARTESIAN_POINT('',(133.046711,-76.168299,0.));
#2168 = CIRCLE('',#2169,0.499999755443);
#2169 = AXIS2_PLACEMENT_3D('',#2170,#2171,#2172);
#2170 = CARTESIAN_POINT('',(133.29896986309,-75.73659861613,0.));
#2171 = DIRECTION('',(0.,0.,1.));
#2172 = DIRECTION('',(-0.504517972959,-0.863401190039,0.));
#2173 = ORIENTED_EDGE('',*,*,#2174,.F.);
#2174 = EDGE_CURVE('',#2175,#2166,#2177,.T.);
#2175 = VERTEX_POINT('',#2176);
#2176 = CARTESIAN_POINT('',(132.794452,-76.1,0.));
#2177 = CIRCLE('',#2178,0.500008729226);
#2178 = AXIS2_PLACEMENT_3D('',#2179,#2180,#2181);
#2179 = CARTESIAN_POINT('',(132.79445034314,-76.60000872922,0.));
#2180 = DIRECTION('',(0.,0.,-1.));
#2181 = DIRECTION('',(3.313649373872E-06,0.999999999995,0.));
#2182 = ORIENTED_EDGE('',*,*,#2183,.F.);
#2183 = EDGE_CURVE('',#2184,#2175,#2186,.T.);
#2184 = VERTEX_POINT('',#2185);
#2185 = CARTESIAN_POINT('',(131.205548,-76.1,0.));
#2186 = LINE('',#2187,#2188);
#2187 = CARTESIAN_POINT('',(131.205548,-76.1,0.));
#2188 = VECTOR('',#2189,1.);
#2189 = DIRECTION('',(1.,0.,0.));
#2190 = ORIENTED_EDGE('',*,*,#2191,.F.);
#2191 = EDGE_CURVE('',#2192,#2184,#2194,.T.);
#2192 = VERTEX_POINT('',#2193);
#2193 = CARTESIAN_POINT('',(130.953289,-76.168297,0.));
#2194 = CIRCLE('',#2195,0.500040834725);
#2195 = AXIS2_PLACEMENT_3D('',#2196,#2197,#2198);
#2196 = CARTESIAN_POINT('',(131.20555492637,-76.60004083467,0.));
#2197 = DIRECTION('',(0.,0.,-1.));
#2198 = DIRECTION('',(-0.50449065128,0.86341715455,0.));
#2199 = ORIENTED_EDGE('',*,*,#2200,.F.);
#2200 = EDGE_CURVE('',#2201,#2192,#2203,.T.);
#2201 = VERTEX_POINT('',#2202);
#2202 = CARTESIAN_POINT('',(130.250516,-75.51972,0.));
#2203 = CIRCLE('',#2204,0.499999092786);
#2204 = AXIS2_PLACEMENT_3D('',#2205,#2206,#2207);
#2205 = CARTESIAN_POINT('',(130.70103060898,-75.73659710777,0.));
#2206 = DIRECTION('',(0.,0.,1.));
#2207 = DIRECTION('',(-0.901030852831,0.43375500256,0.));
#2208 = ORIENTED_EDGE('',*,*,#2209,.F.);
#2209 = EDGE_CURVE('',#2210,#2201,#2212,.T.);
#2210 = VERTEX_POINT('',#2211);
#2211 = CARTESIAN_POINT('',(130.300001,-75.302842,0.));
#2212 = CIRCLE('',#2213,0.499989885034);
#2213 = AXIS2_PLACEMENT_3D('',#2214,#2215,#2216);
#2214 = CARTESIAN_POINT('',(129.80001111496,-75.30284392086,0.));
#2215 = DIRECTION('',(0.,0.,-1.));
#2216 = DIRECTION('',(0.999999999993,3.841811363674E-06,0.));
#2217 = ORIENTED_EDGE('',*,*,#2218,.F.);
#2218 = EDGE_CURVE('',#2219,#2210,#2221,.T.);
#2219 = VERTEX_POINT('',#2220);
#2220 = CARTESIAN_POINT('',(130.300001,-73.897158,0.));
#2221 = LINE('',#2222,#2223);
#2222 = CARTESIAN_POINT('',(130.300001,-73.897158,0.));
#2223 = VECTOR('',#2224,1.);
#2224 = DIRECTION('',(0.,-1.,0.));
#2225 = ORIENTED_EDGE('',*,*,#2226,.F.);
#2226 = EDGE_CURVE('',#2096,#2219,#2227,.T.);
#2227 = CIRCLE('',#2228,0.499989885034);
#2228 = AXIS2_PLACEMENT_3D('',#2229,#2230,#2231);
#2229 = CARTESIAN_POINT('',(129.80001111496,-73.89715607913,0.));
#2230 = DIRECTION('',(0.,0.,-1.));
#2231 = DIRECTION('',(0.901027997796,0.43376093322,0.));
#2232 = FACE_BOUND('',#2233,.F.);
#2233 = EDGE_LOOP('',(#2234));
#2234 = ORIENTED_EDGE('',*,*,#2235,.T.);
#2235 = EDGE_CURVE('',#2236,#2236,#2238,.T.);
#2236 = VERTEX_POINT('',#2237);
#2237 = CARTESIAN_POINT('',(147.,-89.4,0.));
#2238 = CIRCLE('',#2239,0.4);
#2239 = AXIS2_PLACEMENT_3D('',#2240,#2241,#2242);
#2240 = CARTESIAN_POINT('',(147.,-89.,0.));
#2241 = DIRECTION('',(-0.,0.,-1.));
#2242 = DIRECTION('',(-0.,-1.,0.));
#2243 = FACE_BOUND('',#2244,.F.);
#2244 = EDGE_LOOP('',(#2245));
#2245 = ORIENTED_EDGE('',*,*,#2246,.T.);
#2246 = EDGE_CURVE('',#2247,#2247,#2249,.T.);
#2247 = VERTEX_POINT('',#2248);
#2248 = CARTESIAN_POINT('',(148.5,-85.25,0.));
#2249 = CIRCLE('',#2250,0.75);
#2250 = AXIS2_PLACEMENT_3D('',#2251,#2252,#2253);
#2251 = CARTESIAN_POINT('',(148.5,-84.5,0.));
#2252 = DIRECTION('',(-0.,0.,-1.));
#2253 = DIRECTION('',(-0.,-1.,0.));
#2254 = FACE_BOUND('',#2255,.F.);
#2255 = EDGE_LOOP('',(#2256));
#2256 = ORIENTED_EDGE('',*,*,#2257,.T.);
#2257 = EDGE_CURVE('',#2258,#2258,#2260,.T.);
#2258 = VERTEX_POINT('',#2259);
#2259 = CARTESIAN_POINT('',(154.62,-89.4,0.));
#2260 = CIRCLE('',#2261,0.4);
#2261 = AXIS2_PLACEMENT_3D('',#2262,#2263,#2264);
#2262 = CARTESIAN_POINT('',(154.62,-89.,0.));
#2263 = DIRECTION('',(-0.,0.,-1.));
#2264 = DIRECTION('',(-0.,-1.,0.));
#2265 = FACE_BOUND('',#2266,.F.);
#2266 = EDGE_LOOP('',(#2267));
#2267 = ORIENTED_EDGE('',*,*,#2268,.T.);
#2268 = EDGE_CURVE('',#2269,#2269,#2271,.T.);
#2269 = VERTEX_POINT('',#2270);
#2270 = CARTESIAN_POINT('',(154.85,-82.71,0.));
#2271 = CIRCLE('',#2272,0.75);
#2272 = AXIS2_PLACEMENT_3D('',#2273,#2274,#2275);
#2273 = CARTESIAN_POINT('',(154.85,-81.96,0.));
#2274 = DIRECTION('',(-0.,0.,-1.));
#2275 = DIRECTION('',(-0.,-1.,0.));
#2276 = FACE_BOUND('',#2277,.F.);
#2277 = EDGE_LOOP('',(#2278));
#2278 = ORIENTED_EDGE('',*,*,#2279,.T.);
#2279 = EDGE_CURVE('',#2280,#2280,#2282,.T.);
#2280 = VERTEX_POINT('',#2281);
#2281 = CARTESIAN_POINT('',(145.96,-80.27,0.));
#2282 = CIRCLE('',#2283,0.85);
#2283 = AXIS2_PLACEMENT_3D('',#2284,#2285,#2286);
#2284 = CARTESIAN_POINT('',(145.96,-79.42,0.));
#2285 = DIRECTION('',(-0.,0.,-1.));
#2286 = DIRECTION('',(-0.,-1.,0.));
#2287 = FACE_BOUND('',#2288,.F.);
#2288 = EDGE_LOOP('',(#2289));
#2289 = ORIENTED_EDGE('',*,*,#2290,.T.);
#2290 = EDGE_CURVE('',#2291,#2291,#2293,.T.);
#2291 = VERTEX_POINT('',#2292);
#2292 = CARTESIAN_POINT('',(151.04,-81.42,0.));
#2293 = CIRCLE('',#2294,2.);
#2294 = AXIS2_PLACEMENT_3D('',#2295,#2296,#2297);
#2295 = CARTESIAN_POINT('',(151.04,-79.42,0.));
#2296 = DIRECTION('',(-0.,0.,-1.));
#2297 = DIRECTION('',(-0.,-1.,0.));
#2298 = FACE_BOUND('',#2299,.F.);
#2299 = EDGE_LOOP('',(#2300,#2311,#2320,#2328,#2337,#2346,#2355,#2363,
    #2372,#2381,#2390,#2398,#2407,#2416,#2425,#2433));
#2300 = ORIENTED_EDGE('',*,*,#2301,.F.);
#2301 = EDGE_CURVE('',#2302,#2304,#2306,.T.);
#2302 = VERTEX_POINT('',#2303);
#2303 = CARTESIAN_POINT('',(152.749484,-73.68028,0.));
#2304 = VERTEX_POINT('',#2305);
#2305 = CARTESIAN_POINT('',(152.046711,-73.031702,0.));
#2306 = CIRCLE('',#2307,0.4999991191);
#2307 = AXIS2_PLACEMENT_3D('',#2308,#2309,#2310);
#2308 = CARTESIAN_POINT('',(152.29896999978,-73.46340156697,0.));
#2309 = DIRECTION('',(0.,0.,1.));
#2310 = DIRECTION('',(0.901029587867,-0.433757630236,0.));
#2311 = ORIENTED_EDGE('',*,*,#2312,.F.);
#2312 = EDGE_CURVE('',#2313,#2302,#2315,.T.);
#2313 = VERTEX_POINT('',#2314);
#2314 = CARTESIAN_POINT('',(152.699999,-73.897157,0.));
#2315 = CIRCLE('',#2316,0.500027821847);
#2316 = AXIS2_PLACEMENT_3D('',#2317,#2318,#2319);
#2317 = CARTESIAN_POINT('',(153.20002682178,-73.89716473518,0.));
#2318 = DIRECTION('',(0.,0.,-1.));
#2319 = DIRECTION('',(-0.99999999988,1.546951321432E-05,0.));
#2320 = ORIENTED_EDGE('',*,*,#2321,.F.);
#2321 = EDGE_CURVE('',#2322,#2313,#2324,.T.);
#2322 = VERTEX_POINT('',#2323);
#2323 = CARTESIAN_POINT('',(152.699999,-75.302842,0.));
#2324 = LINE('',#2325,#2326);
#2325 = CARTESIAN_POINT('',(152.699999,-75.302842,0.));
#2326 = VECTOR('',#2327,1.);
#2327 = DIRECTION('',(0.,1.,0.));
#2328 = ORIENTED_EDGE('',*,*,#2329,.F.);
#2329 = EDGE_CURVE('',#2330,#2322,#2332,.T.);
#2330 = VERTEX_POINT('',#2331);
#2331 = CARTESIAN_POINT('',(152.749484,-75.51972,0.));
#2332 = CIRCLE('',#2333,0.499677963726);
#2333 = AXIS2_PLACEMENT_3D('',#2334,#2335,#2336);
#2334 = CARTESIAN_POINT('',(153.19967695838,-75.30291509309,0.));
#2335 = DIRECTION('',(0.,0.,-1.));
#2336 = DIRECTION('',(-0.900966204359,-0.43388926998,-0.));
#2337 = ORIENTED_EDGE('',*,*,#2338,.F.);
#2338 = EDGE_CURVE('',#2339,#2330,#2341,.T.);
#2339 = VERTEX_POINT('',#2340);
#2340 = CARTESIAN_POINT('',(152.046711,-76.168299,0.));
#2341 = CIRCLE('',#2342,0.499999448976);
#2342 = AXIS2_PLACEMENT_3D('',#2343,#2344,#2345);
#2343 = CARTESIAN_POINT('',(152.29896990428,-75.73659899515,0.));
#2344 = DIRECTION('',(0.,0.,1.));
#2345 = DIRECTION('',(-0.504518364574,-0.863400961204,0.));
#2346 = ORIENTED_EDGE('',*,*,#2347,.F.);
#2347 = EDGE_CURVE('',#2348,#2339,#2350,.T.);
#2348 = VERTEX_POINT('',#2349);
#2349 = CARTESIAN_POINT('',(151.794452,-76.1,0.));
#2350 = CIRCLE('',#2351,0.500008729226);
#2351 = AXIS2_PLACEMENT_3D('',#2352,#2353,#2354);
#2352 = CARTESIAN_POINT('',(151.79445034314,-76.60000872922,0.));
#2353 = DIRECTION('',(0.,0.,-1.));
#2354 = DIRECTION('',(3.313649373872E-06,0.999999999995,0.));
#2355 = ORIENTED_EDGE('',*,*,#2356,.F.);
#2356 = EDGE_CURVE('',#2357,#2348,#2359,.T.);
#2357 = VERTEX_POINT('',#2358);
#2358 = CARTESIAN_POINT('',(150.205548,-76.1,0.));
#2359 = LINE('',#2360,#2361);
#2360 = CARTESIAN_POINT('',(150.205548,-76.1,0.));
#2361 = VECTOR('',#2362,1.);
#2362 = DIRECTION('',(1.,0.,0.));
#2363 = ORIENTED_EDGE('',*,*,#2364,.F.);
#2364 = EDGE_CURVE('',#2365,#2357,#2367,.T.);
#2365 = VERTEX_POINT('',#2366);
#2366 = CARTESIAN_POINT('',(149.95329,-76.168299,0.));
#2367 = CIRCLE('',#2368,0.500008729288);
#2368 = AXIS2_PLACEMENT_3D('',#2369,#2370,#2371);
#2369 = CARTESIAN_POINT('',(150.20555065687,-76.60000872928,0.));
#2370 = DIRECTION('',(0.,0.,-1.));
#2371 = DIRECTION('',(-0.504512505685,0.863404384751,0.));
#2372 = ORIENTED_EDGE('',*,*,#2373,.F.);
#2373 = EDGE_CURVE('',#2374,#2365,#2376,.T.);
#2374 = VERTEX_POINT('',#2375);
#2375 = CARTESIAN_POINT('',(149.250516,-75.51972,0.));
#2376 = CIRCLE('',#2377,0.500000669307);
#2377 = AXIS2_PLACEMENT_3D('',#2378,#2379,#2380);
#2378 = CARTESIAN_POINT('',(149.7010325355,-75.73659674043,0.));
#2379 = DIRECTION('',(0.,0.,1.));
#2380 = DIRECTION('',(-0.901031864884,0.433752900236,0.));
#2381 = ORIENTED_EDGE('',*,*,#2382,.F.);
#2382 = EDGE_CURVE('',#2383,#2374,#2385,.T.);
#2383 = VERTEX_POINT('',#2384);
#2384 = CARTESIAN_POINT('',(149.300001,-75.302842,0.));
#2385 = CIRCLE('',#2386,0.499989885034);
#2386 = AXIS2_PLACEMENT_3D('',#2387,#2388,#2389);
#2387 = CARTESIAN_POINT('',(148.80001111496,-75.30284392086,0.));
#2388 = DIRECTION('',(0.,0.,-1.));
#2389 = DIRECTION('',(0.999999999993,3.841811363674E-06,0.));
#2390 = ORIENTED_EDGE('',*,*,#2391,.F.);
#2391 = EDGE_CURVE('',#2392,#2383,#2394,.T.);
#2392 = VERTEX_POINT('',#2393);
#2393 = CARTESIAN_POINT('',(149.300001,-73.897158,0.));
#2394 = LINE('',#2395,#2396);
#2395 = CARTESIAN_POINT('',(149.300001,-73.897158,0.));
#2396 = VECTOR('',#2397,1.);
#2397 = DIRECTION('',(0.,-1.,0.));
#2398 = ORIENTED_EDGE('',*,*,#2399,.F.);
#2399 = EDGE_CURVE('',#2400,#2392,#2402,.T.);
#2400 = VERTEX_POINT('',#2401);
#2401 = CARTESIAN_POINT('',(149.250516,-73.68028,0.));
#2402 = CIRCLE('',#2403,0.499989885034);
#2403 = AXIS2_PLACEMENT_3D('',#2404,#2405,#2406);
#2404 = CARTESIAN_POINT('',(148.80001111496,-73.89715607913,0.));
#2405 = DIRECTION('',(0.,0.,-1.));
#2406 = DIRECTION('',(0.901027997796,0.43376093322,0.));
#2407 = ORIENTED_EDGE('',*,*,#2408,.F.);
#2408 = EDGE_CURVE('',#2409,#2400,#2411,.T.);
#2409 = VERTEX_POINT('',#2410);
#2410 = CARTESIAN_POINT('',(149.953289,-73.031701,0.));
#2411 = CIRCLE('',#2412,0.499999729127);
#2412 = AXIS2_PLACEMENT_3D('',#2413,#2414,#2415);
#2413 = CARTESIAN_POINT('',(149.70103074567,-73.46340170911,0.));
#2414 = DIRECTION('',(0.,0.,1.));
#2415 = DIRECTION('',(0.504516781969,0.863401885979,-0.));
#2416 = ORIENTED_EDGE('',*,*,#2417,.F.);
#2417 = EDGE_CURVE('',#2418,#2409,#2420,.T.);
#2418 = VERTEX_POINT('',#2419);
#2419 = CARTESIAN_POINT('',(150.205547,-73.1,0.));
#2420 = CIRCLE('',#2421,0.500008729288);
#2421 = AXIS2_PLACEMENT_3D('',#2422,#2423,#2424);
#2422 = CARTESIAN_POINT('',(150.20554965687,-72.59999127071,0.));
#2423 = DIRECTION('',(0.,0.,-1.));
#2424 = DIRECTION('',(-5.313662654248E-06,-0.999999999986,-0.));
#2425 = ORIENTED_EDGE('',*,*,#2426,.F.);
#2426 = EDGE_CURVE('',#2427,#2418,#2429,.T.);
#2427 = VERTEX_POINT('',#2428);
#2428 = CARTESIAN_POINT('',(151.794453,-73.100001,0.));
#2429 = LINE('',#2430,#2431);
#2430 = CARTESIAN_POINT('',(151.794453,-73.100001,0.));
#2431 = VECTOR('',#2432,1.);
#2432 = DIRECTION('',(-1.,6.293638589608E-07,0.));
#2433 = ORIENTED_EDGE('',*,*,#2434,.F.);
#2434 = EDGE_CURVE('',#2304,#2427,#2435,.T.);
#2435 = CIRCLE('',#2436,0.500008729288);
#2436 = AXIS2_PLACEMENT_3D('',#2437,#2438,#2439);
#2437 = CARTESIAN_POINT('',(151.79445034312,-72.59999227071,0.));
#2438 = DIRECTION('',(0.,0.,-1.));
#2439 = DIRECTION('',(0.504512505685,-0.863404384751,0.));
#2440 = FACE_BOUND('',#2441,.F.);
#2441 = EDGE_LOOP('',(#2442));
#2442 = ORIENTED_EDGE('',*,*,#2443,.T.);
#2443 = EDGE_CURVE('',#2444,#2444,#2446,.T.);
#2444 = VERTEX_POINT('',#2445);
#2445 = CARTESIAN_POINT('',(156.12,-80.27,0.));
#2446 = CIRCLE('',#2447,0.85);
#2447 = AXIS2_PLACEMENT_3D('',#2448,#2449,#2450);
#2448 = CARTESIAN_POINT('',(156.12,-79.42,0.));
#2449 = DIRECTION('',(-0.,0.,-1.));
#2450 = DIRECTION('',(-0.,-1.,0.));
#2451 = FACE_BOUND('',#2452,.F.);
#2452 = EDGE_LOOP('',(#2453));
#2453 = ORIENTED_EDGE('',*,*,#2454,.T.);
#2454 = EDGE_CURVE('',#2455,#2455,#2457,.T.);
#2455 = VERTEX_POINT('',#2456);
#2456 = CARTESIAN_POINT('',(139.625,-67.62,0.));
#2457 = CIRCLE('',#2458,0.5);
#2458 = AXIS2_PLACEMENT_3D('',#2459,#2460,#2461);
#2459 = CARTESIAN_POINT('',(139.625,-67.12,0.));
#2460 = DIRECTION('',(-0.,0.,-1.));
#2461 = DIRECTION('',(-0.,-1.,0.));
#2462 = FACE_BOUND('',#2463,.F.);
#2463 = EDGE_LOOP('',(#2464));
#2464 = ORIENTED_EDGE('',*,*,#2465,.T.);
#2465 = EDGE_CURVE('',#2466,#2466,#2468,.T.);
#2466 = VERTEX_POINT('',#2467);
#2467 = CARTESIAN_POINT('',(139.625,-65.08,0.));
#2468 = CIRCLE('',#2469,0.5);
#2469 = AXIS2_PLACEMENT_3D('',#2470,#2471,#2472);
#2470 = CARTESIAN_POINT('',(139.625,-64.58,0.));
#2471 = DIRECTION('',(-0.,0.,-1.));
#2472 = DIRECTION('',(-0.,-1.,0.));
#2473 = FACE_BOUND('',#2474,.F.);
#2474 = EDGE_LOOP('',(#2475));
#2475 = ORIENTED_EDGE('',*,*,#2476,.T.);
#2476 = EDGE_CURVE('',#2477,#2477,#2479,.T.);
#2477 = VERTEX_POINT('',#2478);
#2478 = CARTESIAN_POINT('',(139.625,-62.54,0.));
#2479 = CIRCLE('',#2480,0.5);
#2480 = AXIS2_PLACEMENT_3D('',#2481,#2482,#2483);
#2481 = CARTESIAN_POINT('',(139.625,-62.04,0.));
#2482 = DIRECTION('',(-0.,0.,-1.));
#2483 = DIRECTION('',(-0.,-1.,0.));
#2484 = FACE_BOUND('',#2485,.F.);
#2485 = EDGE_LOOP('',(#2486));
#2486 = ORIENTED_EDGE('',*,*,#2487,.T.);
#2487 = EDGE_CURVE('',#2488,#2488,#2490,.T.);
#2488 = VERTEX_POINT('',#2489);
#2489 = CARTESIAN_POINT('',(144.5,-62.5,0.));
#2490 = CIRCLE('',#2491,0.5);
#2491 = AXIS2_PLACEMENT_3D('',#2492,#2493,#2494);
#2492 = CARTESIAN_POINT('',(144.5,-62.,0.));
#2493 = DIRECTION('',(-0.,0.,-1.));
#2494 = DIRECTION('',(-0.,-1.,0.));
#2495 = FACE_BOUND('',#2496,.F.);
#2496 = EDGE_LOOP('',(#2497));
#2497 = ORIENTED_EDGE('',*,*,#2498,.T.);
#2498 = EDGE_CURVE('',#2499,#2499,#2501,.T.);
#2499 = VERTEX_POINT('',#2500);
#2500 = CARTESIAN_POINT('',(139.625,-60.,0.));
#2501 = CIRCLE('',#2502,0.5);
#2502 = AXIS2_PLACEMENT_3D('',#2503,#2504,#2505);
#2503 = CARTESIAN_POINT('',(139.625,-59.5,0.));
#2504 = DIRECTION('',(-0.,0.,-1.));
#2505 = DIRECTION('',(-0.,-1.,0.));
#2506 = FACE_BOUND('',#2507,.F.);
#2507 = EDGE_LOOP('',(#2508));
#2508 = ORIENTED_EDGE('',*,*,#2509,.T.);
#2509 = EDGE_CURVE('',#2510,#2510,#2512,.T.);
#2510 = VERTEX_POINT('',#2511);
#2511 = CARTESIAN_POINT('',(139.625,-57.46,0.));
#2512 = CIRCLE('',#2513,0.5);
#2513 = AXIS2_PLACEMENT_3D('',#2514,#2515,#2516);
#2514 = CARTESIAN_POINT('',(139.625,-56.96,0.));
#2515 = DIRECTION('',(-0.,0.,-1.));
#2516 = DIRECTION('',(-0.,-1.,0.));
#2517 = FACE_BOUND('',#2518,.F.);
#2518 = EDGE_LOOP('',(#2519));
#2519 = ORIENTED_EDGE('',*,*,#2520,.T.);
#2520 = EDGE_CURVE('',#2521,#2521,#2523,.T.);
#2521 = VERTEX_POINT('',#2522);
#2522 = CARTESIAN_POINT('',(144.5,-60.,0.));
#2523 = CIRCLE('',#2524,0.5);
#2524 = AXIS2_PLACEMENT_3D('',#2525,#2526,#2527);
#2525 = CARTESIAN_POINT('',(144.5,-59.5,0.));
#2526 = DIRECTION('',(-0.,0.,-1.));
#2527 = DIRECTION('',(-0.,-1.,0.));
#2528 = FACE_BOUND('',#2529,.F.);
#2529 = EDGE_LOOP('',(#2530));
#2530 = ORIENTED_EDGE('',*,*,#2531,.T.);
#2531 = EDGE_CURVE('',#2532,#2532,#2534,.T.);
#2532 = VERTEX_POINT('',#2533);
#2533 = CARTESIAN_POINT('',(144.5,-57.5,0.));
#2534 = CIRCLE('',#2535,0.5);
#2535 = AXIS2_PLACEMENT_3D('',#2536,#2537,#2538);
#2536 = CARTESIAN_POINT('',(144.5,-57.,0.));
#2537 = DIRECTION('',(-0.,0.,-1.));
#2538 = DIRECTION('',(-0.,-1.,0.));
#2539 = FACE_BOUND('',#2540,.F.);
#2540 = EDGE_LOOP('',(#2541));
#2541 = ORIENTED_EDGE('',*,*,#2542,.T.);
#2542 = EDGE_CURVE('',#2543,#2543,#2545,.T.);
#2543 = VERTEX_POINT('',#2544);
#2544 = CARTESIAN_POINT('',(139.625,-54.92,0.));
#2545 = CIRCLE('',#2546,0.5);
#2546 = AXIS2_PLACEMENT_3D('',#2547,#2548,#2549);
#2547 = CARTESIAN_POINT('',(139.625,-54.42,0.));
#2548 = DIRECTION('',(-0.,0.,-1.));
#2549 = DIRECTION('',(-0.,-1.,0.));
#2550 = FACE_BOUND('',#2551,.F.);
#2551 = EDGE_LOOP('',(#2552));
#2552 = ORIENTED_EDGE('',*,*,#2553,.T.);
#2553 = EDGE_CURVE('',#2554,#2554,#2556,.T.);
#2554 = VERTEX_POINT('',#2555);
#2555 = CARTESIAN_POINT('',(139.625,-52.38,0.));
#2556 = CIRCLE('',#2557,0.5);
#2557 = AXIS2_PLACEMENT_3D('',#2558,#2559,#2560);
#2558 = CARTESIAN_POINT('',(139.625,-51.88,0.));
#2559 = DIRECTION('',(-0.,0.,-1.));
#2560 = DIRECTION('',(-0.,-1.,0.));
#2561 = FACE_BOUND('',#2562,.F.);
#2562 = EDGE_LOOP('',(#2563));
#2563 = ORIENTED_EDGE('',*,*,#2564,.T.);
#2564 = EDGE_CURVE('',#2565,#2565,#2567,.T.);
#2565 = VERTEX_POINT('',#2566);
#2566 = CARTESIAN_POINT('',(148.38,-68.4,0.));
#2567 = CIRCLE('',#2568,0.4);
#2568 = AXIS2_PLACEMENT_3D('',#2569,#2570,#2571);
#2569 = CARTESIAN_POINT('',(148.38,-68.,0.));
#2570 = DIRECTION('',(-0.,0.,-1.));
#2571 = DIRECTION('',(-0.,-1.,0.));
#2572 = FACE_BOUND('',#2573,.F.);
#2573 = EDGE_LOOP('',(#2574,#2585,#2593,#2602));
#2574 = ORIENTED_EDGE('',*,*,#2575,.T.);
#2575 = EDGE_CURVE('',#2576,#2578,#2580,.T.);
#2576 = VERTEX_POINT('',#2577);
#2577 = CARTESIAN_POINT('',(152.65,-64.35,0.));
#2578 = VERTEX_POINT('',#2579);
#2579 = CARTESIAN_POINT('',(152.65,-65.85,0.));
#2580 = CIRCLE('',#2581,0.75);
#2581 = AXIS2_PLACEMENT_3D('',#2582,#2583,#2584);
#2582 = CARTESIAN_POINT('',(152.65,-65.1,0.));
#2583 = DIRECTION('',(-0.,0.,-1.));
#2584 = DIRECTION('',(-0.,-1.,0.));
#2585 = ORIENTED_EDGE('',*,*,#2586,.T.);
#2586 = EDGE_CURVE('',#2578,#2587,#2589,.T.);
#2587 = VERTEX_POINT('',#2588);
#2588 = CARTESIAN_POINT('',(151.35,-65.85,0.));
#2589 = LINE('',#2590,#2591);
#2590 = CARTESIAN_POINT('',(75.675,-65.85,0.));
#2591 = VECTOR('',#2592,1.);
#2592 = DIRECTION('',(-1.,0.,0.));
#2593 = ORIENTED_EDGE('',*,*,#2594,.T.);
#2594 = EDGE_CURVE('',#2587,#2595,#2597,.T.);
#2595 = VERTEX_POINT('',#2596);
#2596 = CARTESIAN_POINT('',(151.35,-64.35,0.));
#2597 = CIRCLE('',#2598,0.75);
#2598 = AXIS2_PLACEMENT_3D('',#2599,#2600,#2601);
#2599 = CARTESIAN_POINT('',(151.35,-65.1,0.));
#2600 = DIRECTION('',(-0.,0.,-1.));
#2601 = DIRECTION('',(0.,1.,0.));
#2602 = ORIENTED_EDGE('',*,*,#2603,.T.);
#2603 = EDGE_CURVE('',#2595,#2576,#2604,.T.);
#2604 = LINE('',#2605,#2606);
#2605 = CARTESIAN_POINT('',(76.325,-64.35,0.));
#2606 = VECTOR('',#2607,1.);
#2607 = DIRECTION('',(1.,0.,-0.));
#2608 = FACE_BOUND('',#2609,.F.);
#2609 = EDGE_LOOP('',(#2610));
#2610 = ORIENTED_EDGE('',*,*,#2611,.T.);
#2611 = EDGE_CURVE('',#2612,#2612,#2614,.T.);
#2612 = VERTEX_POINT('',#2613);
#2613 = CARTESIAN_POINT('',(156.,-68.4,0.));
#2614 = CIRCLE('',#2615,0.4);
#2615 = AXIS2_PLACEMENT_3D('',#2616,#2617,#2618);
#2616 = CARTESIAN_POINT('',(156.,-68.,0.));
#2617 = DIRECTION('',(-0.,0.,-1.));
#2618 = DIRECTION('',(-0.,-1.,0.));
#2619 = FACE_BOUND('',#2620,.F.);
#2620 = EDGE_LOOP('',(#2621));
#2621 = ORIENTED_EDGE('',*,*,#2622,.T.);
#2622 = EDGE_CURVE('',#2623,#2623,#2625,.T.);
#2623 = VERTEX_POINT('',#2624);
#2624 = CARTESIAN_POINT('',(159.,-62.5,0.));
#2625 = CIRCLE('',#2626,0.5);
#2626 = AXIS2_PLACEMENT_3D('',#2627,#2628,#2629);
#2627 = CARTESIAN_POINT('',(159.,-62.,0.));
#2628 = DIRECTION('',(-0.,0.,-1.));
#2629 = DIRECTION('',(-0.,-1.,0.));
#2630 = FACE_BOUND('',#2631,.F.);
#2631 = EDGE_LOOP('',(#2632,#2643,#2651,#2660));
#2632 = ORIENTED_EDGE('',*,*,#2633,.T.);
#2633 = EDGE_CURVE('',#2634,#2636,#2638,.T.);
#2634 = VERTEX_POINT('',#2635);
#2635 = CARTESIAN_POINT('',(152.65,-53.15,0.));
#2636 = VERTEX_POINT('',#2637);
#2637 = CARTESIAN_POINT('',(152.65,-54.65,0.));
#2638 = CIRCLE('',#2639,0.75);
#2639 = AXIS2_PLACEMENT_3D('',#2640,#2641,#2642);
#2640 = CARTESIAN_POINT('',(152.65,-53.9,0.));
#2641 = DIRECTION('',(-0.,0.,-1.));
#2642 = DIRECTION('',(-0.,-1.,0.));
#2643 = ORIENTED_EDGE('',*,*,#2644,.T.);
#2644 = EDGE_CURVE('',#2636,#2645,#2647,.T.);
#2645 = VERTEX_POINT('',#2646);
#2646 = CARTESIAN_POINT('',(151.35,-54.65,0.));
#2647 = LINE('',#2648,#2649);
#2648 = CARTESIAN_POINT('',(75.675,-54.65,0.));
#2649 = VECTOR('',#2650,1.);
#2650 = DIRECTION('',(-1.,0.,0.));
#2651 = ORIENTED_EDGE('',*,*,#2652,.T.);
#2652 = EDGE_CURVE('',#2645,#2653,#2655,.T.);
#2653 = VERTEX_POINT('',#2654);
#2654 = CARTESIAN_POINT('',(151.35,-53.15,0.));
#2655 = CIRCLE('',#2656,0.75);
#2656 = AXIS2_PLACEMENT_3D('',#2657,#2658,#2659);
#2657 = CARTESIAN_POINT('',(151.35,-53.9,0.));
#2658 = DIRECTION('',(-0.,0.,-1.));
#2659 = DIRECTION('',(0.,1.,0.));
#2660 = ORIENTED_EDGE('',*,*,#2661,.T.);
#2661 = EDGE_CURVE('',#2653,#2634,#2662,.T.);
#2662 = LINE('',#2663,#2664);
#2663 = CARTESIAN_POINT('',(76.325,-53.15,0.));
#2664 = VECTOR('',#2665,1.);
#2665 = DIRECTION('',(1.,0.,-0.));
#2666 = FACE_BOUND('',#2667,.F.);
#2667 = EDGE_LOOP('',(#2668));
#2668 = ORIENTED_EDGE('',*,*,#2669,.T.);
#2669 = EDGE_CURVE('',#2670,#2670,#2672,.T.);
#2670 = VERTEX_POINT('',#2671);
#2671 = CARTESIAN_POINT('',(159.,-57.5,0.));
#2672 = CIRCLE('',#2673,0.5);
#2673 = AXIS2_PLACEMENT_3D('',#2674,#2675,#2676);
#2674 = CARTESIAN_POINT('',(159.,-57.,0.));
#2675 = DIRECTION('',(-0.,0.,-1.));
#2676 = DIRECTION('',(-0.,-1.,0.));
#2677 = PLANE('',#2678);
#2678 = AXIS2_PLACEMENT_3D('',#2679,#2680,#2681);
#2679 = CARTESIAN_POINT('',(0.,0.,0.));
#2680 = DIRECTION('',(0.,0.,1.));
#2681 = DIRECTION('',(1.,0.,-0.));
#2682 = ADVANCED_FACE('',(#2683,#2797,#2808,#2819,#2830,#2841,#2852,
    #2863,#3005,#3016,#3027,#3038,#3049,#3060,#3071,#3082,#3093,#3104,
    #3115,#3257,#3268,#3279,#3290,#3301,#3312,#3323,#3334,#3345,#3487,
    #3498,#3509,#3520,#3531,#3542,#3553,#3695,#3706,#3717,#3728,#3739,
    #3750,#3892,#3903,#3914,#3925,#3936,#3947,#3958,#4100,#4111,#4122,
    #4133,#4144,#4155,#4166,#4177,#4319,#4330,#4341,#4352,#4363,#4374,
    #4385,#4396,#4432,#4443,#4454,#4490,#4501,#4512,#4523,#4534,#4545,
    #4556,#4567,#4578,#4589,#4600,#4611,#4622,#4633,#4775,#4786,#4797,
    #4808,#4819,#4830,#4841,#4983,#4994,#5005,#5016,#5027,#5038,#5049,
    #5060,#5071,#5082,#5093,#5104,#5115,#5151,#5162,#5173,#5209),#5220,
  .T.);
#2683 = FACE_BOUND('',#2684,.T.);
#2684 = EDGE_LOOP('',(#2685,#2686,#2687,#2696,#2704,#2713,#2721,#2730,
    #2738,#2747,#2755,#2764,#2772,#2781,#2789,#2796));
#2685 = ORIENTED_EDGE('',*,*,#49,.F.);
#2686 = ORIENTED_EDGE('',*,*,#91,.F.);
#2687 = ORIENTED_EDGE('',*,*,#2688,.F.);
#2688 = EDGE_CURVE('',#2689,#84,#2691,.T.);
#2689 = VERTEX_POINT('',#2690);
#2690 = CARTESIAN_POINT('',(109.041961,-49.,1.51));
#2691 = CIRCLE('',#2692,2.999999145104);
#2692 = AXIS2_PLACEMENT_3D('',#2693,#2694,#2695);
#2693 = CARTESIAN_POINT('',(112.,-48.49999985489,1.51));
#2694 = DIRECTION('',(0.,0.,1.));
#2695 = DIRECTION('',(-0.98601328098,-0.166666762529,0.));
#2696 = ORIENTED_EDGE('',*,*,#2697,.F.);
#2697 = EDGE_CURVE('',#2698,#2689,#2700,.T.);
#2698 = VERTEX_POINT('',#2699);
#2699 = CARTESIAN_POINT('',(106.5,-49.,1.51));
#2700 = LINE('',#2701,#2702);
#2701 = CARTESIAN_POINT('',(106.5,-49.,1.51));
#2702 = VECTOR('',#2703,1.);
#2703 = DIRECTION('',(1.,0.,0.));
#2704 = ORIENTED_EDGE('',*,*,#2705,.F.);
#2705 = EDGE_CURVE('',#2706,#2698,#2708,.T.);
#2706 = VERTEX_POINT('',#2707);
#2707 = CARTESIAN_POINT('',(101.,-54.5,1.51));
#2708 = CIRCLE('',#2709,5.500001012403);
#2709 = AXIS2_PLACEMENT_3D('',#2710,#2711,#2712);
#2710 = CARTESIAN_POINT('',(106.5000010124,-54.5000010124,1.51));
#2711 = DIRECTION('',(0.,0.,-1.));
#2712 = DIRECTION('',(-1.,1.840733016002E-07,0.));
#2713 = ORIENTED_EDGE('',*,*,#2714,.F.);
#2714 = EDGE_CURVE('',#2715,#2706,#2717,.T.);
#2715 = VERTEX_POINT('',#2716);
#2716 = CARTESIAN_POINT('',(101.,-124.5,1.51));
#2717 = LINE('',#2718,#2719);
#2718 = CARTESIAN_POINT('',(101.,-124.5,1.51));
#2719 = VECTOR('',#2720,1.);
#2720 = DIRECTION('',(0.,1.,0.));
#2721 = ORIENTED_EDGE('',*,*,#2722,.F.);
#2722 = EDGE_CURVE('',#2723,#2715,#2725,.T.);
#2723 = VERTEX_POINT('',#2724);
#2724 = CARTESIAN_POINT('',(106.5,-130.,1.51));
#2725 = CIRCLE('',#2726,5.500001012403);
#2726 = AXIS2_PLACEMENT_3D('',#2727,#2728,#2729);
#2727 = CARTESIAN_POINT('',(106.5000010124,-124.4999989875,1.51));
#2728 = DIRECTION('',(0.,0.,-1.));
#2729 = DIRECTION('',(-1.840733067678E-07,-1.,-0.));
#2730 = ORIENTED_EDGE('',*,*,#2731,.F.);
#2731 = EDGE_CURVE('',#2732,#2723,#2734,.T.);
#2732 = VERTEX_POINT('',#2733);
#2733 = CARTESIAN_POINT('',(119.541961,-130.,1.51));
#2734 = LINE('',#2735,#2736);
#2735 = CARTESIAN_POINT('',(119.541961,-130.,1.51));
#2736 = VECTOR('',#2737,1.);
#2737 = DIRECTION('',(-1.,0.,0.));
#2738 = ORIENTED_EDGE('',*,*,#2739,.F.);
#2739 = EDGE_CURVE('',#2740,#2732,#2742,.T.);
#2740 = VERTEX_POINT('',#2741);
#2741 = CARTESIAN_POINT('',(125.458039,-130.,1.51));
#2742 = CIRCLE('',#2743,2.999998945104);
#2743 = AXIS2_PLACEMENT_3D('',#2744,#2745,#2746);
#2744 = CARTESIAN_POINT('',(122.5,-130.4999989451,1.51));
#2745 = DIRECTION('',(0.,0.,1.));
#2746 = DIRECTION('',(0.986013346714,0.16666637364,-0.));
#2747 = ORIENTED_EDGE('',*,*,#2748,.F.);
#2748 = EDGE_CURVE('',#2749,#2740,#2751,.T.);
#2749 = VERTEX_POINT('',#2750);
#2750 = CARTESIAN_POINT('',(138.541962,-130.,1.51));
#2751 = LINE('',#2752,#2753);
#2752 = CARTESIAN_POINT('',(138.541962,-130.,1.51));
#2753 = VECTOR('',#2754,1.);
#2754 = DIRECTION('',(-1.,0.,0.));
#2755 = ORIENTED_EDGE('',*,*,#2756,.F.);
#2756 = EDGE_CURVE('',#2757,#2749,#2759,.T.);
#2757 = VERTEX_POINT('',#2758);
#2758 = CARTESIAN_POINT('',(144.458039,-130.,1.51));
#2759 = CIRCLE('',#2760,2.999998353496);
#2760 = AXIS2_PLACEMENT_3D('',#2761,#2762,#2763);
#2761 = CARTESIAN_POINT('',(141.5000005,-130.4999983534,1.51));
#2762 = DIRECTION('',(0.,0.,1.));
#2763 = DIRECTION('',(0.986013374492,0.166666209304,-0.));
#2764 = ORIENTED_EDGE('',*,*,#2765,.F.);
#2765 = EDGE_CURVE('',#2766,#2757,#2768,.T.);
#2766 = VERTEX_POINT('',#2767);
#2767 = CARTESIAN_POINT('',(157.,-130.,1.51));
#2768 = LINE('',#2769,#2770);
#2769 = CARTESIAN_POINT('',(157.,-130.,1.51));
#2770 = VECTOR('',#2771,1.);
#2771 = DIRECTION('',(-1.,0.,0.));
#2772 = ORIENTED_EDGE('',*,*,#2773,.F.);
#2773 = EDGE_CURVE('',#2774,#2766,#2776,.T.);
#2774 = VERTEX_POINT('',#2775);
#2775 = CARTESIAN_POINT('',(162.5,-124.5,1.51));
#2776 = CIRCLE('',#2777,5.500001012403);
#2777 = AXIS2_PLACEMENT_3D('',#2778,#2779,#2780);
#2778 = CARTESIAN_POINT('',(156.99999898759,-124.4999989875,1.51));
#2779 = DIRECTION('',(0.,0.,-1.));
#2780 = DIRECTION('',(1.,-1.840733119354E-07,0.));
#2781 = ORIENTED_EDGE('',*,*,#2782,.F.);
#2782 = EDGE_CURVE('',#2783,#2774,#2785,.T.);
#2783 = VERTEX_POINT('',#2784);
#2784 = CARTESIAN_POINT('',(162.5,-54.5,1.51));
#2785 = LINE('',#2786,#2787);
#2786 = CARTESIAN_POINT('',(162.5,-54.5,1.51));
#2787 = VECTOR('',#2788,1.);
#2788 = DIRECTION('',(0.,-1.,0.));
#2789 = ORIENTED_EDGE('',*,*,#2790,.F.);
#2790 = EDGE_CURVE('',#114,#2783,#2791,.T.);
#2791 = CIRCLE('',#2792,5.500001012403);
#2792 = AXIS2_PLACEMENT_3D('',#2793,#2794,#2795);
#2793 = CARTESIAN_POINT('',(156.99999898759,-54.5000010124,1.51));
#2794 = DIRECTION('',(0.,0.,-1.));
#2795 = DIRECTION('',(1.840733016002E-07,1.,0.));
#2796 = ORIENTED_EDGE('',*,*,#113,.F.);
#2797 = FACE_BOUND('',#2798,.T.);
#2798 = EDGE_LOOP('',(#2799));
#2799 = ORIENTED_EDGE('',*,*,#2800,.T.);
#2800 = EDGE_CURVE('',#2801,#2801,#2803,.T.);
#2801 = VERTEX_POINT('',#2802);
#2802 = CARTESIAN_POINT('',(109.,-127.4,1.51));
#2803 = CIRCLE('',#2804,0.4);
#2804 = AXIS2_PLACEMENT_3D('',#2805,#2806,#2807);
#2805 = CARTESIAN_POINT('',(109.,-127.,1.51));
#2806 = DIRECTION('',(-0.,0.,-1.));
#2807 = DIRECTION('',(-0.,-1.,0.));
#2808 = FACE_BOUND('',#2809,.T.);
#2809 = EDGE_LOOP('',(#2810));
#2810 = ORIENTED_EDGE('',*,*,#2811,.T.);
#2811 = EDGE_CURVE('',#2812,#2812,#2814,.T.);
#2812 = VERTEX_POINT('',#2813);
#2813 = CARTESIAN_POINT('',(110.5,-123.25,1.51));
#2814 = CIRCLE('',#2815,0.75);
#2815 = AXIS2_PLACEMENT_3D('',#2816,#2817,#2818);
#2816 = CARTESIAN_POINT('',(110.5,-122.5,1.51));
#2817 = DIRECTION('',(-0.,0.,-1.));
#2818 = DIRECTION('',(-0.,-1.,0.));
#2819 = FACE_BOUND('',#2820,.T.);
#2820 = EDGE_LOOP('',(#2821));
#2821 = ORIENTED_EDGE('',*,*,#2822,.T.);
#2822 = EDGE_CURVE('',#2823,#2823,#2825,.T.);
#2823 = VERTEX_POINT('',#2824);
#2824 = CARTESIAN_POINT('',(116.62,-127.4,1.51));
#2825 = CIRCLE('',#2826,0.4);
#2826 = AXIS2_PLACEMENT_3D('',#2827,#2828,#2829);
#2827 = CARTESIAN_POINT('',(116.62,-127.,1.51));
#2828 = DIRECTION('',(-0.,0.,-1.));
#2829 = DIRECTION('',(-0.,-1.,0.));
#2830 = FACE_BOUND('',#2831,.T.);
#2831 = EDGE_LOOP('',(#2832));
#2832 = ORIENTED_EDGE('',*,*,#2833,.T.);
#2833 = EDGE_CURVE('',#2834,#2834,#2836,.T.);
#2834 = VERTEX_POINT('',#2835);
#2835 = CARTESIAN_POINT('',(116.85,-120.71,1.51));
#2836 = CIRCLE('',#2837,0.75);
#2837 = AXIS2_PLACEMENT_3D('',#2838,#2839,#2840);
#2838 = CARTESIAN_POINT('',(116.85,-119.96,1.51));
#2839 = DIRECTION('',(-0.,0.,-1.));
#2840 = DIRECTION('',(-0.,-1.,0.));
#2841 = FACE_BOUND('',#2842,.T.);
#2842 = EDGE_LOOP('',(#2843));
#2843 = ORIENTED_EDGE('',*,*,#2844,.T.);
#2844 = EDGE_CURVE('',#2845,#2845,#2847,.T.);
#2845 = VERTEX_POINT('',#2846);
#2846 = CARTESIAN_POINT('',(107.96,-118.27,1.51));
#2847 = CIRCLE('',#2848,0.85);
#2848 = AXIS2_PLACEMENT_3D('',#2849,#2850,#2851);
#2849 = CARTESIAN_POINT('',(107.96,-117.42,1.51));
#2850 = DIRECTION('',(-0.,0.,-1.));
#2851 = DIRECTION('',(-1.671865260612E-14,-1.,0.));
#2852 = FACE_BOUND('',#2853,.T.);
#2853 = EDGE_LOOP('',(#2854));
#2854 = ORIENTED_EDGE('',*,*,#2855,.T.);
#2855 = EDGE_CURVE('',#2856,#2856,#2858,.T.);
#2856 = VERTEX_POINT('',#2857);
#2857 = CARTESIAN_POINT('',(113.04,-119.42,1.51));
#2858 = CIRCLE('',#2859,2.);
#2859 = AXIS2_PLACEMENT_3D('',#2860,#2861,#2862);
#2860 = CARTESIAN_POINT('',(113.04,-117.42,1.51));
#2861 = DIRECTION('',(-0.,0.,-1.));
#2862 = DIRECTION('',(-0.,-1.,0.));
#2863 = FACE_BOUND('',#2864,.T.);
#2864 = EDGE_LOOP('',(#2865,#2876,#2885,#2893,#2902,#2911,#2920,#2928,
    #2937,#2946,#2955,#2963,#2972,#2981,#2990,#2998));
#2865 = ORIENTED_EDGE('',*,*,#2866,.F.);
#2866 = EDGE_CURVE('',#2867,#2869,#2871,.T.);
#2867 = VERTEX_POINT('',#2868);
#2868 = CARTESIAN_POINT('',(114.749484,-111.68028,1.51));
#2869 = VERTEX_POINT('',#2870);
#2870 = CARTESIAN_POINT('',(114.046711,-111.031702,1.51));
#2871 = CIRCLE('',#2872,0.4999991191);
#2872 = AXIS2_PLACEMENT_3D('',#2873,#2874,#2875);
#2873 = CARTESIAN_POINT('',(114.29896999978,-111.4634015669,1.51));
#2874 = DIRECTION('',(0.,0.,1.));
#2875 = DIRECTION('',(0.901029587867,-0.433757630236,0.));
#2876 = ORIENTED_EDGE('',*,*,#2877,.F.);
#2877 = EDGE_CURVE('',#2878,#2867,#2880,.T.);
#2878 = VERTEX_POINT('',#2879);
#2879 = CARTESIAN_POINT('',(114.699999,-111.897157,1.51));
#2880 = CIRCLE('',#2881,0.500027821848);
#2881 = AXIS2_PLACEMENT_3D('',#2882,#2883,#2884);
#2882 = CARTESIAN_POINT('',(115.20002682178,-111.8971647351,1.51));
#2883 = DIRECTION('',(0.,0.,-1.));
#2884 = DIRECTION('',(-0.99999999988,1.546951327115E-05,0.));
#2885 = ORIENTED_EDGE('',*,*,#2886,.F.);
#2886 = EDGE_CURVE('',#2887,#2878,#2889,.T.);
#2887 = VERTEX_POINT('',#2888);
#2888 = CARTESIAN_POINT('',(114.699999,-113.302842,1.51));
#2889 = LINE('',#2890,#2891);
#2890 = CARTESIAN_POINT('',(114.699999,-113.302842,1.51));
#2891 = VECTOR('',#2892,1.);
#2892 = DIRECTION('',(0.,1.,0.));
#2893 = ORIENTED_EDGE('',*,*,#2894,.F.);
#2894 = EDGE_CURVE('',#2895,#2887,#2897,.T.);
#2895 = VERTEX_POINT('',#2896);
#2896 = CARTESIAN_POINT('',(114.749484,-113.51972,1.51));
#2897 = CIRCLE('',#2898,0.499677963726);
#2898 = AXIS2_PLACEMENT_3D('',#2899,#2900,#2901);
#2899 = CARTESIAN_POINT('',(115.19967695838,-113.302915093,1.51));
#2900 = DIRECTION('',(0.,0.,-1.));
#2901 = DIRECTION('',(-0.900966204359,-0.433889269979,-0.));
#2902 = ORIENTED_EDGE('',*,*,#2903,.F.);
#2903 = EDGE_CURVE('',#2904,#2895,#2906,.T.);
#2904 = VERTEX_POINT('',#2905);
#2905 = CARTESIAN_POINT('',(114.046711,-114.168299,1.51));
#2906 = CIRCLE('',#2907,0.499999448976);
#2907 = AXIS2_PLACEMENT_3D('',#2908,#2909,#2910);
#2908 = CARTESIAN_POINT('',(114.29896990428,-113.7365989951,1.51));
#2909 = DIRECTION('',(0.,0.,1.));
#2910 = DIRECTION('',(-0.504518364574,-0.863400961204,0.));
#2911 = ORIENTED_EDGE('',*,*,#2912,.F.);
#2912 = EDGE_CURVE('',#2913,#2904,#2915,.T.);
#2913 = VERTEX_POINT('',#2914);
#2914 = CARTESIAN_POINT('',(113.794452,-114.1,1.51));
#2915 = CIRCLE('',#2916,0.500008729226);
#2916 = AXIS2_PLACEMENT_3D('',#2917,#2918,#2919);
#2917 = CARTESIAN_POINT('',(113.79445034314,-114.6000087292,1.51));
#2918 = DIRECTION('',(0.,0.,-1.));
#2919 = DIRECTION('',(3.313649430713E-06,0.999999999995,0.));
#2920 = ORIENTED_EDGE('',*,*,#2921,.F.);
#2921 = EDGE_CURVE('',#2922,#2913,#2924,.T.);
#2922 = VERTEX_POINT('',#2923);
#2923 = CARTESIAN_POINT('',(112.205548,-114.1,1.51));
#2924 = LINE('',#2925,#2926);
#2925 = CARTESIAN_POINT('',(112.205548,-114.1,1.51));
#2926 = VECTOR('',#2927,1.);
#2927 = DIRECTION('',(1.,0.,0.));
#2928 = ORIENTED_EDGE('',*,*,#2929,.F.);
#2929 = EDGE_CURVE('',#2930,#2922,#2932,.T.);
#2930 = VERTEX_POINT('',#2931);
#2931 = CARTESIAN_POINT('',(111.95329,-114.168299,1.51));
#2932 = CIRCLE('',#2933,0.500008729288);
#2933 = AXIS2_PLACEMENT_3D('',#2934,#2935,#2936);
#2934 = CARTESIAN_POINT('',(112.20555065687,-114.6000087292,1.51));
#2935 = DIRECTION('',(0.,0.,-1.));
#2936 = DIRECTION('',(-0.504512505685,0.863404384751,0.));
#2937 = ORIENTED_EDGE('',*,*,#2938,.F.);
#2938 = EDGE_CURVE('',#2939,#2930,#2941,.T.);
#2939 = VERTEX_POINT('',#2940);
#2940 = CARTESIAN_POINT('',(111.250516,-113.51972,1.51));
#2941 = CIRCLE('',#2942,0.500000669307);
#2942 = AXIS2_PLACEMENT_3D('',#2943,#2944,#2945);
#2943 = CARTESIAN_POINT('',(111.7010325355,-113.7365967404,1.51));
#2944 = DIRECTION('',(0.,0.,1.));
#2945 = DIRECTION('',(-0.901031864884,0.433752900236,0.));
#2946 = ORIENTED_EDGE('',*,*,#2947,.F.);
#2947 = EDGE_CURVE('',#2948,#2939,#2950,.T.);
#2948 = VERTEX_POINT('',#2949);
#2949 = CARTESIAN_POINT('',(111.300001,-113.302843,1.51));
#2950 = CIRCLE('',#2951,0.499989884977);
#2951 = AXIS2_PLACEMENT_3D('',#2952,#2953,#2954);
#2952 = CARTESIAN_POINT('',(110.80001111502,-113.3028439208,1.51));
#2953 = DIRECTION('',(0.,0.,-1.));
#2954 = DIRECTION('',(0.999999999998,1.841808795158E-06,0.));
#2955 = ORIENTED_EDGE('',*,*,#2956,.F.);
#2956 = EDGE_CURVE('',#2957,#2948,#2959,.T.);
#2957 = VERTEX_POINT('',#2958);
#2958 = CARTESIAN_POINT('',(111.300001,-111.897158,1.51));
#2959 = LINE('',#2960,#2961);
#2960 = CARTESIAN_POINT('',(111.300001,-111.897158,1.51));
#2961 = VECTOR('',#2962,1.);
#2962 = DIRECTION('',(0.,-1.,0.));
#2963 = ORIENTED_EDGE('',*,*,#2964,.F.);
#2964 = EDGE_CURVE('',#2965,#2957,#2967,.T.);
#2965 = VERTEX_POINT('',#2966);
#2966 = CARTESIAN_POINT('',(111.250516,-111.68028,1.51));
#2967 = CIRCLE('',#2968,0.499989885034);
#2968 = AXIS2_PLACEMENT_3D('',#2969,#2970,#2971);
#2969 = CARTESIAN_POINT('',(110.80001111497,-111.8971560791,1.51));
#2970 = DIRECTION('',(0.,0.,-1.));
#2971 = DIRECTION('',(0.901027997796,0.43376093322,0.));
#2972 = ORIENTED_EDGE('',*,*,#2973,.F.);
#2973 = EDGE_CURVE('',#2974,#2965,#2976,.T.);
#2974 = VERTEX_POINT('',#2975);
#2975 = CARTESIAN_POINT('',(111.953289,-111.031701,1.51));
#2976 = CIRCLE('',#2977,0.499999729127);
#2977 = AXIS2_PLACEMENT_3D('',#2978,#2979,#2980);
#2978 = CARTESIAN_POINT('',(111.70103074567,-111.4634017091,1.51));
#2979 = DIRECTION('',(0.,0.,1.));
#2980 = DIRECTION('',(0.504516781968,0.863401885979,-0.));
#2981 = ORIENTED_EDGE('',*,*,#2982,.F.);
#2982 = EDGE_CURVE('',#2983,#2974,#2985,.T.);
#2983 = VERTEX_POINT('',#2984);
#2984 = CARTESIAN_POINT('',(112.205547,-111.1,1.51));
#2985 = CIRCLE('',#2986,0.500008729288);
#2986 = AXIS2_PLACEMENT_3D('',#2987,#2988,#2989);
#2987 = CARTESIAN_POINT('',(112.20554965687,-110.5999912707,1.51));
#2988 = DIRECTION('',(0.,0.,-1.));
#2989 = DIRECTION('',(-5.313662711088E-06,-0.999999999986,-0.));
#2990 = ORIENTED_EDGE('',*,*,#2991,.F.);
#2991 = EDGE_CURVE('',#2992,#2983,#2994,.T.);
#2992 = VERTEX_POINT('',#2993);
#2993 = CARTESIAN_POINT('',(113.794453,-111.100001,1.51));
#2994 = LINE('',#2995,#2996);
#2995 = CARTESIAN_POINT('',(113.794453,-111.100001,1.51));
#2996 = VECTOR('',#2997,1.);
#2997 = DIRECTION('',(-1.,6.293638589608E-07,0.));
#2998 = ORIENTED_EDGE('',*,*,#2999,.F.);
#2999 = EDGE_CURVE('',#2869,#2992,#3000,.T.);
#3000 = CIRCLE('',#3001,0.500008729288);
#3001 = AXIS2_PLACEMENT_3D('',#3002,#3003,#3004);
#3002 = CARTESIAN_POINT('',(113.79445034312,-110.5999922707,1.51));
#3003 = DIRECTION('',(0.,0.,-1.));
#3004 = DIRECTION('',(0.504512505685,-0.863404384751,0.));
#3005 = FACE_BOUND('',#3006,.T.);
#3006 = EDGE_LOOP('',(#3007));
#3007 = ORIENTED_EDGE('',*,*,#3008,.T.);
#3008 = EDGE_CURVE('',#3009,#3009,#3011,.T.);
#3009 = VERTEX_POINT('',#3010);
#3010 = CARTESIAN_POINT('',(128.,-127.4,1.51));
#3011 = CIRCLE('',#3012,0.4);
#3012 = AXIS2_PLACEMENT_3D('',#3013,#3014,#3015);
#3013 = CARTESIAN_POINT('',(128.,-127.,1.51));
#3014 = DIRECTION('',(-0.,0.,-1.));
#3015 = DIRECTION('',(-0.,-1.,0.));
#3016 = FACE_BOUND('',#3017,.T.);
#3017 = EDGE_LOOP('',(#3018));
#3018 = ORIENTED_EDGE('',*,*,#3019,.T.);
#3019 = EDGE_CURVE('',#3020,#3020,#3022,.T.);
#3020 = VERTEX_POINT('',#3021);
#3021 = CARTESIAN_POINT('',(129.5,-123.25,1.51));
#3022 = CIRCLE('',#3023,0.75);
#3023 = AXIS2_PLACEMENT_3D('',#3024,#3025,#3026);
#3024 = CARTESIAN_POINT('',(129.5,-122.5,1.51));
#3025 = DIRECTION('',(-0.,0.,-1.));
#3026 = DIRECTION('',(-0.,-1.,0.));
#3027 = FACE_BOUND('',#3028,.T.);
#3028 = EDGE_LOOP('',(#3029));
#3029 = ORIENTED_EDGE('',*,*,#3030,.T.);
#3030 = EDGE_CURVE('',#3031,#3031,#3033,.T.);
#3031 = VERTEX_POINT('',#3032);
#3032 = CARTESIAN_POINT('',(118.12,-118.27,1.51));
#3033 = CIRCLE('',#3034,0.85);
#3034 = AXIS2_PLACEMENT_3D('',#3035,#3036,#3037);
#3035 = CARTESIAN_POINT('',(118.12,-117.42,1.51));
#3036 = DIRECTION('',(-0.,0.,-1.));
#3037 = DIRECTION('',(-0.,-1.,0.));
#3038 = FACE_BOUND('',#3039,.T.);
#3039 = EDGE_LOOP('',(#3040));
#3040 = ORIENTED_EDGE('',*,*,#3041,.T.);
#3041 = EDGE_CURVE('',#3042,#3042,#3044,.T.);
#3042 = VERTEX_POINT('',#3043);
#3043 = CARTESIAN_POINT('',(126.96,-118.27,1.51));
#3044 = CIRCLE('',#3045,0.85);
#3045 = AXIS2_PLACEMENT_3D('',#3046,#3047,#3048);
#3046 = CARTESIAN_POINT('',(126.96,-117.42,1.51));
#3047 = DIRECTION('',(-0.,0.,-1.));
#3048 = DIRECTION('',(-1.671865260612E-14,-1.,0.));
#3049 = FACE_BOUND('',#3050,.T.);
#3050 = EDGE_LOOP('',(#3051));
#3051 = ORIENTED_EDGE('',*,*,#3052,.T.);
#3052 = EDGE_CURVE('',#3053,#3053,#3055,.T.);
#3053 = VERTEX_POINT('',#3054);
#3054 = CARTESIAN_POINT('',(109.,-108.4,1.51));
#3055 = CIRCLE('',#3056,0.4);
#3056 = AXIS2_PLACEMENT_3D('',#3057,#3058,#3059);
#3057 = CARTESIAN_POINT('',(109.,-108.,1.51));
#3058 = DIRECTION('',(-0.,0.,-1.));
#3059 = DIRECTION('',(-0.,-1.,0.));
#3060 = FACE_BOUND('',#3061,.T.);
#3061 = EDGE_LOOP('',(#3062));
#3062 = ORIENTED_EDGE('',*,*,#3063,.T.);
#3063 = EDGE_CURVE('',#3064,#3064,#3066,.T.);
#3064 = VERTEX_POINT('',#3065);
#3065 = CARTESIAN_POINT('',(110.5,-104.25,1.51));
#3066 = CIRCLE('',#3067,0.75);
#3067 = AXIS2_PLACEMENT_3D('',#3068,#3069,#3070);
#3068 = CARTESIAN_POINT('',(110.5,-103.5,1.51));
#3069 = DIRECTION('',(-0.,0.,-1.));
#3070 = DIRECTION('',(-0.,-1.,0.));
#3071 = FACE_BOUND('',#3072,.T.);
#3072 = EDGE_LOOP('',(#3073));
#3073 = ORIENTED_EDGE('',*,*,#3074,.T.);
#3074 = EDGE_CURVE('',#3075,#3075,#3077,.T.);
#3075 = VERTEX_POINT('',#3076);
#3076 = CARTESIAN_POINT('',(116.62,-108.4,1.51));
#3077 = CIRCLE('',#3078,0.4);
#3078 = AXIS2_PLACEMENT_3D('',#3079,#3080,#3081);
#3079 = CARTESIAN_POINT('',(116.62,-108.,1.51));
#3080 = DIRECTION('',(-0.,0.,-1.));
#3081 = DIRECTION('',(-0.,-1.,0.));
#3082 = FACE_BOUND('',#3083,.T.);
#3083 = EDGE_LOOP('',(#3084));
#3084 = ORIENTED_EDGE('',*,*,#3085,.T.);
#3085 = EDGE_CURVE('',#3086,#3086,#3088,.T.);
#3086 = VERTEX_POINT('',#3087);
#3087 = CARTESIAN_POINT('',(116.85,-101.71,1.51));
#3088 = CIRCLE('',#3089,0.75);
#3089 = AXIS2_PLACEMENT_3D('',#3090,#3091,#3092);
#3090 = CARTESIAN_POINT('',(116.85,-100.96,1.51));
#3091 = DIRECTION('',(-0.,0.,-1.));
#3092 = DIRECTION('',(-0.,-1.,0.));
#3093 = FACE_BOUND('',#3094,.T.);
#3094 = EDGE_LOOP('',(#3095));
#3095 = ORIENTED_EDGE('',*,*,#3096,.T.);
#3096 = EDGE_CURVE('',#3097,#3097,#3099,.T.);
#3097 = VERTEX_POINT('',#3098);
#3098 = CARTESIAN_POINT('',(107.96,-99.27,1.51));
#3099 = CIRCLE('',#3100,0.85);
#3100 = AXIS2_PLACEMENT_3D('',#3101,#3102,#3103);
#3101 = CARTESIAN_POINT('',(107.96,-98.42,1.51));
#3102 = DIRECTION('',(-0.,0.,-1.));
#3103 = DIRECTION('',(-1.671865260612E-14,-1.,0.));
#3104 = FACE_BOUND('',#3105,.T.);
#3105 = EDGE_LOOP('',(#3106));
#3106 = ORIENTED_EDGE('',*,*,#3107,.T.);
#3107 = EDGE_CURVE('',#3108,#3108,#3110,.T.);
#3108 = VERTEX_POINT('',#3109);
#3109 = CARTESIAN_POINT('',(113.04,-100.42,1.51));
#3110 = CIRCLE('',#3111,2.);
#3111 = AXIS2_PLACEMENT_3D('',#3112,#3113,#3114);
#3112 = CARTESIAN_POINT('',(113.04,-98.42,1.51));
#3113 = DIRECTION('',(-0.,0.,-1.));
#3114 = DIRECTION('',(-0.,-1.,0.));
#3115 = FACE_BOUND('',#3116,.T.);
#3116 = EDGE_LOOP('',(#3117,#3128,#3137,#3145,#3154,#3163,#3172,#3180,
    #3189,#3198,#3207,#3215,#3224,#3233,#3242,#3250));
#3117 = ORIENTED_EDGE('',*,*,#3118,.F.);
#3118 = EDGE_CURVE('',#3119,#3121,#3123,.T.);
#3119 = VERTEX_POINT('',#3120);
#3120 = CARTESIAN_POINT('',(114.749484,-92.68028,1.51));
#3121 = VERTEX_POINT('',#3122);
#3122 = CARTESIAN_POINT('',(114.046711,-92.031702,1.51));
#3123 = CIRCLE('',#3124,0.4999991191);
#3124 = AXIS2_PLACEMENT_3D('',#3125,#3126,#3127);
#3125 = CARTESIAN_POINT('',(114.29896999978,-92.46340156697,1.51));
#3126 = DIRECTION('',(0.,0.,1.));
#3127 = DIRECTION('',(0.901029587867,-0.433757630236,0.));
#3128 = ORIENTED_EDGE('',*,*,#3129,.F.);
#3129 = EDGE_CURVE('',#3130,#3119,#3132,.T.);
#3130 = VERTEX_POINT('',#3131);
#3131 = CARTESIAN_POINT('',(114.699999,-92.897157,1.51));
#3132 = CIRCLE('',#3133,0.500027821848);
#3133 = AXIS2_PLACEMENT_3D('',#3134,#3135,#3136);
#3134 = CARTESIAN_POINT('',(115.20002682178,-92.89716473518,1.51));
#3135 = DIRECTION('',(0.,0.,-1.));
#3136 = DIRECTION('',(-0.99999999988,1.546951327115E-05,0.));
#3137 = ORIENTED_EDGE('',*,*,#3138,.F.);
#3138 = EDGE_CURVE('',#3139,#3130,#3141,.T.);
#3139 = VERTEX_POINT('',#3140);
#3140 = CARTESIAN_POINT('',(114.699999,-94.302842,1.51));
#3141 = LINE('',#3142,#3143);
#3142 = CARTESIAN_POINT('',(114.699999,-94.302842,1.51));
#3143 = VECTOR('',#3144,1.);
#3144 = DIRECTION('',(0.,1.,0.));
#3145 = ORIENTED_EDGE('',*,*,#3146,.F.);
#3146 = EDGE_CURVE('',#3147,#3139,#3149,.T.);
#3147 = VERTEX_POINT('',#3148);
#3148 = CARTESIAN_POINT('',(114.749484,-94.51972,1.51));
#3149 = CIRCLE('',#3150,0.499677963726);
#3150 = AXIS2_PLACEMENT_3D('',#3151,#3152,#3153);
#3151 = CARTESIAN_POINT('',(115.19967695838,-94.30291509309,1.51));
#3152 = DIRECTION('',(0.,0.,-1.));
#3153 = DIRECTION('',(-0.900966204359,-0.433889269979,-0.));
#3154 = ORIENTED_EDGE('',*,*,#3155,.F.);
#3155 = EDGE_CURVE('',#3156,#3147,#3158,.T.);
#3156 = VERTEX_POINT('',#3157);
#3157 = CARTESIAN_POINT('',(114.046711,-95.168299,1.51));
#3158 = CIRCLE('',#3159,0.499999448976);
#3159 = AXIS2_PLACEMENT_3D('',#3160,#3161,#3162);
#3160 = CARTESIAN_POINT('',(114.29896990428,-94.73659899515,1.51));
#3161 = DIRECTION('',(0.,0.,1.));
#3162 = DIRECTION('',(-0.504518364574,-0.863400961204,0.));
#3163 = ORIENTED_EDGE('',*,*,#3164,.F.);
#3164 = EDGE_CURVE('',#3165,#3156,#3167,.T.);
#3165 = VERTEX_POINT('',#3166);
#3166 = CARTESIAN_POINT('',(113.794452,-95.1,1.51));
#3167 = CIRCLE('',#3168,0.500008729226);
#3168 = AXIS2_PLACEMENT_3D('',#3169,#3170,#3171);
#3169 = CARTESIAN_POINT('',(113.79445034314,-95.60000872922,1.51));
#3170 = DIRECTION('',(0.,0.,-1.));
#3171 = DIRECTION('',(3.313649430713E-06,0.999999999995,0.));
#3172 = ORIENTED_EDGE('',*,*,#3173,.F.);
#3173 = EDGE_CURVE('',#3174,#3165,#3176,.T.);
#3174 = VERTEX_POINT('',#3175);
#3175 = CARTESIAN_POINT('',(112.205548,-95.1,1.51));
#3176 = LINE('',#3177,#3178);
#3177 = CARTESIAN_POINT('',(112.205548,-95.1,1.51));
#3178 = VECTOR('',#3179,1.);
#3179 = DIRECTION('',(1.,0.,0.));
#3180 = ORIENTED_EDGE('',*,*,#3181,.F.);
#3181 = EDGE_CURVE('',#3182,#3174,#3184,.T.);
#3182 = VERTEX_POINT('',#3183);
#3183 = CARTESIAN_POINT('',(111.95329,-95.168299,1.51));
#3184 = CIRCLE('',#3185,0.500008729288);
#3185 = AXIS2_PLACEMENT_3D('',#3186,#3187,#3188);
#3186 = CARTESIAN_POINT('',(112.20555065687,-95.60000872928,1.51));
#3187 = DIRECTION('',(0.,0.,-1.));
#3188 = DIRECTION('',(-0.504512505685,0.863404384751,0.));
#3189 = ORIENTED_EDGE('',*,*,#3190,.F.);
#3190 = EDGE_CURVE('',#3191,#3182,#3193,.T.);
#3191 = VERTEX_POINT('',#3192);
#3192 = CARTESIAN_POINT('',(111.250516,-94.51972,1.51));
#3193 = CIRCLE('',#3194,0.500000669307);
#3194 = AXIS2_PLACEMENT_3D('',#3195,#3196,#3197);
#3195 = CARTESIAN_POINT('',(111.7010325355,-94.73659674043,1.51));
#3196 = DIRECTION('',(0.,0.,1.));
#3197 = DIRECTION('',(-0.901031864884,0.433752900236,0.));
#3198 = ORIENTED_EDGE('',*,*,#3199,.F.);
#3199 = EDGE_CURVE('',#3200,#3191,#3202,.T.);
#3200 = VERTEX_POINT('',#3201);
#3201 = CARTESIAN_POINT('',(111.300001,-94.302843,1.51));
#3202 = CIRCLE('',#3203,0.499989884977);
#3203 = AXIS2_PLACEMENT_3D('',#3204,#3205,#3206);
#3204 = CARTESIAN_POINT('',(110.80001111502,-94.30284392088,1.51));
#3205 = DIRECTION('',(0.,0.,-1.));
#3206 = DIRECTION('',(0.999999999998,1.841808795158E-06,0.));
#3207 = ORIENTED_EDGE('',*,*,#3208,.F.);
#3208 = EDGE_CURVE('',#3209,#3200,#3211,.T.);
#3209 = VERTEX_POINT('',#3210);
#3210 = CARTESIAN_POINT('',(111.300001,-92.897158,1.51));
#3211 = LINE('',#3212,#3213);
#3212 = CARTESIAN_POINT('',(111.300001,-92.897158,1.51));
#3213 = VECTOR('',#3214,1.);
#3214 = DIRECTION('',(0.,-1.,0.));
#3215 = ORIENTED_EDGE('',*,*,#3216,.F.);
#3216 = EDGE_CURVE('',#3217,#3209,#3219,.T.);
#3217 = VERTEX_POINT('',#3218);
#3218 = CARTESIAN_POINT('',(111.250516,-92.68028,1.51));
#3219 = CIRCLE('',#3220,0.499989885034);
#3220 = AXIS2_PLACEMENT_3D('',#3221,#3222,#3223);
#3221 = CARTESIAN_POINT('',(110.80001111497,-92.89715607913,1.51));
#3222 = DIRECTION('',(0.,0.,-1.));
#3223 = DIRECTION('',(0.901027997796,0.43376093322,0.));
#3224 = ORIENTED_EDGE('',*,*,#3225,.F.);
#3225 = EDGE_CURVE('',#3226,#3217,#3228,.T.);
#3226 = VERTEX_POINT('',#3227);
#3227 = CARTESIAN_POINT('',(111.953289,-92.031701,1.51));
#3228 = CIRCLE('',#3229,0.499999729127);
#3229 = AXIS2_PLACEMENT_3D('',#3230,#3231,#3232);
#3230 = CARTESIAN_POINT('',(111.70103074567,-92.46340170911,1.51));
#3231 = DIRECTION('',(0.,0.,1.));
#3232 = DIRECTION('',(0.504516781968,0.863401885979,-0.));
#3233 = ORIENTED_EDGE('',*,*,#3234,.F.);
#3234 = EDGE_CURVE('',#3235,#3226,#3237,.T.);
#3235 = VERTEX_POINT('',#3236);
#3236 = CARTESIAN_POINT('',(112.205548,-92.100001,1.51));
#3237 = CIRCLE('',#3238,0.50002311711);
#3238 = AXIS2_PLACEMENT_3D('',#3239,#3240,#3241);
#3239 = CARTESIAN_POINT('',(112.20555526378,-91.59997788294,1.51));
#3240 = DIRECTION('',(0.,0.,-1.));
#3241 = DIRECTION('',(-1.452689337449E-05,-0.999999999894,-0.));
#3242 = ORIENTED_EDGE('',*,*,#3243,.F.);
#3243 = EDGE_CURVE('',#3244,#3235,#3246,.T.);
#3244 = VERTEX_POINT('',#3245);
#3245 = CARTESIAN_POINT('',(113.794453,-92.100001,1.51));
#3246 = LINE('',#3247,#3248);
#3247 = CARTESIAN_POINT('',(113.794453,-92.100001,1.51));
#3248 = VECTOR('',#3249,1.);
#3249 = DIRECTION('',(-1.,0.,0.));
#3250 = ORIENTED_EDGE('',*,*,#3251,.F.);
#3251 = EDGE_CURVE('',#3121,#3244,#3252,.T.);
#3252 = CIRCLE('',#3253,0.500008729288);
#3253 = AXIS2_PLACEMENT_3D('',#3254,#3255,#3256);
#3254 = CARTESIAN_POINT('',(113.79445034312,-91.59999227071,1.51));
#3255 = DIRECTION('',(0.,0.,-1.));
#3256 = DIRECTION('',(0.504512505685,-0.863404384751,0.));
#3257 = FACE_BOUND('',#3258,.T.);
#3258 = EDGE_LOOP('',(#3259));
#3259 = ORIENTED_EDGE('',*,*,#3260,.T.);
#3260 = EDGE_CURVE('',#3261,#3261,#3263,.T.);
#3261 = VERTEX_POINT('',#3262);
#3262 = CARTESIAN_POINT('',(128.,-108.4,1.51));
#3263 = CIRCLE('',#3264,0.4);
#3264 = AXIS2_PLACEMENT_3D('',#3265,#3266,#3267);
#3265 = CARTESIAN_POINT('',(128.,-108.,1.51));
#3266 = DIRECTION('',(-0.,0.,-1.));
#3267 = DIRECTION('',(-0.,-1.,0.));
#3268 = FACE_BOUND('',#3269,.T.);
#3269 = EDGE_LOOP('',(#3270));
#3270 = ORIENTED_EDGE('',*,*,#3271,.T.);
#3271 = EDGE_CURVE('',#3272,#3272,#3274,.T.);
#3272 = VERTEX_POINT('',#3273);
#3273 = CARTESIAN_POINT('',(129.5,-104.25,1.51));
#3274 = CIRCLE('',#3275,0.75);
#3275 = AXIS2_PLACEMENT_3D('',#3276,#3277,#3278);
#3276 = CARTESIAN_POINT('',(129.5,-103.5,1.51));
#3277 = DIRECTION('',(-0.,0.,-1.));
#3278 = DIRECTION('',(-0.,-1.,0.));
#3279 = FACE_BOUND('',#3280,.T.);
#3280 = EDGE_LOOP('',(#3281));
#3281 = ORIENTED_EDGE('',*,*,#3282,.T.);
#3282 = EDGE_CURVE('',#3283,#3283,#3285,.T.);
#3283 = VERTEX_POINT('',#3284);
#3284 = CARTESIAN_POINT('',(118.12,-99.27,1.51));
#3285 = CIRCLE('',#3286,0.85);
#3286 = AXIS2_PLACEMENT_3D('',#3287,#3288,#3289);
#3287 = CARTESIAN_POINT('',(118.12,-98.42,1.51));
#3288 = DIRECTION('',(-0.,0.,-1.));
#3289 = DIRECTION('',(-0.,-1.,0.));
#3290 = FACE_BOUND('',#3291,.T.);
#3291 = EDGE_LOOP('',(#3292));
#3292 = ORIENTED_EDGE('',*,*,#3293,.T.);
#3293 = EDGE_CURVE('',#3294,#3294,#3296,.T.);
#3294 = VERTEX_POINT('',#3295);
#3295 = CARTESIAN_POINT('',(126.96,-99.27,1.51));
#3296 = CIRCLE('',#3297,0.85);
#3297 = AXIS2_PLACEMENT_3D('',#3298,#3299,#3300);
#3298 = CARTESIAN_POINT('',(126.96,-98.42,1.51));
#3299 = DIRECTION('',(-0.,0.,-1.));
#3300 = DIRECTION('',(-1.671865260612E-14,-1.,0.));
#3301 = FACE_BOUND('',#3302,.T.);
#3302 = EDGE_LOOP('',(#3303));
#3303 = ORIENTED_EDGE('',*,*,#3304,.T.);
#3304 = EDGE_CURVE('',#3305,#3305,#3307,.T.);
#3305 = VERTEX_POINT('',#3306);
#3306 = CARTESIAN_POINT('',(135.62,-127.4,1.51));
#3307 = CIRCLE('',#3308,0.4);
#3308 = AXIS2_PLACEMENT_3D('',#3309,#3310,#3311);
#3309 = CARTESIAN_POINT('',(135.62,-127.,1.51));
#3310 = DIRECTION('',(-0.,0.,-1.));
#3311 = DIRECTION('',(-0.,-1.,0.));
#3312 = FACE_BOUND('',#3313,.T.);
#3313 = EDGE_LOOP('',(#3314));
#3314 = ORIENTED_EDGE('',*,*,#3315,.T.);
#3315 = EDGE_CURVE('',#3316,#3316,#3318,.T.);
#3316 = VERTEX_POINT('',#3317);
#3317 = CARTESIAN_POINT('',(135.85,-120.71,1.51));
#3318 = CIRCLE('',#3319,0.75);
#3319 = AXIS2_PLACEMENT_3D('',#3320,#3321,#3322);
#3320 = CARTESIAN_POINT('',(135.85,-119.96,1.51));
#3321 = DIRECTION('',(-0.,0.,-1.));
#3322 = DIRECTION('',(-0.,-1.,0.));
#3323 = FACE_BOUND('',#3324,.T.);
#3324 = EDGE_LOOP('',(#3325));
#3325 = ORIENTED_EDGE('',*,*,#3326,.T.);
#3326 = EDGE_CURVE('',#3327,#3327,#3329,.T.);
#3327 = VERTEX_POINT('',#3328);
#3328 = CARTESIAN_POINT('',(132.04,-119.42,1.51));
#3329 = CIRCLE('',#3330,2.);
#3330 = AXIS2_PLACEMENT_3D('',#3331,#3332,#3333);
#3331 = CARTESIAN_POINT('',(132.04,-117.42,1.51));
#3332 = DIRECTION('',(-0.,0.,-1.));
#3333 = DIRECTION('',(-0.,-1.,0.));
#3334 = FACE_BOUND('',#3335,.T.);
#3335 = EDGE_LOOP('',(#3336));
#3336 = ORIENTED_EDGE('',*,*,#3337,.T.);
#3337 = EDGE_CURVE('',#3338,#3338,#3340,.T.);
#3338 = VERTEX_POINT('',#3339);
#3339 = CARTESIAN_POINT('',(137.12,-118.27,1.51));
#3340 = CIRCLE('',#3341,0.85);
#3341 = AXIS2_PLACEMENT_3D('',#3342,#3343,#3344);
#3342 = CARTESIAN_POINT('',(137.12,-117.42,1.51));
#3343 = DIRECTION('',(-0.,0.,-1.));
#3344 = DIRECTION('',(-0.,-1.,0.));
#3345 = FACE_BOUND('',#3346,.T.);
#3346 = EDGE_LOOP('',(#3347,#3358,#3367,#3375,#3384,#3393,#3402,#3410,
    #3419,#3428,#3437,#3445,#3454,#3463,#3472,#3480));
#3347 = ORIENTED_EDGE('',*,*,#3348,.F.);
#3348 = EDGE_CURVE('',#3349,#3351,#3353,.T.);
#3349 = VERTEX_POINT('',#3350);
#3350 = CARTESIAN_POINT('',(133.749484,-111.68028,1.51));
#3351 = VERTEX_POINT('',#3352);
#3352 = CARTESIAN_POINT('',(133.046711,-111.031702,1.51));
#3353 = CIRCLE('',#3354,0.4999991191);
#3354 = AXIS2_PLACEMENT_3D('',#3355,#3356,#3357);
#3355 = CARTESIAN_POINT('',(133.29896999978,-111.4634015669,1.51));
#3356 = DIRECTION('',(0.,0.,1.));
#3357 = DIRECTION('',(0.901029587867,-0.433757630236,0.));
#3358 = ORIENTED_EDGE('',*,*,#3359,.F.);
#3359 = EDGE_CURVE('',#3360,#3349,#3362,.T.);
#3360 = VERTEX_POINT('',#3361);
#3361 = CARTESIAN_POINT('',(133.699999,-111.897157,1.51));
#3362 = CIRCLE('',#3363,0.500027821847);
#3363 = AXIS2_PLACEMENT_3D('',#3364,#3365,#3366);
#3364 = CARTESIAN_POINT('',(134.20002682178,-111.8971647351,1.51));
#3365 = DIRECTION('',(0.,0.,-1.));
#3366 = DIRECTION('',(-0.99999999988,1.546951321432E-05,0.));
#3367 = ORIENTED_EDGE('',*,*,#3368,.F.);
#3368 = EDGE_CURVE('',#3369,#3360,#3371,.T.);
#3369 = VERTEX_POINT('',#3370);
#3370 = CARTESIAN_POINT('',(133.699999,-113.302842,1.51));
#3371 = LINE('',#3372,#3373);
#3372 = CARTESIAN_POINT('',(133.699999,-113.302842,1.51));
#3373 = VECTOR('',#3374,1.);
#3374 = DIRECTION('',(0.,1.,0.));
#3375 = ORIENTED_EDGE('',*,*,#3376,.F.);
#3376 = EDGE_CURVE('',#3377,#3369,#3379,.T.);
#3377 = VERTEX_POINT('',#3378);
#3378 = CARTESIAN_POINT('',(133.749484,-113.51972,1.51));
#3379 = CIRCLE('',#3380,0.499677963726);
#3380 = AXIS2_PLACEMENT_3D('',#3381,#3382,#3383);
#3381 = CARTESIAN_POINT('',(134.19967695838,-113.302915093,1.51));
#3382 = DIRECTION('',(0.,0.,-1.));
#3383 = DIRECTION('',(-0.900966204359,-0.43388926998,-0.));
#3384 = ORIENTED_EDGE('',*,*,#3385,.F.);
#3385 = EDGE_CURVE('',#3386,#3377,#3388,.T.);
#3386 = VERTEX_POINT('',#3387);
#3387 = CARTESIAN_POINT('',(133.046711,-114.168299,1.51));
#3388 = CIRCLE('',#3389,0.499999448976);
#3389 = AXIS2_PLACEMENT_3D('',#3390,#3391,#3392);
#3390 = CARTESIAN_POINT('',(133.29896990428,-113.7365989951,1.51));
#3391 = DIRECTION('',(0.,0.,1.));
#3392 = DIRECTION('',(-0.504518364574,-0.863400961204,0.));
#3393 = ORIENTED_EDGE('',*,*,#3394,.F.);
#3394 = EDGE_CURVE('',#3395,#3386,#3397,.T.);
#3395 = VERTEX_POINT('',#3396);
#3396 = CARTESIAN_POINT('',(132.794452,-114.1,1.51));
#3397 = CIRCLE('',#3398,0.500008729226);
#3398 = AXIS2_PLACEMENT_3D('',#3399,#3400,#3401);
#3399 = CARTESIAN_POINT('',(132.79445034314,-114.6000087292,1.51));
#3400 = DIRECTION('',(0.,0.,-1.));
#3401 = DIRECTION('',(3.313649373872E-06,0.999999999995,0.));
#3402 = ORIENTED_EDGE('',*,*,#3403,.F.);
#3403 = EDGE_CURVE('',#3404,#3395,#3406,.T.);
#3404 = VERTEX_POINT('',#3405);
#3405 = CARTESIAN_POINT('',(131.205548,-114.1,1.51));
#3406 = LINE('',#3407,#3408);
#3407 = CARTESIAN_POINT('',(131.205548,-114.1,1.51));
#3408 = VECTOR('',#3409,1.);
#3409 = DIRECTION('',(1.,0.,0.));
#3410 = ORIENTED_EDGE('',*,*,#3411,.F.);
#3411 = EDGE_CURVE('',#3412,#3404,#3414,.T.);
#3412 = VERTEX_POINT('',#3413);
#3413 = CARTESIAN_POINT('',(130.95329,-114.168299,1.51));
#3414 = CIRCLE('',#3415,0.500008729288);
#3415 = AXIS2_PLACEMENT_3D('',#3416,#3417,#3418);
#3416 = CARTESIAN_POINT('',(131.20555065687,-114.6000087292,1.51));
#3417 = DIRECTION('',(0.,0.,-1.));
#3418 = DIRECTION('',(-0.504512505685,0.863404384751,0.));
#3419 = ORIENTED_EDGE('',*,*,#3420,.F.);
#3420 = EDGE_CURVE('',#3421,#3412,#3423,.T.);
#3421 = VERTEX_POINT('',#3422);
#3422 = CARTESIAN_POINT('',(130.250516,-113.51972,1.51));
#3423 = CIRCLE('',#3424,0.500000669307);
#3424 = AXIS2_PLACEMENT_3D('',#3425,#3426,#3427);
#3425 = CARTESIAN_POINT('',(130.7010325355,-113.7365967404,1.51));
#3426 = DIRECTION('',(0.,0.,1.));
#3427 = DIRECTION('',(-0.901031864884,0.433752900236,0.));
#3428 = ORIENTED_EDGE('',*,*,#3429,.F.);
#3429 = EDGE_CURVE('',#3430,#3421,#3432,.T.);
#3430 = VERTEX_POINT('',#3431);
#3431 = CARTESIAN_POINT('',(130.300001,-113.302843,1.51));
#3432 = CIRCLE('',#3433,0.499989884978);
#3433 = AXIS2_PLACEMENT_3D('',#3434,#3435,#3436);
#3434 = CARTESIAN_POINT('',(129.80001111502,-113.3028439208,1.51));
#3435 = DIRECTION('',(0.,0.,-1.));
#3436 = DIRECTION('',(0.999999999998,1.841808596201E-06,0.));
#3437 = ORIENTED_EDGE('',*,*,#3438,.F.);
#3438 = EDGE_CURVE('',#3439,#3430,#3441,.T.);
#3439 = VERTEX_POINT('',#3440);
#3440 = CARTESIAN_POINT('',(130.300001,-111.897158,1.51));
#3441 = LINE('',#3442,#3443);
#3442 = CARTESIAN_POINT('',(130.300001,-111.897158,1.51));
#3443 = VECTOR('',#3444,1.);
#3444 = DIRECTION('',(0.,-1.,0.));
#3445 = ORIENTED_EDGE('',*,*,#3446,.F.);
#3446 = EDGE_CURVE('',#3447,#3439,#3449,.T.);
#3447 = VERTEX_POINT('',#3448);
#3448 = CARTESIAN_POINT('',(130.250516,-111.68028,1.51));
#3449 = CIRCLE('',#3450,0.499989885034);
#3450 = AXIS2_PLACEMENT_3D('',#3451,#3452,#3453);
#3451 = CARTESIAN_POINT('',(129.80001111496,-111.8971560791,1.51));
#3452 = DIRECTION('',(0.,0.,-1.));
#3453 = DIRECTION('',(0.901027997796,0.43376093322,0.));
#3454 = ORIENTED_EDGE('',*,*,#3455,.F.);
#3455 = EDGE_CURVE('',#3456,#3447,#3458,.T.);
#3456 = VERTEX_POINT('',#3457);
#3457 = CARTESIAN_POINT('',(130.953289,-111.031701,1.51));
#3458 = CIRCLE('',#3459,0.499999729127);
#3459 = AXIS2_PLACEMENT_3D('',#3460,#3461,#3462);
#3460 = CARTESIAN_POINT('',(130.70103074567,-111.4634017091,1.51));
#3461 = DIRECTION('',(0.,0.,1.));
#3462 = DIRECTION('',(0.504516781969,0.863401885979,-0.));
#3463 = ORIENTED_EDGE('',*,*,#3464,.F.);
#3464 = EDGE_CURVE('',#3465,#3456,#3467,.T.);
#3465 = VERTEX_POINT('',#3466);
#3466 = CARTESIAN_POINT('',(131.205547,-111.1,1.51));
#3467 = CIRCLE('',#3468,0.500008729288);
#3468 = AXIS2_PLACEMENT_3D('',#3469,#3470,#3471);
#3469 = CARTESIAN_POINT('',(131.20554965687,-110.5999912707,1.51));
#3470 = DIRECTION('',(0.,0.,-1.));
#3471 = DIRECTION('',(-5.313662654248E-06,-0.999999999986,-0.));
#3472 = ORIENTED_EDGE('',*,*,#3473,.F.);
#3473 = EDGE_CURVE('',#3474,#3465,#3476,.T.);
#3474 = VERTEX_POINT('',#3475);
#3475 = CARTESIAN_POINT('',(132.794453,-111.100001,1.51));
#3476 = LINE('',#3477,#3478);
#3477 = CARTESIAN_POINT('',(132.794453,-111.100001,1.51));
#3478 = VECTOR('',#3479,1.);
#3479 = DIRECTION('',(-1.,6.293638589608E-07,0.));
#3480 = ORIENTED_EDGE('',*,*,#3481,.F.);
#3481 = EDGE_CURVE('',#3351,#3474,#3482,.T.);
#3482 = CIRCLE('',#3483,0.500008729288);
#3483 = AXIS2_PLACEMENT_3D('',#3484,#3485,#3486);
#3484 = CARTESIAN_POINT('',(132.79445034312,-110.5999922707,1.51));
#3485 = DIRECTION('',(0.,0.,-1.));
#3486 = DIRECTION('',(0.504512505685,-0.863404384751,0.));
#3487 = FACE_BOUND('',#3488,.T.);
#3488 = EDGE_LOOP('',(#3489));
#3489 = ORIENTED_EDGE('',*,*,#3490,.T.);
#3490 = EDGE_CURVE('',#3491,#3491,#3493,.T.);
#3491 = VERTEX_POINT('',#3492);
#3492 = CARTESIAN_POINT('',(147.,-127.4,1.51));
#3493 = CIRCLE('',#3494,0.4);
#3494 = AXIS2_PLACEMENT_3D('',#3495,#3496,#3497);
#3495 = CARTESIAN_POINT('',(147.,-127.,1.51));
#3496 = DIRECTION('',(-0.,0.,-1.));
#3497 = DIRECTION('',(-0.,-1.,0.));
#3498 = FACE_BOUND('',#3499,.T.);
#3499 = EDGE_LOOP('',(#3500));
#3500 = ORIENTED_EDGE('',*,*,#3501,.T.);
#3501 = EDGE_CURVE('',#3502,#3502,#3504,.T.);
#3502 = VERTEX_POINT('',#3503);
#3503 = CARTESIAN_POINT('',(148.5,-123.25,1.51));
#3504 = CIRCLE('',#3505,0.75);
#3505 = AXIS2_PLACEMENT_3D('',#3506,#3507,#3508);
#3506 = CARTESIAN_POINT('',(148.5,-122.5,1.51));
#3507 = DIRECTION('',(-0.,0.,-1.));
#3508 = DIRECTION('',(-0.,-1.,0.));
#3509 = FACE_BOUND('',#3510,.T.);
#3510 = EDGE_LOOP('',(#3511));
#3511 = ORIENTED_EDGE('',*,*,#3512,.T.);
#3512 = EDGE_CURVE('',#3513,#3513,#3515,.T.);
#3513 = VERTEX_POINT('',#3514);
#3514 = CARTESIAN_POINT('',(154.62,-127.4,1.51));
#3515 = CIRCLE('',#3516,0.4);
#3516 = AXIS2_PLACEMENT_3D('',#3517,#3518,#3519);
#3517 = CARTESIAN_POINT('',(154.62,-127.,1.51));
#3518 = DIRECTION('',(-0.,0.,-1.));
#3519 = DIRECTION('',(-0.,-1.,0.));
#3520 = FACE_BOUND('',#3521,.T.);
#3521 = EDGE_LOOP('',(#3522));
#3522 = ORIENTED_EDGE('',*,*,#3523,.T.);
#3523 = EDGE_CURVE('',#3524,#3524,#3526,.T.);
#3524 = VERTEX_POINT('',#3525);
#3525 = CARTESIAN_POINT('',(154.85,-120.71,1.51));
#3526 = CIRCLE('',#3527,0.75);
#3527 = AXIS2_PLACEMENT_3D('',#3528,#3529,#3530);
#3528 = CARTESIAN_POINT('',(154.85,-119.96,1.51));
#3529 = DIRECTION('',(-0.,0.,-1.));
#3530 = DIRECTION('',(-0.,-1.,0.));
#3531 = FACE_BOUND('',#3532,.T.);
#3532 = EDGE_LOOP('',(#3533));
#3533 = ORIENTED_EDGE('',*,*,#3534,.T.);
#3534 = EDGE_CURVE('',#3535,#3535,#3537,.T.);
#3535 = VERTEX_POINT('',#3536);
#3536 = CARTESIAN_POINT('',(145.96,-118.27,1.51));
#3537 = CIRCLE('',#3538,0.85);
#3538 = AXIS2_PLACEMENT_3D('',#3539,#3540,#3541);
#3539 = CARTESIAN_POINT('',(145.96,-117.42,1.51));
#3540 = DIRECTION('',(-0.,0.,-1.));
#3541 = DIRECTION('',(-0.,-1.,0.));
#3542 = FACE_BOUND('',#3543,.T.);
#3543 = EDGE_LOOP('',(#3544));
#3544 = ORIENTED_EDGE('',*,*,#3545,.T.);
#3545 = EDGE_CURVE('',#3546,#3546,#3548,.T.);
#3546 = VERTEX_POINT('',#3547);
#3547 = CARTESIAN_POINT('',(151.04,-119.42,1.51));
#3548 = CIRCLE('',#3549,2.);
#3549 = AXIS2_PLACEMENT_3D('',#3550,#3551,#3552);
#3550 = CARTESIAN_POINT('',(151.04,-117.42,1.51));
#3551 = DIRECTION('',(-0.,0.,-1.));
#3552 = DIRECTION('',(-0.,-1.,0.));
#3553 = FACE_BOUND('',#3554,.T.);
#3554 = EDGE_LOOP('',(#3555,#3566,#3575,#3583,#3592,#3601,#3610,#3618,
    #3627,#3636,#3645,#3653,#3662,#3671,#3680,#3688));
#3555 = ORIENTED_EDGE('',*,*,#3556,.F.);
#3556 = EDGE_CURVE('',#3557,#3559,#3561,.T.);
#3557 = VERTEX_POINT('',#3558);
#3558 = CARTESIAN_POINT('',(152.749484,-111.68028,1.51));
#3559 = VERTEX_POINT('',#3560);
#3560 = CARTESIAN_POINT('',(152.046711,-111.031702,1.51));
#3561 = CIRCLE('',#3562,0.4999991191);
#3562 = AXIS2_PLACEMENT_3D('',#3563,#3564,#3565);
#3563 = CARTESIAN_POINT('',(152.29896999978,-111.4634015669,1.51));
#3564 = DIRECTION('',(0.,0.,1.));
#3565 = DIRECTION('',(0.901029587867,-0.433757630236,0.));
#3566 = ORIENTED_EDGE('',*,*,#3567,.F.);
#3567 = EDGE_CURVE('',#3568,#3557,#3570,.T.);
#3568 = VERTEX_POINT('',#3569);
#3569 = CARTESIAN_POINT('',(152.699999,-111.897158,1.51));
#3570 = CIRCLE('',#3571,0.500027821559);
#3571 = AXIS2_PLACEMENT_3D('',#3572,#3573,#3574);
#3572 = CARTESIAN_POINT('',(153.20002682151,-111.897164735,1.51));
#3573 = DIRECTION('',(0.,0.,-1.));
#3574 = DIRECTION('',(-0.999999999909,1.346943264406E-05,0.));
#3575 = ORIENTED_EDGE('',*,*,#3576,.F.);
#3576 = EDGE_CURVE('',#3577,#3568,#3579,.T.);
#3577 = VERTEX_POINT('',#3578);
#3578 = CARTESIAN_POINT('',(152.699999,-113.302842,1.51));
#3579 = LINE('',#3580,#3581);
#3580 = CARTESIAN_POINT('',(152.699999,-113.302842,1.51));
#3581 = VECTOR('',#3582,1.);
#3582 = DIRECTION('',(0.,1.,0.));
#3583 = ORIENTED_EDGE('',*,*,#3584,.F.);
#3584 = EDGE_CURVE('',#3585,#3577,#3587,.T.);
#3585 = VERTEX_POINT('',#3586);
#3586 = CARTESIAN_POINT('',(152.749484,-113.51972,1.51));
#3587 = CIRCLE('',#3588,0.499677963726);
#3588 = AXIS2_PLACEMENT_3D('',#3589,#3590,#3591);
#3589 = CARTESIAN_POINT('',(153.19967695838,-113.302915093,1.51));
#3590 = DIRECTION('',(0.,0.,-1.));
#3591 = DIRECTION('',(-0.900966204359,-0.43388926998,-0.));
#3592 = ORIENTED_EDGE('',*,*,#3593,.F.);
#3593 = EDGE_CURVE('',#3594,#3585,#3596,.T.);
#3594 = VERTEX_POINT('',#3595);
#3595 = CARTESIAN_POINT('',(152.046711,-114.168299,1.51));
#3596 = CIRCLE('',#3597,0.499999448976);
#3597 = AXIS2_PLACEMENT_3D('',#3598,#3599,#3600);
#3598 = CARTESIAN_POINT('',(152.29896990428,-113.7365989951,1.51));
#3599 = DIRECTION('',(0.,0.,1.));
#3600 = DIRECTION('',(-0.504518364574,-0.863400961204,0.));
#3601 = ORIENTED_EDGE('',*,*,#3602,.F.);
#3602 = EDGE_CURVE('',#3603,#3594,#3605,.T.);
#3603 = VERTEX_POINT('',#3604);
#3604 = CARTESIAN_POINT('',(151.794452,-114.1,1.51));
#3605 = CIRCLE('',#3606,0.500008729226);
#3606 = AXIS2_PLACEMENT_3D('',#3607,#3608,#3609);
#3607 = CARTESIAN_POINT('',(151.79445034314,-114.6000087292,1.51));
#3608 = DIRECTION('',(0.,0.,-1.));
#3609 = DIRECTION('',(3.313649373872E-06,0.999999999995,0.));
#3610 = ORIENTED_EDGE('',*,*,#3611,.F.);
#3611 = EDGE_CURVE('',#3612,#3603,#3614,.T.);
#3612 = VERTEX_POINT('',#3613);
#3613 = CARTESIAN_POINT('',(150.205548,-114.1,1.51));
#3614 = LINE('',#3615,#3616);
#3615 = CARTESIAN_POINT('',(150.205548,-114.1,1.51));
#3616 = VECTOR('',#3617,1.);
#3617 = DIRECTION('',(1.,0.,0.));
#3618 = ORIENTED_EDGE('',*,*,#3619,.F.);
#3619 = EDGE_CURVE('',#3620,#3612,#3622,.T.);
#3620 = VERTEX_POINT('',#3621);
#3621 = CARTESIAN_POINT('',(149.95329,-114.168299,1.51));
#3622 = CIRCLE('',#3623,0.500008729288);
#3623 = AXIS2_PLACEMENT_3D('',#3624,#3625,#3626);
#3624 = CARTESIAN_POINT('',(150.20555065687,-114.6000087292,1.51));
#3625 = DIRECTION('',(0.,0.,-1.));
#3626 = DIRECTION('',(-0.504512505685,0.863404384751,0.));
#3627 = ORIENTED_EDGE('',*,*,#3628,.F.);
#3628 = EDGE_CURVE('',#3629,#3620,#3631,.T.);
#3629 = VERTEX_POINT('',#3630);
#3630 = CARTESIAN_POINT('',(149.250516,-113.51972,1.51));
#3631 = CIRCLE('',#3632,0.500000669307);
#3632 = AXIS2_PLACEMENT_3D('',#3633,#3634,#3635);
#3633 = CARTESIAN_POINT('',(149.7010325355,-113.7365967404,1.51));
#3634 = DIRECTION('',(0.,0.,1.));
#3635 = DIRECTION('',(-0.901031864884,0.433752900236,0.));
#3636 = ORIENTED_EDGE('',*,*,#3637,.F.);
#3637 = EDGE_CURVE('',#3638,#3629,#3640,.T.);
#3638 = VERTEX_POINT('',#3639);
#3639 = CARTESIAN_POINT('',(149.300001,-113.302843,1.51));
#3640 = CIRCLE('',#3641,0.499989884978);
#3641 = AXIS2_PLACEMENT_3D('',#3642,#3643,#3644);
#3642 = CARTESIAN_POINT('',(148.80001111502,-113.3028439208,1.51));
#3643 = DIRECTION('',(0.,0.,-1.));
#3644 = DIRECTION('',(0.999999999998,1.841808596201E-06,0.));
#3645 = ORIENTED_EDGE('',*,*,#3646,.F.);
#3646 = EDGE_CURVE('',#3647,#3638,#3649,.T.);
#3647 = VERTEX_POINT('',#3648);
#3648 = CARTESIAN_POINT('',(149.300001,-111.897158,1.51));
#3649 = LINE('',#3650,#3651);
#3650 = CARTESIAN_POINT('',(149.300001,-111.897158,1.51));
#3651 = VECTOR('',#3652,1.);
#3652 = DIRECTION('',(0.,-1.,0.));
#3653 = ORIENTED_EDGE('',*,*,#3654,.F.);
#3654 = EDGE_CURVE('',#3655,#3647,#3657,.T.);
#3655 = VERTEX_POINT('',#3656);
#3656 = CARTESIAN_POINT('',(149.250516,-111.68028,1.51));
#3657 = CIRCLE('',#3658,0.499989885034);
#3658 = AXIS2_PLACEMENT_3D('',#3659,#3660,#3661);
#3659 = CARTESIAN_POINT('',(148.80001111496,-111.8971560791,1.51));
#3660 = DIRECTION('',(0.,0.,-1.));
#3661 = DIRECTION('',(0.901027997796,0.43376093322,0.));
#3662 = ORIENTED_EDGE('',*,*,#3663,.F.);
#3663 = EDGE_CURVE('',#3664,#3655,#3666,.T.);
#3664 = VERTEX_POINT('',#3665);
#3665 = CARTESIAN_POINT('',(149.953289,-111.031701,1.51));
#3666 = CIRCLE('',#3667,0.499999729127);
#3667 = AXIS2_PLACEMENT_3D('',#3668,#3669,#3670);
#3668 = CARTESIAN_POINT('',(149.70103074567,-111.4634017091,1.51));
#3669 = DIRECTION('',(0.,0.,1.));
#3670 = DIRECTION('',(0.504516781969,0.863401885979,-0.));
#3671 = ORIENTED_EDGE('',*,*,#3672,.F.);
#3672 = EDGE_CURVE('',#3673,#3664,#3675,.T.);
#3673 = VERTEX_POINT('',#3674);
#3674 = CARTESIAN_POINT('',(150.205547,-111.1,1.51));
#3675 = CIRCLE('',#3676,0.500008729288);
#3676 = AXIS2_PLACEMENT_3D('',#3677,#3678,#3679);
#3677 = CARTESIAN_POINT('',(150.20554965687,-110.5999912707,1.51));
#3678 = DIRECTION('',(0.,0.,-1.));
#3679 = DIRECTION('',(-5.313662654248E-06,-0.999999999986,-0.));
#3680 = ORIENTED_EDGE('',*,*,#3681,.F.);
#3681 = EDGE_CURVE('',#3682,#3673,#3684,.T.);
#3682 = VERTEX_POINT('',#3683);
#3683 = CARTESIAN_POINT('',(151.794453,-111.100001,1.51));
#3684 = LINE('',#3685,#3686);
#3685 = CARTESIAN_POINT('',(151.794453,-111.100001,1.51));
#3686 = VECTOR('',#3687,1.);
#3687 = DIRECTION('',(-1.,6.293638589608E-07,0.));
#3688 = ORIENTED_EDGE('',*,*,#3689,.F.);
#3689 = EDGE_CURVE('',#3559,#3682,#3690,.T.);
#3690 = CIRCLE('',#3691,0.500008729288);
#3691 = AXIS2_PLACEMENT_3D('',#3692,#3693,#3694);
#3692 = CARTESIAN_POINT('',(151.79445034312,-110.5999922707,1.51));
#3693 = DIRECTION('',(0.,0.,-1.));
#3694 = DIRECTION('',(0.504512505685,-0.863404384751,0.));
#3695 = FACE_BOUND('',#3696,.T.);
#3696 = EDGE_LOOP('',(#3697));
#3697 = ORIENTED_EDGE('',*,*,#3698,.T.);
#3698 = EDGE_CURVE('',#3699,#3699,#3701,.T.);
#3699 = VERTEX_POINT('',#3700);
#3700 = CARTESIAN_POINT('',(156.12,-118.27,1.51));
#3701 = CIRCLE('',#3702,0.85);
#3702 = AXIS2_PLACEMENT_3D('',#3703,#3704,#3705);
#3703 = CARTESIAN_POINT('',(156.12,-117.42,1.51));
#3704 = DIRECTION('',(-0.,0.,-1.));
#3705 = DIRECTION('',(-0.,-1.,0.));
#3706 = FACE_BOUND('',#3707,.T.);
#3707 = EDGE_LOOP('',(#3708));
#3708 = ORIENTED_EDGE('',*,*,#3709,.T.);
#3709 = EDGE_CURVE('',#3710,#3710,#3712,.T.);
#3710 = VERTEX_POINT('',#3711);
#3711 = CARTESIAN_POINT('',(135.62,-108.4,1.51));
#3712 = CIRCLE('',#3713,0.4);
#3713 = AXIS2_PLACEMENT_3D('',#3714,#3715,#3716);
#3714 = CARTESIAN_POINT('',(135.62,-108.,1.51));
#3715 = DIRECTION('',(-0.,0.,-1.));
#3716 = DIRECTION('',(-0.,-1.,0.));
#3717 = FACE_BOUND('',#3718,.T.);
#3718 = EDGE_LOOP('',(#3719));
#3719 = ORIENTED_EDGE('',*,*,#3720,.T.);
#3720 = EDGE_CURVE('',#3721,#3721,#3723,.T.);
#3721 = VERTEX_POINT('',#3722);
#3722 = CARTESIAN_POINT('',(135.85,-101.71,1.51));
#3723 = CIRCLE('',#3724,0.75);
#3724 = AXIS2_PLACEMENT_3D('',#3725,#3726,#3727);
#3725 = CARTESIAN_POINT('',(135.85,-100.96,1.51));
#3726 = DIRECTION('',(-0.,0.,-1.));
#3727 = DIRECTION('',(-0.,-1.,0.));
#3728 = FACE_BOUND('',#3729,.T.);
#3729 = EDGE_LOOP('',(#3730));
#3730 = ORIENTED_EDGE('',*,*,#3731,.T.);
#3731 = EDGE_CURVE('',#3732,#3732,#3734,.T.);
#3732 = VERTEX_POINT('',#3733);
#3733 = CARTESIAN_POINT('',(132.04,-100.42,1.51));
#3734 = CIRCLE('',#3735,2.);
#3735 = AXIS2_PLACEMENT_3D('',#3736,#3737,#3738);
#3736 = CARTESIAN_POINT('',(132.04,-98.42,1.51));
#3737 = DIRECTION('',(-0.,0.,-1.));
#3738 = DIRECTION('',(-0.,-1.,0.));
#3739 = FACE_BOUND('',#3740,.T.);
#3740 = EDGE_LOOP('',(#3741));
#3741 = ORIENTED_EDGE('',*,*,#3742,.T.);
#3742 = EDGE_CURVE('',#3743,#3743,#3745,.T.);
#3743 = VERTEX_POINT('',#3744);
#3744 = CARTESIAN_POINT('',(137.12,-99.27,1.51));
#3745 = CIRCLE('',#3746,0.85);
#3746 = AXIS2_PLACEMENT_3D('',#3747,#3748,#3749);
#3747 = CARTESIAN_POINT('',(137.12,-98.42,1.51));
#3748 = DIRECTION('',(-0.,0.,-1.));
#3749 = DIRECTION('',(-0.,-1.,0.));
#3750 = FACE_BOUND('',#3751,.T.);
#3751 = EDGE_LOOP('',(#3752,#3763,#3772,#3780,#3789,#3798,#3807,#3815,
    #3824,#3833,#3842,#3850,#3859,#3868,#3877,#3885));
#3752 = ORIENTED_EDGE('',*,*,#3753,.F.);
#3753 = EDGE_CURVE('',#3754,#3756,#3758,.T.);
#3754 = VERTEX_POINT('',#3755);
#3755 = CARTESIAN_POINT('',(133.749484,-92.70528,1.51));
#3756 = VERTEX_POINT('',#3757);
#3757 = CARTESIAN_POINT('',(133.046711,-92.056702,1.51));
#3758 = CIRCLE('',#3759,0.4999991191);
#3759 = AXIS2_PLACEMENT_3D('',#3760,#3761,#3762);
#3760 = CARTESIAN_POINT('',(133.29896999978,-92.48840156697,1.51));
#3761 = DIRECTION('',(0.,0.,1.));
#3762 = DIRECTION('',(0.901029587867,-0.433757630236,0.));
#3763 = ORIENTED_EDGE('',*,*,#3764,.F.);
#3764 = EDGE_CURVE('',#3765,#3754,#3767,.T.);
#3765 = VERTEX_POINT('',#3766);
#3766 = CARTESIAN_POINT('',(133.699999,-92.922157,1.51));
#3767 = CIRCLE('',#3768,0.500027821847);
#3768 = AXIS2_PLACEMENT_3D('',#3769,#3770,#3771);
#3769 = CARTESIAN_POINT('',(134.20002682178,-92.92216473518,1.51));
#3770 = DIRECTION('',(0.,0.,-1.));
#3771 = DIRECTION('',(-0.99999999988,1.546951324274E-05,0.));
#3772 = ORIENTED_EDGE('',*,*,#3773,.F.);
#3773 = EDGE_CURVE('',#3774,#3765,#3776,.T.);
#3774 = VERTEX_POINT('',#3775);
#3775 = CARTESIAN_POINT('',(133.699999,-94.327842,1.51));
#3776 = LINE('',#3777,#3778);
#3777 = CARTESIAN_POINT('',(133.699999,-94.327842,1.51));
#3778 = VECTOR('',#3779,1.);
#3779 = DIRECTION('',(0.,1.,0.));
#3780 = ORIENTED_EDGE('',*,*,#3781,.F.);
#3781 = EDGE_CURVE('',#3782,#3774,#3784,.T.);
#3782 = VERTEX_POINT('',#3783);
#3783 = CARTESIAN_POINT('',(133.749484,-94.54472,1.51));
#3784 = CIRCLE('',#3785,0.499677963726);
#3785 = AXIS2_PLACEMENT_3D('',#3786,#3787,#3788);
#3786 = CARTESIAN_POINT('',(134.19967695837,-94.32791509309,1.51));
#3787 = DIRECTION('',(0.,0.,-1.));
#3788 = DIRECTION('',(-0.900966204359,-0.43388926998,-0.));
#3789 = ORIENTED_EDGE('',*,*,#3790,.F.);
#3790 = EDGE_CURVE('',#3791,#3782,#3793,.T.);
#3791 = VERTEX_POINT('',#3792);
#3792 = CARTESIAN_POINT('',(133.046711,-95.193299,1.51));
#3793 = CIRCLE('',#3794,0.499999448976);
#3794 = AXIS2_PLACEMENT_3D('',#3795,#3796,#3797);
#3795 = CARTESIAN_POINT('',(133.29896990428,-94.76159899515,1.51));
#3796 = DIRECTION('',(0.,0.,1.));
#3797 = DIRECTION('',(-0.504518364574,-0.863400961204,0.));
#3798 = ORIENTED_EDGE('',*,*,#3799,.F.);
#3799 = EDGE_CURVE('',#3800,#3791,#3802,.T.);
#3800 = VERTEX_POINT('',#3801);
#3801 = CARTESIAN_POINT('',(132.794452,-95.125,1.51));
#3802 = CIRCLE('',#3803,0.500008729226);
#3803 = AXIS2_PLACEMENT_3D('',#3804,#3805,#3806);
#3804 = CARTESIAN_POINT('',(132.79445034314,-95.62500872922,1.51));
#3805 = DIRECTION('',(0.,0.,-1.));
#3806 = DIRECTION('',(3.313649203346E-06,0.999999999995,0.));
#3807 = ORIENTED_EDGE('',*,*,#3808,.F.);
#3808 = EDGE_CURVE('',#3809,#3800,#3811,.T.);
#3809 = VERTEX_POINT('',#3810);
#3810 = CARTESIAN_POINT('',(131.205548,-95.125,1.51));
#3811 = LINE('',#3812,#3813);
#3812 = CARTESIAN_POINT('',(131.205548,-95.125,1.51));
#3813 = VECTOR('',#3814,1.);
#3814 = DIRECTION('',(1.,0.,0.));
#3815 = ORIENTED_EDGE('',*,*,#3816,.F.);
#3816 = EDGE_CURVE('',#3817,#3809,#3819,.T.);
#3817 = VERTEX_POINT('',#3818);
#3818 = CARTESIAN_POINT('',(130.95329,-95.193299,1.51));
#3819 = CIRCLE('',#3820,0.500008729288);
#3820 = AXIS2_PLACEMENT_3D('',#3821,#3822,#3823);
#3821 = CARTESIAN_POINT('',(131.20555065687,-95.62500872928,1.51));
#3822 = DIRECTION('',(0.,0.,-1.));
#3823 = DIRECTION('',(-0.504512505685,0.863404384751,0.));
#3824 = ORIENTED_EDGE('',*,*,#3825,.F.);
#3825 = EDGE_CURVE('',#3826,#3817,#3828,.T.);
#3826 = VERTEX_POINT('',#3827);
#3827 = CARTESIAN_POINT('',(130.250516,-94.54472,1.51));
#3828 = CIRCLE('',#3829,0.500000669307);
#3829 = AXIS2_PLACEMENT_3D('',#3830,#3831,#3832);
#3830 = CARTESIAN_POINT('',(130.7010325355,-94.76159674043,1.51));
#3831 = DIRECTION('',(0.,0.,1.));
#3832 = DIRECTION('',(-0.901031864884,0.433752900236,0.));
#3833 = ORIENTED_EDGE('',*,*,#3834,.F.);
#3834 = EDGE_CURVE('',#3835,#3826,#3837,.T.);
#3835 = VERTEX_POINT('',#3836);
#3836 = CARTESIAN_POINT('',(130.300001,-94.327842,1.51));
#3837 = CIRCLE('',#3838,0.499989885034);
#3838 = AXIS2_PLACEMENT_3D('',#3839,#3840,#3841);
#3839 = CARTESIAN_POINT('',(129.80001111496,-94.32784392086,1.51));
#3840 = DIRECTION('',(0.,0.,-1.));
#3841 = DIRECTION('',(0.999999999993,3.841811392097E-06,0.));
#3842 = ORIENTED_EDGE('',*,*,#3843,.F.);
#3843 = EDGE_CURVE('',#3844,#3835,#3846,.T.);
#3844 = VERTEX_POINT('',#3845);
#3845 = CARTESIAN_POINT('',(130.300001,-92.922158,1.51));
#3846 = LINE('',#3847,#3848);
#3847 = CARTESIAN_POINT('',(130.300001,-92.922158,1.51));
#3848 = VECTOR('',#3849,1.);
#3849 = DIRECTION('',(0.,-1.,0.));
#3850 = ORIENTED_EDGE('',*,*,#3851,.F.);
#3851 = EDGE_CURVE('',#3852,#3844,#3854,.T.);
#3852 = VERTEX_POINT('',#3853);
#3853 = CARTESIAN_POINT('',(130.250516,-92.70528,1.51));
#3854 = CIRCLE('',#3855,0.499989885034);
#3855 = AXIS2_PLACEMENT_3D('',#3856,#3857,#3858);
#3856 = CARTESIAN_POINT('',(129.80001111496,-92.92215607913,1.51));
#3857 = DIRECTION('',(0.,0.,-1.));
#3858 = DIRECTION('',(0.901027997796,0.43376093322,0.));
#3859 = ORIENTED_EDGE('',*,*,#3860,.F.);
#3860 = EDGE_CURVE('',#3861,#3852,#3863,.T.);
#3861 = VERTEX_POINT('',#3862);
#3862 = CARTESIAN_POINT('',(130.953289,-92.056701,1.51));
#3863 = CIRCLE('',#3864,0.499999729127);
#3864 = AXIS2_PLACEMENT_3D('',#3865,#3866,#3867);
#3865 = CARTESIAN_POINT('',(130.70103074567,-92.48840170911,1.51));
#3866 = DIRECTION('',(0.,0.,1.));
#3867 = DIRECTION('',(0.504516781969,0.863401885979,-0.));
#3868 = ORIENTED_EDGE('',*,*,#3869,.F.);
#3869 = EDGE_CURVE('',#3870,#3861,#3872,.T.);
#3870 = VERTEX_POINT('',#3871);
#3871 = CARTESIAN_POINT('',(131.205547,-92.125,1.51));
#3872 = CIRCLE('',#3873,0.500008729288);
#3873 = AXIS2_PLACEMENT_3D('',#3874,#3875,#3876);
#3874 = CARTESIAN_POINT('',(131.20554965687,-91.62499127071,1.51));
#3875 = DIRECTION('',(0.,0.,-1.));
#3876 = DIRECTION('',(-5.313662654248E-06,-0.999999999986,-0.));
#3877 = ORIENTED_EDGE('',*,*,#3878,.F.);
#3878 = EDGE_CURVE('',#3879,#3870,#3881,.T.);
#3879 = VERTEX_POINT('',#3880);
#3880 = CARTESIAN_POINT('',(132.794453,-92.125001,1.51));
#3881 = LINE('',#3882,#3883);
#3882 = CARTESIAN_POINT('',(132.794453,-92.125001,1.51));
#3883 = VECTOR('',#3884,1.);
#3884 = DIRECTION('',(-1.,6.29363850017E-07,0.));
#3885 = ORIENTED_EDGE('',*,*,#3886,.F.);
#3886 = EDGE_CURVE('',#3756,#3879,#3887,.T.);
#3887 = CIRCLE('',#3888,0.500008729288);
#3888 = AXIS2_PLACEMENT_3D('',#3889,#3890,#3891);
#3889 = CARTESIAN_POINT('',(132.79445034312,-91.62499227071,1.51));
#3890 = DIRECTION('',(0.,0.,-1.));
#3891 = DIRECTION('',(0.504512505686,-0.863404384751,0.));
#3892 = FACE_BOUND('',#3893,.T.);
#3893 = EDGE_LOOP('',(#3894));
#3894 = ORIENTED_EDGE('',*,*,#3895,.T.);
#3895 = EDGE_CURVE('',#3896,#3896,#3898,.T.);
#3896 = VERTEX_POINT('',#3897);
#3897 = CARTESIAN_POINT('',(147.,-108.4,1.51));
#3898 = CIRCLE('',#3899,0.4);
#3899 = AXIS2_PLACEMENT_3D('',#3900,#3901,#3902);
#3900 = CARTESIAN_POINT('',(147.,-108.,1.51));
#3901 = DIRECTION('',(-0.,0.,-1.));
#3902 = DIRECTION('',(-0.,-1.,0.));
#3903 = FACE_BOUND('',#3904,.T.);
#3904 = EDGE_LOOP('',(#3905));
#3905 = ORIENTED_EDGE('',*,*,#3906,.T.);
#3906 = EDGE_CURVE('',#3907,#3907,#3909,.T.);
#3907 = VERTEX_POINT('',#3908);
#3908 = CARTESIAN_POINT('',(148.5,-104.25,1.51));
#3909 = CIRCLE('',#3910,0.75);
#3910 = AXIS2_PLACEMENT_3D('',#3911,#3912,#3913);
#3911 = CARTESIAN_POINT('',(148.5,-103.5,1.51));
#3912 = DIRECTION('',(-0.,0.,-1.));
#3913 = DIRECTION('',(-0.,-1.,0.));
#3914 = FACE_BOUND('',#3915,.T.);
#3915 = EDGE_LOOP('',(#3916));
#3916 = ORIENTED_EDGE('',*,*,#3917,.T.);
#3917 = EDGE_CURVE('',#3918,#3918,#3920,.T.);
#3918 = VERTEX_POINT('',#3919);
#3919 = CARTESIAN_POINT('',(154.62,-108.4,1.51));
#3920 = CIRCLE('',#3921,0.4);
#3921 = AXIS2_PLACEMENT_3D('',#3922,#3923,#3924);
#3922 = CARTESIAN_POINT('',(154.62,-108.,1.51));
#3923 = DIRECTION('',(-0.,0.,-1.));
#3924 = DIRECTION('',(-0.,-1.,0.));
#3925 = FACE_BOUND('',#3926,.T.);
#3926 = EDGE_LOOP('',(#3927));
#3927 = ORIENTED_EDGE('',*,*,#3928,.T.);
#3928 = EDGE_CURVE('',#3929,#3929,#3931,.T.);
#3929 = VERTEX_POINT('',#3930);
#3930 = CARTESIAN_POINT('',(154.85,-101.71,1.51));
#3931 = CIRCLE('',#3932,0.75);
#3932 = AXIS2_PLACEMENT_3D('',#3933,#3934,#3935);
#3933 = CARTESIAN_POINT('',(154.85,-100.96,1.51));
#3934 = DIRECTION('',(-0.,0.,-1.));
#3935 = DIRECTION('',(-0.,-1.,0.));
#3936 = FACE_BOUND('',#3937,.T.);
#3937 = EDGE_LOOP('',(#3938));
#3938 = ORIENTED_EDGE('',*,*,#3939,.T.);
#3939 = EDGE_CURVE('',#3940,#3940,#3942,.T.);
#3940 = VERTEX_POINT('',#3941);
#3941 = CARTESIAN_POINT('',(145.96,-99.27,1.51));
#3942 = CIRCLE('',#3943,0.85);
#3943 = AXIS2_PLACEMENT_3D('',#3944,#3945,#3946);
#3944 = CARTESIAN_POINT('',(145.96,-98.42,1.51));
#3945 = DIRECTION('',(-0.,0.,-1.));
#3946 = DIRECTION('',(-0.,-1.,0.));
#3947 = FACE_BOUND('',#3948,.T.);
#3948 = EDGE_LOOP('',(#3949));
#3949 = ORIENTED_EDGE('',*,*,#3950,.T.);
#3950 = EDGE_CURVE('',#3951,#3951,#3953,.T.);
#3951 = VERTEX_POINT('',#3952);
#3952 = CARTESIAN_POINT('',(151.04,-100.42,1.51));
#3953 = CIRCLE('',#3954,2.);
#3954 = AXIS2_PLACEMENT_3D('',#3955,#3956,#3957);
#3955 = CARTESIAN_POINT('',(151.04,-98.42,1.51));
#3956 = DIRECTION('',(-0.,0.,-1.));
#3957 = DIRECTION('',(-0.,-1.,0.));
#3958 = FACE_BOUND('',#3959,.T.);
#3959 = EDGE_LOOP('',(#3960,#3971,#3980,#3988,#3997,#4006,#4015,#4023,
    #4032,#4041,#4050,#4058,#4067,#4076,#4085,#4093));
#3960 = ORIENTED_EDGE('',*,*,#3961,.F.);
#3961 = EDGE_CURVE('',#3962,#3964,#3966,.T.);
#3962 = VERTEX_POINT('',#3963);
#3963 = CARTESIAN_POINT('',(152.749484,-92.68028,1.51));
#3964 = VERTEX_POINT('',#3965);
#3965 = CARTESIAN_POINT('',(152.046711,-92.031702,1.51));
#3966 = CIRCLE('',#3967,0.4999991191);
#3967 = AXIS2_PLACEMENT_3D('',#3968,#3969,#3970);
#3968 = CARTESIAN_POINT('',(152.29896999978,-92.46340156697,1.51));
#3969 = DIRECTION('',(0.,0.,1.));
#3970 = DIRECTION('',(0.901029587867,-0.433757630236,0.));
#3971 = ORIENTED_EDGE('',*,*,#3972,.F.);
#3972 = EDGE_CURVE('',#3973,#3962,#3975,.T.);
#3973 = VERTEX_POINT('',#3974);
#3974 = CARTESIAN_POINT('',(152.699999,-92.897157,1.51));
#3975 = CIRCLE('',#3976,0.500027821847);
#3976 = AXIS2_PLACEMENT_3D('',#3977,#3978,#3979);
#3977 = CARTESIAN_POINT('',(153.20002682178,-92.89716473518,1.51));
#3978 = DIRECTION('',(0.,0.,-1.));
#3979 = DIRECTION('',(-0.99999999988,1.546951321432E-05,0.));
#3980 = ORIENTED_EDGE('',*,*,#3981,.F.);
#3981 = EDGE_CURVE('',#3982,#3973,#3984,.T.);
#3982 = VERTEX_POINT('',#3983);
#3983 = CARTESIAN_POINT('',(152.699999,-94.302842,1.51));
#3984 = LINE('',#3985,#3986);
#3985 = CARTESIAN_POINT('',(152.699999,-94.302842,1.51));
#3986 = VECTOR('',#3987,1.);
#3987 = DIRECTION('',(0.,1.,0.));
#3988 = ORIENTED_EDGE('',*,*,#3989,.F.);
#3989 = EDGE_CURVE('',#3990,#3982,#3992,.T.);
#3990 = VERTEX_POINT('',#3991);
#3991 = CARTESIAN_POINT('',(152.749484,-94.51972,1.51));
#3992 = CIRCLE('',#3993,0.499677963726);
#3993 = AXIS2_PLACEMENT_3D('',#3994,#3995,#3996);
#3994 = CARTESIAN_POINT('',(153.19967695838,-94.30291509309,1.51));
#3995 = DIRECTION('',(0.,0.,-1.));
#3996 = DIRECTION('',(-0.900966204359,-0.43388926998,-0.));
#3997 = ORIENTED_EDGE('',*,*,#3998,.F.);
#3998 = EDGE_CURVE('',#3999,#3990,#4001,.T.);
#3999 = VERTEX_POINT('',#4000);
#4000 = CARTESIAN_POINT('',(152.046711,-95.168299,1.51));
#4001 = CIRCLE('',#4002,0.499999448976);
#4002 = AXIS2_PLACEMENT_3D('',#4003,#4004,#4005);
#4003 = CARTESIAN_POINT('',(152.29896990428,-94.73659899515,1.51));
#4004 = DIRECTION('',(0.,0.,1.));
#4005 = DIRECTION('',(-0.504518364574,-0.863400961204,0.));
#4006 = ORIENTED_EDGE('',*,*,#4007,.F.);
#4007 = EDGE_CURVE('',#4008,#3999,#4010,.T.);
#4008 = VERTEX_POINT('',#4009);
#4009 = CARTESIAN_POINT('',(151.794452,-95.1,1.51));
#4010 = CIRCLE('',#4011,0.500008729226);
#4011 = AXIS2_PLACEMENT_3D('',#4012,#4013,#4014);
#4012 = CARTESIAN_POINT('',(151.79445034314,-95.60000872922,1.51));
#4013 = DIRECTION('',(0.,0.,-1.));
#4014 = DIRECTION('',(3.313649373872E-06,0.999999999995,0.));
#4015 = ORIENTED_EDGE('',*,*,#4016,.F.);
#4016 = EDGE_CURVE('',#4017,#4008,#4019,.T.);
#4017 = VERTEX_POINT('',#4018);
#4018 = CARTESIAN_POINT('',(150.205548,-95.1,1.51));
#4019 = LINE('',#4020,#4021);
#4020 = CARTESIAN_POINT('',(150.205548,-95.1,1.51));
#4021 = VECTOR('',#4022,1.);
#4022 = DIRECTION('',(1.,0.,0.));
#4023 = ORIENTED_EDGE('',*,*,#4024,.F.);
#4024 = EDGE_CURVE('',#4025,#4017,#4027,.T.);
#4025 = VERTEX_POINT('',#4026);
#4026 = CARTESIAN_POINT('',(149.95329,-95.168299,1.51));
#4027 = CIRCLE('',#4028,0.500008729288);
#4028 = AXIS2_PLACEMENT_3D('',#4029,#4030,#4031);
#4029 = CARTESIAN_POINT('',(150.20555065687,-95.60000872928,1.51));
#4030 = DIRECTION('',(0.,0.,-1.));
#4031 = DIRECTION('',(-0.504512505685,0.863404384751,0.));
#4032 = ORIENTED_EDGE('',*,*,#4033,.F.);
#4033 = EDGE_CURVE('',#4034,#4025,#4036,.T.);
#4034 = VERTEX_POINT('',#4035);
#4035 = CARTESIAN_POINT('',(149.250516,-94.51972,1.51));
#4036 = CIRCLE('',#4037,0.500000669307);
#4037 = AXIS2_PLACEMENT_3D('',#4038,#4039,#4040);
#4038 = CARTESIAN_POINT('',(149.7010325355,-94.73659674043,1.51));
#4039 = DIRECTION('',(0.,0.,1.));
#4040 = DIRECTION('',(-0.901031864884,0.433752900236,0.));
#4041 = ORIENTED_EDGE('',*,*,#4042,.F.);
#4042 = EDGE_CURVE('',#4043,#4034,#4045,.T.);
#4043 = VERTEX_POINT('',#4044);
#4044 = CARTESIAN_POINT('',(149.300001,-94.302843,1.51));
#4045 = CIRCLE('',#4046,0.499989884978);
#4046 = AXIS2_PLACEMENT_3D('',#4047,#4048,#4049);
#4047 = CARTESIAN_POINT('',(148.80001111502,-94.30284392088,1.51));
#4048 = DIRECTION('',(0.,0.,-1.));
#4049 = DIRECTION('',(0.999999999998,1.841808596201E-06,0.));
#4050 = ORIENTED_EDGE('',*,*,#4051,.F.);
#4051 = EDGE_CURVE('',#4052,#4043,#4054,.T.);
#4052 = VERTEX_POINT('',#4053);
#4053 = CARTESIAN_POINT('',(149.300001,-92.897158,1.51));
#4054 = LINE('',#4055,#4056);
#4055 = CARTESIAN_POINT('',(149.300001,-92.897158,1.51));
#4056 = VECTOR('',#4057,1.);
#4057 = DIRECTION('',(0.,-1.,0.));
#4058 = ORIENTED_EDGE('',*,*,#4059,.F.);
#4059 = EDGE_CURVE('',#4060,#4052,#4062,.T.);
#4060 = VERTEX_POINT('',#4061);
#4061 = CARTESIAN_POINT('',(149.250516,-92.68028,1.51));
#4062 = CIRCLE('',#4063,0.499989885034);
#4063 = AXIS2_PLACEMENT_3D('',#4064,#4065,#4066);
#4064 = CARTESIAN_POINT('',(148.80001111496,-92.89715607913,1.51));
#4065 = DIRECTION('',(0.,0.,-1.));
#4066 = DIRECTION('',(0.901027997796,0.43376093322,0.));
#4067 = ORIENTED_EDGE('',*,*,#4068,.F.);
#4068 = EDGE_CURVE('',#4069,#4060,#4071,.T.);
#4069 = VERTEX_POINT('',#4070);
#4070 = CARTESIAN_POINT('',(149.953289,-92.031701,1.51));
#4071 = CIRCLE('',#4072,0.499999729127);
#4072 = AXIS2_PLACEMENT_3D('',#4073,#4074,#4075);
#4073 = CARTESIAN_POINT('',(149.70103074567,-92.46340170911,1.51));
#4074 = DIRECTION('',(0.,0.,1.));
#4075 = DIRECTION('',(0.504516781969,0.863401885979,-0.));
#4076 = ORIENTED_EDGE('',*,*,#4077,.F.);
#4077 = EDGE_CURVE('',#4078,#4069,#4080,.T.);
#4078 = VERTEX_POINT('',#4079);
#4079 = CARTESIAN_POINT('',(150.205547,-92.1,1.51));
#4080 = CIRCLE('',#4081,0.500008729288);
#4081 = AXIS2_PLACEMENT_3D('',#4082,#4083,#4084);
#4082 = CARTESIAN_POINT('',(150.20554965687,-91.59999127071,1.51));
#4083 = DIRECTION('',(0.,0.,-1.));
#4084 = DIRECTION('',(-5.313662654248E-06,-0.999999999986,-0.));
#4085 = ORIENTED_EDGE('',*,*,#4086,.F.);
#4086 = EDGE_CURVE('',#4087,#4078,#4089,.T.);
#4087 = VERTEX_POINT('',#4088);
#4088 = CARTESIAN_POINT('',(151.794453,-92.100001,1.51));
#4089 = LINE('',#4090,#4091);
#4090 = CARTESIAN_POINT('',(151.794453,-92.100001,1.51));
#4091 = VECTOR('',#4092,1.);
#4092 = DIRECTION('',(-1.,6.293638589608E-07,0.));
#4093 = ORIENTED_EDGE('',*,*,#4094,.F.);
#4094 = EDGE_CURVE('',#3964,#4087,#4095,.T.);
#4095 = CIRCLE('',#4096,0.500008729288);
#4096 = AXIS2_PLACEMENT_3D('',#4097,#4098,#4099);
#4097 = CARTESIAN_POINT('',(151.79445034312,-91.59999227071,1.51));
#4098 = DIRECTION('',(0.,0.,-1.));
#4099 = DIRECTION('',(0.504512505685,-0.863404384751,0.));
#4100 = FACE_BOUND('',#4101,.T.);
#4101 = EDGE_LOOP('',(#4102));
#4102 = ORIENTED_EDGE('',*,*,#4103,.T.);
#4103 = EDGE_CURVE('',#4104,#4104,#4106,.T.);
#4104 = VERTEX_POINT('',#4105);
#4105 = CARTESIAN_POINT('',(156.12,-99.27,1.51));
#4106 = CIRCLE('',#4107,0.85);
#4107 = AXIS2_PLACEMENT_3D('',#4108,#4109,#4110);
#4108 = CARTESIAN_POINT('',(156.12,-98.42,1.51));
#4109 = DIRECTION('',(-0.,0.,-1.));
#4110 = DIRECTION('',(-0.,-1.,0.));
#4111 = FACE_BOUND('',#4112,.T.);
#4112 = EDGE_LOOP('',(#4113));
#4113 = ORIENTED_EDGE('',*,*,#4114,.T.);
#4114 = EDGE_CURVE('',#4115,#4115,#4117,.T.);
#4115 = VERTEX_POINT('',#4116);
#4116 = CARTESIAN_POINT('',(109.,-89.4,1.51));
#4117 = CIRCLE('',#4118,0.4);
#4118 = AXIS2_PLACEMENT_3D('',#4119,#4120,#4121);
#4119 = CARTESIAN_POINT('',(109.,-89.,1.51));
#4120 = DIRECTION('',(-0.,0.,-1.));
#4121 = DIRECTION('',(-0.,-1.,0.));
#4122 = FACE_BOUND('',#4123,.T.);
#4123 = EDGE_LOOP('',(#4124));
#4124 = ORIENTED_EDGE('',*,*,#4125,.T.);
#4125 = EDGE_CURVE('',#4126,#4126,#4128,.T.);
#4126 = VERTEX_POINT('',#4127);
#4127 = CARTESIAN_POINT('',(110.5,-85.25,1.51));
#4128 = CIRCLE('',#4129,0.75);
#4129 = AXIS2_PLACEMENT_3D('',#4130,#4131,#4132);
#4130 = CARTESIAN_POINT('',(110.5,-84.5,1.51));
#4131 = DIRECTION('',(-0.,0.,-1.));
#4132 = DIRECTION('',(-0.,-1.,0.));
#4133 = FACE_BOUND('',#4134,.T.);
#4134 = EDGE_LOOP('',(#4135));
#4135 = ORIENTED_EDGE('',*,*,#4136,.T.);
#4136 = EDGE_CURVE('',#4137,#4137,#4139,.T.);
#4137 = VERTEX_POINT('',#4138);
#4138 = CARTESIAN_POINT('',(116.62,-89.4,1.51));
#4139 = CIRCLE('',#4140,0.4);
#4140 = AXIS2_PLACEMENT_3D('',#4141,#4142,#4143);
#4141 = CARTESIAN_POINT('',(116.62,-89.,1.51));
#4142 = DIRECTION('',(-0.,0.,-1.));
#4143 = DIRECTION('',(-0.,-1.,0.));
#4144 = FACE_BOUND('',#4145,.T.);
#4145 = EDGE_LOOP('',(#4146));
#4146 = ORIENTED_EDGE('',*,*,#4147,.T.);
#4147 = EDGE_CURVE('',#4148,#4148,#4150,.T.);
#4148 = VERTEX_POINT('',#4149);
#4149 = CARTESIAN_POINT('',(116.85,-82.71,1.51));
#4150 = CIRCLE('',#4151,0.75);
#4151 = AXIS2_PLACEMENT_3D('',#4152,#4153,#4154);
#4152 = CARTESIAN_POINT('',(116.85,-81.96,1.51));
#4153 = DIRECTION('',(-0.,0.,-1.));
#4154 = DIRECTION('',(-0.,-1.,0.));
#4155 = FACE_BOUND('',#4156,.T.);
#4156 = EDGE_LOOP('',(#4157));
#4157 = ORIENTED_EDGE('',*,*,#4158,.T.);
#4158 = EDGE_CURVE('',#4159,#4159,#4161,.T.);
#4159 = VERTEX_POINT('',#4160);
#4160 = CARTESIAN_POINT('',(107.96,-80.27,1.51));
#4161 = CIRCLE('',#4162,0.85);
#4162 = AXIS2_PLACEMENT_3D('',#4163,#4164,#4165);
#4163 = CARTESIAN_POINT('',(107.96,-79.42,1.51));
#4164 = DIRECTION('',(-0.,0.,-1.));
#4165 = DIRECTION('',(-1.671865260612E-14,-1.,0.));
#4166 = FACE_BOUND('',#4167,.T.);
#4167 = EDGE_LOOP('',(#4168));
#4168 = ORIENTED_EDGE('',*,*,#4169,.T.);
#4169 = EDGE_CURVE('',#4170,#4170,#4172,.T.);
#4170 = VERTEX_POINT('',#4171);
#4171 = CARTESIAN_POINT('',(113.04,-81.42,1.51));
#4172 = CIRCLE('',#4173,2.);
#4173 = AXIS2_PLACEMENT_3D('',#4174,#4175,#4176);
#4174 = CARTESIAN_POINT('',(113.04,-79.42,1.51));
#4175 = DIRECTION('',(-0.,0.,-1.));
#4176 = DIRECTION('',(-0.,-1.,0.));
#4177 = FACE_BOUND('',#4178,.T.);
#4178 = EDGE_LOOP('',(#4179,#4190,#4199,#4207,#4216,#4225,#4234,#4242,
    #4251,#4260,#4269,#4277,#4286,#4295,#4304,#4312));
#4179 = ORIENTED_EDGE('',*,*,#4180,.F.);
#4180 = EDGE_CURVE('',#4181,#4183,#4185,.T.);
#4181 = VERTEX_POINT('',#4182);
#4182 = CARTESIAN_POINT('',(114.749484,-73.68028,1.51));
#4183 = VERTEX_POINT('',#4184);
#4184 = CARTESIAN_POINT('',(114.046711,-73.031702,1.51));
#4185 = CIRCLE('',#4186,0.4999991191);
#4186 = AXIS2_PLACEMENT_3D('',#4187,#4188,#4189);
#4187 = CARTESIAN_POINT('',(114.29896999978,-73.46340156697,1.51));
#4188 = DIRECTION('',(0.,0.,1.));
#4189 = DIRECTION('',(0.901029587867,-0.433757630236,0.));
#4190 = ORIENTED_EDGE('',*,*,#4191,.F.);
#4191 = EDGE_CURVE('',#4192,#4181,#4194,.T.);
#4192 = VERTEX_POINT('',#4193);
#4193 = CARTESIAN_POINT('',(114.699999,-73.897157,1.51));
#4194 = CIRCLE('',#4195,0.500027821848);
#4195 = AXIS2_PLACEMENT_3D('',#4196,#4197,#4198);
#4196 = CARTESIAN_POINT('',(115.20002682178,-73.89716473518,1.51));
#4197 = DIRECTION('',(0.,0.,-1.));
#4198 = DIRECTION('',(-0.99999999988,1.546951327115E-05,0.));
#4199 = ORIENTED_EDGE('',*,*,#4200,.F.);
#4200 = EDGE_CURVE('',#4201,#4192,#4203,.T.);
#4201 = VERTEX_POINT('',#4202);
#4202 = CARTESIAN_POINT('',(114.699999,-75.302842,1.51));
#4203 = LINE('',#4204,#4205);
#4204 = CARTESIAN_POINT('',(114.699999,-75.302842,1.51));
#4205 = VECTOR('',#4206,1.);
#4206 = DIRECTION('',(0.,1.,0.));
#4207 = ORIENTED_EDGE('',*,*,#4208,.F.);
#4208 = EDGE_CURVE('',#4209,#4201,#4211,.T.);
#4209 = VERTEX_POINT('',#4210);
#4210 = CARTESIAN_POINT('',(114.749484,-75.51972,1.51));
#4211 = CIRCLE('',#4212,0.499677963726);
#4212 = AXIS2_PLACEMENT_3D('',#4213,#4214,#4215);
#4213 = CARTESIAN_POINT('',(115.19967695838,-75.30291509309,1.51));
#4214 = DIRECTION('',(0.,0.,-1.));
#4215 = DIRECTION('',(-0.900966204359,-0.433889269979,-0.));
#4216 = ORIENTED_EDGE('',*,*,#4217,.F.);
#4217 = EDGE_CURVE('',#4218,#4209,#4220,.T.);
#4218 = VERTEX_POINT('',#4219);
#4219 = CARTESIAN_POINT('',(114.046711,-76.168299,1.51));
#4220 = CIRCLE('',#4221,0.499999448976);
#4221 = AXIS2_PLACEMENT_3D('',#4222,#4223,#4224);
#4222 = CARTESIAN_POINT('',(114.29896990428,-75.73659899515,1.51));
#4223 = DIRECTION('',(0.,0.,1.));
#4224 = DIRECTION('',(-0.504518364574,-0.863400961204,0.));
#4225 = ORIENTED_EDGE('',*,*,#4226,.F.);
#4226 = EDGE_CURVE('',#4227,#4218,#4229,.T.);
#4227 = VERTEX_POINT('',#4228);
#4228 = CARTESIAN_POINT('',(113.794452,-76.1,1.51));
#4229 = CIRCLE('',#4230,0.500008729226);
#4230 = AXIS2_PLACEMENT_3D('',#4231,#4232,#4233);
#4231 = CARTESIAN_POINT('',(113.79445034314,-76.60000872922,1.51));
#4232 = DIRECTION('',(0.,0.,-1.));
#4233 = DIRECTION('',(3.313649430713E-06,0.999999999995,0.));
#4234 = ORIENTED_EDGE('',*,*,#4235,.F.);
#4235 = EDGE_CURVE('',#4236,#4227,#4238,.T.);
#4236 = VERTEX_POINT('',#4237);
#4237 = CARTESIAN_POINT('',(112.205548,-76.1,1.51));
#4238 = LINE('',#4239,#4240);
#4239 = CARTESIAN_POINT('',(112.205548,-76.1,1.51));
#4240 = VECTOR('',#4241,1.);
#4241 = DIRECTION('',(1.,0.,0.));
#4242 = ORIENTED_EDGE('',*,*,#4243,.F.);
#4243 = EDGE_CURVE('',#4244,#4236,#4246,.T.);
#4244 = VERTEX_POINT('',#4245);
#4245 = CARTESIAN_POINT('',(111.953289,-76.168297,1.51));
#4246 = CIRCLE('',#4247,0.500040834725);
#4247 = AXIS2_PLACEMENT_3D('',#4248,#4249,#4250);
#4248 = CARTESIAN_POINT('',(112.20555492637,-76.60004083467,1.51));
#4249 = DIRECTION('',(0.,0.,-1.));
#4250 = DIRECTION('',(-0.50449065128,0.86341715455,0.));
#4251 = ORIENTED_EDGE('',*,*,#4252,.F.);
#4252 = EDGE_CURVE('',#4253,#4244,#4255,.T.);
#4253 = VERTEX_POINT('',#4254);
#4254 = CARTESIAN_POINT('',(111.250516,-75.51972,1.51));
#4255 = CIRCLE('',#4256,0.499999092786);
#4256 = AXIS2_PLACEMENT_3D('',#4257,#4258,#4259);
#4257 = CARTESIAN_POINT('',(111.70103060898,-75.73659710777,1.51));
#4258 = DIRECTION('',(0.,0.,1.));
#4259 = DIRECTION('',(-0.901030852831,0.43375500256,0.));
#4260 = ORIENTED_EDGE('',*,*,#4261,.F.);
#4261 = EDGE_CURVE('',#4262,#4253,#4264,.T.);
#4262 = VERTEX_POINT('',#4263);
#4263 = CARTESIAN_POINT('',(111.300001,-75.302843,1.51));
#4264 = CIRCLE('',#4265,0.499989884977);
#4265 = AXIS2_PLACEMENT_3D('',#4266,#4267,#4268);
#4266 = CARTESIAN_POINT('',(110.80001111502,-75.30284392088,1.51));
#4267 = DIRECTION('',(0.,0.,-1.));
#4268 = DIRECTION('',(0.999999999998,1.841808795158E-06,0.));
#4269 = ORIENTED_EDGE('',*,*,#4270,.F.);
#4270 = EDGE_CURVE('',#4271,#4262,#4273,.T.);
#4271 = VERTEX_POINT('',#4272);
#4272 = CARTESIAN_POINT('',(111.300001,-73.897158,1.51));
#4273 = LINE('',#4274,#4275);
#4274 = CARTESIAN_POINT('',(111.300001,-73.897158,1.51));
#4275 = VECTOR('',#4276,1.);
#4276 = DIRECTION('',(0.,-1.,0.));
#4277 = ORIENTED_EDGE('',*,*,#4278,.F.);
#4278 = EDGE_CURVE('',#4279,#4271,#4281,.T.);
#4279 = VERTEX_POINT('',#4280);
#4280 = CARTESIAN_POINT('',(111.250516,-73.68028,1.51));
#4281 = CIRCLE('',#4282,0.499989885034);
#4282 = AXIS2_PLACEMENT_3D('',#4283,#4284,#4285);
#4283 = CARTESIAN_POINT('',(110.80001111497,-73.89715607913,1.51));
#4284 = DIRECTION('',(0.,0.,-1.));
#4285 = DIRECTION('',(0.901027997796,0.43376093322,0.));
#4286 = ORIENTED_EDGE('',*,*,#4287,.F.);
#4287 = EDGE_CURVE('',#4288,#4279,#4290,.T.);
#4288 = VERTEX_POINT('',#4289);
#4289 = CARTESIAN_POINT('',(111.953289,-73.031701,1.51));
#4290 = CIRCLE('',#4291,0.499999729127);
#4291 = AXIS2_PLACEMENT_3D('',#4292,#4293,#4294);
#4292 = CARTESIAN_POINT('',(111.70103074567,-73.46340170911,1.51));
#4293 = DIRECTION('',(0.,0.,1.));
#4294 = DIRECTION('',(0.504516781968,0.863401885979,-0.));
#4295 = ORIENTED_EDGE('',*,*,#4296,.F.);
#4296 = EDGE_CURVE('',#4297,#4288,#4299,.T.);
#4297 = VERTEX_POINT('',#4298);
#4298 = CARTESIAN_POINT('',(112.205547,-73.1,1.51));
#4299 = CIRCLE('',#4300,0.500008729288);
#4300 = AXIS2_PLACEMENT_3D('',#4301,#4302,#4303);
#4301 = CARTESIAN_POINT('',(112.20554965687,-72.59999127071,1.51));
#4302 = DIRECTION('',(0.,0.,-1.));
#4303 = DIRECTION('',(-5.313662711088E-06,-0.999999999986,-0.));
#4304 = ORIENTED_EDGE('',*,*,#4305,.F.);
#4305 = EDGE_CURVE('',#4306,#4297,#4308,.T.);
#4306 = VERTEX_POINT('',#4307);
#4307 = CARTESIAN_POINT('',(113.794453,-73.100001,1.51));
#4308 = LINE('',#4309,#4310);
#4309 = CARTESIAN_POINT('',(113.794453,-73.100001,1.51));
#4310 = VECTOR('',#4311,1.);
#4311 = DIRECTION('',(-1.,6.293638589608E-07,0.));
#4312 = ORIENTED_EDGE('',*,*,#4313,.F.);
#4313 = EDGE_CURVE('',#4183,#4306,#4314,.T.);
#4314 = CIRCLE('',#4315,0.500008729288);
#4315 = AXIS2_PLACEMENT_3D('',#4316,#4317,#4318);
#4316 = CARTESIAN_POINT('',(113.79445034312,-72.59999227071,1.51));
#4317 = DIRECTION('',(0.,0.,-1.));
#4318 = DIRECTION('',(0.504512505685,-0.863404384751,0.));
#4319 = FACE_BOUND('',#4320,.T.);
#4320 = EDGE_LOOP('',(#4321));
#4321 = ORIENTED_EDGE('',*,*,#4322,.T.);
#4322 = EDGE_CURVE('',#4323,#4323,#4325,.T.);
#4323 = VERTEX_POINT('',#4324);
#4324 = CARTESIAN_POINT('',(128.,-89.4,1.51));
#4325 = CIRCLE('',#4326,0.4);
#4326 = AXIS2_PLACEMENT_3D('',#4327,#4328,#4329);
#4327 = CARTESIAN_POINT('',(128.,-89.,1.51));
#4328 = DIRECTION('',(-0.,0.,-1.));
#4329 = DIRECTION('',(-0.,-1.,0.));
#4330 = FACE_BOUND('',#4331,.T.);
#4331 = EDGE_LOOP('',(#4332));
#4332 = ORIENTED_EDGE('',*,*,#4333,.T.);
#4333 = EDGE_CURVE('',#4334,#4334,#4336,.T.);
#4334 = VERTEX_POINT('',#4335);
#4335 = CARTESIAN_POINT('',(129.5,-85.25,1.51));
#4336 = CIRCLE('',#4337,0.75);
#4337 = AXIS2_PLACEMENT_3D('',#4338,#4339,#4340);
#4338 = CARTESIAN_POINT('',(129.5,-84.5,1.51));
#4339 = DIRECTION('',(-0.,0.,-1.));
#4340 = DIRECTION('',(-0.,-1.,0.));
#4341 = FACE_BOUND('',#4342,.T.);
#4342 = EDGE_LOOP('',(#4343));
#4343 = ORIENTED_EDGE('',*,*,#4344,.T.);
#4344 = EDGE_CURVE('',#4345,#4345,#4347,.T.);
#4345 = VERTEX_POINT('',#4346);
#4346 = CARTESIAN_POINT('',(118.12,-80.27,1.51));
#4347 = CIRCLE('',#4348,0.85);
#4348 = AXIS2_PLACEMENT_3D('',#4349,#4350,#4351);
#4349 = CARTESIAN_POINT('',(118.12,-79.42,1.51));
#4350 = DIRECTION('',(-0.,0.,-1.));
#4351 = DIRECTION('',(-0.,-1.,0.));
#4352 = FACE_BOUND('',#4353,.T.);
#4353 = EDGE_LOOP('',(#4354));
#4354 = ORIENTED_EDGE('',*,*,#4355,.T.);
#4355 = EDGE_CURVE('',#4356,#4356,#4358,.T.);
#4356 = VERTEX_POINT('',#4357);
#4357 = CARTESIAN_POINT('',(126.96,-80.27,1.51));
#4358 = CIRCLE('',#4359,0.85);
#4359 = AXIS2_PLACEMENT_3D('',#4360,#4361,#4362);
#4360 = CARTESIAN_POINT('',(126.96,-79.42,1.51));
#4361 = DIRECTION('',(-0.,0.,-1.));
#4362 = DIRECTION('',(-1.671865260612E-14,-1.,0.));
#4363 = FACE_BOUND('',#4364,.T.);
#4364 = EDGE_LOOP('',(#4365));
#4365 = ORIENTED_EDGE('',*,*,#4366,.T.);
#4366 = EDGE_CURVE('',#4367,#4367,#4369,.T.);
#4367 = VERTEX_POINT('',#4368);
#4368 = CARTESIAN_POINT('',(108.,-68.4,1.51));
#4369 = CIRCLE('',#4370,0.4);
#4370 = AXIS2_PLACEMENT_3D('',#4371,#4372,#4373);
#4371 = CARTESIAN_POINT('',(108.,-68.,1.51));
#4372 = DIRECTION('',(-0.,0.,-1.));
#4373 = DIRECTION('',(-0.,-1.,0.));
#4374 = FACE_BOUND('',#4375,.T.);
#4375 = EDGE_LOOP('',(#4376));
#4376 = ORIENTED_EDGE('',*,*,#4377,.T.);
#4377 = EDGE_CURVE('',#4378,#4378,#4380,.T.);
#4378 = VERTEX_POINT('',#4379);
#4379 = CARTESIAN_POINT('',(104.5,-62.5,1.51));
#4380 = CIRCLE('',#4381,0.5);
#4381 = AXIS2_PLACEMENT_3D('',#4382,#4383,#4384);
#4382 = CARTESIAN_POINT('',(104.5,-62.,1.51));
#4383 = DIRECTION('',(-0.,0.,-1.));
#4384 = DIRECTION('',(-0.,-1.,0.));
#4385 = FACE_BOUND('',#4386,.T.);
#4386 = EDGE_LOOP('',(#4387));
#4387 = ORIENTED_EDGE('',*,*,#4388,.T.);
#4388 = EDGE_CURVE('',#4389,#4389,#4391,.T.);
#4389 = VERTEX_POINT('',#4390);
#4390 = CARTESIAN_POINT('',(115.62,-68.4,1.51));
#4391 = CIRCLE('',#4392,0.4);
#4392 = AXIS2_PLACEMENT_3D('',#4393,#4394,#4395);
#4393 = CARTESIAN_POINT('',(115.62,-68.,1.51));
#4394 = DIRECTION('',(-0.,0.,-1.));
#4395 = DIRECTION('',(-0.,-1.,0.));
#4396 = FACE_BOUND('',#4397,.T.);
#4397 = EDGE_LOOP('',(#4398,#4409,#4417,#4426));
#4398 = ORIENTED_EDGE('',*,*,#4399,.T.);
#4399 = EDGE_CURVE('',#4400,#4402,#4404,.T.);
#4400 = VERTEX_POINT('',#4401);
#4401 = CARTESIAN_POINT('',(112.65,-64.35,1.51));
#4402 = VERTEX_POINT('',#4403);
#4403 = CARTESIAN_POINT('',(112.65,-65.85,1.51));
#4404 = CIRCLE('',#4405,0.75);
#4405 = AXIS2_PLACEMENT_3D('',#4406,#4407,#4408);
#4406 = CARTESIAN_POINT('',(112.65,-65.1,1.51));
#4407 = DIRECTION('',(-0.,0.,-1.));
#4408 = DIRECTION('',(-0.,-1.,0.));
#4409 = ORIENTED_EDGE('',*,*,#4410,.T.);
#4410 = EDGE_CURVE('',#4402,#4411,#4413,.T.);
#4411 = VERTEX_POINT('',#4412);
#4412 = CARTESIAN_POINT('',(111.35,-65.85,1.51));
#4413 = LINE('',#4414,#4415);
#4414 = CARTESIAN_POINT('',(55.675,-65.85,1.51));
#4415 = VECTOR('',#4416,1.);
#4416 = DIRECTION('',(-1.,0.,0.));
#4417 = ORIENTED_EDGE('',*,*,#4418,.T.);
#4418 = EDGE_CURVE('',#4411,#4419,#4421,.T.);
#4419 = VERTEX_POINT('',#4420);
#4420 = CARTESIAN_POINT('',(111.35,-64.35,1.51));
#4421 = CIRCLE('',#4422,0.75);
#4422 = AXIS2_PLACEMENT_3D('',#4423,#4424,#4425);
#4423 = CARTESIAN_POINT('',(111.35,-65.1,1.51));
#4424 = DIRECTION('',(-0.,0.,-1.));
#4425 = DIRECTION('',(0.,1.,0.));
#4426 = ORIENTED_EDGE('',*,*,#4427,.T.);
#4427 = EDGE_CURVE('',#4419,#4400,#4428,.T.);
#4428 = LINE('',#4429,#4430);
#4429 = CARTESIAN_POINT('',(56.325,-64.35,1.51));
#4430 = VECTOR('',#4431,1.);
#4431 = DIRECTION('',(1.,0.,-0.));
#4432 = FACE_BOUND('',#4433,.T.);
#4433 = EDGE_LOOP('',(#4434));
#4434 = ORIENTED_EDGE('',*,*,#4435,.T.);
#4435 = EDGE_CURVE('',#4436,#4436,#4438,.T.);
#4436 = VERTEX_POINT('',#4437);
#4437 = CARTESIAN_POINT('',(104.5,-60.,1.51));
#4438 = CIRCLE('',#4439,0.5);
#4439 = AXIS2_PLACEMENT_3D('',#4440,#4441,#4442);
#4440 = CARTESIAN_POINT('',(104.5,-59.5,1.51));
#4441 = DIRECTION('',(-0.,0.,-1.));
#4442 = DIRECTION('',(-0.,-1.,0.));
#4443 = FACE_BOUND('',#4444,.T.);
#4444 = EDGE_LOOP('',(#4445));
#4445 = ORIENTED_EDGE('',*,*,#4446,.T.);
#4446 = EDGE_CURVE('',#4447,#4447,#4449,.T.);
#4447 = VERTEX_POINT('',#4448);
#4448 = CARTESIAN_POINT('',(104.5,-57.5,1.51));
#4449 = CIRCLE('',#4450,0.5);
#4450 = AXIS2_PLACEMENT_3D('',#4451,#4452,#4453);
#4451 = CARTESIAN_POINT('',(104.5,-57.,1.51));
#4452 = DIRECTION('',(-0.,0.,-1.));
#4453 = DIRECTION('',(-0.,-1.,0.));
#4454 = FACE_BOUND('',#4455,.T.);
#4455 = EDGE_LOOP('',(#4456,#4467,#4475,#4484));
#4456 = ORIENTED_EDGE('',*,*,#4457,.T.);
#4457 = EDGE_CURVE('',#4458,#4460,#4462,.T.);
#4458 = VERTEX_POINT('',#4459);
#4459 = CARTESIAN_POINT('',(112.65,-53.15,1.51));
#4460 = VERTEX_POINT('',#4461);
#4461 = CARTESIAN_POINT('',(112.65,-54.65,1.51));
#4462 = CIRCLE('',#4463,0.75);
#4463 = AXIS2_PLACEMENT_3D('',#4464,#4465,#4466);
#4464 = CARTESIAN_POINT('',(112.65,-53.9,1.51));
#4465 = DIRECTION('',(-0.,0.,-1.));
#4466 = DIRECTION('',(-0.,-1.,0.));
#4467 = ORIENTED_EDGE('',*,*,#4468,.T.);
#4468 = EDGE_CURVE('',#4460,#4469,#4471,.T.);
#4469 = VERTEX_POINT('',#4470);
#4470 = CARTESIAN_POINT('',(111.35,-54.65,1.51));
#4471 = LINE('',#4472,#4473);
#4472 = CARTESIAN_POINT('',(55.675,-54.65,1.51));
#4473 = VECTOR('',#4474,1.);
#4474 = DIRECTION('',(-1.,0.,0.));
#4475 = ORIENTED_EDGE('',*,*,#4476,.T.);
#4476 = EDGE_CURVE('',#4469,#4477,#4479,.T.);
#4477 = VERTEX_POINT('',#4478);
#4478 = CARTESIAN_POINT('',(111.35,-53.15,1.51));
#4479 = CIRCLE('',#4480,0.75);
#4480 = AXIS2_PLACEMENT_3D('',#4481,#4482,#4483);
#4481 = CARTESIAN_POINT('',(111.35,-53.9,1.51));
#4482 = DIRECTION('',(-0.,0.,-1.));
#4483 = DIRECTION('',(0.,1.,0.));
#4484 = ORIENTED_EDGE('',*,*,#4485,.T.);
#4485 = EDGE_CURVE('',#4477,#4458,#4486,.T.);
#4486 = LINE('',#4487,#4488);
#4487 = CARTESIAN_POINT('',(56.325,-53.15,1.51));
#4488 = VECTOR('',#4489,1.);
#4489 = DIRECTION('',(1.,0.,-0.));
#4490 = FACE_BOUND('',#4491,.T.);
#4491 = EDGE_LOOP('',(#4492));
#4492 = ORIENTED_EDGE('',*,*,#4493,.T.);
#4493 = EDGE_CURVE('',#4494,#4494,#4496,.T.);
#4494 = VERTEX_POINT('',#4495);
#4495 = CARTESIAN_POINT('',(124.375,-67.62,1.51));
#4496 = CIRCLE('',#4497,0.5);
#4497 = AXIS2_PLACEMENT_3D('',#4498,#4499,#4500);
#4498 = CARTESIAN_POINT('',(124.375,-67.12,1.51));
#4499 = DIRECTION('',(-0.,0.,-1.));
#4500 = DIRECTION('',(-0.,-1.,0.));
#4501 = FACE_BOUND('',#4502,.T.);
#4502 = EDGE_LOOP('',(#4503));
#4503 = ORIENTED_EDGE('',*,*,#4504,.T.);
#4504 = EDGE_CURVE('',#4505,#4505,#4507,.T.);
#4505 = VERTEX_POINT('',#4506);
#4506 = CARTESIAN_POINT('',(119.,-62.5,1.51));
#4507 = CIRCLE('',#4508,0.5);
#4508 = AXIS2_PLACEMENT_3D('',#4509,#4510,#4511);
#4509 = CARTESIAN_POINT('',(119.,-62.,1.51));
#4510 = DIRECTION('',(-0.,0.,-1.));
#4511 = DIRECTION('',(-0.,-1.,0.));
#4512 = FACE_BOUND('',#4513,.T.);
#4513 = EDGE_LOOP('',(#4514));
#4514 = ORIENTED_EDGE('',*,*,#4515,.T.);
#4515 = EDGE_CURVE('',#4516,#4516,#4518,.T.);
#4516 = VERTEX_POINT('',#4517);
#4517 = CARTESIAN_POINT('',(124.375,-65.08,1.51));
#4518 = CIRCLE('',#4519,0.5);
#4519 = AXIS2_PLACEMENT_3D('',#4520,#4521,#4522);
#4520 = CARTESIAN_POINT('',(124.375,-64.58,1.51));
#4521 = DIRECTION('',(-0.,0.,-1.));
#4522 = DIRECTION('',(-0.,-1.,0.));
#4523 = FACE_BOUND('',#4524,.T.);
#4524 = EDGE_LOOP('',(#4525));
#4525 = ORIENTED_EDGE('',*,*,#4526,.T.);
#4526 = EDGE_CURVE('',#4527,#4527,#4529,.T.);
#4527 = VERTEX_POINT('',#4528);
#4528 = CARTESIAN_POINT('',(124.375,-62.54,1.51));
#4529 = CIRCLE('',#4530,0.5);
#4530 = AXIS2_PLACEMENT_3D('',#4531,#4532,#4533);
#4531 = CARTESIAN_POINT('',(124.375,-62.04,1.51));
#4532 = DIRECTION('',(-0.,0.,-1.));
#4533 = DIRECTION('',(-0.,-1.,0.));
#4534 = FACE_BOUND('',#4535,.T.);
#4535 = EDGE_LOOP('',(#4536));
#4536 = ORIENTED_EDGE('',*,*,#4537,.T.);
#4537 = EDGE_CURVE('',#4538,#4538,#4540,.T.);
#4538 = VERTEX_POINT('',#4539);
#4539 = CARTESIAN_POINT('',(119.,-57.5,1.51));
#4540 = CIRCLE('',#4541,0.5);
#4541 = AXIS2_PLACEMENT_3D('',#4542,#4543,#4544);
#4542 = CARTESIAN_POINT('',(119.,-57.,1.51));
#4543 = DIRECTION('',(-0.,0.,-1.));
#4544 = DIRECTION('',(-0.,-1.,0.));
#4545 = FACE_BOUND('',#4546,.T.);
#4546 = EDGE_LOOP('',(#4547));
#4547 = ORIENTED_EDGE('',*,*,#4548,.T.);
#4548 = EDGE_CURVE('',#4549,#4549,#4551,.T.);
#4549 = VERTEX_POINT('',#4550);
#4550 = CARTESIAN_POINT('',(124.375,-60.,1.51));
#4551 = CIRCLE('',#4552,0.5);
#4552 = AXIS2_PLACEMENT_3D('',#4553,#4554,#4555);
#4553 = CARTESIAN_POINT('',(124.375,-59.5,1.51));
#4554 = DIRECTION('',(-0.,0.,-1.));
#4555 = DIRECTION('',(-0.,-1.,0.));
#4556 = FACE_BOUND('',#4557,.T.);
#4557 = EDGE_LOOP('',(#4558));
#4558 = ORIENTED_EDGE('',*,*,#4559,.T.);
#4559 = EDGE_CURVE('',#4560,#4560,#4562,.T.);
#4560 = VERTEX_POINT('',#4561);
#4561 = CARTESIAN_POINT('',(124.375,-57.46,1.51));
#4562 = CIRCLE('',#4563,0.5);
#4563 = AXIS2_PLACEMENT_3D('',#4564,#4565,#4566);
#4564 = CARTESIAN_POINT('',(124.375,-56.96,1.51));
#4565 = DIRECTION('',(-0.,0.,-1.));
#4566 = DIRECTION('',(-0.,-1.,0.));
#4567 = FACE_BOUND('',#4568,.T.);
#4568 = EDGE_LOOP('',(#4569));
#4569 = ORIENTED_EDGE('',*,*,#4570,.T.);
#4570 = EDGE_CURVE('',#4571,#4571,#4573,.T.);
#4571 = VERTEX_POINT('',#4572);
#4572 = CARTESIAN_POINT('',(124.375,-54.92,1.51));
#4573 = CIRCLE('',#4574,0.5);
#4574 = AXIS2_PLACEMENT_3D('',#4575,#4576,#4577);
#4575 = CARTESIAN_POINT('',(124.375,-54.42,1.51));
#4576 = DIRECTION('',(-0.,0.,-1.));
#4577 = DIRECTION('',(-0.,-1.,0.));
#4578 = FACE_BOUND('',#4579,.T.);
#4579 = EDGE_LOOP('',(#4580));
#4580 = ORIENTED_EDGE('',*,*,#4581,.T.);
#4581 = EDGE_CURVE('',#4582,#4582,#4584,.T.);
#4582 = VERTEX_POINT('',#4583);
#4583 = CARTESIAN_POINT('',(124.375,-52.38,1.51));
#4584 = CIRCLE('',#4585,0.5);
#4585 = AXIS2_PLACEMENT_3D('',#4586,#4587,#4588);
#4586 = CARTESIAN_POINT('',(124.375,-51.88,1.51));
#4587 = DIRECTION('',(-0.,0.,-1.));
#4588 = DIRECTION('',(-0.,-1.,0.));
#4589 = FACE_BOUND('',#4590,.T.);
#4590 = EDGE_LOOP('',(#4591));
#4591 = ORIENTED_EDGE('',*,*,#4592,.T.);
#4592 = EDGE_CURVE('',#4593,#4593,#4595,.T.);
#4593 = VERTEX_POINT('',#4594);
#4594 = CARTESIAN_POINT('',(135.62,-89.4,1.51));
#4595 = CIRCLE('',#4596,0.4);
#4596 = AXIS2_PLACEMENT_3D('',#4597,#4598,#4599);
#4597 = CARTESIAN_POINT('',(135.62,-89.,1.51));
#4598 = DIRECTION('',(-0.,0.,-1.));
#4599 = DIRECTION('',(-0.,-1.,0.));
#4600 = FACE_BOUND('',#4601,.T.);
#4601 = EDGE_LOOP('',(#4602));
#4602 = ORIENTED_EDGE('',*,*,#4603,.T.);
#4603 = EDGE_CURVE('',#4604,#4604,#4606,.T.);
#4604 = VERTEX_POINT('',#4605);
#4605 = CARTESIAN_POINT('',(135.85,-82.71,1.51));
#4606 = CIRCLE('',#4607,0.75);
#4607 = AXIS2_PLACEMENT_3D('',#4608,#4609,#4610);
#4608 = CARTESIAN_POINT('',(135.85,-81.96,1.51));
#4609 = DIRECTION('',(-0.,0.,-1.));
#4610 = DIRECTION('',(-0.,-1.,0.));
#4611 = FACE_BOUND('',#4612,.T.);
#4612 = EDGE_LOOP('',(#4613));
#4613 = ORIENTED_EDGE('',*,*,#4614,.T.);
#4614 = EDGE_CURVE('',#4615,#4615,#4617,.T.);
#4615 = VERTEX_POINT('',#4616);
#4616 = CARTESIAN_POINT('',(132.04,-81.42,1.51));
#4617 = CIRCLE('',#4618,2.);
#4618 = AXIS2_PLACEMENT_3D('',#4619,#4620,#4621);
#4619 = CARTESIAN_POINT('',(132.04,-79.42,1.51));
#4620 = DIRECTION('',(-0.,0.,-1.));
#4621 = DIRECTION('',(-0.,-1.,0.));
#4622 = FACE_BOUND('',#4623,.T.);
#4623 = EDGE_LOOP('',(#4624));
#4624 = ORIENTED_EDGE('',*,*,#4625,.T.);
#4625 = EDGE_CURVE('',#4626,#4626,#4628,.T.);
#4626 = VERTEX_POINT('',#4627);
#4627 = CARTESIAN_POINT('',(137.12,-80.27,1.51));
#4628 = CIRCLE('',#4629,0.85);
#4629 = AXIS2_PLACEMENT_3D('',#4630,#4631,#4632);
#4630 = CARTESIAN_POINT('',(137.12,-79.42,1.51));
#4631 = DIRECTION('',(-0.,0.,-1.));
#4632 = DIRECTION('',(-0.,-1.,0.));
#4633 = FACE_BOUND('',#4634,.T.);
#4634 = EDGE_LOOP('',(#4635,#4646,#4655,#4663,#4672,#4681,#4690,#4698,
    #4707,#4716,#4725,#4733,#4742,#4751,#4760,#4768));
#4635 = ORIENTED_EDGE('',*,*,#4636,.F.);
#4636 = EDGE_CURVE('',#4637,#4639,#4641,.T.);
#4637 = VERTEX_POINT('',#4638);
#4638 = CARTESIAN_POINT('',(130.953289,-73.031701,1.51));
#4639 = VERTEX_POINT('',#4640);
#4640 = CARTESIAN_POINT('',(130.250516,-73.68028,1.51));
#4641 = CIRCLE('',#4642,0.499999729127);
#4642 = AXIS2_PLACEMENT_3D('',#4643,#4644,#4645);
#4643 = CARTESIAN_POINT('',(130.70103074567,-73.46340170911,1.51));
#4644 = DIRECTION('',(0.,0.,1.));
#4645 = DIRECTION('',(0.504516781969,0.863401885979,-0.));
#4646 = ORIENTED_EDGE('',*,*,#4647,.F.);
#4647 = EDGE_CURVE('',#4648,#4637,#4650,.T.);
#4648 = VERTEX_POINT('',#4649);
#4649 = CARTESIAN_POINT('',(131.205548,-73.100001,1.51));
#4650 = CIRCLE('',#4651,0.50002311711);
#4651 = AXIS2_PLACEMENT_3D('',#4652,#4653,#4654);
#4652 = CARTESIAN_POINT('',(131.20555526378,-72.59997788294,1.51));
#4653 = DIRECTION('',(0.,0.,-1.));
#4654 = DIRECTION('',(-1.452689328924E-05,-0.999999999894,-0.));
#4655 = ORIENTED_EDGE('',*,*,#4656,.F.);
#4656 = EDGE_CURVE('',#4657,#4648,#4659,.T.);
#4657 = VERTEX_POINT('',#4658);
#4658 = CARTESIAN_POINT('',(132.794453,-73.100001,1.51));
#4659 = LINE('',#4660,#4661);
#4660 = CARTESIAN_POINT('',(132.794453,-73.100001,1.51));
#4661 = VECTOR('',#4662,1.);
#4662 = DIRECTION('',(-1.,0.,0.));
#4663 = ORIENTED_EDGE('',*,*,#4664,.F.);
#4664 = EDGE_CURVE('',#4665,#4657,#4667,.T.);
#4665 = VERTEX_POINT('',#4666);
#4666 = CARTESIAN_POINT('',(133.046711,-73.031702,1.51));
#4667 = CIRCLE('',#4668,0.500008729288);
#4668 = AXIS2_PLACEMENT_3D('',#4669,#4670,#4671);
#4669 = CARTESIAN_POINT('',(132.79445034312,-72.59999227071,1.51));
#4670 = DIRECTION('',(0.,0.,-1.));
#4671 = DIRECTION('',(0.504512505685,-0.863404384751,0.));
#4672 = ORIENTED_EDGE('',*,*,#4673,.F.);
#4673 = EDGE_CURVE('',#4674,#4665,#4676,.T.);
#4674 = VERTEX_POINT('',#4675);
#4675 = CARTESIAN_POINT('',(133.749484,-73.68028,1.51));
#4676 = CIRCLE('',#4677,0.4999991191);
#4677 = AXIS2_PLACEMENT_3D('',#4678,#4679,#4680);
#4678 = CARTESIAN_POINT('',(133.29896999978,-73.46340156697,1.51));
#4679 = DIRECTION('',(0.,0.,1.));
#4680 = DIRECTION('',(0.901029587867,-0.433757630236,0.));
#4681 = ORIENTED_EDGE('',*,*,#4682,.F.);
#4682 = EDGE_CURVE('',#4683,#4674,#4685,.T.);
#4683 = VERTEX_POINT('',#4684);
#4684 = CARTESIAN_POINT('',(133.699999,-73.897157,1.51));
#4685 = CIRCLE('',#4686,0.500027821847);
#4686 = AXIS2_PLACEMENT_3D('',#4687,#4688,#4689);
#4687 = CARTESIAN_POINT('',(134.20002682178,-73.89716473518,1.51));
#4688 = DIRECTION('',(0.,0.,-1.));
#4689 = DIRECTION('',(-0.99999999988,1.546951321432E-05,0.));
#4690 = ORIENTED_EDGE('',*,*,#4691,.F.);
#4691 = EDGE_CURVE('',#4692,#4683,#4694,.T.);
#4692 = VERTEX_POINT('',#4693);
#4693 = CARTESIAN_POINT('',(133.699999,-75.302842,1.51));
#4694 = LINE('',#4695,#4696);
#4695 = CARTESIAN_POINT('',(133.699999,-75.302842,1.51));
#4696 = VECTOR('',#4697,1.);
#4697 = DIRECTION('',(0.,1.,0.));
#4698 = ORIENTED_EDGE('',*,*,#4699,.F.);
#4699 = EDGE_CURVE('',#4700,#4692,#4702,.T.);
#4700 = VERTEX_POINT('',#4701);
#4701 = CARTESIAN_POINT('',(133.749484,-75.519719,1.51));
#4702 = CIRCLE('',#4703,0.49966931686);
#4703 = AXIS2_PLACEMENT_3D('',#4704,#4705,#4706);
#4704 = CARTESIAN_POINT('',(134.19966831137,-75.30291606642,1.51));
#4705 = DIRECTION('',(0.,0.,-1.));
#4706 = DIRECTION('',(-0.900964490274,-0.433892829239,-0.));
#4707 = ORIENTED_EDGE('',*,*,#4708,.F.);
#4708 = EDGE_CURVE('',#4709,#4700,#4711,.T.);
#4709 = VERTEX_POINT('',#4710);
#4710 = CARTESIAN_POINT('',(133.046711,-76.168299,1.51));
#4711 = CIRCLE('',#4712,0.499999755443);
#4712 = AXIS2_PLACEMENT_3D('',#4713,#4714,#4715);
#4713 = CARTESIAN_POINT('',(133.29896986309,-75.73659861613,1.51));
#4714 = DIRECTION('',(0.,0.,1.));
#4715 = DIRECTION('',(-0.504517972959,-0.863401190039,0.));
#4716 = ORIENTED_EDGE('',*,*,#4717,.F.);
#4717 = EDGE_CURVE('',#4718,#4709,#4720,.T.);
#4718 = VERTEX_POINT('',#4719);
#4719 = CARTESIAN_POINT('',(132.794452,-76.1,1.51));
#4720 = CIRCLE('',#4721,0.500008729226);
#4721 = AXIS2_PLACEMENT_3D('',#4722,#4723,#4724);
#4722 = CARTESIAN_POINT('',(132.79445034314,-76.60000872922,1.51));
#4723 = DIRECTION('',(0.,0.,-1.));
#4724 = DIRECTION('',(3.313649373872E-06,0.999999999995,0.));
#4725 = ORIENTED_EDGE('',*,*,#4726,.F.);
#4726 = EDGE_CURVE('',#4727,#4718,#4729,.T.);
#4727 = VERTEX_POINT('',#4728);
#4728 = CARTESIAN_POINT('',(131.205548,-76.1,1.51));
#4729 = LINE('',#4730,#4731);
#4730 = CARTESIAN_POINT('',(131.205548,-76.1,1.51));
#4731 = VECTOR('',#4732,1.);
#4732 = DIRECTION('',(1.,0.,0.));
#4733 = ORIENTED_EDGE('',*,*,#4734,.F.);
#4734 = EDGE_CURVE('',#4735,#4727,#4737,.T.);
#4735 = VERTEX_POINT('',#4736);
#4736 = CARTESIAN_POINT('',(130.953289,-76.168297,1.51));
#4737 = CIRCLE('',#4738,0.500040834725);
#4738 = AXIS2_PLACEMENT_3D('',#4739,#4740,#4741);
#4739 = CARTESIAN_POINT('',(131.20555492637,-76.60004083467,1.51));
#4740 = DIRECTION('',(0.,0.,-1.));
#4741 = DIRECTION('',(-0.50449065128,0.86341715455,0.));
#4742 = ORIENTED_EDGE('',*,*,#4743,.F.);
#4743 = EDGE_CURVE('',#4744,#4735,#4746,.T.);
#4744 = VERTEX_POINT('',#4745);
#4745 = CARTESIAN_POINT('',(130.250516,-75.51972,1.51));
#4746 = CIRCLE('',#4747,0.499999092786);
#4747 = AXIS2_PLACEMENT_3D('',#4748,#4749,#4750);
#4748 = CARTESIAN_POINT('',(130.70103060898,-75.73659710777,1.51));
#4749 = DIRECTION('',(0.,0.,1.));
#4750 = DIRECTION('',(-0.901030852831,0.43375500256,0.));
#4751 = ORIENTED_EDGE('',*,*,#4752,.F.);
#4752 = EDGE_CURVE('',#4753,#4744,#4755,.T.);
#4753 = VERTEX_POINT('',#4754);
#4754 = CARTESIAN_POINT('',(130.300001,-75.302842,1.51));
#4755 = CIRCLE('',#4756,0.499989885034);
#4756 = AXIS2_PLACEMENT_3D('',#4757,#4758,#4759);
#4757 = CARTESIAN_POINT('',(129.80001111496,-75.30284392086,1.51));
#4758 = DIRECTION('',(0.,0.,-1.));
#4759 = DIRECTION('',(0.999999999993,3.841811363674E-06,0.));
#4760 = ORIENTED_EDGE('',*,*,#4761,.F.);
#4761 = EDGE_CURVE('',#4762,#4753,#4764,.T.);
#4762 = VERTEX_POINT('',#4763);
#4763 = CARTESIAN_POINT('',(130.300001,-73.897158,1.51));
#4764 = LINE('',#4765,#4766);
#4765 = CARTESIAN_POINT('',(130.300001,-73.897158,1.51));
#4766 = VECTOR('',#4767,1.);
#4767 = DIRECTION('',(0.,-1.,0.));
#4768 = ORIENTED_EDGE('',*,*,#4769,.F.);
#4769 = EDGE_CURVE('',#4639,#4762,#4770,.T.);
#4770 = CIRCLE('',#4771,0.499989885034);
#4771 = AXIS2_PLACEMENT_3D('',#4772,#4773,#4774);
#4772 = CARTESIAN_POINT('',(129.80001111496,-73.89715607913,1.51));
#4773 = DIRECTION('',(0.,0.,-1.));
#4774 = DIRECTION('',(0.901027997796,0.43376093322,0.));
#4775 = FACE_BOUND('',#4776,.T.);
#4776 = EDGE_LOOP('',(#4777));
#4777 = ORIENTED_EDGE('',*,*,#4778,.T.);
#4778 = EDGE_CURVE('',#4779,#4779,#4781,.T.);
#4779 = VERTEX_POINT('',#4780);
#4780 = CARTESIAN_POINT('',(147.,-89.4,1.51));
#4781 = CIRCLE('',#4782,0.4);
#4782 = AXIS2_PLACEMENT_3D('',#4783,#4784,#4785);
#4783 = CARTESIAN_POINT('',(147.,-89.,1.51));
#4784 = DIRECTION('',(-0.,0.,-1.));
#4785 = DIRECTION('',(-0.,-1.,0.));
#4786 = FACE_BOUND('',#4787,.T.);
#4787 = EDGE_LOOP('',(#4788));
#4788 = ORIENTED_EDGE('',*,*,#4789,.T.);
#4789 = EDGE_CURVE('',#4790,#4790,#4792,.T.);
#4790 = VERTEX_POINT('',#4791);
#4791 = CARTESIAN_POINT('',(148.5,-85.25,1.51));
#4792 = CIRCLE('',#4793,0.75);
#4793 = AXIS2_PLACEMENT_3D('',#4794,#4795,#4796);
#4794 = CARTESIAN_POINT('',(148.5,-84.5,1.51));
#4795 = DIRECTION('',(-0.,0.,-1.));
#4796 = DIRECTION('',(-0.,-1.,0.));
#4797 = FACE_BOUND('',#4798,.T.);
#4798 = EDGE_LOOP('',(#4799));
#4799 = ORIENTED_EDGE('',*,*,#4800,.T.);
#4800 = EDGE_CURVE('',#4801,#4801,#4803,.T.);
#4801 = VERTEX_POINT('',#4802);
#4802 = CARTESIAN_POINT('',(154.62,-89.4,1.51));
#4803 = CIRCLE('',#4804,0.4);
#4804 = AXIS2_PLACEMENT_3D('',#4805,#4806,#4807);
#4805 = CARTESIAN_POINT('',(154.62,-89.,1.51));
#4806 = DIRECTION('',(-0.,0.,-1.));
#4807 = DIRECTION('',(-0.,-1.,0.));
#4808 = FACE_BOUND('',#4809,.T.);
#4809 = EDGE_LOOP('',(#4810));
#4810 = ORIENTED_EDGE('',*,*,#4811,.T.);
#4811 = EDGE_CURVE('',#4812,#4812,#4814,.T.);
#4812 = VERTEX_POINT('',#4813);
#4813 = CARTESIAN_POINT('',(154.85,-82.71,1.51));
#4814 = CIRCLE('',#4815,0.75);
#4815 = AXIS2_PLACEMENT_3D('',#4816,#4817,#4818);
#4816 = CARTESIAN_POINT('',(154.85,-81.96,1.51));
#4817 = DIRECTION('',(-0.,0.,-1.));
#4818 = DIRECTION('',(-0.,-1.,0.));
#4819 = FACE_BOUND('',#4820,.T.);
#4820 = EDGE_LOOP('',(#4821));
#4821 = ORIENTED_EDGE('',*,*,#4822,.T.);
#4822 = EDGE_CURVE('',#4823,#4823,#4825,.T.);
#4823 = VERTEX_POINT('',#4824);
#4824 = CARTESIAN_POINT('',(145.96,-80.27,1.51));
#4825 = CIRCLE('',#4826,0.85);
#4826 = AXIS2_PLACEMENT_3D('',#4827,#4828,#4829);
#4827 = CARTESIAN_POINT('',(145.96,-79.42,1.51));
#4828 = DIRECTION('',(-0.,0.,-1.));
#4829 = DIRECTION('',(-0.,-1.,0.));
#4830 = FACE_BOUND('',#4831,.T.);
#4831 = EDGE_LOOP('',(#4832));
#4832 = ORIENTED_EDGE('',*,*,#4833,.T.);
#4833 = EDGE_CURVE('',#4834,#4834,#4836,.T.);
#4834 = VERTEX_POINT('',#4835);
#4835 = CARTESIAN_POINT('',(151.04,-81.42,1.51));
#4836 = CIRCLE('',#4837,2.);
#4837 = AXIS2_PLACEMENT_3D('',#4838,#4839,#4840);
#4838 = CARTESIAN_POINT('',(151.04,-79.42,1.51));
#4839 = DIRECTION('',(-0.,0.,-1.));
#4840 = DIRECTION('',(-0.,-1.,0.));
#4841 = FACE_BOUND('',#4842,.T.);
#4842 = EDGE_LOOP('',(#4843,#4854,#4863,#4871,#4880,#4889,#4898,#4906,
    #4915,#4924,#4933,#4941,#4950,#4959,#4968,#4976));
#4843 = ORIENTED_EDGE('',*,*,#4844,.F.);
#4844 = EDGE_CURVE('',#4845,#4847,#4849,.T.);
#4845 = VERTEX_POINT('',#4846);
#4846 = CARTESIAN_POINT('',(152.749484,-73.68028,1.51));
#4847 = VERTEX_POINT('',#4848);
#4848 = CARTESIAN_POINT('',(152.046711,-73.031702,1.51));
#4849 = CIRCLE('',#4850,0.4999991191);
#4850 = AXIS2_PLACEMENT_3D('',#4851,#4852,#4853);
#4851 = CARTESIAN_POINT('',(152.29896999978,-73.46340156697,1.51));
#4852 = DIRECTION('',(0.,0.,1.));
#4853 = DIRECTION('',(0.901029587867,-0.433757630236,0.));
#4854 = ORIENTED_EDGE('',*,*,#4855,.F.);
#4855 = EDGE_CURVE('',#4856,#4845,#4858,.T.);
#4856 = VERTEX_POINT('',#4857);
#4857 = CARTESIAN_POINT('',(152.699999,-73.897157,1.51));
#4858 = CIRCLE('',#4859,0.500027821847);
#4859 = AXIS2_PLACEMENT_3D('',#4860,#4861,#4862);
#4860 = CARTESIAN_POINT('',(153.20002682178,-73.89716473518,1.51));
#4861 = DIRECTION('',(0.,0.,-1.));
#4862 = DIRECTION('',(-0.99999999988,1.546951321432E-05,0.));
#4863 = ORIENTED_EDGE('',*,*,#4864,.F.);
#4864 = EDGE_CURVE('',#4865,#4856,#4867,.T.);
#4865 = VERTEX_POINT('',#4866);
#4866 = CARTESIAN_POINT('',(152.699999,-75.302842,1.51));
#4867 = LINE('',#4868,#4869);
#4868 = CARTESIAN_POINT('',(152.699999,-75.302842,1.51));
#4869 = VECTOR('',#4870,1.);
#4870 = DIRECTION('',(0.,1.,0.));
#4871 = ORIENTED_EDGE('',*,*,#4872,.F.);
#4872 = EDGE_CURVE('',#4873,#4865,#4875,.T.);
#4873 = VERTEX_POINT('',#4874);
#4874 = CARTESIAN_POINT('',(152.749484,-75.51972,1.51));
#4875 = CIRCLE('',#4876,0.499677963726);
#4876 = AXIS2_PLACEMENT_3D('',#4877,#4878,#4879);
#4877 = CARTESIAN_POINT('',(153.19967695838,-75.30291509309,1.51));
#4878 = DIRECTION('',(0.,0.,-1.));
#4879 = DIRECTION('',(-0.900966204359,-0.43388926998,-0.));
#4880 = ORIENTED_EDGE('',*,*,#4881,.F.);
#4881 = EDGE_CURVE('',#4882,#4873,#4884,.T.);
#4882 = VERTEX_POINT('',#4883);
#4883 = CARTESIAN_POINT('',(152.046711,-76.168299,1.51));
#4884 = CIRCLE('',#4885,0.499999448976);
#4885 = AXIS2_PLACEMENT_3D('',#4886,#4887,#4888);
#4886 = CARTESIAN_POINT('',(152.29896990428,-75.73659899515,1.51));
#4887 = DIRECTION('',(0.,0.,1.));
#4888 = DIRECTION('',(-0.504518364574,-0.863400961204,0.));
#4889 = ORIENTED_EDGE('',*,*,#4890,.F.);
#4890 = EDGE_CURVE('',#4891,#4882,#4893,.T.);
#4891 = VERTEX_POINT('',#4892);
#4892 = CARTESIAN_POINT('',(151.794452,-76.1,1.51));
#4893 = CIRCLE('',#4894,0.500008729226);
#4894 = AXIS2_PLACEMENT_3D('',#4895,#4896,#4897);
#4895 = CARTESIAN_POINT('',(151.79445034314,-76.60000872922,1.51));
#4896 = DIRECTION('',(0.,0.,-1.));
#4897 = DIRECTION('',(3.313649373872E-06,0.999999999995,0.));
#4898 = ORIENTED_EDGE('',*,*,#4899,.F.);
#4899 = EDGE_CURVE('',#4900,#4891,#4902,.T.);
#4900 = VERTEX_POINT('',#4901);
#4901 = CARTESIAN_POINT('',(150.205548,-76.1,1.51));
#4902 = LINE('',#4903,#4904);
#4903 = CARTESIAN_POINT('',(150.205548,-76.1,1.51));
#4904 = VECTOR('',#4905,1.);
#4905 = DIRECTION('',(1.,0.,0.));
#4906 = ORIENTED_EDGE('',*,*,#4907,.F.);
#4907 = EDGE_CURVE('',#4908,#4900,#4910,.T.);
#4908 = VERTEX_POINT('',#4909);
#4909 = CARTESIAN_POINT('',(149.95329,-76.168299,1.51));
#4910 = CIRCLE('',#4911,0.500008729288);
#4911 = AXIS2_PLACEMENT_3D('',#4912,#4913,#4914);
#4912 = CARTESIAN_POINT('',(150.20555065687,-76.60000872928,1.51));
#4913 = DIRECTION('',(0.,0.,-1.));
#4914 = DIRECTION('',(-0.504512505685,0.863404384751,0.));
#4915 = ORIENTED_EDGE('',*,*,#4916,.F.);
#4916 = EDGE_CURVE('',#4917,#4908,#4919,.T.);
#4917 = VERTEX_POINT('',#4918);
#4918 = CARTESIAN_POINT('',(149.250516,-75.51972,1.51));
#4919 = CIRCLE('',#4920,0.500000669307);
#4920 = AXIS2_PLACEMENT_3D('',#4921,#4922,#4923);
#4921 = CARTESIAN_POINT('',(149.7010325355,-75.73659674043,1.51));
#4922 = DIRECTION('',(0.,0.,1.));
#4923 = DIRECTION('',(-0.901031864884,0.433752900236,0.));
#4924 = ORIENTED_EDGE('',*,*,#4925,.F.);
#4925 = EDGE_CURVE('',#4926,#4917,#4928,.T.);
#4926 = VERTEX_POINT('',#4927);
#4927 = CARTESIAN_POINT('',(149.300001,-75.302842,1.51));
#4928 = CIRCLE('',#4929,0.499989885034);
#4929 = AXIS2_PLACEMENT_3D('',#4930,#4931,#4932);
#4930 = CARTESIAN_POINT('',(148.80001111496,-75.30284392086,1.51));
#4931 = DIRECTION('',(0.,0.,-1.));
#4932 = DIRECTION('',(0.999999999993,3.841811363674E-06,0.));
#4933 = ORIENTED_EDGE('',*,*,#4934,.F.);
#4934 = EDGE_CURVE('',#4935,#4926,#4937,.T.);
#4935 = VERTEX_POINT('',#4936);
#4936 = CARTESIAN_POINT('',(149.300001,-73.897158,1.51));
#4937 = LINE('',#4938,#4939);
#4938 = CARTESIAN_POINT('',(149.300001,-73.897158,1.51));
#4939 = VECTOR('',#4940,1.);
#4940 = DIRECTION('',(0.,-1.,0.));
#4941 = ORIENTED_EDGE('',*,*,#4942,.F.);
#4942 = EDGE_CURVE('',#4943,#4935,#4945,.T.);
#4943 = VERTEX_POINT('',#4944);
#4944 = CARTESIAN_POINT('',(149.250516,-73.68028,1.51));
#4945 = CIRCLE('',#4946,0.499989885034);
#4946 = AXIS2_PLACEMENT_3D('',#4947,#4948,#4949);
#4947 = CARTESIAN_POINT('',(148.80001111496,-73.89715607913,1.51));
#4948 = DIRECTION('',(0.,0.,-1.));
#4949 = DIRECTION('',(0.901027997796,0.43376093322,0.));
#4950 = ORIENTED_EDGE('',*,*,#4951,.F.);
#4951 = EDGE_CURVE('',#4952,#4943,#4954,.T.);
#4952 = VERTEX_POINT('',#4953);
#4953 = CARTESIAN_POINT('',(149.953289,-73.031701,1.51));
#4954 = CIRCLE('',#4955,0.499999729127);
#4955 = AXIS2_PLACEMENT_3D('',#4956,#4957,#4958);
#4956 = CARTESIAN_POINT('',(149.70103074567,-73.46340170911,1.51));
#4957 = DIRECTION('',(0.,0.,1.));
#4958 = DIRECTION('',(0.504516781969,0.863401885979,-0.));
#4959 = ORIENTED_EDGE('',*,*,#4960,.F.);
#4960 = EDGE_CURVE('',#4961,#4952,#4963,.T.);
#4961 = VERTEX_POINT('',#4962);
#4962 = CARTESIAN_POINT('',(150.205547,-73.1,1.51));
#4963 = CIRCLE('',#4964,0.500008729288);
#4964 = AXIS2_PLACEMENT_3D('',#4965,#4966,#4967);
#4965 = CARTESIAN_POINT('',(150.20554965687,-72.59999127071,1.51));
#4966 = DIRECTION('',(0.,0.,-1.));
#4967 = DIRECTION('',(-5.313662654248E-06,-0.999999999986,-0.));
#4968 = ORIENTED_EDGE('',*,*,#4969,.F.);
#4969 = EDGE_CURVE('',#4970,#4961,#4972,.T.);
#4970 = VERTEX_POINT('',#4971);
#4971 = CARTESIAN_POINT('',(151.794453,-73.100001,1.51));
#4972 = LINE('',#4973,#4974);
#4973 = CARTESIAN_POINT('',(151.794453,-73.100001,1.51));
#4974 = VECTOR('',#4975,1.);
#4975 = DIRECTION('',(-1.,6.293638589608E-07,0.));
#4976 = ORIENTED_EDGE('',*,*,#4977,.F.);
#4977 = EDGE_CURVE('',#4847,#4970,#4978,.T.);
#4978 = CIRCLE('',#4979,0.500008729288);
#4979 = AXIS2_PLACEMENT_3D('',#4980,#4981,#4982);
#4980 = CARTESIAN_POINT('',(151.79445034312,-72.59999227071,1.51));
#4981 = DIRECTION('',(0.,0.,-1.));
#4982 = DIRECTION('',(0.504512505685,-0.863404384751,0.));
#4983 = FACE_BOUND('',#4984,.T.);
#4984 = EDGE_LOOP('',(#4985));
#4985 = ORIENTED_EDGE('',*,*,#4986,.T.);
#4986 = EDGE_CURVE('',#4987,#4987,#4989,.T.);
#4987 = VERTEX_POINT('',#4988);
#4988 = CARTESIAN_POINT('',(156.12,-80.27,1.51));
#4989 = CIRCLE('',#4990,0.85);
#4990 = AXIS2_PLACEMENT_3D('',#4991,#4992,#4993);
#4991 = CARTESIAN_POINT('',(156.12,-79.42,1.51));
#4992 = DIRECTION('',(-0.,0.,-1.));
#4993 = DIRECTION('',(-0.,-1.,0.));
#4994 = FACE_BOUND('',#4995,.T.);
#4995 = EDGE_LOOP('',(#4996));
#4996 = ORIENTED_EDGE('',*,*,#4997,.T.);
#4997 = EDGE_CURVE('',#4998,#4998,#5000,.T.);
#4998 = VERTEX_POINT('',#4999);
#4999 = CARTESIAN_POINT('',(139.625,-67.62,1.51));
#5000 = CIRCLE('',#5001,0.5);
#5001 = AXIS2_PLACEMENT_3D('',#5002,#5003,#5004);
#5002 = CARTESIAN_POINT('',(139.625,-67.12,1.51));
#5003 = DIRECTION('',(-0.,0.,-1.));
#5004 = DIRECTION('',(-0.,-1.,0.));
#5005 = FACE_BOUND('',#5006,.T.);
#5006 = EDGE_LOOP('',(#5007));
#5007 = ORIENTED_EDGE('',*,*,#5008,.T.);
#5008 = EDGE_CURVE('',#5009,#5009,#5011,.T.);
#5009 = VERTEX_POINT('',#5010);
#5010 = CARTESIAN_POINT('',(139.625,-65.08,1.51));
#5011 = CIRCLE('',#5012,0.5);
#5012 = AXIS2_PLACEMENT_3D('',#5013,#5014,#5015);
#5013 = CARTESIAN_POINT('',(139.625,-64.58,1.51));
#5014 = DIRECTION('',(-0.,0.,-1.));
#5015 = DIRECTION('',(-0.,-1.,0.));
#5016 = FACE_BOUND('',#5017,.T.);
#5017 = EDGE_LOOP('',(#5018));
#5018 = ORIENTED_EDGE('',*,*,#5019,.T.);
#5019 = EDGE_CURVE('',#5020,#5020,#5022,.T.);
#5020 = VERTEX_POINT('',#5021);
#5021 = CARTESIAN_POINT('',(139.625,-62.54,1.51));
#5022 = CIRCLE('',#5023,0.5);
#5023 = AXIS2_PLACEMENT_3D('',#5024,#5025,#5026);
#5024 = CARTESIAN_POINT('',(139.625,-62.04,1.51));
#5025 = DIRECTION('',(-0.,0.,-1.));
#5026 = DIRECTION('',(-0.,-1.,0.));
#5027 = FACE_BOUND('',#5028,.T.);
#5028 = EDGE_LOOP('',(#5029));
#5029 = ORIENTED_EDGE('',*,*,#5030,.T.);
#5030 = EDGE_CURVE('',#5031,#5031,#5033,.T.);
#5031 = VERTEX_POINT('',#5032);
#5032 = CARTESIAN_POINT('',(144.5,-62.5,1.51));
#5033 = CIRCLE('',#5034,0.5);
#5034 = AXIS2_PLACEMENT_3D('',#5035,#5036,#5037);
#5035 = CARTESIAN_POINT('',(144.5,-62.,1.51));
#5036 = DIRECTION('',(-0.,0.,-1.));
#5037 = DIRECTION('',(-0.,-1.,0.));
#5038 = FACE_BOUND('',#5039,.T.);
#5039 = EDGE_LOOP('',(#5040));
#5040 = ORIENTED_EDGE('',*,*,#5041,.T.);
#5041 = EDGE_CURVE('',#5042,#5042,#5044,.T.);
#5042 = VERTEX_POINT('',#5043);
#5043 = CARTESIAN_POINT('',(139.625,-60.,1.51));
#5044 = CIRCLE('',#5045,0.5);
#5045 = AXIS2_PLACEMENT_3D('',#5046,#5047,#5048);
#5046 = CARTESIAN_POINT('',(139.625,-59.5,1.51));
#5047 = DIRECTION('',(-0.,0.,-1.));
#5048 = DIRECTION('',(-0.,-1.,0.));
#5049 = FACE_BOUND('',#5050,.T.);
#5050 = EDGE_LOOP('',(#5051));
#5051 = ORIENTED_EDGE('',*,*,#5052,.T.);
#5052 = EDGE_CURVE('',#5053,#5053,#5055,.T.);
#5053 = VERTEX_POINT('',#5054);
#5054 = CARTESIAN_POINT('',(139.625,-57.46,1.51));
#5055 = CIRCLE('',#5056,0.5);
#5056 = AXIS2_PLACEMENT_3D('',#5057,#5058,#5059);
#5057 = CARTESIAN_POINT('',(139.625,-56.96,1.51));
#5058 = DIRECTION('',(-0.,0.,-1.));
#5059 = DIRECTION('',(-0.,-1.,0.));
#5060 = FACE_BOUND('',#5061,.T.);
#5061 = EDGE_LOOP('',(#5062));
#5062 = ORIENTED_EDGE('',*,*,#5063,.T.);
#5063 = EDGE_CURVE('',#5064,#5064,#5066,.T.);
#5064 = VERTEX_POINT('',#5065);
#5065 = CARTESIAN_POINT('',(144.5,-60.,1.51));
#5066 = CIRCLE('',#5067,0.5);
#5067 = AXIS2_PLACEMENT_3D('',#5068,#5069,#5070);
#5068 = CARTESIAN_POINT('',(144.5,-59.5,1.51));
#5069 = DIRECTION('',(-0.,0.,-1.));
#5070 = DIRECTION('',(-0.,-1.,0.));
#5071 = FACE_BOUND('',#5072,.T.);
#5072 = EDGE_LOOP('',(#5073));
#5073 = ORIENTED_EDGE('',*,*,#5074,.T.);
#5074 = EDGE_CURVE('',#5075,#5075,#5077,.T.);
#5075 = VERTEX_POINT('',#5076);
#5076 = CARTESIAN_POINT('',(144.5,-57.5,1.51));
#5077 = CIRCLE('',#5078,0.5);
#5078 = AXIS2_PLACEMENT_3D('',#5079,#5080,#5081);
#5079 = CARTESIAN_POINT('',(144.5,-57.,1.51));
#5080 = DIRECTION('',(-0.,0.,-1.));
#5081 = DIRECTION('',(-0.,-1.,0.));
#5082 = FACE_BOUND('',#5083,.T.);
#5083 = EDGE_LOOP('',(#5084));
#5084 = ORIENTED_EDGE('',*,*,#5085,.T.);
#5085 = EDGE_CURVE('',#5086,#5086,#5088,.T.);
#5086 = VERTEX_POINT('',#5087);
#5087 = CARTESIAN_POINT('',(139.625,-54.92,1.51));
#5088 = CIRCLE('',#5089,0.5);
#5089 = AXIS2_PLACEMENT_3D('',#5090,#5091,#5092);
#5090 = CARTESIAN_POINT('',(139.625,-54.42,1.51));
#5091 = DIRECTION('',(-0.,0.,-1.));
#5092 = DIRECTION('',(-0.,-1.,0.));
#5093 = FACE_BOUND('',#5094,.T.);
#5094 = EDGE_LOOP('',(#5095));
#5095 = ORIENTED_EDGE('',*,*,#5096,.T.);
#5096 = EDGE_CURVE('',#5097,#5097,#5099,.T.);
#5097 = VERTEX_POINT('',#5098);
#5098 = CARTESIAN_POINT('',(139.625,-52.38,1.51));
#5099 = CIRCLE('',#5100,0.5);
#5100 = AXIS2_PLACEMENT_3D('',#5101,#5102,#5103);
#5101 = CARTESIAN_POINT('',(139.625,-51.88,1.51));
#5102 = DIRECTION('',(-0.,0.,-1.));
#5103 = DIRECTION('',(-0.,-1.,0.));
#5104 = FACE_BOUND('',#5105,.T.);
#5105 = EDGE_LOOP('',(#5106));
#5106 = ORIENTED_EDGE('',*,*,#5107,.T.);
#5107 = EDGE_CURVE('',#5108,#5108,#5110,.T.);
#5108 = VERTEX_POINT('',#5109);
#5109 = CARTESIAN_POINT('',(148.38,-68.4,1.51));
#5110 = CIRCLE('',#5111,0.4);
#5111 = AXIS2_PLACEMENT_3D('',#5112,#5113,#5114);
#5112 = CARTESIAN_POINT('',(148.38,-68.,1.51));
#5113 = DIRECTION('',(-0.,0.,-1.));
#5114 = DIRECTION('',(-0.,-1.,0.));
#5115 = FACE_BOUND('',#5116,.T.);
#5116 = EDGE_LOOP('',(#5117,#5128,#5136,#5145));
#5117 = ORIENTED_EDGE('',*,*,#5118,.T.);
#5118 = EDGE_CURVE('',#5119,#5121,#5123,.T.);
#5119 = VERTEX_POINT('',#5120);
#5120 = CARTESIAN_POINT('',(152.65,-64.35,1.51));
#5121 = VERTEX_POINT('',#5122);
#5122 = CARTESIAN_POINT('',(152.65,-65.85,1.51));
#5123 = CIRCLE('',#5124,0.75);
#5124 = AXIS2_PLACEMENT_3D('',#5125,#5126,#5127);
#5125 = CARTESIAN_POINT('',(152.65,-65.1,1.51));
#5126 = DIRECTION('',(-0.,0.,-1.));
#5127 = DIRECTION('',(-0.,-1.,0.));
#5128 = ORIENTED_EDGE('',*,*,#5129,.T.);
#5129 = EDGE_CURVE('',#5121,#5130,#5132,.T.);
#5130 = VERTEX_POINT('',#5131);
#5131 = CARTESIAN_POINT('',(151.35,-65.85,1.51));
#5132 = LINE('',#5133,#5134);
#5133 = CARTESIAN_POINT('',(75.675,-65.85,1.51));
#5134 = VECTOR('',#5135,1.);
#5135 = DIRECTION('',(-1.,0.,0.));
#5136 = ORIENTED_EDGE('',*,*,#5137,.T.);
#5137 = EDGE_CURVE('',#5130,#5138,#5140,.T.);
#5138 = VERTEX_POINT('',#5139);
#5139 = CARTESIAN_POINT('',(151.35,-64.35,1.51));
#5140 = CIRCLE('',#5141,0.75);
#5141 = AXIS2_PLACEMENT_3D('',#5142,#5143,#5144);
#5142 = CARTESIAN_POINT('',(151.35,-65.1,1.51));
#5143 = DIRECTION('',(-0.,0.,-1.));
#5144 = DIRECTION('',(0.,1.,0.));
#5145 = ORIENTED_EDGE('',*,*,#5146,.T.);
#5146 = EDGE_CURVE('',#5138,#5119,#5147,.T.);
#5147 = LINE('',#5148,#5149);
#5148 = CARTESIAN_POINT('',(76.325,-64.35,1.51));
#5149 = VECTOR('',#5150,1.);
#5150 = DIRECTION('',(1.,0.,-0.));
#5151 = FACE_BOUND('',#5152,.T.);
#5152 = EDGE_LOOP('',(#5153));
#5153 = ORIENTED_EDGE('',*,*,#5154,.T.);
#5154 = EDGE_CURVE('',#5155,#5155,#5157,.T.);
#5155 = VERTEX_POINT('',#5156);
#5156 = CARTESIAN_POINT('',(156.,-68.4,1.51));
#5157 = CIRCLE('',#5158,0.4);
#5158 = AXIS2_PLACEMENT_3D('',#5159,#5160,#5161);
#5159 = CARTESIAN_POINT('',(156.,-68.,1.51));
#5160 = DIRECTION('',(-0.,0.,-1.));
#5161 = DIRECTION('',(-0.,-1.,0.));
#5162 = FACE_BOUND('',#5163,.T.);
#5163 = EDGE_LOOP('',(#5164));
#5164 = ORIENTED_EDGE('',*,*,#5165,.T.);
#5165 = EDGE_CURVE('',#5166,#5166,#5168,.T.);
#5166 = VERTEX_POINT('',#5167);
#5167 = CARTESIAN_POINT('',(159.,-62.5,1.51));
#5168 = CIRCLE('',#5169,0.5);
#5169 = AXIS2_PLACEMENT_3D('',#5170,#5171,#5172);
#5170 = CARTESIAN_POINT('',(159.,-62.,1.51));
#5171 = DIRECTION('',(-0.,0.,-1.));
#5172 = DIRECTION('',(-0.,-1.,0.));
#5173 = FACE_BOUND('',#5174,.T.);
#5174 = EDGE_LOOP('',(#5175,#5186,#5194,#5203));
#5175 = ORIENTED_EDGE('',*,*,#5176,.T.);
#5176 = EDGE_CURVE('',#5177,#5179,#5181,.T.);
#5177 = VERTEX_POINT('',#5178);
#5178 = CARTESIAN_POINT('',(152.65,-53.15,1.51));
#5179 = VERTEX_POINT('',#5180);
#5180 = CARTESIAN_POINT('',(152.65,-54.65,1.51));
#5181 = CIRCLE('',#5182,0.75);
#5182 = AXIS2_PLACEMENT_3D('',#5183,#5184,#5185);
#5183 = CARTESIAN_POINT('',(152.65,-53.9,1.51));
#5184 = DIRECTION('',(-0.,0.,-1.));
#5185 = DIRECTION('',(-0.,-1.,0.));
#5186 = ORIENTED_EDGE('',*,*,#5187,.T.);
#5187 = EDGE_CURVE('',#5179,#5188,#5190,.T.);
#5188 = VERTEX_POINT('',#5189);
#5189 = CARTESIAN_POINT('',(151.35,-54.65,1.51));
#5190 = LINE('',#5191,#5192);
#5191 = CARTESIAN_POINT('',(75.675,-54.65,1.51));
#5192 = VECTOR('',#5193,1.);
#5193 = DIRECTION('',(-1.,0.,0.));
#5194 = ORIENTED_EDGE('',*,*,#5195,.T.);
#5195 = EDGE_CURVE('',#5188,#5196,#5198,.T.);
#5196 = VERTEX_POINT('',#5197);
#5197 = CARTESIAN_POINT('',(151.35,-53.15,1.51));
#5198 = CIRCLE('',#5199,0.75);
#5199 = AXIS2_PLACEMENT_3D('',#5200,#5201,#5202);
#5200 = CARTESIAN_POINT('',(151.35,-53.9,1.51));
#5201 = DIRECTION('',(-0.,0.,-1.));
#5202 = DIRECTION('',(0.,1.,0.));
#5203 = ORIENTED_EDGE('',*,*,#5204,.T.);
#5204 = EDGE_CURVE('',#5196,#5177,#5205,.T.);
#5205 = LINE('',#5206,#5207);
#5206 = CARTESIAN_POINT('',(76.325,-53.15,1.51));
#5207 = VECTOR('',#5208,1.);
#5208 = DIRECTION('',(1.,0.,-0.));
#5209 = FACE_BOUND('',#5210,.T.);
#5210 = EDGE_LOOP('',(#5211));
#5211 = ORIENTED_EDGE('',*,*,#5212,.T.);
#5212 = EDGE_CURVE('',#5213,#5213,#5215,.T.);
#5213 = VERTEX_POINT('',#5214);
#5214 = CARTESIAN_POINT('',(159.,-57.5,1.51));
#5215 = CIRCLE('',#5216,0.5);
#5216 = AXIS2_PLACEMENT_3D('',#5217,#5218,#5219);
#5217 = CARTESIAN_POINT('',(159.,-57.,1.51));
#5218 = DIRECTION('',(-0.,0.,-1.));
#5219 = DIRECTION('',(-0.,-1.,0.));
#5220 = PLANE('',#5221);
#5221 = AXIS2_PLACEMENT_3D('',#5222,#5223,#5224);
#5222 = CARTESIAN_POINT('',(0.,0.,1.51));
#5223 = DIRECTION('',(0.,0.,1.));
#5224 = DIRECTION('',(1.,0.,-0.));
#5225 = ADVANCED_FACE('',(#5226),#5237,.F.);
#5226 = FACE_BOUND('',#5227,.T.);
#5227 = EDGE_LOOP('',(#5228,#5234,#5235,#5236));
#5228 = ORIENTED_EDGE('',*,*,#5229,.T.);
#5229 = EDGE_CURVE('',#146,#2689,#5230,.T.);
#5230 = LINE('',#5231,#5232);
#5231 = CARTESIAN_POINT('',(109.041961,-49.,0.));
#5232 = VECTOR('',#5233,1.);
#5233 = DIRECTION('',(0.,0.,1.));
#5234 = ORIENTED_EDGE('',*,*,#2688,.T.);
#5235 = ORIENTED_EDGE('',*,*,#81,.F.);
#5236 = ORIENTED_EDGE('',*,*,#145,.F.);
#5237 = CYLINDRICAL_SURFACE('',#5238,2.999999145104);
#5238 = AXIS2_PLACEMENT_3D('',#5239,#5240,#5241);
#5239 = CARTESIAN_POINT('',(112.,-48.49999985489,0.));
#5240 = DIRECTION('',(-0.,-0.,-1.));
#5241 = DIRECTION('',(-0.98601328098,-0.166666762529,0.));
#5242 = ADVANCED_FACE('',(#5243),#5254,.T.);
#5243 = FACE_BOUND('',#5244,.T.);
#5244 = EDGE_LOOP('',(#5245,#5246,#5247,#5253));
#5245 = ORIENTED_EDGE('',*,*,#121,.T.);
#5246 = ORIENTED_EDGE('',*,*,#2790,.T.);
#5247 = ORIENTED_EDGE('',*,*,#5248,.F.);
#5248 = EDGE_CURVE('',#240,#2783,#5249,.T.);
#5249 = LINE('',#5250,#5251);
#5250 = CARTESIAN_POINT('',(162.5,-54.5,0.));
#5251 = VECTOR('',#5252,1.);
#5252 = DIRECTION('',(0.,0.,1.));
#5253 = ORIENTED_EDGE('',*,*,#247,.F.);
#5254 = CYLINDRICAL_SURFACE('',#5255,5.500001012403);
#5255 = AXIS2_PLACEMENT_3D('',#5256,#5257,#5258);
#5256 = CARTESIAN_POINT('',(156.99999898759,-54.5000010124,0.));
#5257 = DIRECTION('',(0.,0.,-1.));
#5258 = DIRECTION('',(1.840733016002E-07,1.,0.));
#5259 = ADVANCED_FACE('',(#5260),#5271,.T.);
#5260 = FACE_BOUND('',#5261,.T.);
#5261 = EDGE_LOOP('',(#5262,#5268,#5269,#5270));
#5262 = ORIENTED_EDGE('',*,*,#5263,.T.);
#5263 = EDGE_CURVE('',#155,#2698,#5264,.T.);
#5264 = LINE('',#5265,#5266);
#5265 = CARTESIAN_POINT('',(106.5,-49.,0.));
#5266 = VECTOR('',#5267,1.);
#5267 = DIRECTION('',(0.,0.,1.));
#5268 = ORIENTED_EDGE('',*,*,#2697,.T.);
#5269 = ORIENTED_EDGE('',*,*,#5229,.F.);
#5270 = ORIENTED_EDGE('',*,*,#154,.F.);
#5271 = PLANE('',#5272);
#5272 = AXIS2_PLACEMENT_3D('',#5273,#5274,#5275);
#5273 = CARTESIAN_POINT('',(106.5,-49.,0.));
#5274 = DIRECTION('',(0.,1.,0.));
#5275 = DIRECTION('',(1.,0.,0.));
#5276 = ADVANCED_FACE('',(#5277),#5288,.T.);
#5277 = FACE_BOUND('',#5278,.T.);
#5278 = EDGE_LOOP('',(#5279,#5280,#5281,#5287));
#5279 = ORIENTED_EDGE('',*,*,#5248,.T.);
#5280 = ORIENTED_EDGE('',*,*,#2782,.T.);
#5281 = ORIENTED_EDGE('',*,*,#5282,.F.);
#5282 = EDGE_CURVE('',#231,#2774,#5283,.T.);
#5283 = LINE('',#5284,#5285);
#5284 = CARTESIAN_POINT('',(162.5,-124.5,0.));
#5285 = VECTOR('',#5286,1.);
#5286 = DIRECTION('',(0.,0.,1.));
#5287 = ORIENTED_EDGE('',*,*,#239,.F.);
#5288 = PLANE('',#5289);
#5289 = AXIS2_PLACEMENT_3D('',#5290,#5291,#5292);
#5290 = CARTESIAN_POINT('',(162.5,-54.5,0.));
#5291 = DIRECTION('',(1.,0.,-0.));
#5292 = DIRECTION('',(0.,-1.,0.));
#5293 = ADVANCED_FACE('',(#5294),#5305,.T.);
#5294 = FACE_BOUND('',#5295,.T.);
#5295 = EDGE_LOOP('',(#5296,#5302,#5303,#5304));
#5296 = ORIENTED_EDGE('',*,*,#5297,.T.);
#5297 = EDGE_CURVE('',#163,#2706,#5298,.T.);
#5298 = LINE('',#5299,#5300);
#5299 = CARTESIAN_POINT('',(101.,-54.5,0.));
#5300 = VECTOR('',#5301,1.);
#5301 = DIRECTION('',(0.,0.,1.));
#5302 = ORIENTED_EDGE('',*,*,#2705,.T.);
#5303 = ORIENTED_EDGE('',*,*,#5263,.F.);
#5304 = ORIENTED_EDGE('',*,*,#162,.F.);
#5305 = CYLINDRICAL_SURFACE('',#5306,5.500001012403);
#5306 = AXIS2_PLACEMENT_3D('',#5307,#5308,#5309);
#5307 = CARTESIAN_POINT('',(106.5000010124,-54.5000010124,0.));
#5308 = DIRECTION('',(0.,0.,-1.));
#5309 = DIRECTION('',(-1.,1.840733016002E-07,0.));
#5310 = ADVANCED_FACE('',(#5311),#5322,.T.);
#5311 = FACE_BOUND('',#5312,.T.);
#5312 = EDGE_LOOP('',(#5313,#5314,#5315,#5321));
#5313 = ORIENTED_EDGE('',*,*,#5282,.T.);
#5314 = ORIENTED_EDGE('',*,*,#2773,.T.);
#5315 = ORIENTED_EDGE('',*,*,#5316,.F.);
#5316 = EDGE_CURVE('',#223,#2766,#5317,.T.);
#5317 = LINE('',#5318,#5319);
#5318 = CARTESIAN_POINT('',(157.,-130.,0.));
#5319 = VECTOR('',#5320,1.);
#5320 = DIRECTION('',(0.,0.,1.));
#5321 = ORIENTED_EDGE('',*,*,#230,.F.);
#5322 = CYLINDRICAL_SURFACE('',#5323,5.500001012403);
#5323 = AXIS2_PLACEMENT_3D('',#5324,#5325,#5326);
#5324 = CARTESIAN_POINT('',(156.99999898759,-124.4999989875,0.));
#5325 = DIRECTION('',(0.,0.,-1.));
#5326 = DIRECTION('',(1.,-1.840733119354E-07,0.));
#5327 = ADVANCED_FACE('',(#5328),#5339,.T.);
#5328 = FACE_BOUND('',#5329,.T.);
#5329 = EDGE_LOOP('',(#5330,#5336,#5337,#5338));
#5330 = ORIENTED_EDGE('',*,*,#5331,.T.);
#5331 = EDGE_CURVE('',#172,#2715,#5332,.T.);
#5332 = LINE('',#5333,#5334);
#5333 = CARTESIAN_POINT('',(101.,-124.5,0.));
#5334 = VECTOR('',#5335,1.);
#5335 = DIRECTION('',(0.,0.,1.));
#5336 = ORIENTED_EDGE('',*,*,#2714,.T.);
#5337 = ORIENTED_EDGE('',*,*,#5297,.F.);
#5338 = ORIENTED_EDGE('',*,*,#171,.F.);
#5339 = PLANE('',#5340);
#5340 = AXIS2_PLACEMENT_3D('',#5341,#5342,#5343);
#5341 = CARTESIAN_POINT('',(101.,-124.5,0.));
#5342 = DIRECTION('',(-1.,0.,0.));
#5343 = DIRECTION('',(0.,1.,0.));
#5344 = ADVANCED_FACE('',(#5345),#5356,.T.);
#5345 = FACE_BOUND('',#5346,.T.);
#5346 = EDGE_LOOP('',(#5347,#5348,#5349,#5355));
#5347 = ORIENTED_EDGE('',*,*,#5316,.T.);
#5348 = ORIENTED_EDGE('',*,*,#2765,.T.);
#5349 = ORIENTED_EDGE('',*,*,#5350,.F.);
#5350 = EDGE_CURVE('',#214,#2757,#5351,.T.);
#5351 = LINE('',#5352,#5353);
#5352 = CARTESIAN_POINT('',(144.458039,-130.,0.));
#5353 = VECTOR('',#5354,1.);
#5354 = DIRECTION('',(0.,0.,1.));
#5355 = ORIENTED_EDGE('',*,*,#222,.F.);
#5356 = PLANE('',#5357);
#5357 = AXIS2_PLACEMENT_3D('',#5358,#5359,#5360);
#5358 = CARTESIAN_POINT('',(157.,-130.,0.));
#5359 = DIRECTION('',(0.,-1.,0.));
#5360 = DIRECTION('',(-1.,0.,0.));
#5361 = ADVANCED_FACE('',(#5362),#5373,.T.);
#5362 = FACE_BOUND('',#5363,.T.);
#5363 = EDGE_LOOP('',(#5364,#5370,#5371,#5372));
#5364 = ORIENTED_EDGE('',*,*,#5365,.T.);
#5365 = EDGE_CURVE('',#180,#2723,#5366,.T.);
#5366 = LINE('',#5367,#5368);
#5367 = CARTESIAN_POINT('',(106.5,-130.,0.));
#5368 = VECTOR('',#5369,1.);
#5369 = DIRECTION('',(0.,0.,1.));
#5370 = ORIENTED_EDGE('',*,*,#2722,.T.);
#5371 = ORIENTED_EDGE('',*,*,#5331,.F.);
#5372 = ORIENTED_EDGE('',*,*,#179,.F.);
#5373 = CYLINDRICAL_SURFACE('',#5374,5.500001012403);
#5374 = AXIS2_PLACEMENT_3D('',#5375,#5376,#5377);
#5375 = CARTESIAN_POINT('',(106.5000010124,-124.4999989875,0.));
#5376 = DIRECTION('',(0.,0.,-1.));
#5377 = DIRECTION('',(-1.840733067678E-07,-1.,-0.));
#5378 = ADVANCED_FACE('',(#5379),#5390,.F.);
#5379 = FACE_BOUND('',#5380,.T.);
#5380 = EDGE_LOOP('',(#5381,#5382,#5383,#5389));
#5381 = ORIENTED_EDGE('',*,*,#5350,.T.);
#5382 = ORIENTED_EDGE('',*,*,#2756,.T.);
#5383 = ORIENTED_EDGE('',*,*,#5384,.F.);
#5384 = EDGE_CURVE('',#206,#2749,#5385,.T.);
#5385 = LINE('',#5386,#5387);
#5386 = CARTESIAN_POINT('',(138.541962,-130.,0.));
#5387 = VECTOR('',#5388,1.);
#5388 = DIRECTION('',(0.,0.,1.));
#5389 = ORIENTED_EDGE('',*,*,#213,.F.);
#5390 = CYLINDRICAL_SURFACE('',#5391,2.999998353496);
#5391 = AXIS2_PLACEMENT_3D('',#5392,#5393,#5394);
#5392 = CARTESIAN_POINT('',(141.5000005,-130.4999983534,0.));
#5393 = DIRECTION('',(-0.,-0.,-1.));
#5394 = DIRECTION('',(0.986013374492,0.166666209304,-0.));
#5395 = ADVANCED_FACE('',(#5396),#5407,.T.);
#5396 = FACE_BOUND('',#5397,.T.);
#5397 = EDGE_LOOP('',(#5398,#5404,#5405,#5406));
#5398 = ORIENTED_EDGE('',*,*,#5399,.T.);
#5399 = EDGE_CURVE('',#189,#2732,#5400,.T.);
#5400 = LINE('',#5401,#5402);
#5401 = CARTESIAN_POINT('',(119.541961,-130.,0.));
#5402 = VECTOR('',#5403,1.);
#5403 = DIRECTION('',(0.,0.,1.));
#5404 = ORIENTED_EDGE('',*,*,#2731,.T.);
#5405 = ORIENTED_EDGE('',*,*,#5365,.F.);
#5406 = ORIENTED_EDGE('',*,*,#188,.F.);
#5407 = PLANE('',#5408);
#5408 = AXIS2_PLACEMENT_3D('',#5409,#5410,#5411);
#5409 = CARTESIAN_POINT('',(119.541961,-130.,0.));
#5410 = DIRECTION('',(0.,-1.,0.));
#5411 = DIRECTION('',(-1.,0.,0.));
#5412 = ADVANCED_FACE('',(#5413),#5424,.T.);
#5413 = FACE_BOUND('',#5414,.T.);
#5414 = EDGE_LOOP('',(#5415,#5416,#5417,#5423));
#5415 = ORIENTED_EDGE('',*,*,#5384,.T.);
#5416 = ORIENTED_EDGE('',*,*,#2748,.T.);
#5417 = ORIENTED_EDGE('',*,*,#5418,.F.);
#5418 = EDGE_CURVE('',#197,#2740,#5419,.T.);
#5419 = LINE('',#5420,#5421);
#5420 = CARTESIAN_POINT('',(125.458039,-130.,0.));
#5421 = VECTOR('',#5422,1.);
#5422 = DIRECTION('',(0.,0.,1.));
#5423 = ORIENTED_EDGE('',*,*,#205,.F.);
#5424 = PLANE('',#5425);
#5425 = AXIS2_PLACEMENT_3D('',#5426,#5427,#5428);
#5426 = CARTESIAN_POINT('',(138.541962,-130.,0.));
#5427 = DIRECTION('',(0.,-1.,0.));
#5428 = DIRECTION('',(-1.,0.,0.));
#5429 = ADVANCED_FACE('',(#5430),#5436,.F.);
#5430 = FACE_BOUND('',#5431,.T.);
#5431 = EDGE_LOOP('',(#5432,#5433,#5434,#5435));
#5432 = ORIENTED_EDGE('',*,*,#5418,.T.);
#5433 = ORIENTED_EDGE('',*,*,#2739,.T.);
#5434 = ORIENTED_EDGE('',*,*,#5399,.F.);
#5435 = ORIENTED_EDGE('',*,*,#196,.F.);
#5436 = CYLINDRICAL_SURFACE('',#5437,2.999998945104);
#5437 = AXIS2_PLACEMENT_3D('',#5438,#5439,#5440);
#5438 = CARTESIAN_POINT('',(122.5,-130.4999989451,0.));
#5439 = DIRECTION('',(-0.,-0.,-1.));
#5440 = DIRECTION('',(0.986013346714,0.16666637364,-0.));
#5441 = ADVANCED_FACE('',(#5442),#5453,.F.);
#5442 = FACE_BOUND('',#5443,.T.);
#5443 = EDGE_LOOP('',(#5444,#5445,#5451,#5452));
#5444 = ORIENTED_EDGE('',*,*,#257,.T.);
#5445 = ORIENTED_EDGE('',*,*,#5446,.T.);
#5446 = EDGE_CURVE('',#258,#2801,#5447,.T.);
#5447 = LINE('',#5448,#5449);
#5448 = CARTESIAN_POINT('',(109.,-127.4,-4.6E-02));
#5449 = VECTOR('',#5450,1.);
#5450 = DIRECTION('',(0.,0.,1.));
#5451 = ORIENTED_EDGE('',*,*,#2800,.F.);
#5452 = ORIENTED_EDGE('',*,*,#5446,.F.);
#5453 = CYLINDRICAL_SURFACE('',#5454,0.4);
#5454 = AXIS2_PLACEMENT_3D('',#5455,#5456,#5457);
#5455 = CARTESIAN_POINT('',(109.,-127.,-4.6E-02));
#5456 = DIRECTION('',(-0.,-0.,-1.));
#5457 = DIRECTION('',(-0.,-1.,0.));
#5458 = ADVANCED_FACE('',(#5459),#5470,.F.);
#5459 = FACE_BOUND('',#5460,.T.);
#5460 = EDGE_LOOP('',(#5461,#5462,#5468,#5469));
#5461 = ORIENTED_EDGE('',*,*,#268,.T.);
#5462 = ORIENTED_EDGE('',*,*,#5463,.T.);
#5463 = EDGE_CURVE('',#269,#2812,#5464,.T.);
#5464 = LINE('',#5465,#5466);
#5465 = CARTESIAN_POINT('',(110.5,-123.25,-4.6E-02));
#5466 = VECTOR('',#5467,1.);
#5467 = DIRECTION('',(0.,0.,1.));
#5468 = ORIENTED_EDGE('',*,*,#2811,.F.);
#5469 = ORIENTED_EDGE('',*,*,#5463,.F.);
#5470 = CYLINDRICAL_SURFACE('',#5471,0.75);
#5471 = AXIS2_PLACEMENT_3D('',#5472,#5473,#5474);
#5472 = CARTESIAN_POINT('',(110.5,-122.5,-4.6E-02));
#5473 = DIRECTION('',(-0.,-0.,-1.));
#5474 = DIRECTION('',(-0.,-1.,0.));
#5475 = ADVANCED_FACE('',(#5476),#5487,.F.);
#5476 = FACE_BOUND('',#5477,.T.);
#5477 = EDGE_LOOP('',(#5478,#5479,#5485,#5486));
#5478 = ORIENTED_EDGE('',*,*,#279,.T.);
#5479 = ORIENTED_EDGE('',*,*,#5480,.T.);
#5480 = EDGE_CURVE('',#280,#2823,#5481,.T.);
#5481 = LINE('',#5482,#5483);
#5482 = CARTESIAN_POINT('',(116.62,-127.4,-4.6E-02));
#5483 = VECTOR('',#5484,1.);
#5484 = DIRECTION('',(0.,0.,1.));
#5485 = ORIENTED_EDGE('',*,*,#2822,.F.);
#5486 = ORIENTED_EDGE('',*,*,#5480,.F.);
#5487 = CYLINDRICAL_SURFACE('',#5488,0.4);
#5488 = AXIS2_PLACEMENT_3D('',#5489,#5490,#5491);
#5489 = CARTESIAN_POINT('',(116.62,-127.,-4.6E-02));
#5490 = DIRECTION('',(-0.,-0.,-1.));
#5491 = DIRECTION('',(-0.,-1.,0.));
#5492 = ADVANCED_FACE('',(#5493),#5504,.F.);
#5493 = FACE_BOUND('',#5494,.T.);
#5494 = EDGE_LOOP('',(#5495,#5496,#5502,#5503));
#5495 = ORIENTED_EDGE('',*,*,#290,.T.);
#5496 = ORIENTED_EDGE('',*,*,#5497,.T.);
#5497 = EDGE_CURVE('',#291,#2834,#5498,.T.);
#5498 = LINE('',#5499,#5500);
#5499 = CARTESIAN_POINT('',(116.85,-120.71,-4.6E-02));
#5500 = VECTOR('',#5501,1.);
#5501 = DIRECTION('',(0.,0.,1.));
#5502 = ORIENTED_EDGE('',*,*,#2833,.F.);
#5503 = ORIENTED_EDGE('',*,*,#5497,.F.);
#5504 = CYLINDRICAL_SURFACE('',#5505,0.75);
#5505 = AXIS2_PLACEMENT_3D('',#5506,#5507,#5508);
#5506 = CARTESIAN_POINT('',(116.85,-119.96,-4.6E-02));
#5507 = DIRECTION('',(-0.,-0.,-1.));
#5508 = DIRECTION('',(-0.,-1.,0.));
#5509 = ADVANCED_FACE('',(#5510),#5521,.F.);
#5510 = FACE_BOUND('',#5511,.T.);
#5511 = EDGE_LOOP('',(#5512,#5513,#5519,#5520));
#5512 = ORIENTED_EDGE('',*,*,#301,.T.);
#5513 = ORIENTED_EDGE('',*,*,#5514,.T.);
#5514 = EDGE_CURVE('',#302,#2845,#5515,.T.);
#5515 = LINE('',#5516,#5517);
#5516 = CARTESIAN_POINT('',(107.96,-118.27,-4.6E-02));
#5517 = VECTOR('',#5518,1.);
#5518 = DIRECTION('',(0.,0.,1.));
#5519 = ORIENTED_EDGE('',*,*,#2844,.F.);
#5520 = ORIENTED_EDGE('',*,*,#5514,.F.);
#5521 = CYLINDRICAL_SURFACE('',#5522,0.85);
#5522 = AXIS2_PLACEMENT_3D('',#5523,#5524,#5525);
#5523 = CARTESIAN_POINT('',(107.96,-117.42,-4.6E-02));
#5524 = DIRECTION('',(-0.,-0.,-1.));
#5525 = DIRECTION('',(-1.671865260612E-14,-1.,0.));
#5526 = ADVANCED_FACE('',(#5527),#5538,.F.);
#5527 = FACE_BOUND('',#5528,.T.);
#5528 = EDGE_LOOP('',(#5529,#5530,#5536,#5537));
#5529 = ORIENTED_EDGE('',*,*,#312,.T.);
#5530 = ORIENTED_EDGE('',*,*,#5531,.T.);
#5531 = EDGE_CURVE('',#313,#2856,#5532,.T.);
#5532 = LINE('',#5533,#5534);
#5533 = CARTESIAN_POINT('',(113.04,-119.42,-4.6E-02));
#5534 = VECTOR('',#5535,1.);
#5535 = DIRECTION('',(0.,0.,1.));
#5536 = ORIENTED_EDGE('',*,*,#2855,.F.);
#5537 = ORIENTED_EDGE('',*,*,#5531,.F.);
#5538 = CYLINDRICAL_SURFACE('',#5539,2.);
#5539 = AXIS2_PLACEMENT_3D('',#5540,#5541,#5542);
#5540 = CARTESIAN_POINT('',(113.04,-117.42,-4.6E-02));
#5541 = DIRECTION('',(-0.,-0.,-1.));
#5542 = DIRECTION('',(-0.,-1.,0.));
#5543 = ADVANCED_FACE('',(#5544),#5560,.F.);
#5544 = FACE_BOUND('',#5545,.T.);
#5545 = EDGE_LOOP('',(#5546,#5552,#5553,#5559));
#5546 = ORIENTED_EDGE('',*,*,#5547,.T.);
#5547 = EDGE_CURVE('',#324,#2867,#5548,.T.);
#5548 = LINE('',#5549,#5550);
#5549 = CARTESIAN_POINT('',(114.749484,-111.68028,0.));
#5550 = VECTOR('',#5551,1.);
#5551 = DIRECTION('',(0.,0.,1.));
#5552 = ORIENTED_EDGE('',*,*,#2866,.T.);
#5553 = ORIENTED_EDGE('',*,*,#5554,.F.);
#5554 = EDGE_CURVE('',#326,#2869,#5555,.T.);
#5555 = LINE('',#5556,#5557);
#5556 = CARTESIAN_POINT('',(114.046711,-111.031702,0.));
#5557 = VECTOR('',#5558,1.);
#5558 = DIRECTION('',(0.,0.,1.));
#5559 = ORIENTED_EDGE('',*,*,#323,.F.);
#5560 = CYLINDRICAL_SURFACE('',#5561,0.4999991191);
#5561 = AXIS2_PLACEMENT_3D('',#5562,#5563,#5564);
#5562 = CARTESIAN_POINT('',(114.29896999978,-111.4634015669,0.));
#5563 = DIRECTION('',(-0.,-0.,-1.));
#5564 = DIRECTION('',(0.901029587867,-0.433757630236,0.));
#5565 = ADVANCED_FACE('',(#5566),#5577,.T.);
#5566 = FACE_BOUND('',#5567,.T.);
#5567 = EDGE_LOOP('',(#5568,#5574,#5575,#5576));
#5568 = ORIENTED_EDGE('',*,*,#5569,.T.);
#5569 = EDGE_CURVE('',#335,#2878,#5570,.T.);
#5570 = LINE('',#5571,#5572);
#5571 = CARTESIAN_POINT('',(114.699999,-111.897157,0.));
#5572 = VECTOR('',#5573,1.);
#5573 = DIRECTION('',(0.,0.,1.));
#5574 = ORIENTED_EDGE('',*,*,#2877,.T.);
#5575 = ORIENTED_EDGE('',*,*,#5547,.F.);
#5576 = ORIENTED_EDGE('',*,*,#334,.F.);
#5577 = CYLINDRICAL_SURFACE('',#5578,0.500027821848);
#5578 = AXIS2_PLACEMENT_3D('',#5579,#5580,#5581);
#5579 = CARTESIAN_POINT('',(115.20002682178,-111.8971647351,0.));
#5580 = DIRECTION('',(0.,0.,-1.));
#5581 = DIRECTION('',(-0.99999999988,1.546951327115E-05,0.));
#5582 = ADVANCED_FACE('',(#5583),#5594,.T.);
#5583 = FACE_BOUND('',#5584,.T.);
#5584 = EDGE_LOOP('',(#5585,#5586,#5587,#5593));
#5585 = ORIENTED_EDGE('',*,*,#5554,.T.);
#5586 = ORIENTED_EDGE('',*,*,#2999,.T.);
#5587 = ORIENTED_EDGE('',*,*,#5588,.F.);
#5588 = EDGE_CURVE('',#449,#2992,#5589,.T.);
#5589 = LINE('',#5590,#5591);
#5590 = CARTESIAN_POINT('',(113.794453,-111.100001,0.));
#5591 = VECTOR('',#5592,1.);
#5592 = DIRECTION('',(0.,0.,1.));
#5593 = ORIENTED_EDGE('',*,*,#456,.F.);
#5594 = CYLINDRICAL_SURFACE('',#5595,0.500008729288);
#5595 = AXIS2_PLACEMENT_3D('',#5596,#5597,#5598);
#5596 = CARTESIAN_POINT('',(113.79445034312,-110.5999922707,0.));
#5597 = DIRECTION('',(0.,0.,-1.));
#5598 = DIRECTION('',(0.504512505685,-0.863404384751,0.));
#5599 = ADVANCED_FACE('',(#5600),#5611,.T.);
#5600 = FACE_BOUND('',#5601,.T.);
#5601 = EDGE_LOOP('',(#5602,#5608,#5609,#5610));
#5602 = ORIENTED_EDGE('',*,*,#5603,.T.);
#5603 = EDGE_CURVE('',#344,#2887,#5604,.T.);
#5604 = LINE('',#5605,#5606);
#5605 = CARTESIAN_POINT('',(114.699999,-113.302842,0.));
#5606 = VECTOR('',#5607,1.);
#5607 = DIRECTION('',(0.,0.,1.));
#5608 = ORIENTED_EDGE('',*,*,#2886,.T.);
#5609 = ORIENTED_EDGE('',*,*,#5569,.F.);
#5610 = ORIENTED_EDGE('',*,*,#343,.F.);
#5611 = PLANE('',#5612);
#5612 = AXIS2_PLACEMENT_3D('',#5613,#5614,#5615);
#5613 = CARTESIAN_POINT('',(114.699999,-113.302842,0.));
#5614 = DIRECTION('',(-1.,0.,0.));
#5615 = DIRECTION('',(0.,1.,0.));
#5616 = ADVANCED_FACE('',(#5617),#5628,.T.);
#5617 = FACE_BOUND('',#5618,.T.);
#5618 = EDGE_LOOP('',(#5619,#5620,#5621,#5627));
#5619 = ORIENTED_EDGE('',*,*,#5588,.T.);
#5620 = ORIENTED_EDGE('',*,*,#2991,.T.);
#5621 = ORIENTED_EDGE('',*,*,#5622,.F.);
#5622 = EDGE_CURVE('',#440,#2983,#5623,.T.);
#5623 = LINE('',#5624,#5625);
#5624 = CARTESIAN_POINT('',(112.205547,-111.1,0.));
#5625 = VECTOR('',#5626,1.);
#5626 = DIRECTION('',(0.,0.,1.));
#5627 = ORIENTED_EDGE('',*,*,#448,.F.);
#5628 = PLANE('',#5629);
#5629 = AXIS2_PLACEMENT_3D('',#5630,#5631,#5632);
#5630 = CARTESIAN_POINT('',(113.794453,-111.100001,0.));
#5631 = DIRECTION('',(-6.293638589608E-07,-1.,0.));
#5632 = DIRECTION('',(-1.,6.293638589608E-07,0.));
#5633 = ADVANCED_FACE('',(#5634),#5645,.T.);
#5634 = FACE_BOUND('',#5635,.T.);
#5635 = EDGE_LOOP('',(#5636,#5642,#5643,#5644));
#5636 = ORIENTED_EDGE('',*,*,#5637,.T.);
#5637 = EDGE_CURVE('',#352,#2895,#5638,.T.);
#5638 = LINE('',#5639,#5640);
#5639 = CARTESIAN_POINT('',(114.749484,-113.51972,0.));
#5640 = VECTOR('',#5641,1.);
#5641 = DIRECTION('',(0.,0.,1.));
#5642 = ORIENTED_EDGE('',*,*,#2894,.T.);
#5643 = ORIENTED_EDGE('',*,*,#5603,.F.);
#5644 = ORIENTED_EDGE('',*,*,#351,.F.);
#5645 = CYLINDRICAL_SURFACE('',#5646,0.499677963726);
#5646 = AXIS2_PLACEMENT_3D('',#5647,#5648,#5649);
#5647 = CARTESIAN_POINT('',(115.19967695838,-113.302915093,0.));
#5648 = DIRECTION('',(0.,0.,-1.));
#5649 = DIRECTION('',(-0.900966204359,-0.433889269979,-0.));
#5650 = ADVANCED_FACE('',(#5651),#5662,.T.);
#5651 = FACE_BOUND('',#5652,.T.);
#5652 = EDGE_LOOP('',(#5653,#5654,#5655,#5661));
#5653 = ORIENTED_EDGE('',*,*,#5622,.T.);
#5654 = ORIENTED_EDGE('',*,*,#2982,.T.);
#5655 = ORIENTED_EDGE('',*,*,#5656,.F.);
#5656 = EDGE_CURVE('',#431,#2974,#5657,.T.);
#5657 = LINE('',#5658,#5659);
#5658 = CARTESIAN_POINT('',(111.953289,-111.031701,0.));
#5659 = VECTOR('',#5660,1.);
#5660 = DIRECTION('',(0.,0.,1.));
#5661 = ORIENTED_EDGE('',*,*,#439,.F.);
#5662 = CYLINDRICAL_SURFACE('',#5663,0.500008729288);
#5663 = AXIS2_PLACEMENT_3D('',#5664,#5665,#5666);
#5664 = CARTESIAN_POINT('',(112.20554965687,-110.5999912707,0.));
#5665 = DIRECTION('',(0.,0.,-1.));
#5666 = DIRECTION('',(-5.313662711088E-06,-0.999999999986,-0.));
#5667 = ADVANCED_FACE('',(#5668),#5679,.F.);
#5668 = FACE_BOUND('',#5669,.T.);
#5669 = EDGE_LOOP('',(#5670,#5676,#5677,#5678));
#5670 = ORIENTED_EDGE('',*,*,#5671,.T.);
#5671 = EDGE_CURVE('',#361,#2904,#5672,.T.);
#5672 = LINE('',#5673,#5674);
#5673 = CARTESIAN_POINT('',(114.046711,-114.168299,0.));
#5674 = VECTOR('',#5675,1.);
#5675 = DIRECTION('',(0.,0.,1.));
#5676 = ORIENTED_EDGE('',*,*,#2903,.T.);
#5677 = ORIENTED_EDGE('',*,*,#5637,.F.);
#5678 = ORIENTED_EDGE('',*,*,#360,.F.);
#5679 = CYLINDRICAL_SURFACE('',#5680,0.499999448976);
#5680 = AXIS2_PLACEMENT_3D('',#5681,#5682,#5683);
#5681 = CARTESIAN_POINT('',(114.29896990428,-113.7365989951,0.));
#5682 = DIRECTION('',(-0.,-0.,-1.));
#5683 = DIRECTION('',(-0.504518364574,-0.863400961204,0.));
#5684 = ADVANCED_FACE('',(#5685),#5696,.F.);
#5685 = FACE_BOUND('',#5686,.T.);
#5686 = EDGE_LOOP('',(#5687,#5688,#5689,#5695));
#5687 = ORIENTED_EDGE('',*,*,#5656,.T.);
#5688 = ORIENTED_EDGE('',*,*,#2973,.T.);
#5689 = ORIENTED_EDGE('',*,*,#5690,.F.);
#5690 = EDGE_CURVE('',#422,#2965,#5691,.T.);
#5691 = LINE('',#5692,#5693);
#5692 = CARTESIAN_POINT('',(111.250516,-111.68028,0.));
#5693 = VECTOR('',#5694,1.);
#5694 = DIRECTION('',(0.,0.,1.));
#5695 = ORIENTED_EDGE('',*,*,#430,.F.);
#5696 = CYLINDRICAL_SURFACE('',#5697,0.499999729127);
#5697 = AXIS2_PLACEMENT_3D('',#5698,#5699,#5700);
#5698 = CARTESIAN_POINT('',(111.70103074567,-111.4634017091,0.));
#5699 = DIRECTION('',(-0.,-0.,-1.));
#5700 = DIRECTION('',(0.504516781968,0.863401885979,-0.));
#5701 = ADVANCED_FACE('',(#5702),#5713,.T.);
#5702 = FACE_BOUND('',#5703,.T.);
#5703 = EDGE_LOOP('',(#5704,#5710,#5711,#5712));
#5704 = ORIENTED_EDGE('',*,*,#5705,.T.);
#5705 = EDGE_CURVE('',#370,#2913,#5706,.T.);
#5706 = LINE('',#5707,#5708);
#5707 = CARTESIAN_POINT('',(113.794452,-114.1,0.));
#5708 = VECTOR('',#5709,1.);
#5709 = DIRECTION('',(0.,0.,1.));
#5710 = ORIENTED_EDGE('',*,*,#2912,.T.);
#5711 = ORIENTED_EDGE('',*,*,#5671,.F.);
#5712 = ORIENTED_EDGE('',*,*,#369,.F.);
#5713 = CYLINDRICAL_SURFACE('',#5714,0.500008729226);
#5714 = AXIS2_PLACEMENT_3D('',#5715,#5716,#5717);
#5715 = CARTESIAN_POINT('',(113.79445034314,-114.6000087292,0.));
#5716 = DIRECTION('',(0.,0.,-1.));
#5717 = DIRECTION('',(3.313649430713E-06,0.999999999995,0.));
#5718 = ADVANCED_FACE('',(#5719),#5730,.T.);
#5719 = FACE_BOUND('',#5720,.T.);
#5720 = EDGE_LOOP('',(#5721,#5722,#5723,#5729));
#5721 = ORIENTED_EDGE('',*,*,#5690,.T.);
#5722 = ORIENTED_EDGE('',*,*,#2964,.T.);
#5723 = ORIENTED_EDGE('',*,*,#5724,.F.);
#5724 = EDGE_CURVE('',#414,#2957,#5725,.T.);
#5725 = LINE('',#5726,#5727);
#5726 = CARTESIAN_POINT('',(111.300001,-111.897158,0.));
#5727 = VECTOR('',#5728,1.);
#5728 = DIRECTION('',(0.,0.,1.));
#5729 = ORIENTED_EDGE('',*,*,#421,.F.);
#5730 = CYLINDRICAL_SURFACE('',#5731,0.499989885034);
#5731 = AXIS2_PLACEMENT_3D('',#5732,#5733,#5734);
#5732 = CARTESIAN_POINT('',(110.80001111497,-111.8971560791,0.));
#5733 = DIRECTION('',(0.,0.,-1.));
#5734 = DIRECTION('',(0.901027997796,0.43376093322,0.));
#5735 = ADVANCED_FACE('',(#5736),#5747,.T.);
#5736 = FACE_BOUND('',#5737,.T.);
#5737 = EDGE_LOOP('',(#5738,#5744,#5745,#5746));
#5738 = ORIENTED_EDGE('',*,*,#5739,.T.);
#5739 = EDGE_CURVE('',#379,#2922,#5740,.T.);
#5740 = LINE('',#5741,#5742);
#5741 = CARTESIAN_POINT('',(112.205548,-114.1,0.));
#5742 = VECTOR('',#5743,1.);
#5743 = DIRECTION('',(0.,0.,1.));
#5744 = ORIENTED_EDGE('',*,*,#2921,.T.);
#5745 = ORIENTED_EDGE('',*,*,#5705,.F.);
#5746 = ORIENTED_EDGE('',*,*,#378,.F.);
#5747 = PLANE('',#5748);
#5748 = AXIS2_PLACEMENT_3D('',#5749,#5750,#5751);
#5749 = CARTESIAN_POINT('',(112.205548,-114.1,0.));
#5750 = DIRECTION('',(0.,1.,0.));
#5751 = DIRECTION('',(1.,0.,0.));
#5752 = ADVANCED_FACE('',(#5753),#5764,.T.);
#5753 = FACE_BOUND('',#5754,.T.);
#5754 = EDGE_LOOP('',(#5755,#5756,#5757,#5763));
#5755 = ORIENTED_EDGE('',*,*,#5724,.T.);
#5756 = ORIENTED_EDGE('',*,*,#2956,.T.);
#5757 = ORIENTED_EDGE('',*,*,#5758,.F.);
#5758 = EDGE_CURVE('',#405,#2948,#5759,.T.);
#5759 = LINE('',#5760,#5761);
#5760 = CARTESIAN_POINT('',(111.300001,-113.302843,0.));
#5761 = VECTOR('',#5762,1.);
#5762 = DIRECTION('',(0.,0.,1.));
#5763 = ORIENTED_EDGE('',*,*,#413,.F.);
#5764 = PLANE('',#5765);
#5765 = AXIS2_PLACEMENT_3D('',#5766,#5767,#5768);
#5766 = CARTESIAN_POINT('',(111.300001,-111.897158,0.));
#5767 = DIRECTION('',(1.,0.,-0.));
#5768 = DIRECTION('',(0.,-1.,0.));
#5769 = ADVANCED_FACE('',(#5770),#5781,.T.);
#5770 = FACE_BOUND('',#5771,.T.);
#5771 = EDGE_LOOP('',(#5772,#5778,#5779,#5780));
#5772 = ORIENTED_EDGE('',*,*,#5773,.T.);
#5773 = EDGE_CURVE('',#387,#2930,#5774,.T.);
#5774 = LINE('',#5775,#5776);
#5775 = CARTESIAN_POINT('',(111.95329,-114.168299,0.));
#5776 = VECTOR('',#5777,1.);
#5777 = DIRECTION('',(0.,0.,1.));
#5778 = ORIENTED_EDGE('',*,*,#2929,.T.);
#5779 = ORIENTED_EDGE('',*,*,#5739,.F.);
#5780 = ORIENTED_EDGE('',*,*,#386,.F.);
#5781 = CYLINDRICAL_SURFACE('',#5782,0.500008729288);
#5782 = AXIS2_PLACEMENT_3D('',#5783,#5784,#5785);
#5783 = CARTESIAN_POINT('',(112.20555065687,-114.6000087292,0.));
#5784 = DIRECTION('',(0.,0.,-1.));
#5785 = DIRECTION('',(-0.504512505685,0.863404384751,0.));
#5786 = ADVANCED_FACE('',(#5787),#5798,.T.);
#5787 = FACE_BOUND('',#5788,.T.);
#5788 = EDGE_LOOP('',(#5789,#5790,#5791,#5797));
#5789 = ORIENTED_EDGE('',*,*,#5758,.T.);
#5790 = ORIENTED_EDGE('',*,*,#2947,.T.);
#5791 = ORIENTED_EDGE('',*,*,#5792,.F.);
#5792 = EDGE_CURVE('',#396,#2939,#5793,.T.);
#5793 = LINE('',#5794,#5795);
#5794 = CARTESIAN_POINT('',(111.250516,-113.51972,0.));
#5795 = VECTOR('',#5796,1.);
#5796 = DIRECTION('',(0.,0.,1.));
#5797 = ORIENTED_EDGE('',*,*,#404,.F.);
#5798 = CYLINDRICAL_SURFACE('',#5799,0.499989884977);
#5799 = AXIS2_PLACEMENT_3D('',#5800,#5801,#5802);
#5800 = CARTESIAN_POINT('',(110.80001111502,-113.3028439208,0.));
#5801 = DIRECTION('',(0.,0.,-1.));
#5802 = DIRECTION('',(0.999999999998,1.841808795158E-06,0.));
#5803 = ADVANCED_FACE('',(#5804),#5810,.F.);
#5804 = FACE_BOUND('',#5805,.T.);
#5805 = EDGE_LOOP('',(#5806,#5807,#5808,#5809));
#5806 = ORIENTED_EDGE('',*,*,#5792,.T.);
#5807 = ORIENTED_EDGE('',*,*,#2938,.T.);
#5808 = ORIENTED_EDGE('',*,*,#5773,.F.);
#5809 = ORIENTED_EDGE('',*,*,#395,.F.);
#5810 = CYLINDRICAL_SURFACE('',#5811,0.500000669307);
#5811 = AXIS2_PLACEMENT_3D('',#5812,#5813,#5814);
#5812 = CARTESIAN_POINT('',(111.7010325355,-113.7365967404,0.));
#5813 = DIRECTION('',(-0.,-0.,-1.));
#5814 = DIRECTION('',(-0.901031864884,0.433752900236,0.));
#5815 = ADVANCED_FACE('',(#5816),#5827,.F.);
#5816 = FACE_BOUND('',#5817,.T.);
#5817 = EDGE_LOOP('',(#5818,#5819,#5825,#5826));
#5818 = ORIENTED_EDGE('',*,*,#465,.T.);
#5819 = ORIENTED_EDGE('',*,*,#5820,.T.);
#5820 = EDGE_CURVE('',#466,#3009,#5821,.T.);
#5821 = LINE('',#5822,#5823);
#5822 = CARTESIAN_POINT('',(128.,-127.4,-4.6E-02));
#5823 = VECTOR('',#5824,1.);
#5824 = DIRECTION('',(0.,0.,1.));
#5825 = ORIENTED_EDGE('',*,*,#3008,.F.);
#5826 = ORIENTED_EDGE('',*,*,#5820,.F.);
#5827 = CYLINDRICAL_SURFACE('',#5828,0.4);
#5828 = AXIS2_PLACEMENT_3D('',#5829,#5830,#5831);
#5829 = CARTESIAN_POINT('',(128.,-127.,-4.6E-02));
#5830 = DIRECTION('',(-0.,-0.,-1.));
#5831 = DIRECTION('',(-0.,-1.,0.));
#5832 = ADVANCED_FACE('',(#5833),#5844,.F.);
#5833 = FACE_BOUND('',#5834,.T.);
#5834 = EDGE_LOOP('',(#5835,#5836,#5842,#5843));
#5835 = ORIENTED_EDGE('',*,*,#476,.T.);
#5836 = ORIENTED_EDGE('',*,*,#5837,.T.);
#5837 = EDGE_CURVE('',#477,#3020,#5838,.T.);
#5838 = LINE('',#5839,#5840);
#5839 = CARTESIAN_POINT('',(129.5,-123.25,-4.6E-02));
#5840 = VECTOR('',#5841,1.);
#5841 = DIRECTION('',(0.,0.,1.));
#5842 = ORIENTED_EDGE('',*,*,#3019,.F.);
#5843 = ORIENTED_EDGE('',*,*,#5837,.F.);
#5844 = CYLINDRICAL_SURFACE('',#5845,0.75);
#5845 = AXIS2_PLACEMENT_3D('',#5846,#5847,#5848);
#5846 = CARTESIAN_POINT('',(129.5,-122.5,-4.6E-02));
#5847 = DIRECTION('',(-0.,-0.,-1.));
#5848 = DIRECTION('',(-0.,-1.,0.));
#5849 = ADVANCED_FACE('',(#5850),#5861,.F.);
#5850 = FACE_BOUND('',#5851,.T.);
#5851 = EDGE_LOOP('',(#5852,#5853,#5859,#5860));
#5852 = ORIENTED_EDGE('',*,*,#487,.T.);
#5853 = ORIENTED_EDGE('',*,*,#5854,.T.);
#5854 = EDGE_CURVE('',#488,#3031,#5855,.T.);
#5855 = LINE('',#5856,#5857);
#5856 = CARTESIAN_POINT('',(118.12,-118.27,-4.6E-02));
#5857 = VECTOR('',#5858,1.);
#5858 = DIRECTION('',(0.,0.,1.));
#5859 = ORIENTED_EDGE('',*,*,#3030,.F.);
#5860 = ORIENTED_EDGE('',*,*,#5854,.F.);
#5861 = CYLINDRICAL_SURFACE('',#5862,0.85);
#5862 = AXIS2_PLACEMENT_3D('',#5863,#5864,#5865);
#5863 = CARTESIAN_POINT('',(118.12,-117.42,-4.6E-02));
#5864 = DIRECTION('',(-0.,-0.,-1.));
#5865 = DIRECTION('',(-0.,-1.,0.));
#5866 = ADVANCED_FACE('',(#5867),#5878,.F.);
#5867 = FACE_BOUND('',#5868,.T.);
#5868 = EDGE_LOOP('',(#5869,#5870,#5876,#5877));
#5869 = ORIENTED_EDGE('',*,*,#498,.T.);
#5870 = ORIENTED_EDGE('',*,*,#5871,.T.);
#5871 = EDGE_CURVE('',#499,#3042,#5872,.T.);
#5872 = LINE('',#5873,#5874);
#5873 = CARTESIAN_POINT('',(126.96,-118.27,-4.6E-02));
#5874 = VECTOR('',#5875,1.);
#5875 = DIRECTION('',(0.,0.,1.));
#5876 = ORIENTED_EDGE('',*,*,#3041,.F.);
#5877 = ORIENTED_EDGE('',*,*,#5871,.F.);
#5878 = CYLINDRICAL_SURFACE('',#5879,0.85);
#5879 = AXIS2_PLACEMENT_3D('',#5880,#5881,#5882);
#5880 = CARTESIAN_POINT('',(126.96,-117.42,-4.6E-02));
#5881 = DIRECTION('',(-0.,-0.,-1.));
#5882 = DIRECTION('',(-1.671865260612E-14,-1.,0.));
#5883 = ADVANCED_FACE('',(#5884),#5895,.F.);
#5884 = FACE_BOUND('',#5885,.T.);
#5885 = EDGE_LOOP('',(#5886,#5887,#5893,#5894));
#5886 = ORIENTED_EDGE('',*,*,#509,.T.);
#5887 = ORIENTED_EDGE('',*,*,#5888,.T.);
#5888 = EDGE_CURVE('',#510,#3053,#5889,.T.);
#5889 = LINE('',#5890,#5891);
#5890 = CARTESIAN_POINT('',(109.,-108.4,-4.6E-02));
#5891 = VECTOR('',#5892,1.);
#5892 = DIRECTION('',(0.,0.,1.));
#5893 = ORIENTED_EDGE('',*,*,#3052,.F.);
#5894 = ORIENTED_EDGE('',*,*,#5888,.F.);
#5895 = CYLINDRICAL_SURFACE('',#5896,0.4);
#5896 = AXIS2_PLACEMENT_3D('',#5897,#5898,#5899);
#5897 = CARTESIAN_POINT('',(109.,-108.,-4.6E-02));
#5898 = DIRECTION('',(-0.,-0.,-1.));
#5899 = DIRECTION('',(-0.,-1.,0.));
#5900 = ADVANCED_FACE('',(#5901),#5912,.F.);
#5901 = FACE_BOUND('',#5902,.T.);
#5902 = EDGE_LOOP('',(#5903,#5904,#5910,#5911));
#5903 = ORIENTED_EDGE('',*,*,#520,.T.);
#5904 = ORIENTED_EDGE('',*,*,#5905,.T.);
#5905 = EDGE_CURVE('',#521,#3064,#5906,.T.);
#5906 = LINE('',#5907,#5908);
#5907 = CARTESIAN_POINT('',(110.5,-104.25,-4.6E-02));
#5908 = VECTOR('',#5909,1.);
#5909 = DIRECTION('',(0.,0.,1.));
#5910 = ORIENTED_EDGE('',*,*,#3063,.F.);
#5911 = ORIENTED_EDGE('',*,*,#5905,.F.);
#5912 = CYLINDRICAL_SURFACE('',#5913,0.75);
#5913 = AXIS2_PLACEMENT_3D('',#5914,#5915,#5916);
#5914 = CARTESIAN_POINT('',(110.5,-103.5,-4.6E-02));
#5915 = DIRECTION('',(-0.,-0.,-1.));
#5916 = DIRECTION('',(-0.,-1.,0.));
#5917 = ADVANCED_FACE('',(#5918),#5929,.F.);
#5918 = FACE_BOUND('',#5919,.T.);
#5919 = EDGE_LOOP('',(#5920,#5921,#5927,#5928));
#5920 = ORIENTED_EDGE('',*,*,#531,.T.);
#5921 = ORIENTED_EDGE('',*,*,#5922,.T.);
#5922 = EDGE_CURVE('',#532,#3075,#5923,.T.);
#5923 = LINE('',#5924,#5925);
#5924 = CARTESIAN_POINT('',(116.62,-108.4,-4.6E-02));
#5925 = VECTOR('',#5926,1.);
#5926 = DIRECTION('',(0.,0.,1.));
#5927 = ORIENTED_EDGE('',*,*,#3074,.F.);
#5928 = ORIENTED_EDGE('',*,*,#5922,.F.);
#5929 = CYLINDRICAL_SURFACE('',#5930,0.4);
#5930 = AXIS2_PLACEMENT_3D('',#5931,#5932,#5933);
#5931 = CARTESIAN_POINT('',(116.62,-108.,-4.6E-02));
#5932 = DIRECTION('',(-0.,-0.,-1.));
#5933 = DIRECTION('',(-0.,-1.,0.));
#5934 = ADVANCED_FACE('',(#5935),#5946,.F.);
#5935 = FACE_BOUND('',#5936,.T.);
#5936 = EDGE_LOOP('',(#5937,#5938,#5944,#5945));
#5937 = ORIENTED_EDGE('',*,*,#542,.T.);
#5938 = ORIENTED_EDGE('',*,*,#5939,.T.);
#5939 = EDGE_CURVE('',#543,#3086,#5940,.T.);
#5940 = LINE('',#5941,#5942);
#5941 = CARTESIAN_POINT('',(116.85,-101.71,-4.6E-02));
#5942 = VECTOR('',#5943,1.);
#5943 = DIRECTION('',(0.,0.,1.));
#5944 = ORIENTED_EDGE('',*,*,#3085,.F.);
#5945 = ORIENTED_EDGE('',*,*,#5939,.F.);
#5946 = CYLINDRICAL_SURFACE('',#5947,0.75);
#5947 = AXIS2_PLACEMENT_3D('',#5948,#5949,#5950);
#5948 = CARTESIAN_POINT('',(116.85,-100.96,-4.6E-02));
#5949 = DIRECTION('',(-0.,-0.,-1.));
#5950 = DIRECTION('',(-0.,-1.,0.));
#5951 = ADVANCED_FACE('',(#5952),#5963,.F.);
#5952 = FACE_BOUND('',#5953,.T.);
#5953 = EDGE_LOOP('',(#5954,#5955,#5961,#5962));
#5954 = ORIENTED_EDGE('',*,*,#553,.T.);
#5955 = ORIENTED_EDGE('',*,*,#5956,.T.);
#5956 = EDGE_CURVE('',#554,#3097,#5957,.T.);
#5957 = LINE('',#5958,#5959);
#5958 = CARTESIAN_POINT('',(107.96,-99.27,-4.6E-02));
#5959 = VECTOR('',#5960,1.);
#5960 = DIRECTION('',(0.,0.,1.));
#5961 = ORIENTED_EDGE('',*,*,#3096,.F.);
#5962 = ORIENTED_EDGE('',*,*,#5956,.F.);
#5963 = CYLINDRICAL_SURFACE('',#5964,0.85);
#5964 = AXIS2_PLACEMENT_3D('',#5965,#5966,#5967);
#5965 = CARTESIAN_POINT('',(107.96,-98.42,-4.6E-02));
#5966 = DIRECTION('',(-0.,-0.,-1.));
#5967 = DIRECTION('',(-1.671865260612E-14,-1.,0.));
#5968 = ADVANCED_FACE('',(#5969),#5980,.F.);
#5969 = FACE_BOUND('',#5970,.T.);
#5970 = EDGE_LOOP('',(#5971,#5972,#5978,#5979));
#5971 = ORIENTED_EDGE('',*,*,#564,.T.);
#5972 = ORIENTED_EDGE('',*,*,#5973,.T.);
#5973 = EDGE_CURVE('',#565,#3108,#5974,.T.);
#5974 = LINE('',#5975,#5976);
#5975 = CARTESIAN_POINT('',(113.04,-100.42,-4.6E-02));
#5976 = VECTOR('',#5977,1.);
#5977 = DIRECTION('',(0.,0.,1.));
#5978 = ORIENTED_EDGE('',*,*,#3107,.F.);
#5979 = ORIENTED_EDGE('',*,*,#5973,.F.);
#5980 = CYLINDRICAL_SURFACE('',#5981,2.);
#5981 = AXIS2_PLACEMENT_3D('',#5982,#5983,#5984);
#5982 = CARTESIAN_POINT('',(113.04,-98.42,-4.6E-02));
#5983 = DIRECTION('',(-0.,-0.,-1.));
#5984 = DIRECTION('',(-0.,-1.,0.));
#5985 = ADVANCED_FACE('',(#5986),#6002,.F.);
#5986 = FACE_BOUND('',#5987,.T.);
#5987 = EDGE_LOOP('',(#5988,#5994,#5995,#6001));
#5988 = ORIENTED_EDGE('',*,*,#5989,.T.);
#5989 = EDGE_CURVE('',#576,#3119,#5990,.T.);
#5990 = LINE('',#5991,#5992);
#5991 = CARTESIAN_POINT('',(114.749484,-92.68028,0.));
#5992 = VECTOR('',#5993,1.);
#5993 = DIRECTION('',(0.,0.,1.));
#5994 = ORIENTED_EDGE('',*,*,#3118,.T.);
#5995 = ORIENTED_EDGE('',*,*,#5996,.F.);
#5996 = EDGE_CURVE('',#578,#3121,#5997,.T.);
#5997 = LINE('',#5998,#5999);
#5998 = CARTESIAN_POINT('',(114.046711,-92.031702,0.));
#5999 = VECTOR('',#6000,1.);
#6000 = DIRECTION('',(0.,0.,1.));
#6001 = ORIENTED_EDGE('',*,*,#575,.F.);
#6002 = CYLINDRICAL_SURFACE('',#6003,0.4999991191);
#6003 = AXIS2_PLACEMENT_3D('',#6004,#6005,#6006);
#6004 = CARTESIAN_POINT('',(114.29896999978,-92.46340156697,0.));
#6005 = DIRECTION('',(-0.,-0.,-1.));
#6006 = DIRECTION('',(0.901029587867,-0.433757630236,0.));
#6007 = ADVANCED_FACE('',(#6008),#6019,.T.);
#6008 = FACE_BOUND('',#6009,.T.);
#6009 = EDGE_LOOP('',(#6010,#6016,#6017,#6018));
#6010 = ORIENTED_EDGE('',*,*,#6011,.T.);
#6011 = EDGE_CURVE('',#587,#3130,#6012,.T.);
#6012 = LINE('',#6013,#6014);
#6013 = CARTESIAN_POINT('',(114.699999,-92.897157,0.));
#6014 = VECTOR('',#6015,1.);
#6015 = DIRECTION('',(0.,0.,1.));
#6016 = ORIENTED_EDGE('',*,*,#3129,.T.);
#6017 = ORIENTED_EDGE('',*,*,#5989,.F.);
#6018 = ORIENTED_EDGE('',*,*,#586,.F.);
#6019 = CYLINDRICAL_SURFACE('',#6020,0.500027821848);
#6020 = AXIS2_PLACEMENT_3D('',#6021,#6022,#6023);
#6021 = CARTESIAN_POINT('',(115.20002682178,-92.89716473518,0.));
#6022 = DIRECTION('',(0.,0.,-1.));
#6023 = DIRECTION('',(-0.99999999988,1.546951327115E-05,0.));
#6024 = ADVANCED_FACE('',(#6025),#6036,.T.);
#6025 = FACE_BOUND('',#6026,.T.);
#6026 = EDGE_LOOP('',(#6027,#6028,#6029,#6035));
#6027 = ORIENTED_EDGE('',*,*,#5996,.T.);
#6028 = ORIENTED_EDGE('',*,*,#3251,.T.);
#6029 = ORIENTED_EDGE('',*,*,#6030,.F.);
#6030 = EDGE_CURVE('',#701,#3244,#6031,.T.);
#6031 = LINE('',#6032,#6033);
#6032 = CARTESIAN_POINT('',(113.794453,-92.100001,0.));
#6033 = VECTOR('',#6034,1.);
#6034 = DIRECTION('',(0.,0.,1.));
#6035 = ORIENTED_EDGE('',*,*,#708,.F.);
#6036 = CYLINDRICAL_SURFACE('',#6037,0.500008729288);
#6037 = AXIS2_PLACEMENT_3D('',#6038,#6039,#6040);
#6038 = CARTESIAN_POINT('',(113.79445034312,-91.59999227071,0.));
#6039 = DIRECTION('',(0.,0.,-1.));
#6040 = DIRECTION('',(0.504512505685,-0.863404384751,0.));
#6041 = ADVANCED_FACE('',(#6042),#6053,.T.);
#6042 = FACE_BOUND('',#6043,.T.);
#6043 = EDGE_LOOP('',(#6044,#6050,#6051,#6052));
#6044 = ORIENTED_EDGE('',*,*,#6045,.T.);
#6045 = EDGE_CURVE('',#596,#3139,#6046,.T.);
#6046 = LINE('',#6047,#6048);
#6047 = CARTESIAN_POINT('',(114.699999,-94.302842,0.));
#6048 = VECTOR('',#6049,1.);
#6049 = DIRECTION('',(0.,0.,1.));
#6050 = ORIENTED_EDGE('',*,*,#3138,.T.);
#6051 = ORIENTED_EDGE('',*,*,#6011,.F.);
#6052 = ORIENTED_EDGE('',*,*,#595,.F.);
#6053 = PLANE('',#6054);
#6054 = AXIS2_PLACEMENT_3D('',#6055,#6056,#6057);
#6055 = CARTESIAN_POINT('',(114.699999,-94.302842,0.));
#6056 = DIRECTION('',(-1.,0.,0.));
#6057 = DIRECTION('',(0.,1.,0.));
#6058 = ADVANCED_FACE('',(#6059),#6070,.T.);
#6059 = FACE_BOUND('',#6060,.T.);
#6060 = EDGE_LOOP('',(#6061,#6062,#6063,#6069));
#6061 = ORIENTED_EDGE('',*,*,#6030,.T.);
#6062 = ORIENTED_EDGE('',*,*,#3243,.T.);
#6063 = ORIENTED_EDGE('',*,*,#6064,.F.);
#6064 = EDGE_CURVE('',#692,#3235,#6065,.T.);
#6065 = LINE('',#6066,#6067);
#6066 = CARTESIAN_POINT('',(112.205548,-92.100001,0.));
#6067 = VECTOR('',#6068,1.);
#6068 = DIRECTION('',(0.,0.,1.));
#6069 = ORIENTED_EDGE('',*,*,#700,.F.);
#6070 = PLANE('',#6071);
#6071 = AXIS2_PLACEMENT_3D('',#6072,#6073,#6074);
#6072 = CARTESIAN_POINT('',(113.794453,-92.100001,0.));
#6073 = DIRECTION('',(0.,-1.,0.));
#6074 = DIRECTION('',(-1.,0.,0.));
#6075 = ADVANCED_FACE('',(#6076),#6087,.T.);
#6076 = FACE_BOUND('',#6077,.T.);
#6077 = EDGE_LOOP('',(#6078,#6084,#6085,#6086));
#6078 = ORIENTED_EDGE('',*,*,#6079,.T.);
#6079 = EDGE_CURVE('',#604,#3147,#6080,.T.);
#6080 = LINE('',#6081,#6082);
#6081 = CARTESIAN_POINT('',(114.749484,-94.51972,0.));
#6082 = VECTOR('',#6083,1.);
#6083 = DIRECTION('',(0.,0.,1.));
#6084 = ORIENTED_EDGE('',*,*,#3146,.T.);
#6085 = ORIENTED_EDGE('',*,*,#6045,.F.);
#6086 = ORIENTED_EDGE('',*,*,#603,.F.);
#6087 = CYLINDRICAL_SURFACE('',#6088,0.499677963726);
#6088 = AXIS2_PLACEMENT_3D('',#6089,#6090,#6091);
#6089 = CARTESIAN_POINT('',(115.19967695838,-94.30291509309,0.));
#6090 = DIRECTION('',(0.,0.,-1.));
#6091 = DIRECTION('',(-0.900966204359,-0.433889269979,-0.));
#6092 = ADVANCED_FACE('',(#6093),#6104,.T.);
#6093 = FACE_BOUND('',#6094,.T.);
#6094 = EDGE_LOOP('',(#6095,#6096,#6097,#6103));
#6095 = ORIENTED_EDGE('',*,*,#6064,.T.);
#6096 = ORIENTED_EDGE('',*,*,#3234,.T.);
#6097 = ORIENTED_EDGE('',*,*,#6098,.F.);
#6098 = EDGE_CURVE('',#683,#3226,#6099,.T.);
#6099 = LINE('',#6100,#6101);
#6100 = CARTESIAN_POINT('',(111.953289,-92.031701,0.));
#6101 = VECTOR('',#6102,1.);
#6102 = DIRECTION('',(0.,0.,1.));
#6103 = ORIENTED_EDGE('',*,*,#691,.F.);
#6104 = CYLINDRICAL_SURFACE('',#6105,0.50002311711);
#6105 = AXIS2_PLACEMENT_3D('',#6106,#6107,#6108);
#6106 = CARTESIAN_POINT('',(112.20555526378,-91.59997788294,0.));
#6107 = DIRECTION('',(0.,0.,-1.));
#6108 = DIRECTION('',(-1.452689337449E-05,-0.999999999894,-0.));
#6109 = ADVANCED_FACE('',(#6110),#6121,.F.);
#6110 = FACE_BOUND('',#6111,.T.);
#6111 = EDGE_LOOP('',(#6112,#6118,#6119,#6120));
#6112 = ORIENTED_EDGE('',*,*,#6113,.T.);
#6113 = EDGE_CURVE('',#613,#3156,#6114,.T.);
#6114 = LINE('',#6115,#6116);
#6115 = CARTESIAN_POINT('',(114.046711,-95.168299,0.));
#6116 = VECTOR('',#6117,1.);
#6117 = DIRECTION('',(0.,0.,1.));
#6118 = ORIENTED_EDGE('',*,*,#3155,.T.);
#6119 = ORIENTED_EDGE('',*,*,#6079,.F.);
#6120 = ORIENTED_EDGE('',*,*,#612,.F.);
#6121 = CYLINDRICAL_SURFACE('',#6122,0.499999448976);
#6122 = AXIS2_PLACEMENT_3D('',#6123,#6124,#6125);
#6123 = CARTESIAN_POINT('',(114.29896990428,-94.73659899515,0.));
#6124 = DIRECTION('',(-0.,-0.,-1.));
#6125 = DIRECTION('',(-0.504518364574,-0.863400961204,0.));
#6126 = ADVANCED_FACE('',(#6127),#6138,.F.);
#6127 = FACE_BOUND('',#6128,.T.);
#6128 = EDGE_LOOP('',(#6129,#6130,#6131,#6137));
#6129 = ORIENTED_EDGE('',*,*,#6098,.T.);
#6130 = ORIENTED_EDGE('',*,*,#3225,.T.);
#6131 = ORIENTED_EDGE('',*,*,#6132,.F.);
#6132 = EDGE_CURVE('',#674,#3217,#6133,.T.);
#6133 = LINE('',#6134,#6135);
#6134 = CARTESIAN_POINT('',(111.250516,-92.68028,0.));
#6135 = VECTOR('',#6136,1.);
#6136 = DIRECTION('',(0.,0.,1.));
#6137 = ORIENTED_EDGE('',*,*,#682,.F.);
#6138 = CYLINDRICAL_SURFACE('',#6139,0.499999729127);
#6139 = AXIS2_PLACEMENT_3D('',#6140,#6141,#6142);
#6140 = CARTESIAN_POINT('',(111.70103074567,-92.46340170911,0.));
#6141 = DIRECTION('',(-0.,-0.,-1.));
#6142 = DIRECTION('',(0.504516781968,0.863401885979,-0.));
#6143 = ADVANCED_FACE('',(#6144),#6155,.T.);
#6144 = FACE_BOUND('',#6145,.T.);
#6145 = EDGE_LOOP('',(#6146,#6152,#6153,#6154));
#6146 = ORIENTED_EDGE('',*,*,#6147,.T.);
#6147 = EDGE_CURVE('',#622,#3165,#6148,.T.);
#6148 = LINE('',#6149,#6150);
#6149 = CARTESIAN_POINT('',(113.794452,-95.1,0.));
#6150 = VECTOR('',#6151,1.);
#6151 = DIRECTION('',(0.,0.,1.));
#6152 = ORIENTED_EDGE('',*,*,#3164,.T.);
#6153 = ORIENTED_EDGE('',*,*,#6113,.F.);
#6154 = ORIENTED_EDGE('',*,*,#621,.F.);
#6155 = CYLINDRICAL_SURFACE('',#6156,0.500008729226);
#6156 = AXIS2_PLACEMENT_3D('',#6157,#6158,#6159);
#6157 = CARTESIAN_POINT('',(113.79445034314,-95.60000872922,0.));
#6158 = DIRECTION('',(0.,0.,-1.));
#6159 = DIRECTION('',(3.313649430713E-06,0.999999999995,0.));
#6160 = ADVANCED_FACE('',(#6161),#6172,.T.);
#6161 = FACE_BOUND('',#6162,.T.);
#6162 = EDGE_LOOP('',(#6163,#6164,#6165,#6171));
#6163 = ORIENTED_EDGE('',*,*,#6132,.T.);
#6164 = ORIENTED_EDGE('',*,*,#3216,.T.);
#6165 = ORIENTED_EDGE('',*,*,#6166,.F.);
#6166 = EDGE_CURVE('',#666,#3209,#6167,.T.);
#6167 = LINE('',#6168,#6169);
#6168 = CARTESIAN_POINT('',(111.300001,-92.897158,0.));
#6169 = VECTOR('',#6170,1.);
#6170 = DIRECTION('',(0.,0.,1.));
#6171 = ORIENTED_EDGE('',*,*,#673,.F.);
#6172 = CYLINDRICAL_SURFACE('',#6173,0.499989885034);
#6173 = AXIS2_PLACEMENT_3D('',#6174,#6175,#6176);
#6174 = CARTESIAN_POINT('',(110.80001111497,-92.89715607913,0.));
#6175 = DIRECTION('',(0.,0.,-1.));
#6176 = DIRECTION('',(0.901027997796,0.43376093322,0.));
#6177 = ADVANCED_FACE('',(#6178),#6189,.T.);
#6178 = FACE_BOUND('',#6179,.T.);
#6179 = EDGE_LOOP('',(#6180,#6186,#6187,#6188));
#6180 = ORIENTED_EDGE('',*,*,#6181,.T.);
#6181 = EDGE_CURVE('',#631,#3174,#6182,.T.);
#6182 = LINE('',#6183,#6184);
#6183 = CARTESIAN_POINT('',(112.205548,-95.1,0.));
#6184 = VECTOR('',#6185,1.);
#6185 = DIRECTION('',(0.,0.,1.));
#6186 = ORIENTED_EDGE('',*,*,#3173,.T.);
#6187 = ORIENTED_EDGE('',*,*,#6147,.F.);
#6188 = ORIENTED_EDGE('',*,*,#630,.F.);
#6189 = PLANE('',#6190);
#6190 = AXIS2_PLACEMENT_3D('',#6191,#6192,#6193);
#6191 = CARTESIAN_POINT('',(112.205548,-95.1,0.));
#6192 = DIRECTION('',(0.,1.,0.));
#6193 = DIRECTION('',(1.,0.,0.));
#6194 = ADVANCED_FACE('',(#6195),#6206,.T.);
#6195 = FACE_BOUND('',#6196,.T.);
#6196 = EDGE_LOOP('',(#6197,#6198,#6199,#6205));
#6197 = ORIENTED_EDGE('',*,*,#6166,.T.);
#6198 = ORIENTED_EDGE('',*,*,#3208,.T.);
#6199 = ORIENTED_EDGE('',*,*,#6200,.F.);
#6200 = EDGE_CURVE('',#657,#3200,#6201,.T.);
#6201 = LINE('',#6202,#6203);
#6202 = CARTESIAN_POINT('',(111.300001,-94.302843,0.));
#6203 = VECTOR('',#6204,1.);
#6204 = DIRECTION('',(0.,0.,1.));
#6205 = ORIENTED_EDGE('',*,*,#665,.F.);
#6206 = PLANE('',#6207);
#6207 = AXIS2_PLACEMENT_3D('',#6208,#6209,#6210);
#6208 = CARTESIAN_POINT('',(111.300001,-92.897158,0.));
#6209 = DIRECTION('',(1.,0.,-0.));
#6210 = DIRECTION('',(0.,-1.,0.));
#6211 = ADVANCED_FACE('',(#6212),#6223,.T.);
#6212 = FACE_BOUND('',#6213,.T.);
#6213 = EDGE_LOOP('',(#6214,#6220,#6221,#6222));
#6214 = ORIENTED_EDGE('',*,*,#6215,.T.);
#6215 = EDGE_CURVE('',#639,#3182,#6216,.T.);
#6216 = LINE('',#6217,#6218);
#6217 = CARTESIAN_POINT('',(111.95329,-95.168299,0.));
#6218 = VECTOR('',#6219,1.);
#6219 = DIRECTION('',(0.,0.,1.));
#6220 = ORIENTED_EDGE('',*,*,#3181,.T.);
#6221 = ORIENTED_EDGE('',*,*,#6181,.F.);
#6222 = ORIENTED_EDGE('',*,*,#638,.F.);
#6223 = CYLINDRICAL_SURFACE('',#6224,0.500008729288);
#6224 = AXIS2_PLACEMENT_3D('',#6225,#6226,#6227);
#6225 = CARTESIAN_POINT('',(112.20555065687,-95.60000872928,0.));
#6226 = DIRECTION('',(0.,0.,-1.));
#6227 = DIRECTION('',(-0.504512505685,0.863404384751,0.));
#6228 = ADVANCED_FACE('',(#6229),#6240,.T.);
#6229 = FACE_BOUND('',#6230,.T.);
#6230 = EDGE_LOOP('',(#6231,#6232,#6233,#6239));
#6231 = ORIENTED_EDGE('',*,*,#6200,.T.);
#6232 = ORIENTED_EDGE('',*,*,#3199,.T.);
#6233 = ORIENTED_EDGE('',*,*,#6234,.F.);
#6234 = EDGE_CURVE('',#648,#3191,#6235,.T.);
#6235 = LINE('',#6236,#6237);
#6236 = CARTESIAN_POINT('',(111.250516,-94.51972,0.));
#6237 = VECTOR('',#6238,1.);
#6238 = DIRECTION('',(0.,0.,1.));
#6239 = ORIENTED_EDGE('',*,*,#656,.F.);
#6240 = CYLINDRICAL_SURFACE('',#6241,0.499989884977);
#6241 = AXIS2_PLACEMENT_3D('',#6242,#6243,#6244);
#6242 = CARTESIAN_POINT('',(110.80001111502,-94.30284392088,0.));
#6243 = DIRECTION('',(0.,0.,-1.));
#6244 = DIRECTION('',(0.999999999998,1.841808795158E-06,0.));
#6245 = ADVANCED_FACE('',(#6246),#6252,.F.);
#6246 = FACE_BOUND('',#6247,.T.);
#6247 = EDGE_LOOP('',(#6248,#6249,#6250,#6251));
#6248 = ORIENTED_EDGE('',*,*,#6234,.T.);
#6249 = ORIENTED_EDGE('',*,*,#3190,.T.);
#6250 = ORIENTED_EDGE('',*,*,#6215,.F.);
#6251 = ORIENTED_EDGE('',*,*,#647,.F.);
#6252 = CYLINDRICAL_SURFACE('',#6253,0.500000669307);
#6253 = AXIS2_PLACEMENT_3D('',#6254,#6255,#6256);
#6254 = CARTESIAN_POINT('',(111.7010325355,-94.73659674043,0.));
#6255 = DIRECTION('',(-0.,-0.,-1.));
#6256 = DIRECTION('',(-0.901031864884,0.433752900236,0.));
#6257 = ADVANCED_FACE('',(#6258),#6269,.F.);
#6258 = FACE_BOUND('',#6259,.T.);
#6259 = EDGE_LOOP('',(#6260,#6261,#6267,#6268));
#6260 = ORIENTED_EDGE('',*,*,#717,.T.);
#6261 = ORIENTED_EDGE('',*,*,#6262,.T.);
#6262 = EDGE_CURVE('',#718,#3261,#6263,.T.);
#6263 = LINE('',#6264,#6265);
#6264 = CARTESIAN_POINT('',(128.,-108.4,-4.6E-02));
#6265 = VECTOR('',#6266,1.);
#6266 = DIRECTION('',(0.,0.,1.));
#6267 = ORIENTED_EDGE('',*,*,#3260,.F.);
#6268 = ORIENTED_EDGE('',*,*,#6262,.F.);
#6269 = CYLINDRICAL_SURFACE('',#6270,0.4);
#6270 = AXIS2_PLACEMENT_3D('',#6271,#6272,#6273);
#6271 = CARTESIAN_POINT('',(128.,-108.,-4.6E-02));
#6272 = DIRECTION('',(-0.,-0.,-1.));
#6273 = DIRECTION('',(-0.,-1.,0.));
#6274 = ADVANCED_FACE('',(#6275),#6286,.F.);
#6275 = FACE_BOUND('',#6276,.T.);
#6276 = EDGE_LOOP('',(#6277,#6278,#6284,#6285));
#6277 = ORIENTED_EDGE('',*,*,#728,.T.);
#6278 = ORIENTED_EDGE('',*,*,#6279,.T.);
#6279 = EDGE_CURVE('',#729,#3272,#6280,.T.);
#6280 = LINE('',#6281,#6282);
#6281 = CARTESIAN_POINT('',(129.5,-104.25,-4.6E-02));
#6282 = VECTOR('',#6283,1.);
#6283 = DIRECTION('',(0.,0.,1.));
#6284 = ORIENTED_EDGE('',*,*,#3271,.F.);
#6285 = ORIENTED_EDGE('',*,*,#6279,.F.);
#6286 = CYLINDRICAL_SURFACE('',#6287,0.75);
#6287 = AXIS2_PLACEMENT_3D('',#6288,#6289,#6290);
#6288 = CARTESIAN_POINT('',(129.5,-103.5,-4.6E-02));
#6289 = DIRECTION('',(-0.,-0.,-1.));
#6290 = DIRECTION('',(-0.,-1.,0.));
#6291 = ADVANCED_FACE('',(#6292),#6303,.F.);
#6292 = FACE_BOUND('',#6293,.T.);
#6293 = EDGE_LOOP('',(#6294,#6295,#6301,#6302));
#6294 = ORIENTED_EDGE('',*,*,#739,.T.);
#6295 = ORIENTED_EDGE('',*,*,#6296,.T.);
#6296 = EDGE_CURVE('',#740,#3283,#6297,.T.);
#6297 = LINE('',#6298,#6299);
#6298 = CARTESIAN_POINT('',(118.12,-99.27,-4.6E-02));
#6299 = VECTOR('',#6300,1.);
#6300 = DIRECTION('',(0.,0.,1.));
#6301 = ORIENTED_EDGE('',*,*,#3282,.F.);
#6302 = ORIENTED_EDGE('',*,*,#6296,.F.);
#6303 = CYLINDRICAL_SURFACE('',#6304,0.85);
#6304 = AXIS2_PLACEMENT_3D('',#6305,#6306,#6307);
#6305 = CARTESIAN_POINT('',(118.12,-98.42,-4.6E-02));
#6306 = DIRECTION('',(-0.,-0.,-1.));
#6307 = DIRECTION('',(-0.,-1.,0.));
#6308 = ADVANCED_FACE('',(#6309),#6320,.F.);
#6309 = FACE_BOUND('',#6310,.T.);
#6310 = EDGE_LOOP('',(#6311,#6312,#6318,#6319));
#6311 = ORIENTED_EDGE('',*,*,#750,.T.);
#6312 = ORIENTED_EDGE('',*,*,#6313,.T.);
#6313 = EDGE_CURVE('',#751,#3294,#6314,.T.);
#6314 = LINE('',#6315,#6316);
#6315 = CARTESIAN_POINT('',(126.96,-99.27,-4.6E-02));
#6316 = VECTOR('',#6317,1.);
#6317 = DIRECTION('',(0.,0.,1.));
#6318 = ORIENTED_EDGE('',*,*,#3293,.F.);
#6319 = ORIENTED_EDGE('',*,*,#6313,.F.);
#6320 = CYLINDRICAL_SURFACE('',#6321,0.85);
#6321 = AXIS2_PLACEMENT_3D('',#6322,#6323,#6324);
#6322 = CARTESIAN_POINT('',(126.96,-98.42,-4.6E-02));
#6323 = DIRECTION('',(-0.,-0.,-1.));
#6324 = DIRECTION('',(-1.671865260612E-14,-1.,0.));
#6325 = ADVANCED_FACE('',(#6326),#6337,.F.);
#6326 = FACE_BOUND('',#6327,.T.);
#6327 = EDGE_LOOP('',(#6328,#6329,#6335,#6336));
#6328 = ORIENTED_EDGE('',*,*,#761,.T.);
#6329 = ORIENTED_EDGE('',*,*,#6330,.T.);
#6330 = EDGE_CURVE('',#762,#3305,#6331,.T.);
#6331 = LINE('',#6332,#6333);
#6332 = CARTESIAN_POINT('',(135.62,-127.4,-4.6E-02));
#6333 = VECTOR('',#6334,1.);
#6334 = DIRECTION('',(0.,0.,1.));
#6335 = ORIENTED_EDGE('',*,*,#3304,.F.);
#6336 = ORIENTED_EDGE('',*,*,#6330,.F.);
#6337 = CYLINDRICAL_SURFACE('',#6338,0.4);
#6338 = AXIS2_PLACEMENT_3D('',#6339,#6340,#6341);
#6339 = CARTESIAN_POINT('',(135.62,-127.,-4.6E-02));
#6340 = DIRECTION('',(-0.,-0.,-1.));
#6341 = DIRECTION('',(-0.,-1.,0.));
#6342 = ADVANCED_FACE('',(#6343),#6354,.F.);
#6343 = FACE_BOUND('',#6344,.T.);
#6344 = EDGE_LOOP('',(#6345,#6346,#6352,#6353));
#6345 = ORIENTED_EDGE('',*,*,#772,.T.);
#6346 = ORIENTED_EDGE('',*,*,#6347,.T.);
#6347 = EDGE_CURVE('',#773,#3316,#6348,.T.);
#6348 = LINE('',#6349,#6350);
#6349 = CARTESIAN_POINT('',(135.85,-120.71,-4.6E-02));
#6350 = VECTOR('',#6351,1.);
#6351 = DIRECTION('',(0.,0.,1.));
#6352 = ORIENTED_EDGE('',*,*,#3315,.F.);
#6353 = ORIENTED_EDGE('',*,*,#6347,.F.);
#6354 = CYLINDRICAL_SURFACE('',#6355,0.75);
#6355 = AXIS2_PLACEMENT_3D('',#6356,#6357,#6358);
#6356 = CARTESIAN_POINT('',(135.85,-119.96,-4.6E-02));
#6357 = DIRECTION('',(-0.,-0.,-1.));
#6358 = DIRECTION('',(-0.,-1.,0.));
#6359 = ADVANCED_FACE('',(#6360),#6371,.F.);
#6360 = FACE_BOUND('',#6361,.T.);
#6361 = EDGE_LOOP('',(#6362,#6363,#6369,#6370));
#6362 = ORIENTED_EDGE('',*,*,#783,.T.);
#6363 = ORIENTED_EDGE('',*,*,#6364,.T.);
#6364 = EDGE_CURVE('',#784,#3327,#6365,.T.);
#6365 = LINE('',#6366,#6367);
#6366 = CARTESIAN_POINT('',(132.04,-119.42,-4.6E-02));
#6367 = VECTOR('',#6368,1.);
#6368 = DIRECTION('',(0.,0.,1.));
#6369 = ORIENTED_EDGE('',*,*,#3326,.F.);
#6370 = ORIENTED_EDGE('',*,*,#6364,.F.);
#6371 = CYLINDRICAL_SURFACE('',#6372,2.);
#6372 = AXIS2_PLACEMENT_3D('',#6373,#6374,#6375);
#6373 = CARTESIAN_POINT('',(132.04,-117.42,-4.6E-02));
#6374 = DIRECTION('',(-0.,-0.,-1.));
#6375 = DIRECTION('',(-0.,-1.,0.));
#6376 = ADVANCED_FACE('',(#6377),#6388,.F.);
#6377 = FACE_BOUND('',#6378,.T.);
#6378 = EDGE_LOOP('',(#6379,#6380,#6386,#6387));
#6379 = ORIENTED_EDGE('',*,*,#794,.T.);
#6380 = ORIENTED_EDGE('',*,*,#6381,.T.);
#6381 = EDGE_CURVE('',#795,#3338,#6382,.T.);
#6382 = LINE('',#6383,#6384);
#6383 = CARTESIAN_POINT('',(137.12,-118.27,-4.6E-02));
#6384 = VECTOR('',#6385,1.);
#6385 = DIRECTION('',(0.,0.,1.));
#6386 = ORIENTED_EDGE('',*,*,#3337,.F.);
#6387 = ORIENTED_EDGE('',*,*,#6381,.F.);
#6388 = CYLINDRICAL_SURFACE('',#6389,0.85);
#6389 = AXIS2_PLACEMENT_3D('',#6390,#6391,#6392);
#6390 = CARTESIAN_POINT('',(137.12,-117.42,-4.6E-02));
#6391 = DIRECTION('',(-0.,-0.,-1.));
#6392 = DIRECTION('',(-0.,-1.,0.));
#6393 = ADVANCED_FACE('',(#6394),#6410,.F.);
#6394 = FACE_BOUND('',#6395,.T.);
#6395 = EDGE_LOOP('',(#6396,#6402,#6403,#6409));
#6396 = ORIENTED_EDGE('',*,*,#6397,.T.);
#6397 = EDGE_CURVE('',#806,#3349,#6398,.T.);
#6398 = LINE('',#6399,#6400);
#6399 = CARTESIAN_POINT('',(133.749484,-111.68028,0.));
#6400 = VECTOR('',#6401,1.);
#6401 = DIRECTION('',(0.,0.,1.));
#6402 = ORIENTED_EDGE('',*,*,#3348,.T.);
#6403 = ORIENTED_EDGE('',*,*,#6404,.F.);
#6404 = EDGE_CURVE('',#808,#3351,#6405,.T.);
#6405 = LINE('',#6406,#6407);
#6406 = CARTESIAN_POINT('',(133.046711,-111.031702,0.));
#6407 = VECTOR('',#6408,1.);
#6408 = DIRECTION('',(0.,0.,1.));
#6409 = ORIENTED_EDGE('',*,*,#805,.F.);
#6410 = CYLINDRICAL_SURFACE('',#6411,0.4999991191);
#6411 = AXIS2_PLACEMENT_3D('',#6412,#6413,#6414);
#6412 = CARTESIAN_POINT('',(133.29896999978,-111.4634015669,0.));
#6413 = DIRECTION('',(-0.,-0.,-1.));
#6414 = DIRECTION('',(0.901029587867,-0.433757630236,0.));
#6415 = ADVANCED_FACE('',(#6416),#6427,.T.);
#6416 = FACE_BOUND('',#6417,.T.);
#6417 = EDGE_LOOP('',(#6418,#6424,#6425,#6426));
#6418 = ORIENTED_EDGE('',*,*,#6419,.T.);
#6419 = EDGE_CURVE('',#817,#3360,#6420,.T.);
#6420 = LINE('',#6421,#6422);
#6421 = CARTESIAN_POINT('',(133.699999,-111.897157,0.));
#6422 = VECTOR('',#6423,1.);
#6423 = DIRECTION('',(0.,0.,1.));
#6424 = ORIENTED_EDGE('',*,*,#3359,.T.);
#6425 = ORIENTED_EDGE('',*,*,#6397,.F.);
#6426 = ORIENTED_EDGE('',*,*,#816,.F.);
#6427 = CYLINDRICAL_SURFACE('',#6428,0.500027821847);
#6428 = AXIS2_PLACEMENT_3D('',#6429,#6430,#6431);
#6429 = CARTESIAN_POINT('',(134.20002682178,-111.8971647351,0.));
#6430 = DIRECTION('',(0.,0.,-1.));
#6431 = DIRECTION('',(-0.99999999988,1.546951321432E-05,0.));
#6432 = ADVANCED_FACE('',(#6433),#6444,.T.);
#6433 = FACE_BOUND('',#6434,.T.);
#6434 = EDGE_LOOP('',(#6435,#6436,#6437,#6443));
#6435 = ORIENTED_EDGE('',*,*,#6404,.T.);
#6436 = ORIENTED_EDGE('',*,*,#3481,.T.);
#6437 = ORIENTED_EDGE('',*,*,#6438,.F.);
#6438 = EDGE_CURVE('',#931,#3474,#6439,.T.);
#6439 = LINE('',#6440,#6441);
#6440 = CARTESIAN_POINT('',(132.794453,-111.100001,0.));
#6441 = VECTOR('',#6442,1.);
#6442 = DIRECTION('',(0.,0.,1.));
#6443 = ORIENTED_EDGE('',*,*,#938,.F.);
#6444 = CYLINDRICAL_SURFACE('',#6445,0.500008729288);
#6445 = AXIS2_PLACEMENT_3D('',#6446,#6447,#6448);
#6446 = CARTESIAN_POINT('',(132.79445034312,-110.5999922707,0.));
#6447 = DIRECTION('',(0.,0.,-1.));
#6448 = DIRECTION('',(0.504512505685,-0.863404384751,0.));
#6449 = ADVANCED_FACE('',(#6450),#6461,.T.);
#6450 = FACE_BOUND('',#6451,.T.);
#6451 = EDGE_LOOP('',(#6452,#6458,#6459,#6460));
#6452 = ORIENTED_EDGE('',*,*,#6453,.T.);
#6453 = EDGE_CURVE('',#826,#3369,#6454,.T.);
#6454 = LINE('',#6455,#6456);
#6455 = CARTESIAN_POINT('',(133.699999,-113.302842,0.));
#6456 = VECTOR('',#6457,1.);
#6457 = DIRECTION('',(0.,0.,1.));
#6458 = ORIENTED_EDGE('',*,*,#3368,.T.);
#6459 = ORIENTED_EDGE('',*,*,#6419,.F.);
#6460 = ORIENTED_EDGE('',*,*,#825,.F.);
#6461 = PLANE('',#6462);
#6462 = AXIS2_PLACEMENT_3D('',#6463,#6464,#6465);
#6463 = CARTESIAN_POINT('',(133.699999,-113.302842,0.));
#6464 = DIRECTION('',(-1.,0.,0.));
#6465 = DIRECTION('',(0.,1.,0.));
#6466 = ADVANCED_FACE('',(#6467),#6478,.T.);
#6467 = FACE_BOUND('',#6468,.T.);
#6468 = EDGE_LOOP('',(#6469,#6470,#6471,#6477));
#6469 = ORIENTED_EDGE('',*,*,#6438,.T.);
#6470 = ORIENTED_EDGE('',*,*,#3473,.T.);
#6471 = ORIENTED_EDGE('',*,*,#6472,.F.);
#6472 = EDGE_CURVE('',#922,#3465,#6473,.T.);
#6473 = LINE('',#6474,#6475);
#6474 = CARTESIAN_POINT('',(131.205547,-111.1,0.));
#6475 = VECTOR('',#6476,1.);
#6476 = DIRECTION('',(0.,0.,1.));
#6477 = ORIENTED_EDGE('',*,*,#930,.F.);
#6478 = PLANE('',#6479);
#6479 = AXIS2_PLACEMENT_3D('',#6480,#6481,#6482);
#6480 = CARTESIAN_POINT('',(132.794453,-111.100001,0.));
#6481 = DIRECTION('',(-6.293638589608E-07,-1.,0.));
#6482 = DIRECTION('',(-1.,6.293638589608E-07,0.));
#6483 = ADVANCED_FACE('',(#6484),#6495,.T.);
#6484 = FACE_BOUND('',#6485,.T.);
#6485 = EDGE_LOOP('',(#6486,#6492,#6493,#6494));
#6486 = ORIENTED_EDGE('',*,*,#6487,.T.);
#6487 = EDGE_CURVE('',#834,#3377,#6488,.T.);
#6488 = LINE('',#6489,#6490);
#6489 = CARTESIAN_POINT('',(133.749484,-113.51972,0.));
#6490 = VECTOR('',#6491,1.);
#6491 = DIRECTION('',(0.,0.,1.));
#6492 = ORIENTED_EDGE('',*,*,#3376,.T.);
#6493 = ORIENTED_EDGE('',*,*,#6453,.F.);
#6494 = ORIENTED_EDGE('',*,*,#833,.F.);
#6495 = CYLINDRICAL_SURFACE('',#6496,0.499677963726);
#6496 = AXIS2_PLACEMENT_3D('',#6497,#6498,#6499);
#6497 = CARTESIAN_POINT('',(134.19967695838,-113.302915093,0.));
#6498 = DIRECTION('',(0.,0.,-1.));
#6499 = DIRECTION('',(-0.900966204359,-0.43388926998,-0.));
#6500 = ADVANCED_FACE('',(#6501),#6512,.T.);
#6501 = FACE_BOUND('',#6502,.T.);
#6502 = EDGE_LOOP('',(#6503,#6504,#6505,#6511));
#6503 = ORIENTED_EDGE('',*,*,#6472,.T.);
#6504 = ORIENTED_EDGE('',*,*,#3464,.T.);
#6505 = ORIENTED_EDGE('',*,*,#6506,.F.);
#6506 = EDGE_CURVE('',#913,#3456,#6507,.T.);
#6507 = LINE('',#6508,#6509);
#6508 = CARTESIAN_POINT('',(130.953289,-111.031701,0.));
#6509 = VECTOR('',#6510,1.);
#6510 = DIRECTION('',(0.,0.,1.));
#6511 = ORIENTED_EDGE('',*,*,#921,.F.);
#6512 = CYLINDRICAL_SURFACE('',#6513,0.500008729288);
#6513 = AXIS2_PLACEMENT_3D('',#6514,#6515,#6516);
#6514 = CARTESIAN_POINT('',(131.20554965687,-110.5999912707,0.));
#6515 = DIRECTION('',(0.,0.,-1.));
#6516 = DIRECTION('',(-5.313662654248E-06,-0.999999999986,-0.));
#6517 = ADVANCED_FACE('',(#6518),#6529,.F.);
#6518 = FACE_BOUND('',#6519,.T.);
#6519 = EDGE_LOOP('',(#6520,#6526,#6527,#6528));
#6520 = ORIENTED_EDGE('',*,*,#6521,.T.);
#6521 = EDGE_CURVE('',#843,#3386,#6522,.T.);
#6522 = LINE('',#6523,#6524);
#6523 = CARTESIAN_POINT('',(133.046711,-114.168299,0.));
#6524 = VECTOR('',#6525,1.);
#6525 = DIRECTION('',(0.,0.,1.));
#6526 = ORIENTED_EDGE('',*,*,#3385,.T.);
#6527 = ORIENTED_EDGE('',*,*,#6487,.F.);
#6528 = ORIENTED_EDGE('',*,*,#842,.F.);
#6529 = CYLINDRICAL_SURFACE('',#6530,0.499999448976);
#6530 = AXIS2_PLACEMENT_3D('',#6531,#6532,#6533);
#6531 = CARTESIAN_POINT('',(133.29896990428,-113.7365989951,0.));
#6532 = DIRECTION('',(-0.,-0.,-1.));
#6533 = DIRECTION('',(-0.504518364574,-0.863400961204,0.));
#6534 = ADVANCED_FACE('',(#6535),#6546,.F.);
#6535 = FACE_BOUND('',#6536,.T.);
#6536 = EDGE_LOOP('',(#6537,#6538,#6539,#6545));
#6537 = ORIENTED_EDGE('',*,*,#6506,.T.);
#6538 = ORIENTED_EDGE('',*,*,#3455,.T.);
#6539 = ORIENTED_EDGE('',*,*,#6540,.F.);
#6540 = EDGE_CURVE('',#904,#3447,#6541,.T.);
#6541 = LINE('',#6542,#6543);
#6542 = CARTESIAN_POINT('',(130.250516,-111.68028,0.));
#6543 = VECTOR('',#6544,1.);
#6544 = DIRECTION('',(0.,0.,1.));
#6545 = ORIENTED_EDGE('',*,*,#912,.F.);
#6546 = CYLINDRICAL_SURFACE('',#6547,0.499999729127);
#6547 = AXIS2_PLACEMENT_3D('',#6548,#6549,#6550);
#6548 = CARTESIAN_POINT('',(130.70103074567,-111.4634017091,0.));
#6549 = DIRECTION('',(-0.,-0.,-1.));
#6550 = DIRECTION('',(0.504516781969,0.863401885979,-0.));
#6551 = ADVANCED_FACE('',(#6552),#6563,.T.);
#6552 = FACE_BOUND('',#6553,.T.);
#6553 = EDGE_LOOP('',(#6554,#6560,#6561,#6562));
#6554 = ORIENTED_EDGE('',*,*,#6555,.T.);
#6555 = EDGE_CURVE('',#852,#3395,#6556,.T.);
#6556 = LINE('',#6557,#6558);
#6557 = CARTESIAN_POINT('',(132.794452,-114.1,0.));
#6558 = VECTOR('',#6559,1.);
#6559 = DIRECTION('',(0.,0.,1.));
#6560 = ORIENTED_EDGE('',*,*,#3394,.T.);
#6561 = ORIENTED_EDGE('',*,*,#6521,.F.);
#6562 = ORIENTED_EDGE('',*,*,#851,.F.);
#6563 = CYLINDRICAL_SURFACE('',#6564,0.500008729226);
#6564 = AXIS2_PLACEMENT_3D('',#6565,#6566,#6567);
#6565 = CARTESIAN_POINT('',(132.79445034314,-114.6000087292,0.));
#6566 = DIRECTION('',(0.,0.,-1.));
#6567 = DIRECTION('',(3.313649373872E-06,0.999999999995,0.));
#6568 = ADVANCED_FACE('',(#6569),#6580,.T.);
#6569 = FACE_BOUND('',#6570,.T.);
#6570 = EDGE_LOOP('',(#6571,#6572,#6573,#6579));
#6571 = ORIENTED_EDGE('',*,*,#6540,.T.);
#6572 = ORIENTED_EDGE('',*,*,#3446,.T.);
#6573 = ORIENTED_EDGE('',*,*,#6574,.F.);
#6574 = EDGE_CURVE('',#896,#3439,#6575,.T.);
#6575 = LINE('',#6576,#6577);
#6576 = CARTESIAN_POINT('',(130.300001,-111.897158,0.));
#6577 = VECTOR('',#6578,1.);
#6578 = DIRECTION('',(0.,0.,1.));
#6579 = ORIENTED_EDGE('',*,*,#903,.F.);
#6580 = CYLINDRICAL_SURFACE('',#6581,0.499989885034);
#6581 = AXIS2_PLACEMENT_3D('',#6582,#6583,#6584);
#6582 = CARTESIAN_POINT('',(129.80001111496,-111.8971560791,0.));
#6583 = DIRECTION('',(0.,0.,-1.));
#6584 = DIRECTION('',(0.901027997796,0.43376093322,0.));
#6585 = ADVANCED_FACE('',(#6586),#6597,.T.);
#6586 = FACE_BOUND('',#6587,.T.);
#6587 = EDGE_LOOP('',(#6588,#6594,#6595,#6596));
#6588 = ORIENTED_EDGE('',*,*,#6589,.T.);
#6589 = EDGE_CURVE('',#861,#3404,#6590,.T.);
#6590 = LINE('',#6591,#6592);
#6591 = CARTESIAN_POINT('',(131.205548,-114.1,0.));
#6592 = VECTOR('',#6593,1.);
#6593 = DIRECTION('',(0.,0.,1.));
#6594 = ORIENTED_EDGE('',*,*,#3403,.T.);
#6595 = ORIENTED_EDGE('',*,*,#6555,.F.);
#6596 = ORIENTED_EDGE('',*,*,#860,.F.);
#6597 = PLANE('',#6598);
#6598 = AXIS2_PLACEMENT_3D('',#6599,#6600,#6601);
#6599 = CARTESIAN_POINT('',(131.205548,-114.1,0.));
#6600 = DIRECTION('',(0.,1.,0.));
#6601 = DIRECTION('',(1.,0.,0.));
#6602 = ADVANCED_FACE('',(#6603),#6614,.T.);
#6603 = FACE_BOUND('',#6604,.T.);
#6604 = EDGE_LOOP('',(#6605,#6606,#6607,#6613));
#6605 = ORIENTED_EDGE('',*,*,#6574,.T.);
#6606 = ORIENTED_EDGE('',*,*,#3438,.T.);
#6607 = ORIENTED_EDGE('',*,*,#6608,.F.);
#6608 = EDGE_CURVE('',#887,#3430,#6609,.T.);
#6609 = LINE('',#6610,#6611);
#6610 = CARTESIAN_POINT('',(130.300001,-113.302843,0.));
#6611 = VECTOR('',#6612,1.);
#6612 = DIRECTION('',(0.,0.,1.));
#6613 = ORIENTED_EDGE('',*,*,#895,.F.);
#6614 = PLANE('',#6615);
#6615 = AXIS2_PLACEMENT_3D('',#6616,#6617,#6618);
#6616 = CARTESIAN_POINT('',(130.300001,-111.897158,0.));
#6617 = DIRECTION('',(1.,0.,-0.));
#6618 = DIRECTION('',(0.,-1.,0.));
#6619 = ADVANCED_FACE('',(#6620),#6631,.T.);
#6620 = FACE_BOUND('',#6621,.T.);
#6621 = EDGE_LOOP('',(#6622,#6628,#6629,#6630));
#6622 = ORIENTED_EDGE('',*,*,#6623,.T.);
#6623 = EDGE_CURVE('',#869,#3412,#6624,.T.);
#6624 = LINE('',#6625,#6626);
#6625 = CARTESIAN_POINT('',(130.95329,-114.168299,0.));
#6626 = VECTOR('',#6627,1.);
#6627 = DIRECTION('',(0.,0.,1.));
#6628 = ORIENTED_EDGE('',*,*,#3411,.T.);
#6629 = ORIENTED_EDGE('',*,*,#6589,.F.);
#6630 = ORIENTED_EDGE('',*,*,#868,.F.);
#6631 = CYLINDRICAL_SURFACE('',#6632,0.500008729288);
#6632 = AXIS2_PLACEMENT_3D('',#6633,#6634,#6635);
#6633 = CARTESIAN_POINT('',(131.20555065687,-114.6000087292,0.));
#6634 = DIRECTION('',(0.,0.,-1.));
#6635 = DIRECTION('',(-0.504512505685,0.863404384751,0.));
#6636 = ADVANCED_FACE('',(#6637),#6648,.T.);
#6637 = FACE_BOUND('',#6638,.T.);
#6638 = EDGE_LOOP('',(#6639,#6640,#6641,#6647));
#6639 = ORIENTED_EDGE('',*,*,#6608,.T.);
#6640 = ORIENTED_EDGE('',*,*,#3429,.T.);
#6641 = ORIENTED_EDGE('',*,*,#6642,.F.);
#6642 = EDGE_CURVE('',#878,#3421,#6643,.T.);
#6643 = LINE('',#6644,#6645);
#6644 = CARTESIAN_POINT('',(130.250516,-113.51972,0.));
#6645 = VECTOR('',#6646,1.);
#6646 = DIRECTION('',(0.,0.,1.));
#6647 = ORIENTED_EDGE('',*,*,#886,.F.);
#6648 = CYLINDRICAL_SURFACE('',#6649,0.499989884978);
#6649 = AXIS2_PLACEMENT_3D('',#6650,#6651,#6652);
#6650 = CARTESIAN_POINT('',(129.80001111502,-113.3028439208,0.));
#6651 = DIRECTION('',(0.,0.,-1.));
#6652 = DIRECTION('',(0.999999999998,1.841808596201E-06,0.));
#6653 = ADVANCED_FACE('',(#6654),#6660,.F.);
#6654 = FACE_BOUND('',#6655,.T.);
#6655 = EDGE_LOOP('',(#6656,#6657,#6658,#6659));
#6656 = ORIENTED_EDGE('',*,*,#6642,.T.);
#6657 = ORIENTED_EDGE('',*,*,#3420,.T.);
#6658 = ORIENTED_EDGE('',*,*,#6623,.F.);
#6659 = ORIENTED_EDGE('',*,*,#877,.F.);
#6660 = CYLINDRICAL_SURFACE('',#6661,0.500000669307);
#6661 = AXIS2_PLACEMENT_3D('',#6662,#6663,#6664);
#6662 = CARTESIAN_POINT('',(130.7010325355,-113.7365967404,0.));
#6663 = DIRECTION('',(-0.,-0.,-1.));
#6664 = DIRECTION('',(-0.901031864884,0.433752900236,0.));
#6665 = ADVANCED_FACE('',(#6666),#6677,.F.);
#6666 = FACE_BOUND('',#6667,.T.);
#6667 = EDGE_LOOP('',(#6668,#6669,#6675,#6676));
#6668 = ORIENTED_EDGE('',*,*,#947,.T.);
#6669 = ORIENTED_EDGE('',*,*,#6670,.T.);
#6670 = EDGE_CURVE('',#948,#3491,#6671,.T.);
#6671 = LINE('',#6672,#6673);
#6672 = CARTESIAN_POINT('',(147.,-127.4,-4.6E-02));
#6673 = VECTOR('',#6674,1.);
#6674 = DIRECTION('',(0.,0.,1.));
#6675 = ORIENTED_EDGE('',*,*,#3490,.F.);
#6676 = ORIENTED_EDGE('',*,*,#6670,.F.);
#6677 = CYLINDRICAL_SURFACE('',#6678,0.4);
#6678 = AXIS2_PLACEMENT_3D('',#6679,#6680,#6681);
#6679 = CARTESIAN_POINT('',(147.,-127.,-4.6E-02));
#6680 = DIRECTION('',(-0.,-0.,-1.));
#6681 = DIRECTION('',(-0.,-1.,0.));
#6682 = ADVANCED_FACE('',(#6683),#6694,.F.);
#6683 = FACE_BOUND('',#6684,.T.);
#6684 = EDGE_LOOP('',(#6685,#6686,#6692,#6693));
#6685 = ORIENTED_EDGE('',*,*,#958,.T.);
#6686 = ORIENTED_EDGE('',*,*,#6687,.T.);
#6687 = EDGE_CURVE('',#959,#3502,#6688,.T.);
#6688 = LINE('',#6689,#6690);
#6689 = CARTESIAN_POINT('',(148.5,-123.25,-4.6E-02));
#6690 = VECTOR('',#6691,1.);
#6691 = DIRECTION('',(0.,0.,1.));
#6692 = ORIENTED_EDGE('',*,*,#3501,.F.);
#6693 = ORIENTED_EDGE('',*,*,#6687,.F.);
#6694 = CYLINDRICAL_SURFACE('',#6695,0.75);
#6695 = AXIS2_PLACEMENT_3D('',#6696,#6697,#6698);
#6696 = CARTESIAN_POINT('',(148.5,-122.5,-4.6E-02));
#6697 = DIRECTION('',(-0.,-0.,-1.));
#6698 = DIRECTION('',(-0.,-1.,0.));
#6699 = ADVANCED_FACE('',(#6700),#6711,.F.);
#6700 = FACE_BOUND('',#6701,.T.);
#6701 = EDGE_LOOP('',(#6702,#6703,#6709,#6710));
#6702 = ORIENTED_EDGE('',*,*,#969,.T.);
#6703 = ORIENTED_EDGE('',*,*,#6704,.T.);
#6704 = EDGE_CURVE('',#970,#3513,#6705,.T.);
#6705 = LINE('',#6706,#6707);
#6706 = CARTESIAN_POINT('',(154.62,-127.4,-4.6E-02));
#6707 = VECTOR('',#6708,1.);
#6708 = DIRECTION('',(0.,0.,1.));
#6709 = ORIENTED_EDGE('',*,*,#3512,.F.);
#6710 = ORIENTED_EDGE('',*,*,#6704,.F.);
#6711 = CYLINDRICAL_SURFACE('',#6712,0.4);
#6712 = AXIS2_PLACEMENT_3D('',#6713,#6714,#6715);
#6713 = CARTESIAN_POINT('',(154.62,-127.,-4.6E-02));
#6714 = DIRECTION('',(-0.,-0.,-1.));
#6715 = DIRECTION('',(-0.,-1.,0.));
#6716 = ADVANCED_FACE('',(#6717),#6728,.F.);
#6717 = FACE_BOUND('',#6718,.T.);
#6718 = EDGE_LOOP('',(#6719,#6720,#6726,#6727));
#6719 = ORIENTED_EDGE('',*,*,#980,.T.);
#6720 = ORIENTED_EDGE('',*,*,#6721,.T.);
#6721 = EDGE_CURVE('',#981,#3524,#6722,.T.);
#6722 = LINE('',#6723,#6724);
#6723 = CARTESIAN_POINT('',(154.85,-120.71,-4.6E-02));
#6724 = VECTOR('',#6725,1.);
#6725 = DIRECTION('',(0.,0.,1.));
#6726 = ORIENTED_EDGE('',*,*,#3523,.F.);
#6727 = ORIENTED_EDGE('',*,*,#6721,.F.);
#6728 = CYLINDRICAL_SURFACE('',#6729,0.75);
#6729 = AXIS2_PLACEMENT_3D('',#6730,#6731,#6732);
#6730 = CARTESIAN_POINT('',(154.85,-119.96,-4.6E-02));
#6731 = DIRECTION('',(-0.,-0.,-1.));
#6732 = DIRECTION('',(-0.,-1.,0.));
#6733 = ADVANCED_FACE('',(#6734),#6745,.F.);
#6734 = FACE_BOUND('',#6735,.T.);
#6735 = EDGE_LOOP('',(#6736,#6737,#6743,#6744));
#6736 = ORIENTED_EDGE('',*,*,#991,.T.);
#6737 = ORIENTED_EDGE('',*,*,#6738,.T.);
#6738 = EDGE_CURVE('',#992,#3535,#6739,.T.);
#6739 = LINE('',#6740,#6741);
#6740 = CARTESIAN_POINT('',(145.96,-118.27,-4.6E-02));
#6741 = VECTOR('',#6742,1.);
#6742 = DIRECTION('',(0.,0.,1.));
#6743 = ORIENTED_EDGE('',*,*,#3534,.F.);
#6744 = ORIENTED_EDGE('',*,*,#6738,.F.);
#6745 = CYLINDRICAL_SURFACE('',#6746,0.85);
#6746 = AXIS2_PLACEMENT_3D('',#6747,#6748,#6749);
#6747 = CARTESIAN_POINT('',(145.96,-117.42,-4.6E-02));
#6748 = DIRECTION('',(-0.,-0.,-1.));
#6749 = DIRECTION('',(-0.,-1.,0.));
#6750 = ADVANCED_FACE('',(#6751),#6762,.F.);
#6751 = FACE_BOUND('',#6752,.T.);
#6752 = EDGE_LOOP('',(#6753,#6754,#6760,#6761));
#6753 = ORIENTED_EDGE('',*,*,#1002,.T.);
#6754 = ORIENTED_EDGE('',*,*,#6755,.T.);
#6755 = EDGE_CURVE('',#1003,#3546,#6756,.T.);
#6756 = LINE('',#6757,#6758);
#6757 = CARTESIAN_POINT('',(151.04,-119.42,-4.6E-02));
#6758 = VECTOR('',#6759,1.);
#6759 = DIRECTION('',(0.,0.,1.));
#6760 = ORIENTED_EDGE('',*,*,#3545,.F.);
#6761 = ORIENTED_EDGE('',*,*,#6755,.F.);
#6762 = CYLINDRICAL_SURFACE('',#6763,2.);
#6763 = AXIS2_PLACEMENT_3D('',#6764,#6765,#6766);
#6764 = CARTESIAN_POINT('',(151.04,-117.42,-4.6E-02));
#6765 = DIRECTION('',(-0.,-0.,-1.));
#6766 = DIRECTION('',(-0.,-1.,0.));
#6767 = ADVANCED_FACE('',(#6768),#6784,.F.);
#6768 = FACE_BOUND('',#6769,.T.);
#6769 = EDGE_LOOP('',(#6770,#6776,#6777,#6783));
#6770 = ORIENTED_EDGE('',*,*,#6771,.T.);
#6771 = EDGE_CURVE('',#1014,#3557,#6772,.T.);
#6772 = LINE('',#6773,#6774);
#6773 = CARTESIAN_POINT('',(152.749484,-111.68028,0.));
#6774 = VECTOR('',#6775,1.);
#6775 = DIRECTION('',(0.,0.,1.));
#6776 = ORIENTED_EDGE('',*,*,#3556,.T.);
#6777 = ORIENTED_EDGE('',*,*,#6778,.F.);
#6778 = EDGE_CURVE('',#1016,#3559,#6779,.T.);
#6779 = LINE('',#6780,#6781);
#6780 = CARTESIAN_POINT('',(152.046711,-111.031702,0.));
#6781 = VECTOR('',#6782,1.);
#6782 = DIRECTION('',(0.,0.,1.));
#6783 = ORIENTED_EDGE('',*,*,#1013,.F.);
#6784 = CYLINDRICAL_SURFACE('',#6785,0.4999991191);
#6785 = AXIS2_PLACEMENT_3D('',#6786,#6787,#6788);
#6786 = CARTESIAN_POINT('',(152.29896999978,-111.4634015669,0.));
#6787 = DIRECTION('',(-0.,-0.,-1.));
#6788 = DIRECTION('',(0.901029587867,-0.433757630236,0.));
#6789 = ADVANCED_FACE('',(#6790),#6801,.T.);
#6790 = FACE_BOUND('',#6791,.T.);
#6791 = EDGE_LOOP('',(#6792,#6798,#6799,#6800));
#6792 = ORIENTED_EDGE('',*,*,#6793,.T.);
#6793 = EDGE_CURVE('',#1025,#3568,#6794,.T.);
#6794 = LINE('',#6795,#6796);
#6795 = CARTESIAN_POINT('',(152.699999,-111.897158,0.));
#6796 = VECTOR('',#6797,1.);
#6797 = DIRECTION('',(0.,0.,1.));
#6798 = ORIENTED_EDGE('',*,*,#3567,.T.);
#6799 = ORIENTED_EDGE('',*,*,#6771,.F.);
#6800 = ORIENTED_EDGE('',*,*,#1024,.F.);
#6801 = CYLINDRICAL_SURFACE('',#6802,0.500027821559);
#6802 = AXIS2_PLACEMENT_3D('',#6803,#6804,#6805);
#6803 = CARTESIAN_POINT('',(153.20002682151,-111.897164735,0.));
#6804 = DIRECTION('',(0.,0.,-1.));
#6805 = DIRECTION('',(-0.999999999909,1.346943264406E-05,0.));
#6806 = ADVANCED_FACE('',(#6807),#6818,.T.);
#6807 = FACE_BOUND('',#6808,.T.);
#6808 = EDGE_LOOP('',(#6809,#6810,#6811,#6817));
#6809 = ORIENTED_EDGE('',*,*,#6778,.T.);
#6810 = ORIENTED_EDGE('',*,*,#3689,.T.);
#6811 = ORIENTED_EDGE('',*,*,#6812,.F.);
#6812 = EDGE_CURVE('',#1139,#3682,#6813,.T.);
#6813 = LINE('',#6814,#6815);
#6814 = CARTESIAN_POINT('',(151.794453,-111.100001,0.));
#6815 = VECTOR('',#6816,1.);
#6816 = DIRECTION('',(0.,0.,1.));
#6817 = ORIENTED_EDGE('',*,*,#1146,.F.);
#6818 = CYLINDRICAL_SURFACE('',#6819,0.500008729288);
#6819 = AXIS2_PLACEMENT_3D('',#6820,#6821,#6822);
#6820 = CARTESIAN_POINT('',(151.79445034312,-110.5999922707,0.));
#6821 = DIRECTION('',(0.,0.,-1.));
#6822 = DIRECTION('',(0.504512505685,-0.863404384751,0.));
#6823 = ADVANCED_FACE('',(#6824),#6835,.T.);
#6824 = FACE_BOUND('',#6825,.T.);
#6825 = EDGE_LOOP('',(#6826,#6832,#6833,#6834));
#6826 = ORIENTED_EDGE('',*,*,#6827,.T.);
#6827 = EDGE_CURVE('',#1034,#3577,#6828,.T.);
#6828 = LINE('',#6829,#6830);
#6829 = CARTESIAN_POINT('',(152.699999,-113.302842,0.));
#6830 = VECTOR('',#6831,1.);
#6831 = DIRECTION('',(0.,0.,1.));
#6832 = ORIENTED_EDGE('',*,*,#3576,.T.);
#6833 = ORIENTED_EDGE('',*,*,#6793,.F.);
#6834 = ORIENTED_EDGE('',*,*,#1033,.F.);
#6835 = PLANE('',#6836);
#6836 = AXIS2_PLACEMENT_3D('',#6837,#6838,#6839);
#6837 = CARTESIAN_POINT('',(152.699999,-113.302842,0.));
#6838 = DIRECTION('',(-1.,0.,0.));
#6839 = DIRECTION('',(0.,1.,0.));
#6840 = ADVANCED_FACE('',(#6841),#6852,.T.);
#6841 = FACE_BOUND('',#6842,.T.);
#6842 = EDGE_LOOP('',(#6843,#6844,#6845,#6851));
#6843 = ORIENTED_EDGE('',*,*,#6812,.T.);
#6844 = ORIENTED_EDGE('',*,*,#3681,.T.);
#6845 = ORIENTED_EDGE('',*,*,#6846,.F.);
#6846 = EDGE_CURVE('',#1130,#3673,#6847,.T.);
#6847 = LINE('',#6848,#6849);
#6848 = CARTESIAN_POINT('',(150.205547,-111.1,0.));
#6849 = VECTOR('',#6850,1.);
#6850 = DIRECTION('',(0.,0.,1.));
#6851 = ORIENTED_EDGE('',*,*,#1138,.F.);
#6852 = PLANE('',#6853);
#6853 = AXIS2_PLACEMENT_3D('',#6854,#6855,#6856);
#6854 = CARTESIAN_POINT('',(151.794453,-111.100001,0.));
#6855 = DIRECTION('',(-6.293638589608E-07,-1.,0.));
#6856 = DIRECTION('',(-1.,6.293638589608E-07,0.));
#6857 = ADVANCED_FACE('',(#6858),#6869,.T.);
#6858 = FACE_BOUND('',#6859,.T.);
#6859 = EDGE_LOOP('',(#6860,#6866,#6867,#6868));
#6860 = ORIENTED_EDGE('',*,*,#6861,.T.);
#6861 = EDGE_CURVE('',#1042,#3585,#6862,.T.);
#6862 = LINE('',#6863,#6864);
#6863 = CARTESIAN_POINT('',(152.749484,-113.51972,0.));
#6864 = VECTOR('',#6865,1.);
#6865 = DIRECTION('',(0.,0.,1.));
#6866 = ORIENTED_EDGE('',*,*,#3584,.T.);
#6867 = ORIENTED_EDGE('',*,*,#6827,.F.);
#6868 = ORIENTED_EDGE('',*,*,#1041,.F.);
#6869 = CYLINDRICAL_SURFACE('',#6870,0.499677963726);
#6870 = AXIS2_PLACEMENT_3D('',#6871,#6872,#6873);
#6871 = CARTESIAN_POINT('',(153.19967695838,-113.302915093,0.));
#6872 = DIRECTION('',(0.,0.,-1.));
#6873 = DIRECTION('',(-0.900966204359,-0.43388926998,-0.));
#6874 = ADVANCED_FACE('',(#6875),#6886,.T.);
#6875 = FACE_BOUND('',#6876,.T.);
#6876 = EDGE_LOOP('',(#6877,#6878,#6879,#6885));
#6877 = ORIENTED_EDGE('',*,*,#6846,.T.);
#6878 = ORIENTED_EDGE('',*,*,#3672,.T.);
#6879 = ORIENTED_EDGE('',*,*,#6880,.F.);
#6880 = EDGE_CURVE('',#1121,#3664,#6881,.T.);
#6881 = LINE('',#6882,#6883);
#6882 = CARTESIAN_POINT('',(149.953289,-111.031701,0.));
#6883 = VECTOR('',#6884,1.);
#6884 = DIRECTION('',(0.,0.,1.));
#6885 = ORIENTED_EDGE('',*,*,#1129,.F.);
#6886 = CYLINDRICAL_SURFACE('',#6887,0.500008729288);
#6887 = AXIS2_PLACEMENT_3D('',#6888,#6889,#6890);
#6888 = CARTESIAN_POINT('',(150.20554965687,-110.5999912707,0.));
#6889 = DIRECTION('',(0.,0.,-1.));
#6890 = DIRECTION('',(-5.313662654248E-06,-0.999999999986,-0.));
#6891 = ADVANCED_FACE('',(#6892),#6903,.F.);
#6892 = FACE_BOUND('',#6893,.T.);
#6893 = EDGE_LOOP('',(#6894,#6900,#6901,#6902));
#6894 = ORIENTED_EDGE('',*,*,#6895,.T.);
#6895 = EDGE_CURVE('',#1051,#3594,#6896,.T.);
#6896 = LINE('',#6897,#6898);
#6897 = CARTESIAN_POINT('',(152.046711,-114.168299,0.));
#6898 = VECTOR('',#6899,1.);
#6899 = DIRECTION('',(0.,0.,1.));
#6900 = ORIENTED_EDGE('',*,*,#3593,.T.);
#6901 = ORIENTED_EDGE('',*,*,#6861,.F.);
#6902 = ORIENTED_EDGE('',*,*,#1050,.F.);
#6903 = CYLINDRICAL_SURFACE('',#6904,0.499999448976);
#6904 = AXIS2_PLACEMENT_3D('',#6905,#6906,#6907);
#6905 = CARTESIAN_POINT('',(152.29896990428,-113.7365989951,0.));
#6906 = DIRECTION('',(-0.,-0.,-1.));
#6907 = DIRECTION('',(-0.504518364574,-0.863400961204,0.));
#6908 = ADVANCED_FACE('',(#6909),#6920,.F.);
#6909 = FACE_BOUND('',#6910,.T.);
#6910 = EDGE_LOOP('',(#6911,#6912,#6913,#6919));
#6911 = ORIENTED_EDGE('',*,*,#6880,.T.);
#6912 = ORIENTED_EDGE('',*,*,#3663,.T.);
#6913 = ORIENTED_EDGE('',*,*,#6914,.F.);
#6914 = EDGE_CURVE('',#1112,#3655,#6915,.T.);
#6915 = LINE('',#6916,#6917);
#6916 = CARTESIAN_POINT('',(149.250516,-111.68028,0.));
#6917 = VECTOR('',#6918,1.);
#6918 = DIRECTION('',(0.,0.,1.));
#6919 = ORIENTED_EDGE('',*,*,#1120,.F.);
#6920 = CYLINDRICAL_SURFACE('',#6921,0.499999729127);
#6921 = AXIS2_PLACEMENT_3D('',#6922,#6923,#6924);
#6922 = CARTESIAN_POINT('',(149.70103074567,-111.4634017091,0.));
#6923 = DIRECTION('',(-0.,-0.,-1.));
#6924 = DIRECTION('',(0.504516781969,0.863401885979,-0.));
#6925 = ADVANCED_FACE('',(#6926),#6937,.T.);
#6926 = FACE_BOUND('',#6927,.T.);
#6927 = EDGE_LOOP('',(#6928,#6934,#6935,#6936));
#6928 = ORIENTED_EDGE('',*,*,#6929,.T.);
#6929 = EDGE_CURVE('',#1060,#3603,#6930,.T.);
#6930 = LINE('',#6931,#6932);
#6931 = CARTESIAN_POINT('',(151.794452,-114.1,0.));
#6932 = VECTOR('',#6933,1.);
#6933 = DIRECTION('',(0.,0.,1.));
#6934 = ORIENTED_EDGE('',*,*,#3602,.T.);
#6935 = ORIENTED_EDGE('',*,*,#6895,.F.);
#6936 = ORIENTED_EDGE('',*,*,#1059,.F.);
#6937 = CYLINDRICAL_SURFACE('',#6938,0.500008729226);
#6938 = AXIS2_PLACEMENT_3D('',#6939,#6940,#6941);
#6939 = CARTESIAN_POINT('',(151.79445034314,-114.6000087292,0.));
#6940 = DIRECTION('',(0.,0.,-1.));
#6941 = DIRECTION('',(3.313649373872E-06,0.999999999995,0.));
#6942 = ADVANCED_FACE('',(#6943),#6954,.T.);
#6943 = FACE_BOUND('',#6944,.T.);
#6944 = EDGE_LOOP('',(#6945,#6946,#6947,#6953));
#6945 = ORIENTED_EDGE('',*,*,#6914,.T.);
#6946 = ORIENTED_EDGE('',*,*,#3654,.T.);
#6947 = ORIENTED_EDGE('',*,*,#6948,.F.);
#6948 = EDGE_CURVE('',#1104,#3647,#6949,.T.);
#6949 = LINE('',#6950,#6951);
#6950 = CARTESIAN_POINT('',(149.300001,-111.897158,0.));
#6951 = VECTOR('',#6952,1.);
#6952 = DIRECTION('',(0.,0.,1.));
#6953 = ORIENTED_EDGE('',*,*,#1111,.F.);
#6954 = CYLINDRICAL_SURFACE('',#6955,0.499989885034);
#6955 = AXIS2_PLACEMENT_3D('',#6956,#6957,#6958);
#6956 = CARTESIAN_POINT('',(148.80001111496,-111.8971560791,0.));
#6957 = DIRECTION('',(0.,0.,-1.));
#6958 = DIRECTION('',(0.901027997796,0.43376093322,0.));
#6959 = ADVANCED_FACE('',(#6960),#6971,.T.);
#6960 = FACE_BOUND('',#6961,.T.);
#6961 = EDGE_LOOP('',(#6962,#6968,#6969,#6970));
#6962 = ORIENTED_EDGE('',*,*,#6963,.T.);
#6963 = EDGE_CURVE('',#1069,#3612,#6964,.T.);
#6964 = LINE('',#6965,#6966);
#6965 = CARTESIAN_POINT('',(150.205548,-114.1,0.));
#6966 = VECTOR('',#6967,1.);
#6967 = DIRECTION('',(0.,0.,1.));
#6968 = ORIENTED_EDGE('',*,*,#3611,.T.);
#6969 = ORIENTED_EDGE('',*,*,#6929,.F.);
#6970 = ORIENTED_EDGE('',*,*,#1068,.F.);
#6971 = PLANE('',#6972);
#6972 = AXIS2_PLACEMENT_3D('',#6973,#6974,#6975);
#6973 = CARTESIAN_POINT('',(150.205548,-114.1,0.));
#6974 = DIRECTION('',(0.,1.,0.));
#6975 = DIRECTION('',(1.,0.,0.));
#6976 = ADVANCED_FACE('',(#6977),#6988,.T.);
#6977 = FACE_BOUND('',#6978,.T.);
#6978 = EDGE_LOOP('',(#6979,#6980,#6981,#6987));
#6979 = ORIENTED_EDGE('',*,*,#6948,.T.);
#6980 = ORIENTED_EDGE('',*,*,#3646,.T.);
#6981 = ORIENTED_EDGE('',*,*,#6982,.F.);
#6982 = EDGE_CURVE('',#1095,#3638,#6983,.T.);
#6983 = LINE('',#6984,#6985);
#6984 = CARTESIAN_POINT('',(149.300001,-113.302843,0.));
#6985 = VECTOR('',#6986,1.);
#6986 = DIRECTION('',(0.,0.,1.));
#6987 = ORIENTED_EDGE('',*,*,#1103,.F.);
#6988 = PLANE('',#6989);
#6989 = AXIS2_PLACEMENT_3D('',#6990,#6991,#6992);
#6990 = CARTESIAN_POINT('',(149.300001,-111.897158,0.));
#6991 = DIRECTION('',(1.,0.,-0.));
#6992 = DIRECTION('',(0.,-1.,0.));
#6993 = ADVANCED_FACE('',(#6994),#7005,.T.);
#6994 = FACE_BOUND('',#6995,.T.);
#6995 = EDGE_LOOP('',(#6996,#7002,#7003,#7004));
#6996 = ORIENTED_EDGE('',*,*,#6997,.T.);
#6997 = EDGE_CURVE('',#1077,#3620,#6998,.T.);
#6998 = LINE('',#6999,#7000);
#6999 = CARTESIAN_POINT('',(149.95329,-114.168299,0.));
#7000 = VECTOR('',#7001,1.);
#7001 = DIRECTION('',(0.,0.,1.));
#7002 = ORIENTED_EDGE('',*,*,#3619,.T.);
#7003 = ORIENTED_EDGE('',*,*,#6963,.F.);
#7004 = ORIENTED_EDGE('',*,*,#1076,.F.);
#7005 = CYLINDRICAL_SURFACE('',#7006,0.500008729288);
#7006 = AXIS2_PLACEMENT_3D('',#7007,#7008,#7009);
#7007 = CARTESIAN_POINT('',(150.20555065687,-114.6000087292,0.));
#7008 = DIRECTION('',(0.,0.,-1.));
#7009 = DIRECTION('',(-0.504512505685,0.863404384751,0.));
#7010 = ADVANCED_FACE('',(#7011),#7022,.T.);
#7011 = FACE_BOUND('',#7012,.T.);
#7012 = EDGE_LOOP('',(#7013,#7014,#7015,#7021));
#7013 = ORIENTED_EDGE('',*,*,#6982,.T.);
#7014 = ORIENTED_EDGE('',*,*,#3637,.T.);
#7015 = ORIENTED_EDGE('',*,*,#7016,.F.);
#7016 = EDGE_CURVE('',#1086,#3629,#7017,.T.);
#7017 = LINE('',#7018,#7019);
#7018 = CARTESIAN_POINT('',(149.250516,-113.51972,0.));
#7019 = VECTOR('',#7020,1.);
#7020 = DIRECTION('',(0.,0.,1.));
#7021 = ORIENTED_EDGE('',*,*,#1094,.F.);
#7022 = CYLINDRICAL_SURFACE('',#7023,0.499989884978);
#7023 = AXIS2_PLACEMENT_3D('',#7024,#7025,#7026);
#7024 = CARTESIAN_POINT('',(148.80001111502,-113.3028439208,0.));
#7025 = DIRECTION('',(0.,0.,-1.));
#7026 = DIRECTION('',(0.999999999998,1.841808596201E-06,0.));
#7027 = ADVANCED_FACE('',(#7028),#7034,.F.);
#7028 = FACE_BOUND('',#7029,.T.);
#7029 = EDGE_LOOP('',(#7030,#7031,#7032,#7033));
#7030 = ORIENTED_EDGE('',*,*,#7016,.T.);
#7031 = ORIENTED_EDGE('',*,*,#3628,.T.);
#7032 = ORIENTED_EDGE('',*,*,#6997,.F.);
#7033 = ORIENTED_EDGE('',*,*,#1085,.F.);
#7034 = CYLINDRICAL_SURFACE('',#7035,0.500000669307);
#7035 = AXIS2_PLACEMENT_3D('',#7036,#7037,#7038);
#7036 = CARTESIAN_POINT('',(149.7010325355,-113.7365967404,0.));
#7037 = DIRECTION('',(-0.,-0.,-1.));
#7038 = DIRECTION('',(-0.901031864884,0.433752900236,0.));
#7039 = ADVANCED_FACE('',(#7040),#7051,.F.);
#7040 = FACE_BOUND('',#7041,.T.);
#7041 = EDGE_LOOP('',(#7042,#7043,#7049,#7050));
#7042 = ORIENTED_EDGE('',*,*,#1155,.T.);
#7043 = ORIENTED_EDGE('',*,*,#7044,.T.);
#7044 = EDGE_CURVE('',#1156,#3699,#7045,.T.);
#7045 = LINE('',#7046,#7047);
#7046 = CARTESIAN_POINT('',(156.12,-118.27,-4.6E-02));
#7047 = VECTOR('',#7048,1.);
#7048 = DIRECTION('',(0.,0.,1.));
#7049 = ORIENTED_EDGE('',*,*,#3698,.F.);
#7050 = ORIENTED_EDGE('',*,*,#7044,.F.);
#7051 = CYLINDRICAL_SURFACE('',#7052,0.85);
#7052 = AXIS2_PLACEMENT_3D('',#7053,#7054,#7055);
#7053 = CARTESIAN_POINT('',(156.12,-117.42,-4.6E-02));
#7054 = DIRECTION('',(-0.,-0.,-1.));
#7055 = DIRECTION('',(-0.,-1.,0.));
#7056 = ADVANCED_FACE('',(#7057),#7068,.F.);
#7057 = FACE_BOUND('',#7058,.T.);
#7058 = EDGE_LOOP('',(#7059,#7060,#7066,#7067));
#7059 = ORIENTED_EDGE('',*,*,#1166,.T.);
#7060 = ORIENTED_EDGE('',*,*,#7061,.T.);
#7061 = EDGE_CURVE('',#1167,#3710,#7062,.T.);
#7062 = LINE('',#7063,#7064);
#7063 = CARTESIAN_POINT('',(135.62,-108.4,-4.6E-02));
#7064 = VECTOR('',#7065,1.);
#7065 = DIRECTION('',(0.,0.,1.));
#7066 = ORIENTED_EDGE('',*,*,#3709,.F.);
#7067 = ORIENTED_EDGE('',*,*,#7061,.F.);
#7068 = CYLINDRICAL_SURFACE('',#7069,0.4);
#7069 = AXIS2_PLACEMENT_3D('',#7070,#7071,#7072);
#7070 = CARTESIAN_POINT('',(135.62,-108.,-4.6E-02));
#7071 = DIRECTION('',(-0.,-0.,-1.));
#7072 = DIRECTION('',(-0.,-1.,0.));
#7073 = ADVANCED_FACE('',(#7074),#7085,.F.);
#7074 = FACE_BOUND('',#7075,.T.);
#7075 = EDGE_LOOP('',(#7076,#7077,#7083,#7084));
#7076 = ORIENTED_EDGE('',*,*,#1177,.T.);
#7077 = ORIENTED_EDGE('',*,*,#7078,.T.);
#7078 = EDGE_CURVE('',#1178,#3721,#7079,.T.);
#7079 = LINE('',#7080,#7081);
#7080 = CARTESIAN_POINT('',(135.85,-101.71,-4.6E-02));
#7081 = VECTOR('',#7082,1.);
#7082 = DIRECTION('',(0.,0.,1.));
#7083 = ORIENTED_EDGE('',*,*,#3720,.F.);
#7084 = ORIENTED_EDGE('',*,*,#7078,.F.);
#7085 = CYLINDRICAL_SURFACE('',#7086,0.75);
#7086 = AXIS2_PLACEMENT_3D('',#7087,#7088,#7089);
#7087 = CARTESIAN_POINT('',(135.85,-100.96,-4.6E-02));
#7088 = DIRECTION('',(-0.,-0.,-1.));
#7089 = DIRECTION('',(-0.,-1.,0.));
#7090 = ADVANCED_FACE('',(#7091),#7102,.F.);
#7091 = FACE_BOUND('',#7092,.T.);
#7092 = EDGE_LOOP('',(#7093,#7094,#7100,#7101));
#7093 = ORIENTED_EDGE('',*,*,#1188,.T.);
#7094 = ORIENTED_EDGE('',*,*,#7095,.T.);
#7095 = EDGE_CURVE('',#1189,#3732,#7096,.T.);
#7096 = LINE('',#7097,#7098);
#7097 = CARTESIAN_POINT('',(132.04,-100.42,-4.6E-02));
#7098 = VECTOR('',#7099,1.);
#7099 = DIRECTION('',(0.,0.,1.));
#7100 = ORIENTED_EDGE('',*,*,#3731,.F.);
#7101 = ORIENTED_EDGE('',*,*,#7095,.F.);
#7102 = CYLINDRICAL_SURFACE('',#7103,2.);
#7103 = AXIS2_PLACEMENT_3D('',#7104,#7105,#7106);
#7104 = CARTESIAN_POINT('',(132.04,-98.42,-4.6E-02));
#7105 = DIRECTION('',(-0.,-0.,-1.));
#7106 = DIRECTION('',(-0.,-1.,0.));
#7107 = ADVANCED_FACE('',(#7108),#7119,.F.);
#7108 = FACE_BOUND('',#7109,.T.);
#7109 = EDGE_LOOP('',(#7110,#7111,#7117,#7118));
#7110 = ORIENTED_EDGE('',*,*,#1199,.T.);
#7111 = ORIENTED_EDGE('',*,*,#7112,.T.);
#7112 = EDGE_CURVE('',#1200,#3743,#7113,.T.);
#7113 = LINE('',#7114,#7115);
#7114 = CARTESIAN_POINT('',(137.12,-99.27,-4.6E-02));
#7115 = VECTOR('',#7116,1.);
#7116 = DIRECTION('',(0.,0.,1.));
#7117 = ORIENTED_EDGE('',*,*,#3742,.F.);
#7118 = ORIENTED_EDGE('',*,*,#7112,.F.);
#7119 = CYLINDRICAL_SURFACE('',#7120,0.85);
#7120 = AXIS2_PLACEMENT_3D('',#7121,#7122,#7123);
#7121 = CARTESIAN_POINT('',(137.12,-98.42,-4.6E-02));
#7122 = DIRECTION('',(-0.,-0.,-1.));
#7123 = DIRECTION('',(-0.,-1.,0.));
#7124 = ADVANCED_FACE('',(#7125),#7141,.F.);
#7125 = FACE_BOUND('',#7126,.T.);
#7126 = EDGE_LOOP('',(#7127,#7133,#7134,#7140));
#7127 = ORIENTED_EDGE('',*,*,#7128,.T.);
#7128 = EDGE_CURVE('',#1211,#3754,#7129,.T.);
#7129 = LINE('',#7130,#7131);
#7130 = CARTESIAN_POINT('',(133.749484,-92.70528,0.));
#7131 = VECTOR('',#7132,1.);
#7132 = DIRECTION('',(0.,0.,1.));
#7133 = ORIENTED_EDGE('',*,*,#3753,.T.);
#7134 = ORIENTED_EDGE('',*,*,#7135,.F.);
#7135 = EDGE_CURVE('',#1213,#3756,#7136,.T.);
#7136 = LINE('',#7137,#7138);
#7137 = CARTESIAN_POINT('',(133.046711,-92.056702,0.));
#7138 = VECTOR('',#7139,1.);
#7139 = DIRECTION('',(0.,0.,1.));
#7140 = ORIENTED_EDGE('',*,*,#1210,.F.);
#7141 = CYLINDRICAL_SURFACE('',#7142,0.4999991191);
#7142 = AXIS2_PLACEMENT_3D('',#7143,#7144,#7145);
#7143 = CARTESIAN_POINT('',(133.29896999978,-92.48840156697,0.));
#7144 = DIRECTION('',(-0.,-0.,-1.));
#7145 = DIRECTION('',(0.901029587867,-0.433757630236,0.));
#7146 = ADVANCED_FACE('',(#7147),#7158,.T.);
#7147 = FACE_BOUND('',#7148,.T.);
#7148 = EDGE_LOOP('',(#7149,#7155,#7156,#7157));
#7149 = ORIENTED_EDGE('',*,*,#7150,.T.);
#7150 = EDGE_CURVE('',#1222,#3765,#7151,.T.);
#7151 = LINE('',#7152,#7153);
#7152 = CARTESIAN_POINT('',(133.699999,-92.922157,0.));
#7153 = VECTOR('',#7154,1.);
#7154 = DIRECTION('',(0.,0.,1.));
#7155 = ORIENTED_EDGE('',*,*,#3764,.T.);
#7156 = ORIENTED_EDGE('',*,*,#7128,.F.);
#7157 = ORIENTED_EDGE('',*,*,#1221,.F.);
#7158 = CYLINDRICAL_SURFACE('',#7159,0.500027821847);
#7159 = AXIS2_PLACEMENT_3D('',#7160,#7161,#7162);
#7160 = CARTESIAN_POINT('',(134.20002682178,-92.92216473518,0.));
#7161 = DIRECTION('',(0.,0.,-1.));
#7162 = DIRECTION('',(-0.99999999988,1.546951324274E-05,0.));
#7163 = ADVANCED_FACE('',(#7164),#7175,.T.);
#7164 = FACE_BOUND('',#7165,.T.);
#7165 = EDGE_LOOP('',(#7166,#7167,#7168,#7174));
#7166 = ORIENTED_EDGE('',*,*,#7135,.T.);
#7167 = ORIENTED_EDGE('',*,*,#3886,.T.);
#7168 = ORIENTED_EDGE('',*,*,#7169,.F.);
#7169 = EDGE_CURVE('',#1336,#3879,#7170,.T.);
#7170 = LINE('',#7171,#7172);
#7171 = CARTESIAN_POINT('',(132.794453,-92.125001,0.));
#7172 = VECTOR('',#7173,1.);
#7173 = DIRECTION('',(0.,0.,1.));
#7174 = ORIENTED_EDGE('',*,*,#1343,.F.);
#7175 = CYLINDRICAL_SURFACE('',#7176,0.500008729288);
#7176 = AXIS2_PLACEMENT_3D('',#7177,#7178,#7179);
#7177 = CARTESIAN_POINT('',(132.79445034312,-91.62499227071,0.));
#7178 = DIRECTION('',(0.,0.,-1.));
#7179 = DIRECTION('',(0.504512505686,-0.863404384751,0.));
#7180 = ADVANCED_FACE('',(#7181),#7192,.T.);
#7181 = FACE_BOUND('',#7182,.T.);
#7182 = EDGE_LOOP('',(#7183,#7189,#7190,#7191));
#7183 = ORIENTED_EDGE('',*,*,#7184,.T.);
#7184 = EDGE_CURVE('',#1231,#3774,#7185,.T.);
#7185 = LINE('',#7186,#7187);
#7186 = CARTESIAN_POINT('',(133.699999,-94.327842,0.));
#7187 = VECTOR('',#7188,1.);
#7188 = DIRECTION('',(0.,0.,1.));
#7189 = ORIENTED_EDGE('',*,*,#3773,.T.);
#7190 = ORIENTED_EDGE('',*,*,#7150,.F.);
#7191 = ORIENTED_EDGE('',*,*,#1230,.F.);
#7192 = PLANE('',#7193);
#7193 = AXIS2_PLACEMENT_3D('',#7194,#7195,#7196);
#7194 = CARTESIAN_POINT('',(133.699999,-94.327842,0.));
#7195 = DIRECTION('',(-1.,0.,0.));
#7196 = DIRECTION('',(0.,1.,0.));
#7197 = ADVANCED_FACE('',(#7198),#7209,.T.);
#7198 = FACE_BOUND('',#7199,.T.);
#7199 = EDGE_LOOP('',(#7200,#7201,#7202,#7208));
#7200 = ORIENTED_EDGE('',*,*,#7169,.T.);
#7201 = ORIENTED_EDGE('',*,*,#3878,.T.);
#7202 = ORIENTED_EDGE('',*,*,#7203,.F.);
#7203 = EDGE_CURVE('',#1327,#3870,#7204,.T.);
#7204 = LINE('',#7205,#7206);
#7205 = CARTESIAN_POINT('',(131.205547,-92.125,0.));
#7206 = VECTOR('',#7207,1.);
#7207 = DIRECTION('',(0.,0.,1.));
#7208 = ORIENTED_EDGE('',*,*,#1335,.F.);
#7209 = PLANE('',#7210);
#7210 = AXIS2_PLACEMENT_3D('',#7211,#7212,#7213);
#7211 = CARTESIAN_POINT('',(132.794453,-92.125001,0.));
#7212 = DIRECTION('',(-6.29363850017E-07,-1.,0.));
#7213 = DIRECTION('',(-1.,6.29363850017E-07,0.));
#7214 = ADVANCED_FACE('',(#7215),#7226,.T.);
#7215 = FACE_BOUND('',#7216,.T.);
#7216 = EDGE_LOOP('',(#7217,#7223,#7224,#7225));
#7217 = ORIENTED_EDGE('',*,*,#7218,.T.);
#7218 = EDGE_CURVE('',#1239,#3782,#7219,.T.);
#7219 = LINE('',#7220,#7221);
#7220 = CARTESIAN_POINT('',(133.749484,-94.54472,0.));
#7221 = VECTOR('',#7222,1.);
#7222 = DIRECTION('',(0.,0.,1.));
#7223 = ORIENTED_EDGE('',*,*,#3781,.T.);
#7224 = ORIENTED_EDGE('',*,*,#7184,.F.);
#7225 = ORIENTED_EDGE('',*,*,#1238,.F.);
#7226 = CYLINDRICAL_SURFACE('',#7227,0.499677963726);
#7227 = AXIS2_PLACEMENT_3D('',#7228,#7229,#7230);
#7228 = CARTESIAN_POINT('',(134.19967695837,-94.32791509309,0.));
#7229 = DIRECTION('',(0.,0.,-1.));
#7230 = DIRECTION('',(-0.900966204359,-0.43388926998,-0.));
#7231 = ADVANCED_FACE('',(#7232),#7243,.T.);
#7232 = FACE_BOUND('',#7233,.T.);
#7233 = EDGE_LOOP('',(#7234,#7235,#7236,#7242));
#7234 = ORIENTED_EDGE('',*,*,#7203,.T.);
#7235 = ORIENTED_EDGE('',*,*,#3869,.T.);
#7236 = ORIENTED_EDGE('',*,*,#7237,.F.);
#7237 = EDGE_CURVE('',#1318,#3861,#7238,.T.);
#7238 = LINE('',#7239,#7240);
#7239 = CARTESIAN_POINT('',(130.953289,-92.056701,0.));
#7240 = VECTOR('',#7241,1.);
#7241 = DIRECTION('',(0.,0.,1.));
#7242 = ORIENTED_EDGE('',*,*,#1326,.F.);
#7243 = CYLINDRICAL_SURFACE('',#7244,0.500008729288);
#7244 = AXIS2_PLACEMENT_3D('',#7245,#7246,#7247);
#7245 = CARTESIAN_POINT('',(131.20554965687,-91.62499127071,0.));
#7246 = DIRECTION('',(0.,0.,-1.));
#7247 = DIRECTION('',(-5.313662654248E-06,-0.999999999986,-0.));
#7248 = ADVANCED_FACE('',(#7249),#7260,.F.);
#7249 = FACE_BOUND('',#7250,.T.);
#7250 = EDGE_LOOP('',(#7251,#7257,#7258,#7259));
#7251 = ORIENTED_EDGE('',*,*,#7252,.T.);
#7252 = EDGE_CURVE('',#1248,#3791,#7253,.T.);
#7253 = LINE('',#7254,#7255);
#7254 = CARTESIAN_POINT('',(133.046711,-95.193299,0.));
#7255 = VECTOR('',#7256,1.);
#7256 = DIRECTION('',(0.,0.,1.));
#7257 = ORIENTED_EDGE('',*,*,#3790,.T.);
#7258 = ORIENTED_EDGE('',*,*,#7218,.F.);
#7259 = ORIENTED_EDGE('',*,*,#1247,.F.);
#7260 = CYLINDRICAL_SURFACE('',#7261,0.499999448976);
#7261 = AXIS2_PLACEMENT_3D('',#7262,#7263,#7264);
#7262 = CARTESIAN_POINT('',(133.29896990428,-94.76159899515,0.));
#7263 = DIRECTION('',(-0.,-0.,-1.));
#7264 = DIRECTION('',(-0.504518364574,-0.863400961204,0.));
#7265 = ADVANCED_FACE('',(#7266),#7277,.F.);
#7266 = FACE_BOUND('',#7267,.T.);
#7267 = EDGE_LOOP('',(#7268,#7269,#7270,#7276));
#7268 = ORIENTED_EDGE('',*,*,#7237,.T.);
#7269 = ORIENTED_EDGE('',*,*,#3860,.T.);
#7270 = ORIENTED_EDGE('',*,*,#7271,.F.);
#7271 = EDGE_CURVE('',#1309,#3852,#7272,.T.);
#7272 = LINE('',#7273,#7274);
#7273 = CARTESIAN_POINT('',(130.250516,-92.70528,0.));
#7274 = VECTOR('',#7275,1.);
#7275 = DIRECTION('',(0.,0.,1.));
#7276 = ORIENTED_EDGE('',*,*,#1317,.F.);
#7277 = CYLINDRICAL_SURFACE('',#7278,0.499999729127);
#7278 = AXIS2_PLACEMENT_3D('',#7279,#7280,#7281);
#7279 = CARTESIAN_POINT('',(130.70103074567,-92.48840170911,0.));
#7280 = DIRECTION('',(-0.,-0.,-1.));
#7281 = DIRECTION('',(0.504516781969,0.863401885979,-0.));
#7282 = ADVANCED_FACE('',(#7283),#7294,.T.);
#7283 = FACE_BOUND('',#7284,.T.);
#7284 = EDGE_LOOP('',(#7285,#7291,#7292,#7293));
#7285 = ORIENTED_EDGE('',*,*,#7286,.T.);
#7286 = EDGE_CURVE('',#1257,#3800,#7287,.T.);
#7287 = LINE('',#7288,#7289);
#7288 = CARTESIAN_POINT('',(132.794452,-95.125,0.));
#7289 = VECTOR('',#7290,1.);
#7290 = DIRECTION('',(0.,0.,1.));
#7291 = ORIENTED_EDGE('',*,*,#3799,.T.);
#7292 = ORIENTED_EDGE('',*,*,#7252,.F.);
#7293 = ORIENTED_EDGE('',*,*,#1256,.F.);
#7294 = CYLINDRICAL_SURFACE('',#7295,0.500008729226);
#7295 = AXIS2_PLACEMENT_3D('',#7296,#7297,#7298);
#7296 = CARTESIAN_POINT('',(132.79445034314,-95.62500872922,0.));
#7297 = DIRECTION('',(0.,0.,-1.));
#7298 = DIRECTION('',(3.313649203346E-06,0.999999999995,0.));
#7299 = ADVANCED_FACE('',(#7300),#7311,.T.);
#7300 = FACE_BOUND('',#7301,.T.);
#7301 = EDGE_LOOP('',(#7302,#7303,#7304,#7310));
#7302 = ORIENTED_EDGE('',*,*,#7271,.T.);
#7303 = ORIENTED_EDGE('',*,*,#3851,.T.);
#7304 = ORIENTED_EDGE('',*,*,#7305,.F.);
#7305 = EDGE_CURVE('',#1301,#3844,#7306,.T.);
#7306 = LINE('',#7307,#7308);
#7307 = CARTESIAN_POINT('',(130.300001,-92.922158,0.));
#7308 = VECTOR('',#7309,1.);
#7309 = DIRECTION('',(0.,0.,1.));
#7310 = ORIENTED_EDGE('',*,*,#1308,.F.);
#7311 = CYLINDRICAL_SURFACE('',#7312,0.499989885034);
#7312 = AXIS2_PLACEMENT_3D('',#7313,#7314,#7315);
#7313 = CARTESIAN_POINT('',(129.80001111496,-92.92215607913,0.));
#7314 = DIRECTION('',(0.,0.,-1.));
#7315 = DIRECTION('',(0.901027997796,0.43376093322,0.));
#7316 = ADVANCED_FACE('',(#7317),#7328,.T.);
#7317 = FACE_BOUND('',#7318,.T.);
#7318 = EDGE_LOOP('',(#7319,#7325,#7326,#7327));
#7319 = ORIENTED_EDGE('',*,*,#7320,.T.);
#7320 = EDGE_CURVE('',#1266,#3809,#7321,.T.);
#7321 = LINE('',#7322,#7323);
#7322 = CARTESIAN_POINT('',(131.205548,-95.125,0.));
#7323 = VECTOR('',#7324,1.);
#7324 = DIRECTION('',(0.,0.,1.));
#7325 = ORIENTED_EDGE('',*,*,#3808,.T.);
#7326 = ORIENTED_EDGE('',*,*,#7286,.F.);
#7327 = ORIENTED_EDGE('',*,*,#1265,.F.);
#7328 = PLANE('',#7329);
#7329 = AXIS2_PLACEMENT_3D('',#7330,#7331,#7332);
#7330 = CARTESIAN_POINT('',(131.205548,-95.125,0.));
#7331 = DIRECTION('',(0.,1.,0.));
#7332 = DIRECTION('',(1.,0.,0.));
#7333 = ADVANCED_FACE('',(#7334),#7345,.T.);
#7334 = FACE_BOUND('',#7335,.T.);
#7335 = EDGE_LOOP('',(#7336,#7337,#7338,#7344));
#7336 = ORIENTED_EDGE('',*,*,#7305,.T.);
#7337 = ORIENTED_EDGE('',*,*,#3843,.T.);
#7338 = ORIENTED_EDGE('',*,*,#7339,.F.);
#7339 = EDGE_CURVE('',#1292,#3835,#7340,.T.);
#7340 = LINE('',#7341,#7342);
#7341 = CARTESIAN_POINT('',(130.300001,-94.327842,0.));
#7342 = VECTOR('',#7343,1.);
#7343 = DIRECTION('',(0.,0.,1.));
#7344 = ORIENTED_EDGE('',*,*,#1300,.F.);
#7345 = PLANE('',#7346);
#7346 = AXIS2_PLACEMENT_3D('',#7347,#7348,#7349);
#7347 = CARTESIAN_POINT('',(130.300001,-92.922158,0.));
#7348 = DIRECTION('',(1.,0.,-0.));
#7349 = DIRECTION('',(0.,-1.,0.));
#7350 = ADVANCED_FACE('',(#7351),#7362,.T.);
#7351 = FACE_BOUND('',#7352,.T.);
#7352 = EDGE_LOOP('',(#7353,#7359,#7360,#7361));
#7353 = ORIENTED_EDGE('',*,*,#7354,.T.);
#7354 = EDGE_CURVE('',#1274,#3817,#7355,.T.);
#7355 = LINE('',#7356,#7357);
#7356 = CARTESIAN_POINT('',(130.95329,-95.193299,0.));
#7357 = VECTOR('',#7358,1.);
#7358 = DIRECTION('',(0.,0.,1.));
#7359 = ORIENTED_EDGE('',*,*,#3816,.T.);
#7360 = ORIENTED_EDGE('',*,*,#7320,.F.);
#7361 = ORIENTED_EDGE('',*,*,#1273,.F.);
#7362 = CYLINDRICAL_SURFACE('',#7363,0.500008729288);
#7363 = AXIS2_PLACEMENT_3D('',#7364,#7365,#7366);
#7364 = CARTESIAN_POINT('',(131.20555065687,-95.62500872928,0.));
#7365 = DIRECTION('',(0.,0.,-1.));
#7366 = DIRECTION('',(-0.504512505685,0.863404384751,0.));
#7367 = ADVANCED_FACE('',(#7368),#7379,.T.);
#7368 = FACE_BOUND('',#7369,.T.);
#7369 = EDGE_LOOP('',(#7370,#7371,#7372,#7378));
#7370 = ORIENTED_EDGE('',*,*,#7339,.T.);
#7371 = ORIENTED_EDGE('',*,*,#3834,.T.);
#7372 = ORIENTED_EDGE('',*,*,#7373,.F.);
#7373 = EDGE_CURVE('',#1283,#3826,#7374,.T.);
#7374 = LINE('',#7375,#7376);
#7375 = CARTESIAN_POINT('',(130.250516,-94.54472,0.));
#7376 = VECTOR('',#7377,1.);
#7377 = DIRECTION('',(0.,0.,1.));
#7378 = ORIENTED_EDGE('',*,*,#1291,.F.);
#7379 = CYLINDRICAL_SURFACE('',#7380,0.499989885034);
#7380 = AXIS2_PLACEMENT_3D('',#7381,#7382,#7383);
#7381 = CARTESIAN_POINT('',(129.80001111496,-94.32784392086,0.));
#7382 = DIRECTION('',(0.,0.,-1.));
#7383 = DIRECTION('',(0.999999999993,3.841811392097E-06,0.));
#7384 = ADVANCED_FACE('',(#7385),#7391,.F.);
#7385 = FACE_BOUND('',#7386,.T.);
#7386 = EDGE_LOOP('',(#7387,#7388,#7389,#7390));
#7387 = ORIENTED_EDGE('',*,*,#7373,.T.);
#7388 = ORIENTED_EDGE('',*,*,#3825,.T.);
#7389 = ORIENTED_EDGE('',*,*,#7354,.F.);
#7390 = ORIENTED_EDGE('',*,*,#1282,.F.);
#7391 = CYLINDRICAL_SURFACE('',#7392,0.500000669307);
#7392 = AXIS2_PLACEMENT_3D('',#7393,#7394,#7395);
#7393 = CARTESIAN_POINT('',(130.7010325355,-94.76159674043,0.));
#7394 = DIRECTION('',(-0.,-0.,-1.));
#7395 = DIRECTION('',(-0.901031864884,0.433752900236,0.));
#7396 = ADVANCED_FACE('',(#7397),#7408,.F.);
#7397 = FACE_BOUND('',#7398,.T.);
#7398 = EDGE_LOOP('',(#7399,#7400,#7406,#7407));
#7399 = ORIENTED_EDGE('',*,*,#1352,.T.);
#7400 = ORIENTED_EDGE('',*,*,#7401,.T.);
#7401 = EDGE_CURVE('',#1353,#3896,#7402,.T.);
#7402 = LINE('',#7403,#7404);
#7403 = CARTESIAN_POINT('',(147.,-108.4,-4.6E-02));
#7404 = VECTOR('',#7405,1.);
#7405 = DIRECTION('',(0.,0.,1.));
#7406 = ORIENTED_EDGE('',*,*,#3895,.F.);
#7407 = ORIENTED_EDGE('',*,*,#7401,.F.);
#7408 = CYLINDRICAL_SURFACE('',#7409,0.4);
#7409 = AXIS2_PLACEMENT_3D('',#7410,#7411,#7412);
#7410 = CARTESIAN_POINT('',(147.,-108.,-4.6E-02));
#7411 = DIRECTION('',(-0.,-0.,-1.));
#7412 = DIRECTION('',(-0.,-1.,0.));
#7413 = ADVANCED_FACE('',(#7414),#7425,.F.);
#7414 = FACE_BOUND('',#7415,.T.);
#7415 = EDGE_LOOP('',(#7416,#7417,#7423,#7424));
#7416 = ORIENTED_EDGE('',*,*,#1363,.T.);
#7417 = ORIENTED_EDGE('',*,*,#7418,.T.);
#7418 = EDGE_CURVE('',#1364,#3907,#7419,.T.);
#7419 = LINE('',#7420,#7421);
#7420 = CARTESIAN_POINT('',(148.5,-104.25,-4.6E-02));
#7421 = VECTOR('',#7422,1.);
#7422 = DIRECTION('',(0.,0.,1.));
#7423 = ORIENTED_EDGE('',*,*,#3906,.F.);
#7424 = ORIENTED_EDGE('',*,*,#7418,.F.);
#7425 = CYLINDRICAL_SURFACE('',#7426,0.75);
#7426 = AXIS2_PLACEMENT_3D('',#7427,#7428,#7429);
#7427 = CARTESIAN_POINT('',(148.5,-103.5,-4.6E-02));
#7428 = DIRECTION('',(-0.,-0.,-1.));
#7429 = DIRECTION('',(-0.,-1.,0.));
#7430 = ADVANCED_FACE('',(#7431),#7442,.F.);
#7431 = FACE_BOUND('',#7432,.T.);
#7432 = EDGE_LOOP('',(#7433,#7434,#7440,#7441));
#7433 = ORIENTED_EDGE('',*,*,#1374,.T.);
#7434 = ORIENTED_EDGE('',*,*,#7435,.T.);
#7435 = EDGE_CURVE('',#1375,#3918,#7436,.T.);
#7436 = LINE('',#7437,#7438);
#7437 = CARTESIAN_POINT('',(154.62,-108.4,-4.6E-02));
#7438 = VECTOR('',#7439,1.);
#7439 = DIRECTION('',(0.,0.,1.));
#7440 = ORIENTED_EDGE('',*,*,#3917,.F.);
#7441 = ORIENTED_EDGE('',*,*,#7435,.F.);
#7442 = CYLINDRICAL_SURFACE('',#7443,0.4);
#7443 = AXIS2_PLACEMENT_3D('',#7444,#7445,#7446);
#7444 = CARTESIAN_POINT('',(154.62,-108.,-4.6E-02));
#7445 = DIRECTION('',(-0.,-0.,-1.));
#7446 = DIRECTION('',(-0.,-1.,0.));
#7447 = ADVANCED_FACE('',(#7448),#7459,.F.);
#7448 = FACE_BOUND('',#7449,.T.);
#7449 = EDGE_LOOP('',(#7450,#7451,#7457,#7458));
#7450 = ORIENTED_EDGE('',*,*,#1385,.T.);
#7451 = ORIENTED_EDGE('',*,*,#7452,.T.);
#7452 = EDGE_CURVE('',#1386,#3929,#7453,.T.);
#7453 = LINE('',#7454,#7455);
#7454 = CARTESIAN_POINT('',(154.85,-101.71,-4.6E-02));
#7455 = VECTOR('',#7456,1.);
#7456 = DIRECTION('',(0.,0.,1.));
#7457 = ORIENTED_EDGE('',*,*,#3928,.F.);
#7458 = ORIENTED_EDGE('',*,*,#7452,.F.);
#7459 = CYLINDRICAL_SURFACE('',#7460,0.75);
#7460 = AXIS2_PLACEMENT_3D('',#7461,#7462,#7463);
#7461 = CARTESIAN_POINT('',(154.85,-100.96,-4.6E-02));
#7462 = DIRECTION('',(-0.,-0.,-1.));
#7463 = DIRECTION('',(-0.,-1.,0.));
#7464 = ADVANCED_FACE('',(#7465),#7476,.F.);
#7465 = FACE_BOUND('',#7466,.T.);
#7466 = EDGE_LOOP('',(#7467,#7468,#7474,#7475));
#7467 = ORIENTED_EDGE('',*,*,#1396,.T.);
#7468 = ORIENTED_EDGE('',*,*,#7469,.T.);
#7469 = EDGE_CURVE('',#1397,#3940,#7470,.T.);
#7470 = LINE('',#7471,#7472);
#7471 = CARTESIAN_POINT('',(145.96,-99.27,-4.6E-02));
#7472 = VECTOR('',#7473,1.);
#7473 = DIRECTION('',(0.,0.,1.));
#7474 = ORIENTED_EDGE('',*,*,#3939,.F.);
#7475 = ORIENTED_EDGE('',*,*,#7469,.F.);
#7476 = CYLINDRICAL_SURFACE('',#7477,0.85);
#7477 = AXIS2_PLACEMENT_3D('',#7478,#7479,#7480);
#7478 = CARTESIAN_POINT('',(145.96,-98.42,-4.6E-02));
#7479 = DIRECTION('',(-0.,-0.,-1.));
#7480 = DIRECTION('',(-0.,-1.,0.));
#7481 = ADVANCED_FACE('',(#7482),#7493,.F.);
#7482 = FACE_BOUND('',#7483,.T.);
#7483 = EDGE_LOOP('',(#7484,#7485,#7491,#7492));
#7484 = ORIENTED_EDGE('',*,*,#1407,.T.);
#7485 = ORIENTED_EDGE('',*,*,#7486,.T.);
#7486 = EDGE_CURVE('',#1408,#3951,#7487,.T.);
#7487 = LINE('',#7488,#7489);
#7488 = CARTESIAN_POINT('',(151.04,-100.42,-4.6E-02));
#7489 = VECTOR('',#7490,1.);
#7490 = DIRECTION('',(0.,0.,1.));
#7491 = ORIENTED_EDGE('',*,*,#3950,.F.);
#7492 = ORIENTED_EDGE('',*,*,#7486,.F.);
#7493 = CYLINDRICAL_SURFACE('',#7494,2.);
#7494 = AXIS2_PLACEMENT_3D('',#7495,#7496,#7497);
#7495 = CARTESIAN_POINT('',(151.04,-98.42,-4.6E-02));
#7496 = DIRECTION('',(-0.,-0.,-1.));
#7497 = DIRECTION('',(-0.,-1.,0.));
#7498 = ADVANCED_FACE('',(#7499),#7515,.F.);
#7499 = FACE_BOUND('',#7500,.T.);
#7500 = EDGE_LOOP('',(#7501,#7507,#7508,#7514));
#7501 = ORIENTED_EDGE('',*,*,#7502,.T.);
#7502 = EDGE_CURVE('',#1419,#3962,#7503,.T.);
#7503 = LINE('',#7504,#7505);
#7504 = CARTESIAN_POINT('',(152.749484,-92.68028,0.));
#7505 = VECTOR('',#7506,1.);
#7506 = DIRECTION('',(0.,0.,1.));
#7507 = ORIENTED_EDGE('',*,*,#3961,.T.);
#7508 = ORIENTED_EDGE('',*,*,#7509,.F.);
#7509 = EDGE_CURVE('',#1421,#3964,#7510,.T.);
#7510 = LINE('',#7511,#7512);
#7511 = CARTESIAN_POINT('',(152.046711,-92.031702,0.));
#7512 = VECTOR('',#7513,1.);
#7513 = DIRECTION('',(0.,0.,1.));
#7514 = ORIENTED_EDGE('',*,*,#1418,.F.);
#7515 = CYLINDRICAL_SURFACE('',#7516,0.4999991191);
#7516 = AXIS2_PLACEMENT_3D('',#7517,#7518,#7519);
#7517 = CARTESIAN_POINT('',(152.29896999978,-92.46340156697,0.));
#7518 = DIRECTION('',(-0.,-0.,-1.));
#7519 = DIRECTION('',(0.901029587867,-0.433757630236,0.));
#7520 = ADVANCED_FACE('',(#7521),#7532,.T.);
#7521 = FACE_BOUND('',#7522,.T.);
#7522 = EDGE_LOOP('',(#7523,#7529,#7530,#7531));
#7523 = ORIENTED_EDGE('',*,*,#7524,.T.);
#7524 = EDGE_CURVE('',#1430,#3973,#7525,.T.);
#7525 = LINE('',#7526,#7527);
#7526 = CARTESIAN_POINT('',(152.699999,-92.897157,0.));
#7527 = VECTOR('',#7528,1.);
#7528 = DIRECTION('',(0.,0.,1.));
#7529 = ORIENTED_EDGE('',*,*,#3972,.T.);
#7530 = ORIENTED_EDGE('',*,*,#7502,.F.);
#7531 = ORIENTED_EDGE('',*,*,#1429,.F.);
#7532 = CYLINDRICAL_SURFACE('',#7533,0.500027821847);
#7533 = AXIS2_PLACEMENT_3D('',#7534,#7535,#7536);
#7534 = CARTESIAN_POINT('',(153.20002682178,-92.89716473518,0.));
#7535 = DIRECTION('',(0.,0.,-1.));
#7536 = DIRECTION('',(-0.99999999988,1.546951321432E-05,0.));
#7537 = ADVANCED_FACE('',(#7538),#7549,.T.);
#7538 = FACE_BOUND('',#7539,.T.);
#7539 = EDGE_LOOP('',(#7540,#7541,#7542,#7548));
#7540 = ORIENTED_EDGE('',*,*,#7509,.T.);
#7541 = ORIENTED_EDGE('',*,*,#4094,.T.);
#7542 = ORIENTED_EDGE('',*,*,#7543,.F.);
#7543 = EDGE_CURVE('',#1544,#4087,#7544,.T.);
#7544 = LINE('',#7545,#7546);
#7545 = CARTESIAN_POINT('',(151.794453,-92.100001,0.));
#7546 = VECTOR('',#7547,1.);
#7547 = DIRECTION('',(0.,0.,1.));
#7548 = ORIENTED_EDGE('',*,*,#1551,.F.);
#7549 = CYLINDRICAL_SURFACE('',#7550,0.500008729288);
#7550 = AXIS2_PLACEMENT_3D('',#7551,#7552,#7553);
#7551 = CARTESIAN_POINT('',(151.79445034312,-91.59999227071,0.));
#7552 = DIRECTION('',(0.,0.,-1.));
#7553 = DIRECTION('',(0.504512505685,-0.863404384751,0.));
#7554 = ADVANCED_FACE('',(#7555),#7566,.T.);
#7555 = FACE_BOUND('',#7556,.T.);
#7556 = EDGE_LOOP('',(#7557,#7563,#7564,#7565));
#7557 = ORIENTED_EDGE('',*,*,#7558,.T.);
#7558 = EDGE_CURVE('',#1439,#3982,#7559,.T.);
#7559 = LINE('',#7560,#7561);
#7560 = CARTESIAN_POINT('',(152.699999,-94.302842,0.));
#7561 = VECTOR('',#7562,1.);
#7562 = DIRECTION('',(0.,0.,1.));
#7563 = ORIENTED_EDGE('',*,*,#3981,.T.);
#7564 = ORIENTED_EDGE('',*,*,#7524,.F.);
#7565 = ORIENTED_EDGE('',*,*,#1438,.F.);
#7566 = PLANE('',#7567);
#7567 = AXIS2_PLACEMENT_3D('',#7568,#7569,#7570);
#7568 = CARTESIAN_POINT('',(152.699999,-94.302842,0.));
#7569 = DIRECTION('',(-1.,0.,0.));
#7570 = DIRECTION('',(0.,1.,0.));
#7571 = ADVANCED_FACE('',(#7572),#7583,.T.);
#7572 = FACE_BOUND('',#7573,.T.);
#7573 = EDGE_LOOP('',(#7574,#7575,#7576,#7582));
#7574 = ORIENTED_EDGE('',*,*,#7543,.T.);
#7575 = ORIENTED_EDGE('',*,*,#4086,.T.);
#7576 = ORIENTED_EDGE('',*,*,#7577,.F.);
#7577 = EDGE_CURVE('',#1535,#4078,#7578,.T.);
#7578 = LINE('',#7579,#7580);
#7579 = CARTESIAN_POINT('',(150.205547,-92.1,0.));
#7580 = VECTOR('',#7581,1.);
#7581 = DIRECTION('',(0.,0.,1.));
#7582 = ORIENTED_EDGE('',*,*,#1543,.F.);
#7583 = PLANE('',#7584);
#7584 = AXIS2_PLACEMENT_3D('',#7585,#7586,#7587);
#7585 = CARTESIAN_POINT('',(151.794453,-92.100001,0.));
#7586 = DIRECTION('',(-6.293638589608E-07,-1.,0.));
#7587 = DIRECTION('',(-1.,6.293638589608E-07,0.));
#7588 = ADVANCED_FACE('',(#7589),#7600,.T.);
#7589 = FACE_BOUND('',#7590,.T.);
#7590 = EDGE_LOOP('',(#7591,#7597,#7598,#7599));
#7591 = ORIENTED_EDGE('',*,*,#7592,.T.);
#7592 = EDGE_CURVE('',#1447,#3990,#7593,.T.);
#7593 = LINE('',#7594,#7595);
#7594 = CARTESIAN_POINT('',(152.749484,-94.51972,0.));
#7595 = VECTOR('',#7596,1.);
#7596 = DIRECTION('',(0.,0.,1.));
#7597 = ORIENTED_EDGE('',*,*,#3989,.T.);
#7598 = ORIENTED_EDGE('',*,*,#7558,.F.);
#7599 = ORIENTED_EDGE('',*,*,#1446,.F.);
#7600 = CYLINDRICAL_SURFACE('',#7601,0.499677963726);
#7601 = AXIS2_PLACEMENT_3D('',#7602,#7603,#7604);
#7602 = CARTESIAN_POINT('',(153.19967695838,-94.30291509309,0.));
#7603 = DIRECTION('',(0.,0.,-1.));
#7604 = DIRECTION('',(-0.900966204359,-0.43388926998,-0.));
#7605 = ADVANCED_FACE('',(#7606),#7617,.T.);
#7606 = FACE_BOUND('',#7607,.T.);
#7607 = EDGE_LOOP('',(#7608,#7609,#7610,#7616));
#7608 = ORIENTED_EDGE('',*,*,#7577,.T.);
#7609 = ORIENTED_EDGE('',*,*,#4077,.T.);
#7610 = ORIENTED_EDGE('',*,*,#7611,.F.);
#7611 = EDGE_CURVE('',#1526,#4069,#7612,.T.);
#7612 = LINE('',#7613,#7614);
#7613 = CARTESIAN_POINT('',(149.953289,-92.031701,0.));
#7614 = VECTOR('',#7615,1.);
#7615 = DIRECTION('',(0.,0.,1.));
#7616 = ORIENTED_EDGE('',*,*,#1534,.F.);
#7617 = CYLINDRICAL_SURFACE('',#7618,0.500008729288);
#7618 = AXIS2_PLACEMENT_3D('',#7619,#7620,#7621);
#7619 = CARTESIAN_POINT('',(150.20554965687,-91.59999127071,0.));
#7620 = DIRECTION('',(0.,0.,-1.));
#7621 = DIRECTION('',(-5.313662654248E-06,-0.999999999986,-0.));
#7622 = ADVANCED_FACE('',(#7623),#7634,.F.);
#7623 = FACE_BOUND('',#7624,.T.);
#7624 = EDGE_LOOP('',(#7625,#7631,#7632,#7633));
#7625 = ORIENTED_EDGE('',*,*,#7626,.T.);
#7626 = EDGE_CURVE('',#1456,#3999,#7627,.T.);
#7627 = LINE('',#7628,#7629);
#7628 = CARTESIAN_POINT('',(152.046711,-95.168299,0.));
#7629 = VECTOR('',#7630,1.);
#7630 = DIRECTION('',(0.,0.,1.));
#7631 = ORIENTED_EDGE('',*,*,#3998,.T.);
#7632 = ORIENTED_EDGE('',*,*,#7592,.F.);
#7633 = ORIENTED_EDGE('',*,*,#1455,.F.);
#7634 = CYLINDRICAL_SURFACE('',#7635,0.499999448976);
#7635 = AXIS2_PLACEMENT_3D('',#7636,#7637,#7638);
#7636 = CARTESIAN_POINT('',(152.29896990428,-94.73659899515,0.));
#7637 = DIRECTION('',(-0.,-0.,-1.));
#7638 = DIRECTION('',(-0.504518364574,-0.863400961204,0.));
#7639 = ADVANCED_FACE('',(#7640),#7651,.F.);
#7640 = FACE_BOUND('',#7641,.T.);
#7641 = EDGE_LOOP('',(#7642,#7643,#7644,#7650));
#7642 = ORIENTED_EDGE('',*,*,#7611,.T.);
#7643 = ORIENTED_EDGE('',*,*,#4068,.T.);
#7644 = ORIENTED_EDGE('',*,*,#7645,.F.);
#7645 = EDGE_CURVE('',#1517,#4060,#7646,.T.);
#7646 = LINE('',#7647,#7648);
#7647 = CARTESIAN_POINT('',(149.250516,-92.68028,0.));
#7648 = VECTOR('',#7649,1.);
#7649 = DIRECTION('',(0.,0.,1.));
#7650 = ORIENTED_EDGE('',*,*,#1525,.F.);
#7651 = CYLINDRICAL_SURFACE('',#7652,0.499999729127);
#7652 = AXIS2_PLACEMENT_3D('',#7653,#7654,#7655);
#7653 = CARTESIAN_POINT('',(149.70103074567,-92.46340170911,0.));
#7654 = DIRECTION('',(-0.,-0.,-1.));
#7655 = DIRECTION('',(0.504516781969,0.863401885979,-0.));
#7656 = ADVANCED_FACE('',(#7657),#7668,.T.);
#7657 = FACE_BOUND('',#7658,.T.);
#7658 = EDGE_LOOP('',(#7659,#7665,#7666,#7667));
#7659 = ORIENTED_EDGE('',*,*,#7660,.T.);
#7660 = EDGE_CURVE('',#1465,#4008,#7661,.T.);
#7661 = LINE('',#7662,#7663);
#7662 = CARTESIAN_POINT('',(151.794452,-95.1,0.));
#7663 = VECTOR('',#7664,1.);
#7664 = DIRECTION('',(0.,0.,1.));
#7665 = ORIENTED_EDGE('',*,*,#4007,.T.);
#7666 = ORIENTED_EDGE('',*,*,#7626,.F.);
#7667 = ORIENTED_EDGE('',*,*,#1464,.F.);
#7668 = CYLINDRICAL_SURFACE('',#7669,0.500008729226);
#7669 = AXIS2_PLACEMENT_3D('',#7670,#7671,#7672);
#7670 = CARTESIAN_POINT('',(151.79445034314,-95.60000872922,0.));
#7671 = DIRECTION('',(0.,0.,-1.));
#7672 = DIRECTION('',(3.313649373872E-06,0.999999999995,0.));
#7673 = ADVANCED_FACE('',(#7674),#7685,.T.);
#7674 = FACE_BOUND('',#7675,.T.);
#7675 = EDGE_LOOP('',(#7676,#7677,#7678,#7684));
#7676 = ORIENTED_EDGE('',*,*,#7645,.T.);
#7677 = ORIENTED_EDGE('',*,*,#4059,.T.);
#7678 = ORIENTED_EDGE('',*,*,#7679,.F.);
#7679 = EDGE_CURVE('',#1509,#4052,#7680,.T.);
#7680 = LINE('',#7681,#7682);
#7681 = CARTESIAN_POINT('',(149.300001,-92.897158,0.));
#7682 = VECTOR('',#7683,1.);
#7683 = DIRECTION('',(0.,0.,1.));
#7684 = ORIENTED_EDGE('',*,*,#1516,.F.);
#7685 = CYLINDRICAL_SURFACE('',#7686,0.499989885034);
#7686 = AXIS2_PLACEMENT_3D('',#7687,#7688,#7689);
#7687 = CARTESIAN_POINT('',(148.80001111496,-92.89715607913,0.));
#7688 = DIRECTION('',(0.,0.,-1.));
#7689 = DIRECTION('',(0.901027997796,0.43376093322,0.));
#7690 = ADVANCED_FACE('',(#7691),#7702,.T.);
#7691 = FACE_BOUND('',#7692,.T.);
#7692 = EDGE_LOOP('',(#7693,#7699,#7700,#7701));
#7693 = ORIENTED_EDGE('',*,*,#7694,.T.);
#7694 = EDGE_CURVE('',#1474,#4017,#7695,.T.);
#7695 = LINE('',#7696,#7697);
#7696 = CARTESIAN_POINT('',(150.205548,-95.1,0.));
#7697 = VECTOR('',#7698,1.);
#7698 = DIRECTION('',(0.,0.,1.));
#7699 = ORIENTED_EDGE('',*,*,#4016,.T.);
#7700 = ORIENTED_EDGE('',*,*,#7660,.F.);
#7701 = ORIENTED_EDGE('',*,*,#1473,.F.);
#7702 = PLANE('',#7703);
#7703 = AXIS2_PLACEMENT_3D('',#7704,#7705,#7706);
#7704 = CARTESIAN_POINT('',(150.205548,-95.1,0.));
#7705 = DIRECTION('',(0.,1.,0.));
#7706 = DIRECTION('',(1.,0.,0.));
#7707 = ADVANCED_FACE('',(#7708),#7719,.T.);
#7708 = FACE_BOUND('',#7709,.T.);
#7709 = EDGE_LOOP('',(#7710,#7711,#7712,#7718));
#7710 = ORIENTED_EDGE('',*,*,#7679,.T.);
#7711 = ORIENTED_EDGE('',*,*,#4051,.T.);
#7712 = ORIENTED_EDGE('',*,*,#7713,.F.);
#7713 = EDGE_CURVE('',#1500,#4043,#7714,.T.);
#7714 = LINE('',#7715,#7716);
#7715 = CARTESIAN_POINT('',(149.300001,-94.302843,0.));
#7716 = VECTOR('',#7717,1.);
#7717 = DIRECTION('',(0.,0.,1.));
#7718 = ORIENTED_EDGE('',*,*,#1508,.F.);
#7719 = PLANE('',#7720);
#7720 = AXIS2_PLACEMENT_3D('',#7721,#7722,#7723);
#7721 = CARTESIAN_POINT('',(149.300001,-92.897158,0.));
#7722 = DIRECTION('',(1.,0.,-0.));
#7723 = DIRECTION('',(0.,-1.,0.));
#7724 = ADVANCED_FACE('',(#7725),#7736,.T.);
#7725 = FACE_BOUND('',#7726,.T.);
#7726 = EDGE_LOOP('',(#7727,#7733,#7734,#7735));
#7727 = ORIENTED_EDGE('',*,*,#7728,.T.);
#7728 = EDGE_CURVE('',#1482,#4025,#7729,.T.);
#7729 = LINE('',#7730,#7731);
#7730 = CARTESIAN_POINT('',(149.95329,-95.168299,0.));
#7731 = VECTOR('',#7732,1.);
#7732 = DIRECTION('',(0.,0.,1.));
#7733 = ORIENTED_EDGE('',*,*,#4024,.T.);
#7734 = ORIENTED_EDGE('',*,*,#7694,.F.);
#7735 = ORIENTED_EDGE('',*,*,#1481,.F.);
#7736 = CYLINDRICAL_SURFACE('',#7737,0.500008729288);
#7737 = AXIS2_PLACEMENT_3D('',#7738,#7739,#7740);
#7738 = CARTESIAN_POINT('',(150.20555065687,-95.60000872928,0.));
#7739 = DIRECTION('',(0.,0.,-1.));
#7740 = DIRECTION('',(-0.504512505685,0.863404384751,0.));
#7741 = ADVANCED_FACE('',(#7742),#7753,.T.);
#7742 = FACE_BOUND('',#7743,.T.);
#7743 = EDGE_LOOP('',(#7744,#7745,#7746,#7752));
#7744 = ORIENTED_EDGE('',*,*,#7713,.T.);
#7745 = ORIENTED_EDGE('',*,*,#4042,.T.);
#7746 = ORIENTED_EDGE('',*,*,#7747,.F.);
#7747 = EDGE_CURVE('',#1491,#4034,#7748,.T.);
#7748 = LINE('',#7749,#7750);
#7749 = CARTESIAN_POINT('',(149.250516,-94.51972,0.));
#7750 = VECTOR('',#7751,1.);
#7751 = DIRECTION('',(0.,0.,1.));
#7752 = ORIENTED_EDGE('',*,*,#1499,.F.);
#7753 = CYLINDRICAL_SURFACE('',#7754,0.499989884978);
#7754 = AXIS2_PLACEMENT_3D('',#7755,#7756,#7757);
#7755 = CARTESIAN_POINT('',(148.80001111502,-94.30284392088,0.));
#7756 = DIRECTION('',(0.,0.,-1.));
#7757 = DIRECTION('',(0.999999999998,1.841808596201E-06,0.));
#7758 = ADVANCED_FACE('',(#7759),#7765,.F.);
#7759 = FACE_BOUND('',#7760,.T.);
#7760 = EDGE_LOOP('',(#7761,#7762,#7763,#7764));
#7761 = ORIENTED_EDGE('',*,*,#7747,.T.);
#7762 = ORIENTED_EDGE('',*,*,#4033,.T.);
#7763 = ORIENTED_EDGE('',*,*,#7728,.F.);
#7764 = ORIENTED_EDGE('',*,*,#1490,.F.);
#7765 = CYLINDRICAL_SURFACE('',#7766,0.500000669307);
#7766 = AXIS2_PLACEMENT_3D('',#7767,#7768,#7769);
#7767 = CARTESIAN_POINT('',(149.7010325355,-94.73659674043,0.));
#7768 = DIRECTION('',(-0.,-0.,-1.));
#7769 = DIRECTION('',(-0.901031864884,0.433752900236,0.));
#7770 = ADVANCED_FACE('',(#7771),#7782,.F.);
#7771 = FACE_BOUND('',#7772,.T.);
#7772 = EDGE_LOOP('',(#7773,#7774,#7780,#7781));
#7773 = ORIENTED_EDGE('',*,*,#1560,.T.);
#7774 = ORIENTED_EDGE('',*,*,#7775,.T.);
#7775 = EDGE_CURVE('',#1561,#4104,#7776,.T.);
#7776 = LINE('',#7777,#7778);
#7777 = CARTESIAN_POINT('',(156.12,-99.27,-4.6E-02));
#7778 = VECTOR('',#7779,1.);
#7779 = DIRECTION('',(0.,0.,1.));
#7780 = ORIENTED_EDGE('',*,*,#4103,.F.);
#7781 = ORIENTED_EDGE('',*,*,#7775,.F.);
#7782 = CYLINDRICAL_SURFACE('',#7783,0.85);
#7783 = AXIS2_PLACEMENT_3D('',#7784,#7785,#7786);
#7784 = CARTESIAN_POINT('',(156.12,-98.42,-4.6E-02));
#7785 = DIRECTION('',(-0.,-0.,-1.));
#7786 = DIRECTION('',(-0.,-1.,0.));
#7787 = ADVANCED_FACE('',(#7788),#7799,.F.);
#7788 = FACE_BOUND('',#7789,.T.);
#7789 = EDGE_LOOP('',(#7790,#7791,#7797,#7798));
#7790 = ORIENTED_EDGE('',*,*,#1571,.T.);
#7791 = ORIENTED_EDGE('',*,*,#7792,.T.);
#7792 = EDGE_CURVE('',#1572,#4115,#7793,.T.);
#7793 = LINE('',#7794,#7795);
#7794 = CARTESIAN_POINT('',(109.,-89.4,-4.6E-02));
#7795 = VECTOR('',#7796,1.);
#7796 = DIRECTION('',(0.,0.,1.));
#7797 = ORIENTED_EDGE('',*,*,#4114,.F.);
#7798 = ORIENTED_EDGE('',*,*,#7792,.F.);
#7799 = CYLINDRICAL_SURFACE('',#7800,0.4);
#7800 = AXIS2_PLACEMENT_3D('',#7801,#7802,#7803);
#7801 = CARTESIAN_POINT('',(109.,-89.,-4.6E-02));
#7802 = DIRECTION('',(-0.,-0.,-1.));
#7803 = DIRECTION('',(-0.,-1.,0.));
#7804 = ADVANCED_FACE('',(#7805),#7816,.F.);
#7805 = FACE_BOUND('',#7806,.T.);
#7806 = EDGE_LOOP('',(#7807,#7808,#7814,#7815));
#7807 = ORIENTED_EDGE('',*,*,#1582,.T.);
#7808 = ORIENTED_EDGE('',*,*,#7809,.T.);
#7809 = EDGE_CURVE('',#1583,#4126,#7810,.T.);
#7810 = LINE('',#7811,#7812);
#7811 = CARTESIAN_POINT('',(110.5,-85.25,-4.6E-02));
#7812 = VECTOR('',#7813,1.);
#7813 = DIRECTION('',(0.,0.,1.));
#7814 = ORIENTED_EDGE('',*,*,#4125,.F.);
#7815 = ORIENTED_EDGE('',*,*,#7809,.F.);
#7816 = CYLINDRICAL_SURFACE('',#7817,0.75);
#7817 = AXIS2_PLACEMENT_3D('',#7818,#7819,#7820);
#7818 = CARTESIAN_POINT('',(110.5,-84.5,-4.6E-02));
#7819 = DIRECTION('',(-0.,-0.,-1.));
#7820 = DIRECTION('',(-0.,-1.,0.));
#7821 = ADVANCED_FACE('',(#7822),#7833,.F.);
#7822 = FACE_BOUND('',#7823,.T.);
#7823 = EDGE_LOOP('',(#7824,#7825,#7831,#7832));
#7824 = ORIENTED_EDGE('',*,*,#1593,.T.);
#7825 = ORIENTED_EDGE('',*,*,#7826,.T.);
#7826 = EDGE_CURVE('',#1594,#4137,#7827,.T.);
#7827 = LINE('',#7828,#7829);
#7828 = CARTESIAN_POINT('',(116.62,-89.4,-4.6E-02));
#7829 = VECTOR('',#7830,1.);
#7830 = DIRECTION('',(0.,0.,1.));
#7831 = ORIENTED_EDGE('',*,*,#4136,.F.);
#7832 = ORIENTED_EDGE('',*,*,#7826,.F.);
#7833 = CYLINDRICAL_SURFACE('',#7834,0.4);
#7834 = AXIS2_PLACEMENT_3D('',#7835,#7836,#7837);
#7835 = CARTESIAN_POINT('',(116.62,-89.,-4.6E-02));
#7836 = DIRECTION('',(-0.,-0.,-1.));
#7837 = DIRECTION('',(-0.,-1.,0.));
#7838 = ADVANCED_FACE('',(#7839),#7850,.F.);
#7839 = FACE_BOUND('',#7840,.T.);
#7840 = EDGE_LOOP('',(#7841,#7842,#7848,#7849));
#7841 = ORIENTED_EDGE('',*,*,#1604,.T.);
#7842 = ORIENTED_EDGE('',*,*,#7843,.T.);
#7843 = EDGE_CURVE('',#1605,#4148,#7844,.T.);
#7844 = LINE('',#7845,#7846);
#7845 = CARTESIAN_POINT('',(116.85,-82.71,-4.6E-02));
#7846 = VECTOR('',#7847,1.);
#7847 = DIRECTION('',(0.,0.,1.));
#7848 = ORIENTED_EDGE('',*,*,#4147,.F.);
#7849 = ORIENTED_EDGE('',*,*,#7843,.F.);
#7850 = CYLINDRICAL_SURFACE('',#7851,0.75);
#7851 = AXIS2_PLACEMENT_3D('',#7852,#7853,#7854);
#7852 = CARTESIAN_POINT('',(116.85,-81.96,-4.6E-02));
#7853 = DIRECTION('',(-0.,-0.,-1.));
#7854 = DIRECTION('',(-0.,-1.,0.));
#7855 = ADVANCED_FACE('',(#7856),#7867,.F.);
#7856 = FACE_BOUND('',#7857,.T.);
#7857 = EDGE_LOOP('',(#7858,#7859,#7865,#7866));
#7858 = ORIENTED_EDGE('',*,*,#1615,.T.);
#7859 = ORIENTED_EDGE('',*,*,#7860,.T.);
#7860 = EDGE_CURVE('',#1616,#4159,#7861,.T.);
#7861 = LINE('',#7862,#7863);
#7862 = CARTESIAN_POINT('',(107.96,-80.27,-4.6E-02));
#7863 = VECTOR('',#7864,1.);
#7864 = DIRECTION('',(0.,0.,1.));
#7865 = ORIENTED_EDGE('',*,*,#4158,.F.);
#7866 = ORIENTED_EDGE('',*,*,#7860,.F.);
#7867 = CYLINDRICAL_SURFACE('',#7868,0.85);
#7868 = AXIS2_PLACEMENT_3D('',#7869,#7870,#7871);
#7869 = CARTESIAN_POINT('',(107.96,-79.42,-4.6E-02));
#7870 = DIRECTION('',(-0.,-0.,-1.));
#7871 = DIRECTION('',(-1.671865260612E-14,-1.,0.));
#7872 = ADVANCED_FACE('',(#7873),#7884,.F.);
#7873 = FACE_BOUND('',#7874,.T.);
#7874 = EDGE_LOOP('',(#7875,#7876,#7882,#7883));
#7875 = ORIENTED_EDGE('',*,*,#1626,.T.);
#7876 = ORIENTED_EDGE('',*,*,#7877,.T.);
#7877 = EDGE_CURVE('',#1627,#4170,#7878,.T.);
#7878 = LINE('',#7879,#7880);
#7879 = CARTESIAN_POINT('',(113.04,-81.42,-4.6E-02));
#7880 = VECTOR('',#7881,1.);
#7881 = DIRECTION('',(0.,0.,1.));
#7882 = ORIENTED_EDGE('',*,*,#4169,.F.);
#7883 = ORIENTED_EDGE('',*,*,#7877,.F.);
#7884 = CYLINDRICAL_SURFACE('',#7885,2.);
#7885 = AXIS2_PLACEMENT_3D('',#7886,#7887,#7888);
#7886 = CARTESIAN_POINT('',(113.04,-79.42,-4.6E-02));
#7887 = DIRECTION('',(-0.,-0.,-1.));
#7888 = DIRECTION('',(-0.,-1.,0.));
#7889 = ADVANCED_FACE('',(#7890),#7906,.F.);
#7890 = FACE_BOUND('',#7891,.T.);
#7891 = EDGE_LOOP('',(#7892,#7898,#7899,#7905));
#7892 = ORIENTED_EDGE('',*,*,#7893,.T.);
#7893 = EDGE_CURVE('',#1638,#4181,#7894,.T.);
#7894 = LINE('',#7895,#7896);
#7895 = CARTESIAN_POINT('',(114.749484,-73.68028,0.));
#7896 = VECTOR('',#7897,1.);
#7897 = DIRECTION('',(0.,0.,1.));
#7898 = ORIENTED_EDGE('',*,*,#4180,.T.);
#7899 = ORIENTED_EDGE('',*,*,#7900,.F.);
#7900 = EDGE_CURVE('',#1640,#4183,#7901,.T.);
#7901 = LINE('',#7902,#7903);
#7902 = CARTESIAN_POINT('',(114.046711,-73.031702,0.));
#7903 = VECTOR('',#7904,1.);
#7904 = DIRECTION('',(0.,0.,1.));
#7905 = ORIENTED_EDGE('',*,*,#1637,.F.);
#7906 = CYLINDRICAL_SURFACE('',#7907,0.4999991191);
#7907 = AXIS2_PLACEMENT_3D('',#7908,#7909,#7910);
#7908 = CARTESIAN_POINT('',(114.29896999978,-73.46340156697,0.));
#7909 = DIRECTION('',(-0.,-0.,-1.));
#7910 = DIRECTION('',(0.901029587867,-0.433757630236,0.));
#7911 = ADVANCED_FACE('',(#7912),#7923,.T.);
#7912 = FACE_BOUND('',#7913,.T.);
#7913 = EDGE_LOOP('',(#7914,#7920,#7921,#7922));
#7914 = ORIENTED_EDGE('',*,*,#7915,.T.);
#7915 = EDGE_CURVE('',#1649,#4192,#7916,.T.);
#7916 = LINE('',#7917,#7918);
#7917 = CARTESIAN_POINT('',(114.699999,-73.897157,0.));
#7918 = VECTOR('',#7919,1.);
#7919 = DIRECTION('',(0.,0.,1.));
#7920 = ORIENTED_EDGE('',*,*,#4191,.T.);
#7921 = ORIENTED_EDGE('',*,*,#7893,.F.);
#7922 = ORIENTED_EDGE('',*,*,#1648,.F.);
#7923 = CYLINDRICAL_SURFACE('',#7924,0.500027821848);
#7924 = AXIS2_PLACEMENT_3D('',#7925,#7926,#7927);
#7925 = CARTESIAN_POINT('',(115.20002682178,-73.89716473518,0.));
#7926 = DIRECTION('',(0.,0.,-1.));
#7927 = DIRECTION('',(-0.99999999988,1.546951327115E-05,0.));
#7928 = ADVANCED_FACE('',(#7929),#7940,.T.);
#7929 = FACE_BOUND('',#7930,.T.);
#7930 = EDGE_LOOP('',(#7931,#7932,#7933,#7939));
#7931 = ORIENTED_EDGE('',*,*,#7900,.T.);
#7932 = ORIENTED_EDGE('',*,*,#4313,.T.);
#7933 = ORIENTED_EDGE('',*,*,#7934,.F.);
#7934 = EDGE_CURVE('',#1763,#4306,#7935,.T.);
#7935 = LINE('',#7936,#7937);
#7936 = CARTESIAN_POINT('',(113.794453,-73.100001,0.));
#7937 = VECTOR('',#7938,1.);
#7938 = DIRECTION('',(0.,0.,1.));
#7939 = ORIENTED_EDGE('',*,*,#1770,.F.);
#7940 = CYLINDRICAL_SURFACE('',#7941,0.500008729288);
#7941 = AXIS2_PLACEMENT_3D('',#7942,#7943,#7944);
#7942 = CARTESIAN_POINT('',(113.79445034312,-72.59999227071,0.));
#7943 = DIRECTION('',(0.,0.,-1.));
#7944 = DIRECTION('',(0.504512505685,-0.863404384751,0.));
#7945 = ADVANCED_FACE('',(#7946),#7957,.T.);
#7946 = FACE_BOUND('',#7947,.T.);
#7947 = EDGE_LOOP('',(#7948,#7954,#7955,#7956));
#7948 = ORIENTED_EDGE('',*,*,#7949,.T.);
#7949 = EDGE_CURVE('',#1658,#4201,#7950,.T.);
#7950 = LINE('',#7951,#7952);
#7951 = CARTESIAN_POINT('',(114.699999,-75.302842,0.));
#7952 = VECTOR('',#7953,1.);
#7953 = DIRECTION('',(0.,0.,1.));
#7954 = ORIENTED_EDGE('',*,*,#4200,.T.);
#7955 = ORIENTED_EDGE('',*,*,#7915,.F.);
#7956 = ORIENTED_EDGE('',*,*,#1657,.F.);
#7957 = PLANE('',#7958);
#7958 = AXIS2_PLACEMENT_3D('',#7959,#7960,#7961);
#7959 = CARTESIAN_POINT('',(114.699999,-75.302842,0.));
#7960 = DIRECTION('',(-1.,0.,0.));
#7961 = DIRECTION('',(0.,1.,0.));
#7962 = ADVANCED_FACE('',(#7963),#7974,.T.);
#7963 = FACE_BOUND('',#7964,.T.);
#7964 = EDGE_LOOP('',(#7965,#7966,#7967,#7973));
#7965 = ORIENTED_EDGE('',*,*,#7934,.T.);
#7966 = ORIENTED_EDGE('',*,*,#4305,.T.);
#7967 = ORIENTED_EDGE('',*,*,#7968,.F.);
#7968 = EDGE_CURVE('',#1754,#4297,#7969,.T.);
#7969 = LINE('',#7970,#7971);
#7970 = CARTESIAN_POINT('',(112.205547,-73.1,0.));
#7971 = VECTOR('',#7972,1.);
#7972 = DIRECTION('',(0.,0.,1.));
#7973 = ORIENTED_EDGE('',*,*,#1762,.F.);
#7974 = PLANE('',#7975);
#7975 = AXIS2_PLACEMENT_3D('',#7976,#7977,#7978);
#7976 = CARTESIAN_POINT('',(113.794453,-73.100001,0.));
#7977 = DIRECTION('',(-6.293638589608E-07,-1.,0.));
#7978 = DIRECTION('',(-1.,6.293638589608E-07,0.));
#7979 = ADVANCED_FACE('',(#7980),#7991,.T.);
#7980 = FACE_BOUND('',#7981,.T.);
#7981 = EDGE_LOOP('',(#7982,#7988,#7989,#7990));
#7982 = ORIENTED_EDGE('',*,*,#7983,.T.);
#7983 = EDGE_CURVE('',#1666,#4209,#7984,.T.);
#7984 = LINE('',#7985,#7986);
#7985 = CARTESIAN_POINT('',(114.749484,-75.51972,0.));
#7986 = VECTOR('',#7987,1.);
#7987 = DIRECTION('',(0.,0.,1.));
#7988 = ORIENTED_EDGE('',*,*,#4208,.T.);
#7989 = ORIENTED_EDGE('',*,*,#7949,.F.);
#7990 = ORIENTED_EDGE('',*,*,#1665,.F.);
#7991 = CYLINDRICAL_SURFACE('',#7992,0.499677963726);
#7992 = AXIS2_PLACEMENT_3D('',#7993,#7994,#7995);
#7993 = CARTESIAN_POINT('',(115.19967695838,-75.30291509309,0.));
#7994 = DIRECTION('',(0.,0.,-1.));
#7995 = DIRECTION('',(-0.900966204359,-0.433889269979,-0.));
#7996 = ADVANCED_FACE('',(#7997),#8008,.T.);
#7997 = FACE_BOUND('',#7998,.T.);
#7998 = EDGE_LOOP('',(#7999,#8000,#8001,#8007));
#7999 = ORIENTED_EDGE('',*,*,#7968,.T.);
#8000 = ORIENTED_EDGE('',*,*,#4296,.T.);
#8001 = ORIENTED_EDGE('',*,*,#8002,.F.);
#8002 = EDGE_CURVE('',#1745,#4288,#8003,.T.);
#8003 = LINE('',#8004,#8005);
#8004 = CARTESIAN_POINT('',(111.953289,-73.031701,0.));
#8005 = VECTOR('',#8006,1.);
#8006 = DIRECTION('',(0.,0.,1.));
#8007 = ORIENTED_EDGE('',*,*,#1753,.F.);
#8008 = CYLINDRICAL_SURFACE('',#8009,0.500008729288);
#8009 = AXIS2_PLACEMENT_3D('',#8010,#8011,#8012);
#8010 = CARTESIAN_POINT('',(112.20554965687,-72.59999127071,0.));
#8011 = DIRECTION('',(0.,0.,-1.));
#8012 = DIRECTION('',(-5.313662711088E-06,-0.999999999986,-0.));
#8013 = ADVANCED_FACE('',(#8014),#8025,.F.);
#8014 = FACE_BOUND('',#8015,.T.);
#8015 = EDGE_LOOP('',(#8016,#8022,#8023,#8024));
#8016 = ORIENTED_EDGE('',*,*,#8017,.T.);
#8017 = EDGE_CURVE('',#1675,#4218,#8018,.T.);
#8018 = LINE('',#8019,#8020);
#8019 = CARTESIAN_POINT('',(114.046711,-76.168299,0.));
#8020 = VECTOR('',#8021,1.);
#8021 = DIRECTION('',(0.,0.,1.));
#8022 = ORIENTED_EDGE('',*,*,#4217,.T.);
#8023 = ORIENTED_EDGE('',*,*,#7983,.F.);
#8024 = ORIENTED_EDGE('',*,*,#1674,.F.);
#8025 = CYLINDRICAL_SURFACE('',#8026,0.499999448976);
#8026 = AXIS2_PLACEMENT_3D('',#8027,#8028,#8029);
#8027 = CARTESIAN_POINT('',(114.29896990428,-75.73659899515,0.));
#8028 = DIRECTION('',(-0.,-0.,-1.));
#8029 = DIRECTION('',(-0.504518364574,-0.863400961204,0.));
#8030 = ADVANCED_FACE('',(#8031),#8042,.F.);
#8031 = FACE_BOUND('',#8032,.T.);
#8032 = EDGE_LOOP('',(#8033,#8034,#8035,#8041));
#8033 = ORIENTED_EDGE('',*,*,#8002,.T.);
#8034 = ORIENTED_EDGE('',*,*,#4287,.T.);
#8035 = ORIENTED_EDGE('',*,*,#8036,.F.);
#8036 = EDGE_CURVE('',#1736,#4279,#8037,.T.);
#8037 = LINE('',#8038,#8039);
#8038 = CARTESIAN_POINT('',(111.250516,-73.68028,0.));
#8039 = VECTOR('',#8040,1.);
#8040 = DIRECTION('',(0.,0.,1.));
#8041 = ORIENTED_EDGE('',*,*,#1744,.F.);
#8042 = CYLINDRICAL_SURFACE('',#8043,0.499999729127);
#8043 = AXIS2_PLACEMENT_3D('',#8044,#8045,#8046);
#8044 = CARTESIAN_POINT('',(111.70103074567,-73.46340170911,0.));
#8045 = DIRECTION('',(-0.,-0.,-1.));
#8046 = DIRECTION('',(0.504516781968,0.863401885979,-0.));
#8047 = ADVANCED_FACE('',(#8048),#8059,.T.);
#8048 = FACE_BOUND('',#8049,.T.);
#8049 = EDGE_LOOP('',(#8050,#8056,#8057,#8058));
#8050 = ORIENTED_EDGE('',*,*,#8051,.T.);
#8051 = EDGE_CURVE('',#1684,#4227,#8052,.T.);
#8052 = LINE('',#8053,#8054);
#8053 = CARTESIAN_POINT('',(113.794452,-76.1,0.));
#8054 = VECTOR('',#8055,1.);
#8055 = DIRECTION('',(0.,0.,1.));
#8056 = ORIENTED_EDGE('',*,*,#4226,.T.);
#8057 = ORIENTED_EDGE('',*,*,#8017,.F.);
#8058 = ORIENTED_EDGE('',*,*,#1683,.F.);
#8059 = CYLINDRICAL_SURFACE('',#8060,0.500008729226);
#8060 = AXIS2_PLACEMENT_3D('',#8061,#8062,#8063);
#8061 = CARTESIAN_POINT('',(113.79445034314,-76.60000872922,0.));
#8062 = DIRECTION('',(0.,0.,-1.));
#8063 = DIRECTION('',(3.313649430713E-06,0.999999999995,0.));
#8064 = ADVANCED_FACE('',(#8065),#8076,.T.);
#8065 = FACE_BOUND('',#8066,.T.);
#8066 = EDGE_LOOP('',(#8067,#8068,#8069,#8075));
#8067 = ORIENTED_EDGE('',*,*,#8036,.T.);
#8068 = ORIENTED_EDGE('',*,*,#4278,.T.);
#8069 = ORIENTED_EDGE('',*,*,#8070,.F.);
#8070 = EDGE_CURVE('',#1728,#4271,#8071,.T.);
#8071 = LINE('',#8072,#8073);
#8072 = CARTESIAN_POINT('',(111.300001,-73.897158,0.));
#8073 = VECTOR('',#8074,1.);
#8074 = DIRECTION('',(0.,0.,1.));
#8075 = ORIENTED_EDGE('',*,*,#1735,.F.);
#8076 = CYLINDRICAL_SURFACE('',#8077,0.499989885034);
#8077 = AXIS2_PLACEMENT_3D('',#8078,#8079,#8080);
#8078 = CARTESIAN_POINT('',(110.80001111497,-73.89715607913,0.));
#8079 = DIRECTION('',(0.,0.,-1.));
#8080 = DIRECTION('',(0.901027997796,0.43376093322,0.));
#8081 = ADVANCED_FACE('',(#8082),#8093,.T.);
#8082 = FACE_BOUND('',#8083,.T.);
#8083 = EDGE_LOOP('',(#8084,#8090,#8091,#8092));
#8084 = ORIENTED_EDGE('',*,*,#8085,.T.);
#8085 = EDGE_CURVE('',#1693,#4236,#8086,.T.);
#8086 = LINE('',#8087,#8088);
#8087 = CARTESIAN_POINT('',(112.205548,-76.1,0.));
#8088 = VECTOR('',#8089,1.);
#8089 = DIRECTION('',(0.,0.,1.));
#8090 = ORIENTED_EDGE('',*,*,#4235,.T.);
#8091 = ORIENTED_EDGE('',*,*,#8051,.F.);
#8092 = ORIENTED_EDGE('',*,*,#1692,.F.);
#8093 = PLANE('',#8094);
#8094 = AXIS2_PLACEMENT_3D('',#8095,#8096,#8097);
#8095 = CARTESIAN_POINT('',(112.205548,-76.1,0.));
#8096 = DIRECTION('',(0.,1.,0.));
#8097 = DIRECTION('',(1.,0.,0.));
#8098 = ADVANCED_FACE('',(#8099),#8110,.T.);
#8099 = FACE_BOUND('',#8100,.T.);
#8100 = EDGE_LOOP('',(#8101,#8102,#8103,#8109));
#8101 = ORIENTED_EDGE('',*,*,#8070,.T.);
#8102 = ORIENTED_EDGE('',*,*,#4270,.T.);
#8103 = ORIENTED_EDGE('',*,*,#8104,.F.);
#8104 = EDGE_CURVE('',#1719,#4262,#8105,.T.);
#8105 = LINE('',#8106,#8107);
#8106 = CARTESIAN_POINT('',(111.300001,-75.302843,0.));
#8107 = VECTOR('',#8108,1.);
#8108 = DIRECTION('',(0.,0.,1.));
#8109 = ORIENTED_EDGE('',*,*,#1727,.F.);
#8110 = PLANE('',#8111);
#8111 = AXIS2_PLACEMENT_3D('',#8112,#8113,#8114);
#8112 = CARTESIAN_POINT('',(111.300001,-73.897158,0.));
#8113 = DIRECTION('',(1.,0.,-0.));
#8114 = DIRECTION('',(0.,-1.,0.));
#8115 = ADVANCED_FACE('',(#8116),#8127,.T.);
#8116 = FACE_BOUND('',#8117,.T.);
#8117 = EDGE_LOOP('',(#8118,#8124,#8125,#8126));
#8118 = ORIENTED_EDGE('',*,*,#8119,.T.);
#8119 = EDGE_CURVE('',#1701,#4244,#8120,.T.);
#8120 = LINE('',#8121,#8122);
#8121 = CARTESIAN_POINT('',(111.953289,-76.168297,0.));
#8122 = VECTOR('',#8123,1.);
#8123 = DIRECTION('',(0.,0.,1.));
#8124 = ORIENTED_EDGE('',*,*,#4243,.T.);
#8125 = ORIENTED_EDGE('',*,*,#8085,.F.);
#8126 = ORIENTED_EDGE('',*,*,#1700,.F.);
#8127 = CYLINDRICAL_SURFACE('',#8128,0.500040834725);
#8128 = AXIS2_PLACEMENT_3D('',#8129,#8130,#8131);
#8129 = CARTESIAN_POINT('',(112.20555492637,-76.60004083467,0.));
#8130 = DIRECTION('',(0.,0.,-1.));
#8131 = DIRECTION('',(-0.50449065128,0.86341715455,0.));
#8132 = ADVANCED_FACE('',(#8133),#8144,.T.);
#8133 = FACE_BOUND('',#8134,.T.);
#8134 = EDGE_LOOP('',(#8135,#8136,#8137,#8143));
#8135 = ORIENTED_EDGE('',*,*,#8104,.T.);
#8136 = ORIENTED_EDGE('',*,*,#4261,.T.);
#8137 = ORIENTED_EDGE('',*,*,#8138,.F.);
#8138 = EDGE_CURVE('',#1710,#4253,#8139,.T.);
#8139 = LINE('',#8140,#8141);
#8140 = CARTESIAN_POINT('',(111.250516,-75.51972,0.));
#8141 = VECTOR('',#8142,1.);
#8142 = DIRECTION('',(0.,0.,1.));
#8143 = ORIENTED_EDGE('',*,*,#1718,.F.);
#8144 = CYLINDRICAL_SURFACE('',#8145,0.499989884977);
#8145 = AXIS2_PLACEMENT_3D('',#8146,#8147,#8148);
#8146 = CARTESIAN_POINT('',(110.80001111502,-75.30284392088,0.));
#8147 = DIRECTION('',(0.,0.,-1.));
#8148 = DIRECTION('',(0.999999999998,1.841808795158E-06,0.));
#8149 = ADVANCED_FACE('',(#8150),#8156,.F.);
#8150 = FACE_BOUND('',#8151,.T.);
#8151 = EDGE_LOOP('',(#8152,#8153,#8154,#8155));
#8152 = ORIENTED_EDGE('',*,*,#8138,.T.);
#8153 = ORIENTED_EDGE('',*,*,#4252,.T.);
#8154 = ORIENTED_EDGE('',*,*,#8119,.F.);
#8155 = ORIENTED_EDGE('',*,*,#1709,.F.);
#8156 = CYLINDRICAL_SURFACE('',#8157,0.499999092786);
#8157 = AXIS2_PLACEMENT_3D('',#8158,#8159,#8160);
#8158 = CARTESIAN_POINT('',(111.70103060898,-75.73659710777,0.));
#8159 = DIRECTION('',(-0.,-0.,-1.));
#8160 = DIRECTION('',(-0.901030852831,0.43375500256,0.));
#8161 = ADVANCED_FACE('',(#8162),#8173,.F.);
#8162 = FACE_BOUND('',#8163,.T.);
#8163 = EDGE_LOOP('',(#8164,#8165,#8171,#8172));
#8164 = ORIENTED_EDGE('',*,*,#1779,.T.);
#8165 = ORIENTED_EDGE('',*,*,#8166,.T.);
#8166 = EDGE_CURVE('',#1780,#4323,#8167,.T.);
#8167 = LINE('',#8168,#8169);
#8168 = CARTESIAN_POINT('',(128.,-89.4,-4.6E-02));
#8169 = VECTOR('',#8170,1.);
#8170 = DIRECTION('',(0.,0.,1.));
#8171 = ORIENTED_EDGE('',*,*,#4322,.F.);
#8172 = ORIENTED_EDGE('',*,*,#8166,.F.);
#8173 = CYLINDRICAL_SURFACE('',#8174,0.4);
#8174 = AXIS2_PLACEMENT_3D('',#8175,#8176,#8177);
#8175 = CARTESIAN_POINT('',(128.,-89.,-4.6E-02));
#8176 = DIRECTION('',(-0.,-0.,-1.));
#8177 = DIRECTION('',(-0.,-1.,0.));
#8178 = ADVANCED_FACE('',(#8179),#8190,.F.);
#8179 = FACE_BOUND('',#8180,.T.);
#8180 = EDGE_LOOP('',(#8181,#8182,#8188,#8189));
#8181 = ORIENTED_EDGE('',*,*,#1790,.T.);
#8182 = ORIENTED_EDGE('',*,*,#8183,.T.);
#8183 = EDGE_CURVE('',#1791,#4334,#8184,.T.);
#8184 = LINE('',#8185,#8186);
#8185 = CARTESIAN_POINT('',(129.5,-85.25,-4.6E-02));
#8186 = VECTOR('',#8187,1.);
#8187 = DIRECTION('',(0.,0.,1.));
#8188 = ORIENTED_EDGE('',*,*,#4333,.F.);
#8189 = ORIENTED_EDGE('',*,*,#8183,.F.);
#8190 = CYLINDRICAL_SURFACE('',#8191,0.75);
#8191 = AXIS2_PLACEMENT_3D('',#8192,#8193,#8194);
#8192 = CARTESIAN_POINT('',(129.5,-84.5,-4.6E-02));
#8193 = DIRECTION('',(-0.,-0.,-1.));
#8194 = DIRECTION('',(-0.,-1.,0.));
#8195 = ADVANCED_FACE('',(#8196),#8207,.F.);
#8196 = FACE_BOUND('',#8197,.T.);
#8197 = EDGE_LOOP('',(#8198,#8199,#8205,#8206));
#8198 = ORIENTED_EDGE('',*,*,#1801,.T.);
#8199 = ORIENTED_EDGE('',*,*,#8200,.T.);
#8200 = EDGE_CURVE('',#1802,#4345,#8201,.T.);
#8201 = LINE('',#8202,#8203);
#8202 = CARTESIAN_POINT('',(118.12,-80.27,-4.6E-02));
#8203 = VECTOR('',#8204,1.);
#8204 = DIRECTION('',(0.,0.,1.));
#8205 = ORIENTED_EDGE('',*,*,#4344,.F.);
#8206 = ORIENTED_EDGE('',*,*,#8200,.F.);
#8207 = CYLINDRICAL_SURFACE('',#8208,0.85);
#8208 = AXIS2_PLACEMENT_3D('',#8209,#8210,#8211);
#8209 = CARTESIAN_POINT('',(118.12,-79.42,-4.6E-02));
#8210 = DIRECTION('',(-0.,-0.,-1.));
#8211 = DIRECTION('',(-0.,-1.,0.));
#8212 = ADVANCED_FACE('',(#8213),#8224,.F.);
#8213 = FACE_BOUND('',#8214,.T.);
#8214 = EDGE_LOOP('',(#8215,#8216,#8222,#8223));
#8215 = ORIENTED_EDGE('',*,*,#1812,.T.);
#8216 = ORIENTED_EDGE('',*,*,#8217,.T.);
#8217 = EDGE_CURVE('',#1813,#4356,#8218,.T.);
#8218 = LINE('',#8219,#8220);
#8219 = CARTESIAN_POINT('',(126.96,-80.27,-4.6E-02));
#8220 = VECTOR('',#8221,1.);
#8221 = DIRECTION('',(0.,0.,1.));
#8222 = ORIENTED_EDGE('',*,*,#4355,.F.);
#8223 = ORIENTED_EDGE('',*,*,#8217,.F.);
#8224 = CYLINDRICAL_SURFACE('',#8225,0.85);
#8225 = AXIS2_PLACEMENT_3D('',#8226,#8227,#8228);
#8226 = CARTESIAN_POINT('',(126.96,-79.42,-4.6E-02));
#8227 = DIRECTION('',(-0.,-0.,-1.));
#8228 = DIRECTION('',(-1.671865260612E-14,-1.,0.));
#8229 = ADVANCED_FACE('',(#8230),#8241,.F.);
#8230 = FACE_BOUND('',#8231,.T.);
#8231 = EDGE_LOOP('',(#8232,#8233,#8239,#8240));
#8232 = ORIENTED_EDGE('',*,*,#1823,.T.);
#8233 = ORIENTED_EDGE('',*,*,#8234,.T.);
#8234 = EDGE_CURVE('',#1824,#4367,#8235,.T.);
#8235 = LINE('',#8236,#8237);
#8236 = CARTESIAN_POINT('',(108.,-68.4,-4.6E-02));
#8237 = VECTOR('',#8238,1.);
#8238 = DIRECTION('',(0.,0.,1.));
#8239 = ORIENTED_EDGE('',*,*,#4366,.F.);
#8240 = ORIENTED_EDGE('',*,*,#8234,.F.);
#8241 = CYLINDRICAL_SURFACE('',#8242,0.4);
#8242 = AXIS2_PLACEMENT_3D('',#8243,#8244,#8245);
#8243 = CARTESIAN_POINT('',(108.,-68.,-4.6E-02));
#8244 = DIRECTION('',(-0.,-0.,-1.));
#8245 = DIRECTION('',(-0.,-1.,0.));
#8246 = ADVANCED_FACE('',(#8247),#8258,.F.);
#8247 = FACE_BOUND('',#8248,.T.);
#8248 = EDGE_LOOP('',(#8249,#8250,#8256,#8257));
#8249 = ORIENTED_EDGE('',*,*,#1834,.T.);
#8250 = ORIENTED_EDGE('',*,*,#8251,.T.);
#8251 = EDGE_CURVE('',#1835,#4378,#8252,.T.);
#8252 = LINE('',#8253,#8254);
#8253 = CARTESIAN_POINT('',(104.5,-62.5,-4.6E-02));
#8254 = VECTOR('',#8255,1.);
#8255 = DIRECTION('',(0.,0.,1.));
#8256 = ORIENTED_EDGE('',*,*,#4377,.F.);
#8257 = ORIENTED_EDGE('',*,*,#8251,.F.);
#8258 = CYLINDRICAL_SURFACE('',#8259,0.5);
#8259 = AXIS2_PLACEMENT_3D('',#8260,#8261,#8262);
#8260 = CARTESIAN_POINT('',(104.5,-62.,-4.6E-02));
#8261 = DIRECTION('',(-0.,-0.,-1.));
#8262 = DIRECTION('',(-0.,-1.,0.));
#8263 = ADVANCED_FACE('',(#8264),#8275,.F.);
#8264 = FACE_BOUND('',#8265,.T.);
#8265 = EDGE_LOOP('',(#8266,#8267,#8273,#8274));
#8266 = ORIENTED_EDGE('',*,*,#1845,.T.);
#8267 = ORIENTED_EDGE('',*,*,#8268,.T.);
#8268 = EDGE_CURVE('',#1846,#4389,#8269,.T.);
#8269 = LINE('',#8270,#8271);
#8270 = CARTESIAN_POINT('',(115.62,-68.4,-4.6E-02));
#8271 = VECTOR('',#8272,1.);
#8272 = DIRECTION('',(0.,0.,1.));
#8273 = ORIENTED_EDGE('',*,*,#4388,.F.);
#8274 = ORIENTED_EDGE('',*,*,#8268,.F.);
#8275 = CYLINDRICAL_SURFACE('',#8276,0.4);
#8276 = AXIS2_PLACEMENT_3D('',#8277,#8278,#8279);
#8277 = CARTESIAN_POINT('',(115.62,-68.,-4.6E-02));
#8278 = DIRECTION('',(-0.,-0.,-1.));
#8279 = DIRECTION('',(-0.,-1.,0.));
#8280 = ADVANCED_FACE('',(#8281),#8297,.F.);
#8281 = FACE_BOUND('',#8282,.T.);
#8282 = EDGE_LOOP('',(#8283,#8284,#8290,#8291));
#8283 = ORIENTED_EDGE('',*,*,#1856,.T.);
#8284 = ORIENTED_EDGE('',*,*,#8285,.T.);
#8285 = EDGE_CURVE('',#1859,#4402,#8286,.T.);
#8286 = LINE('',#8287,#8288);
#8287 = CARTESIAN_POINT('',(112.65,-65.85,-4.6E-02));
#8288 = VECTOR('',#8289,1.);
#8289 = DIRECTION('',(0.,0.,1.));
#8290 = ORIENTED_EDGE('',*,*,#4399,.F.);
#8291 = ORIENTED_EDGE('',*,*,#8292,.F.);
#8292 = EDGE_CURVE('',#1857,#4400,#8293,.T.);
#8293 = LINE('',#8294,#8295);
#8294 = CARTESIAN_POINT('',(112.65,-64.35,-4.6E-02));
#8295 = VECTOR('',#8296,1.);
#8296 = DIRECTION('',(0.,0.,1.));
#8297 = CYLINDRICAL_SURFACE('',#8298,0.75);
#8298 = AXIS2_PLACEMENT_3D('',#8299,#8300,#8301);
#8299 = CARTESIAN_POINT('',(112.65,-65.1,-4.6E-02));
#8300 = DIRECTION('',(-0.,-0.,-1.));
#8301 = DIRECTION('',(-0.,-1.,0.));
#8302 = ADVANCED_FACE('',(#8303),#8314,.T.);
#8303 = FACE_BOUND('',#8304,.T.);
#8304 = EDGE_LOOP('',(#8305,#8306,#8307,#8308));
#8305 = ORIENTED_EDGE('',*,*,#1884,.T.);
#8306 = ORIENTED_EDGE('',*,*,#8292,.T.);
#8307 = ORIENTED_EDGE('',*,*,#4427,.F.);
#8308 = ORIENTED_EDGE('',*,*,#8309,.F.);
#8309 = EDGE_CURVE('',#1876,#4419,#8310,.T.);
#8310 = LINE('',#8311,#8312);
#8311 = CARTESIAN_POINT('',(111.35,-64.35,-4.6E-02));
#8312 = VECTOR('',#8313,1.);
#8313 = DIRECTION('',(0.,0.,1.));
#8314 = PLANE('',#8315);
#8315 = AXIS2_PLACEMENT_3D('',#8316,#8317,#8318);
#8316 = CARTESIAN_POINT('',(112.65,-64.35,-4.6E-02));
#8317 = DIRECTION('',(0.,-1.,0.));
#8318 = DIRECTION('',(-1.,0.,0.));
#8319 = ADVANCED_FACE('',(#8320),#8331,.F.);
#8320 = FACE_BOUND('',#8321,.T.);
#8321 = EDGE_LOOP('',(#8322,#8323,#8324,#8325));
#8322 = ORIENTED_EDGE('',*,*,#1875,.T.);
#8323 = ORIENTED_EDGE('',*,*,#8309,.T.);
#8324 = ORIENTED_EDGE('',*,*,#4418,.F.);
#8325 = ORIENTED_EDGE('',*,*,#8326,.F.);
#8326 = EDGE_CURVE('',#1868,#4411,#8327,.T.);
#8327 = LINE('',#8328,#8329);
#8328 = CARTESIAN_POINT('',(111.35,-65.85,-4.6E-02));
#8329 = VECTOR('',#8330,1.);
#8330 = DIRECTION('',(0.,0.,1.));
#8331 = CYLINDRICAL_SURFACE('',#8332,0.75);
#8332 = AXIS2_PLACEMENT_3D('',#8333,#8334,#8335);
#8333 = CARTESIAN_POINT('',(111.35,-65.1,-4.6E-02));
#8334 = DIRECTION('',(-0.,0.,-1.));
#8335 = DIRECTION('',(0.,1.,0.));
#8336 = ADVANCED_FACE('',(#8337),#8343,.T.);
#8337 = FACE_BOUND('',#8338,.T.);
#8338 = EDGE_LOOP('',(#8339,#8340,#8341,#8342));
#8339 = ORIENTED_EDGE('',*,*,#1867,.T.);
#8340 = ORIENTED_EDGE('',*,*,#8326,.T.);
#8341 = ORIENTED_EDGE('',*,*,#4410,.F.);
#8342 = ORIENTED_EDGE('',*,*,#8285,.F.);
#8343 = PLANE('',#8344);
#8344 = AXIS2_PLACEMENT_3D('',#8345,#8346,#8347);
#8345 = CARTESIAN_POINT('',(111.35,-65.85,-4.6E-02));
#8346 = DIRECTION('',(0.,1.,0.));
#8347 = DIRECTION('',(1.,0.,0.));
#8348 = ADVANCED_FACE('',(#8349),#8360,.F.);
#8349 = FACE_BOUND('',#8350,.T.);
#8350 = EDGE_LOOP('',(#8351,#8352,#8358,#8359));
#8351 = ORIENTED_EDGE('',*,*,#1892,.T.);
#8352 = ORIENTED_EDGE('',*,*,#8353,.T.);
#8353 = EDGE_CURVE('',#1893,#4436,#8354,.T.);
#8354 = LINE('',#8355,#8356);
#8355 = CARTESIAN_POINT('',(104.5,-60.,-4.6E-02));
#8356 = VECTOR('',#8357,1.);
#8357 = DIRECTION('',(0.,0.,1.));
#8358 = ORIENTED_EDGE('',*,*,#4435,.F.);
#8359 = ORIENTED_EDGE('',*,*,#8353,.F.);
#8360 = CYLINDRICAL_SURFACE('',#8361,0.5);
#8361 = AXIS2_PLACEMENT_3D('',#8362,#8363,#8364);
#8362 = CARTESIAN_POINT('',(104.5,-59.5,-4.6E-02));
#8363 = DIRECTION('',(-0.,-0.,-1.));
#8364 = DIRECTION('',(-0.,-1.,0.));
#8365 = ADVANCED_FACE('',(#8366),#8377,.F.);
#8366 = FACE_BOUND('',#8367,.T.);
#8367 = EDGE_LOOP('',(#8368,#8369,#8375,#8376));
#8368 = ORIENTED_EDGE('',*,*,#1903,.T.);
#8369 = ORIENTED_EDGE('',*,*,#8370,.T.);
#8370 = EDGE_CURVE('',#1904,#4447,#8371,.T.);
#8371 = LINE('',#8372,#8373);
#8372 = CARTESIAN_POINT('',(104.5,-57.5,-4.6E-02));
#8373 = VECTOR('',#8374,1.);
#8374 = DIRECTION('',(0.,0.,1.));
#8375 = ORIENTED_EDGE('',*,*,#4446,.F.);
#8376 = ORIENTED_EDGE('',*,*,#8370,.F.);
#8377 = CYLINDRICAL_SURFACE('',#8378,0.5);
#8378 = AXIS2_PLACEMENT_3D('',#8379,#8380,#8381);
#8379 = CARTESIAN_POINT('',(104.5,-57.,-4.6E-02));
#8380 = DIRECTION('',(-0.,-0.,-1.));
#8381 = DIRECTION('',(-0.,-1.,0.));
#8382 = ADVANCED_FACE('',(#8383),#8399,.F.);
#8383 = FACE_BOUND('',#8384,.T.);
#8384 = EDGE_LOOP('',(#8385,#8386,#8392,#8393));
#8385 = ORIENTED_EDGE('',*,*,#1914,.T.);
#8386 = ORIENTED_EDGE('',*,*,#8387,.T.);
#8387 = EDGE_CURVE('',#1917,#4460,#8388,.T.);
#8388 = LINE('',#8389,#8390);
#8389 = CARTESIAN_POINT('',(112.65,-54.65,-4.6E-02));
#8390 = VECTOR('',#8391,1.);
#8391 = DIRECTION('',(0.,0.,1.));
#8392 = ORIENTED_EDGE('',*,*,#4457,.F.);
#8393 = ORIENTED_EDGE('',*,*,#8394,.F.);
#8394 = EDGE_CURVE('',#1915,#4458,#8395,.T.);
#8395 = LINE('',#8396,#8397);
#8396 = CARTESIAN_POINT('',(112.65,-53.15,-4.6E-02));
#8397 = VECTOR('',#8398,1.);
#8398 = DIRECTION('',(0.,0.,1.));
#8399 = CYLINDRICAL_SURFACE('',#8400,0.75);
#8400 = AXIS2_PLACEMENT_3D('',#8401,#8402,#8403);
#8401 = CARTESIAN_POINT('',(112.65,-53.9,-4.6E-02));
#8402 = DIRECTION('',(-0.,-0.,-1.));
#8403 = DIRECTION('',(-0.,-1.,0.));
#8404 = ADVANCED_FACE('',(#8405),#8416,.T.);
#8405 = FACE_BOUND('',#8406,.T.);
#8406 = EDGE_LOOP('',(#8407,#8408,#8409,#8410));
#8407 = ORIENTED_EDGE('',*,*,#1942,.T.);
#8408 = ORIENTED_EDGE('',*,*,#8394,.T.);
#8409 = ORIENTED_EDGE('',*,*,#4485,.F.);
#8410 = ORIENTED_EDGE('',*,*,#8411,.F.);
#8411 = EDGE_CURVE('',#1934,#4477,#8412,.T.);
#8412 = LINE('',#8413,#8414);
#8413 = CARTESIAN_POINT('',(111.35,-53.15,-4.6E-02));
#8414 = VECTOR('',#8415,1.);
#8415 = DIRECTION('',(0.,0.,1.));
#8416 = PLANE('',#8417);
#8417 = AXIS2_PLACEMENT_3D('',#8418,#8419,#8420);
#8418 = CARTESIAN_POINT('',(112.65,-53.15,-4.6E-02));
#8419 = DIRECTION('',(0.,-1.,0.));
#8420 = DIRECTION('',(-1.,0.,0.));
#8421 = ADVANCED_FACE('',(#8422),#8433,.F.);
#8422 = FACE_BOUND('',#8423,.T.);
#8423 = EDGE_LOOP('',(#8424,#8425,#8426,#8427));
#8424 = ORIENTED_EDGE('',*,*,#1933,.T.);
#8425 = ORIENTED_EDGE('',*,*,#8411,.T.);
#8426 = ORIENTED_EDGE('',*,*,#4476,.F.);
#8427 = ORIENTED_EDGE('',*,*,#8428,.F.);
#8428 = EDGE_CURVE('',#1926,#4469,#8429,.T.);
#8429 = LINE('',#8430,#8431);
#8430 = CARTESIAN_POINT('',(111.35,-54.65,-4.6E-02));
#8431 = VECTOR('',#8432,1.);
#8432 = DIRECTION('',(0.,0.,1.));
#8433 = CYLINDRICAL_SURFACE('',#8434,0.75);
#8434 = AXIS2_PLACEMENT_3D('',#8435,#8436,#8437);
#8435 = CARTESIAN_POINT('',(111.35,-53.9,-4.6E-02));
#8436 = DIRECTION('',(-0.,0.,-1.));
#8437 = DIRECTION('',(0.,1.,0.));
#8438 = ADVANCED_FACE('',(#8439),#8445,.T.);
#8439 = FACE_BOUND('',#8440,.T.);
#8440 = EDGE_LOOP('',(#8441,#8442,#8443,#8444));
#8441 = ORIENTED_EDGE('',*,*,#1925,.T.);
#8442 = ORIENTED_EDGE('',*,*,#8428,.T.);
#8443 = ORIENTED_EDGE('',*,*,#4468,.F.);
#8444 = ORIENTED_EDGE('',*,*,#8387,.F.);
#8445 = PLANE('',#8446);
#8446 = AXIS2_PLACEMENT_3D('',#8447,#8448,#8449);
#8447 = CARTESIAN_POINT('',(111.35,-54.65,-4.6E-02));
#8448 = DIRECTION('',(0.,1.,0.));
#8449 = DIRECTION('',(1.,0.,0.));
#8450 = ADVANCED_FACE('',(#8451),#8462,.F.);
#8451 = FACE_BOUND('',#8452,.T.);
#8452 = EDGE_LOOP('',(#8453,#8454,#8460,#8461));
#8453 = ORIENTED_EDGE('',*,*,#1950,.T.);
#8454 = ORIENTED_EDGE('',*,*,#8455,.T.);
#8455 = EDGE_CURVE('',#1951,#4494,#8456,.T.);
#8456 = LINE('',#8457,#8458);
#8457 = CARTESIAN_POINT('',(124.375,-67.62,-4.6E-02));
#8458 = VECTOR('',#8459,1.);
#8459 = DIRECTION('',(0.,0.,1.));
#8460 = ORIENTED_EDGE('',*,*,#4493,.F.);
#8461 = ORIENTED_EDGE('',*,*,#8455,.F.);
#8462 = CYLINDRICAL_SURFACE('',#8463,0.5);
#8463 = AXIS2_PLACEMENT_3D('',#8464,#8465,#8466);
#8464 = CARTESIAN_POINT('',(124.375,-67.12,-4.6E-02));
#8465 = DIRECTION('',(-0.,-0.,-1.));
#8466 = DIRECTION('',(-0.,-1.,0.));
#8467 = ADVANCED_FACE('',(#8468),#8479,.F.);
#8468 = FACE_BOUND('',#8469,.T.);
#8469 = EDGE_LOOP('',(#8470,#8471,#8477,#8478));
#8470 = ORIENTED_EDGE('',*,*,#1961,.T.);
#8471 = ORIENTED_EDGE('',*,*,#8472,.T.);
#8472 = EDGE_CURVE('',#1962,#4505,#8473,.T.);
#8473 = LINE('',#8474,#8475);
#8474 = CARTESIAN_POINT('',(119.,-62.5,-4.6E-02));
#8475 = VECTOR('',#8476,1.);
#8476 = DIRECTION('',(0.,0.,1.));
#8477 = ORIENTED_EDGE('',*,*,#4504,.F.);
#8478 = ORIENTED_EDGE('',*,*,#8472,.F.);
#8479 = CYLINDRICAL_SURFACE('',#8480,0.5);
#8480 = AXIS2_PLACEMENT_3D('',#8481,#8482,#8483);
#8481 = CARTESIAN_POINT('',(119.,-62.,-4.6E-02));
#8482 = DIRECTION('',(-0.,-0.,-1.));
#8483 = DIRECTION('',(-0.,-1.,0.));
#8484 = ADVANCED_FACE('',(#8485),#8496,.F.);
#8485 = FACE_BOUND('',#8486,.T.);
#8486 = EDGE_LOOP('',(#8487,#8488,#8494,#8495));
#8487 = ORIENTED_EDGE('',*,*,#1972,.T.);
#8488 = ORIENTED_EDGE('',*,*,#8489,.T.);
#8489 = EDGE_CURVE('',#1973,#4516,#8490,.T.);
#8490 = LINE('',#8491,#8492);
#8491 = CARTESIAN_POINT('',(124.375,-65.08,-4.6E-02));
#8492 = VECTOR('',#8493,1.);
#8493 = DIRECTION('',(0.,0.,1.));
#8494 = ORIENTED_EDGE('',*,*,#4515,.F.);
#8495 = ORIENTED_EDGE('',*,*,#8489,.F.);
#8496 = CYLINDRICAL_SURFACE('',#8497,0.5);
#8497 = AXIS2_PLACEMENT_3D('',#8498,#8499,#8500);
#8498 = CARTESIAN_POINT('',(124.375,-64.58,-4.6E-02));
#8499 = DIRECTION('',(-0.,-0.,-1.));
#8500 = DIRECTION('',(-0.,-1.,0.));
#8501 = ADVANCED_FACE('',(#8502),#8513,.F.);
#8502 = FACE_BOUND('',#8503,.T.);
#8503 = EDGE_LOOP('',(#8504,#8505,#8511,#8512));
#8504 = ORIENTED_EDGE('',*,*,#1983,.T.);
#8505 = ORIENTED_EDGE('',*,*,#8506,.T.);
#8506 = EDGE_CURVE('',#1984,#4527,#8507,.T.);
#8507 = LINE('',#8508,#8509);
#8508 = CARTESIAN_POINT('',(124.375,-62.54,-4.6E-02));
#8509 = VECTOR('',#8510,1.);
#8510 = DIRECTION('',(0.,0.,1.));
#8511 = ORIENTED_EDGE('',*,*,#4526,.F.);
#8512 = ORIENTED_EDGE('',*,*,#8506,.F.);
#8513 = CYLINDRICAL_SURFACE('',#8514,0.5);
#8514 = AXIS2_PLACEMENT_3D('',#8515,#8516,#8517);
#8515 = CARTESIAN_POINT('',(124.375,-62.04,-4.6E-02));
#8516 = DIRECTION('',(-0.,-0.,-1.));
#8517 = DIRECTION('',(-0.,-1.,0.));
#8518 = ADVANCED_FACE('',(#8519),#8530,.F.);
#8519 = FACE_BOUND('',#8520,.T.);
#8520 = EDGE_LOOP('',(#8521,#8522,#8528,#8529));
#8521 = ORIENTED_EDGE('',*,*,#1994,.T.);
#8522 = ORIENTED_EDGE('',*,*,#8523,.T.);
#8523 = EDGE_CURVE('',#1995,#4538,#8524,.T.);
#8524 = LINE('',#8525,#8526);
#8525 = CARTESIAN_POINT('',(119.,-57.5,-4.6E-02));
#8526 = VECTOR('',#8527,1.);
#8527 = DIRECTION('',(0.,0.,1.));
#8528 = ORIENTED_EDGE('',*,*,#4537,.F.);
#8529 = ORIENTED_EDGE('',*,*,#8523,.F.);
#8530 = CYLINDRICAL_SURFACE('',#8531,0.5);
#8531 = AXIS2_PLACEMENT_3D('',#8532,#8533,#8534);
#8532 = CARTESIAN_POINT('',(119.,-57.,-4.6E-02));
#8533 = DIRECTION('',(-0.,-0.,-1.));
#8534 = DIRECTION('',(-0.,-1.,0.));
#8535 = ADVANCED_FACE('',(#8536),#8547,.F.);
#8536 = FACE_BOUND('',#8537,.T.);
#8537 = EDGE_LOOP('',(#8538,#8539,#8545,#8546));
#8538 = ORIENTED_EDGE('',*,*,#2005,.T.);
#8539 = ORIENTED_EDGE('',*,*,#8540,.T.);
#8540 = EDGE_CURVE('',#2006,#4549,#8541,.T.);
#8541 = LINE('',#8542,#8543);
#8542 = CARTESIAN_POINT('',(124.375,-60.,-4.6E-02));
#8543 = VECTOR('',#8544,1.);
#8544 = DIRECTION('',(0.,0.,1.));
#8545 = ORIENTED_EDGE('',*,*,#4548,.F.);
#8546 = ORIENTED_EDGE('',*,*,#8540,.F.);
#8547 = CYLINDRICAL_SURFACE('',#8548,0.5);
#8548 = AXIS2_PLACEMENT_3D('',#8549,#8550,#8551);
#8549 = CARTESIAN_POINT('',(124.375,-59.5,-4.6E-02));
#8550 = DIRECTION('',(-0.,-0.,-1.));
#8551 = DIRECTION('',(-0.,-1.,0.));
#8552 = ADVANCED_FACE('',(#8553),#8564,.F.);
#8553 = FACE_BOUND('',#8554,.T.);
#8554 = EDGE_LOOP('',(#8555,#8556,#8562,#8563));
#8555 = ORIENTED_EDGE('',*,*,#2016,.T.);
#8556 = ORIENTED_EDGE('',*,*,#8557,.T.);
#8557 = EDGE_CURVE('',#2017,#4560,#8558,.T.);
#8558 = LINE('',#8559,#8560);
#8559 = CARTESIAN_POINT('',(124.375,-57.46,-4.6E-02));
#8560 = VECTOR('',#8561,1.);
#8561 = DIRECTION('',(0.,0.,1.));
#8562 = ORIENTED_EDGE('',*,*,#4559,.F.);
#8563 = ORIENTED_EDGE('',*,*,#8557,.F.);
#8564 = CYLINDRICAL_SURFACE('',#8565,0.5);
#8565 = AXIS2_PLACEMENT_3D('',#8566,#8567,#8568);
#8566 = CARTESIAN_POINT('',(124.375,-56.96,-4.6E-02));
#8567 = DIRECTION('',(-0.,-0.,-1.));
#8568 = DIRECTION('',(-0.,-1.,0.));
#8569 = ADVANCED_FACE('',(#8570),#8581,.F.);
#8570 = FACE_BOUND('',#8571,.T.);
#8571 = EDGE_LOOP('',(#8572,#8573,#8579,#8580));
#8572 = ORIENTED_EDGE('',*,*,#2027,.T.);
#8573 = ORIENTED_EDGE('',*,*,#8574,.T.);
#8574 = EDGE_CURVE('',#2028,#4571,#8575,.T.);
#8575 = LINE('',#8576,#8577);
#8576 = CARTESIAN_POINT('',(124.375,-54.92,-4.6E-02));
#8577 = VECTOR('',#8578,1.);
#8578 = DIRECTION('',(0.,0.,1.));
#8579 = ORIENTED_EDGE('',*,*,#4570,.F.);
#8580 = ORIENTED_EDGE('',*,*,#8574,.F.);
#8581 = CYLINDRICAL_SURFACE('',#8582,0.5);
#8582 = AXIS2_PLACEMENT_3D('',#8583,#8584,#8585);
#8583 = CARTESIAN_POINT('',(124.375,-54.42,-4.6E-02));
#8584 = DIRECTION('',(-0.,-0.,-1.));
#8585 = DIRECTION('',(-0.,-1.,0.));
#8586 = ADVANCED_FACE('',(#8587),#8598,.F.);
#8587 = FACE_BOUND('',#8588,.T.);
#8588 = EDGE_LOOP('',(#8589,#8590,#8596,#8597));
#8589 = ORIENTED_EDGE('',*,*,#2038,.T.);
#8590 = ORIENTED_EDGE('',*,*,#8591,.T.);
#8591 = EDGE_CURVE('',#2039,#4582,#8592,.T.);
#8592 = LINE('',#8593,#8594);
#8593 = CARTESIAN_POINT('',(124.375,-52.38,-4.6E-02));
#8594 = VECTOR('',#8595,1.);
#8595 = DIRECTION('',(0.,0.,1.));
#8596 = ORIENTED_EDGE('',*,*,#4581,.F.);
#8597 = ORIENTED_EDGE('',*,*,#8591,.F.);
#8598 = CYLINDRICAL_SURFACE('',#8599,0.5);
#8599 = AXIS2_PLACEMENT_3D('',#8600,#8601,#8602);
#8600 = CARTESIAN_POINT('',(124.375,-51.88,-4.6E-02));
#8601 = DIRECTION('',(-0.,-0.,-1.));
#8602 = DIRECTION('',(-0.,-1.,0.));
#8603 = ADVANCED_FACE('',(#8604),#8615,.F.);
#8604 = FACE_BOUND('',#8605,.T.);
#8605 = EDGE_LOOP('',(#8606,#8607,#8613,#8614));
#8606 = ORIENTED_EDGE('',*,*,#2049,.T.);
#8607 = ORIENTED_EDGE('',*,*,#8608,.T.);
#8608 = EDGE_CURVE('',#2050,#4593,#8609,.T.);
#8609 = LINE('',#8610,#8611);
#8610 = CARTESIAN_POINT('',(135.62,-89.4,-4.6E-02));
#8611 = VECTOR('',#8612,1.);
#8612 = DIRECTION('',(0.,0.,1.));
#8613 = ORIENTED_EDGE('',*,*,#4592,.F.);
#8614 = ORIENTED_EDGE('',*,*,#8608,.F.);
#8615 = CYLINDRICAL_SURFACE('',#8616,0.4);
#8616 = AXIS2_PLACEMENT_3D('',#8617,#8618,#8619);
#8617 = CARTESIAN_POINT('',(135.62,-89.,-4.6E-02));
#8618 = DIRECTION('',(-0.,-0.,-1.));
#8619 = DIRECTION('',(-0.,-1.,0.));
#8620 = ADVANCED_FACE('',(#8621),#8632,.F.);
#8621 = FACE_BOUND('',#8622,.T.);
#8622 = EDGE_LOOP('',(#8623,#8624,#8630,#8631));
#8623 = ORIENTED_EDGE('',*,*,#2060,.T.);
#8624 = ORIENTED_EDGE('',*,*,#8625,.T.);
#8625 = EDGE_CURVE('',#2061,#4604,#8626,.T.);
#8626 = LINE('',#8627,#8628);
#8627 = CARTESIAN_POINT('',(135.85,-82.71,-4.6E-02));
#8628 = VECTOR('',#8629,1.);
#8629 = DIRECTION('',(0.,0.,1.));
#8630 = ORIENTED_EDGE('',*,*,#4603,.F.);
#8631 = ORIENTED_EDGE('',*,*,#8625,.F.);
#8632 = CYLINDRICAL_SURFACE('',#8633,0.75);
#8633 = AXIS2_PLACEMENT_3D('',#8634,#8635,#8636);
#8634 = CARTESIAN_POINT('',(135.85,-81.96,-4.6E-02));
#8635 = DIRECTION('',(-0.,-0.,-1.));
#8636 = DIRECTION('',(-0.,-1.,0.));
#8637 = ADVANCED_FACE('',(#8638),#8649,.F.);
#8638 = FACE_BOUND('',#8639,.T.);
#8639 = EDGE_LOOP('',(#8640,#8641,#8647,#8648));
#8640 = ORIENTED_EDGE('',*,*,#2071,.T.);
#8641 = ORIENTED_EDGE('',*,*,#8642,.T.);
#8642 = EDGE_CURVE('',#2072,#4615,#8643,.T.);
#8643 = LINE('',#8644,#8645);
#8644 = CARTESIAN_POINT('',(132.04,-81.42,-4.6E-02));
#8645 = VECTOR('',#8646,1.);
#8646 = DIRECTION('',(0.,0.,1.));
#8647 = ORIENTED_EDGE('',*,*,#4614,.F.);
#8648 = ORIENTED_EDGE('',*,*,#8642,.F.);
#8649 = CYLINDRICAL_SURFACE('',#8650,2.);
#8650 = AXIS2_PLACEMENT_3D('',#8651,#8652,#8653);
#8651 = CARTESIAN_POINT('',(132.04,-79.42,-4.6E-02));
#8652 = DIRECTION('',(-0.,-0.,-1.));
#8653 = DIRECTION('',(-0.,-1.,0.));
#8654 = ADVANCED_FACE('',(#8655),#8666,.F.);
#8655 = FACE_BOUND('',#8656,.T.);
#8656 = EDGE_LOOP('',(#8657,#8658,#8664,#8665));
#8657 = ORIENTED_EDGE('',*,*,#2082,.T.);
#8658 = ORIENTED_EDGE('',*,*,#8659,.T.);
#8659 = EDGE_CURVE('',#2083,#4626,#8660,.T.);
#8660 = LINE('',#8661,#8662);
#8661 = CARTESIAN_POINT('',(137.12,-80.27,-4.6E-02));
#8662 = VECTOR('',#8663,1.);
#8663 = DIRECTION('',(0.,0.,1.));
#8664 = ORIENTED_EDGE('',*,*,#4625,.F.);
#8665 = ORIENTED_EDGE('',*,*,#8659,.F.);
#8666 = CYLINDRICAL_SURFACE('',#8667,0.85);
#8667 = AXIS2_PLACEMENT_3D('',#8668,#8669,#8670);
#8668 = CARTESIAN_POINT('',(137.12,-79.42,-4.6E-02));
#8669 = DIRECTION('',(-0.,-0.,-1.));
#8670 = DIRECTION('',(-0.,-1.,0.));
#8671 = ADVANCED_FACE('',(#8672),#8688,.F.);
#8672 = FACE_BOUND('',#8673,.T.);
#8673 = EDGE_LOOP('',(#8674,#8680,#8681,#8687));
#8674 = ORIENTED_EDGE('',*,*,#8675,.T.);
#8675 = EDGE_CURVE('',#2094,#4637,#8676,.T.);
#8676 = LINE('',#8677,#8678);
#8677 = CARTESIAN_POINT('',(130.953289,-73.031701,0.));
#8678 = VECTOR('',#8679,1.);
#8679 = DIRECTION('',(0.,0.,1.));
#8680 = ORIENTED_EDGE('',*,*,#4636,.T.);
#8681 = ORIENTED_EDGE('',*,*,#8682,.F.);
#8682 = EDGE_CURVE('',#2096,#4639,#8683,.T.);
#8683 = LINE('',#8684,#8685);
#8684 = CARTESIAN_POINT('',(130.250516,-73.68028,0.));
#8685 = VECTOR('',#8686,1.);
#8686 = DIRECTION('',(0.,0.,1.));
#8687 = ORIENTED_EDGE('',*,*,#2093,.F.);
#8688 = CYLINDRICAL_SURFACE('',#8689,0.499999729127);
#8689 = AXIS2_PLACEMENT_3D('',#8690,#8691,#8692);
#8690 = CARTESIAN_POINT('',(130.70103074567,-73.46340170911,0.));
#8691 = DIRECTION('',(-0.,-0.,-1.));
#8692 = DIRECTION('',(0.504516781969,0.863401885979,-0.));
#8693 = ADVANCED_FACE('',(#8694),#8705,.T.);
#8694 = FACE_BOUND('',#8695,.T.);
#8695 = EDGE_LOOP('',(#8696,#8702,#8703,#8704));
#8696 = ORIENTED_EDGE('',*,*,#8697,.T.);
#8697 = EDGE_CURVE('',#2105,#4648,#8698,.T.);
#8698 = LINE('',#8699,#8700);
#8699 = CARTESIAN_POINT('',(131.205548,-73.100001,0.));
#8700 = VECTOR('',#8701,1.);
#8701 = DIRECTION('',(0.,0.,1.));
#8702 = ORIENTED_EDGE('',*,*,#4647,.T.);
#8703 = ORIENTED_EDGE('',*,*,#8675,.F.);
#8704 = ORIENTED_EDGE('',*,*,#2104,.F.);
#8705 = CYLINDRICAL_SURFACE('',#8706,0.50002311711);
#8706 = AXIS2_PLACEMENT_3D('',#8707,#8708,#8709);
#8707 = CARTESIAN_POINT('',(131.20555526378,-72.59997788294,0.));
#8708 = DIRECTION('',(0.,0.,-1.));
#8709 = DIRECTION('',(-1.452689328924E-05,-0.999999999894,-0.));
#8710 = ADVANCED_FACE('',(#8711),#8722,.T.);
#8711 = FACE_BOUND('',#8712,.T.);
#8712 = EDGE_LOOP('',(#8713,#8714,#8715,#8721));
#8713 = ORIENTED_EDGE('',*,*,#8682,.T.);
#8714 = ORIENTED_EDGE('',*,*,#4769,.T.);
#8715 = ORIENTED_EDGE('',*,*,#8716,.F.);
#8716 = EDGE_CURVE('',#2219,#4762,#8717,.T.);
#8717 = LINE('',#8718,#8719);
#8718 = CARTESIAN_POINT('',(130.300001,-73.897158,0.));
#8719 = VECTOR('',#8720,1.);
#8720 = DIRECTION('',(0.,0.,1.));
#8721 = ORIENTED_EDGE('',*,*,#2226,.F.);
#8722 = CYLINDRICAL_SURFACE('',#8723,0.499989885034);
#8723 = AXIS2_PLACEMENT_3D('',#8724,#8725,#8726);
#8724 = CARTESIAN_POINT('',(129.80001111496,-73.89715607913,0.));
#8725 = DIRECTION('',(0.,0.,-1.));
#8726 = DIRECTION('',(0.901027997796,0.43376093322,0.));
#8727 = ADVANCED_FACE('',(#8728),#8739,.T.);
#8728 = FACE_BOUND('',#8729,.T.);
#8729 = EDGE_LOOP('',(#8730,#8736,#8737,#8738));
#8730 = ORIENTED_EDGE('',*,*,#8731,.T.);
#8731 = EDGE_CURVE('',#2114,#4657,#8732,.T.);
#8732 = LINE('',#8733,#8734);
#8733 = CARTESIAN_POINT('',(132.794453,-73.100001,0.));
#8734 = VECTOR('',#8735,1.);
#8735 = DIRECTION('',(0.,0.,1.));
#8736 = ORIENTED_EDGE('',*,*,#4656,.T.);
#8737 = ORIENTED_EDGE('',*,*,#8697,.F.);
#8738 = ORIENTED_EDGE('',*,*,#2113,.F.);
#8739 = PLANE('',#8740);
#8740 = AXIS2_PLACEMENT_3D('',#8741,#8742,#8743);
#8741 = CARTESIAN_POINT('',(132.794453,-73.100001,0.));
#8742 = DIRECTION('',(0.,-1.,0.));
#8743 = DIRECTION('',(-1.,0.,0.));
#8744 = ADVANCED_FACE('',(#8745),#8756,.T.);
#8745 = FACE_BOUND('',#8746,.T.);
#8746 = EDGE_LOOP('',(#8747,#8748,#8749,#8755));
#8747 = ORIENTED_EDGE('',*,*,#8716,.T.);
#8748 = ORIENTED_EDGE('',*,*,#4761,.T.);
#8749 = ORIENTED_EDGE('',*,*,#8750,.F.);
#8750 = EDGE_CURVE('',#2210,#4753,#8751,.T.);
#8751 = LINE('',#8752,#8753);
#8752 = CARTESIAN_POINT('',(130.300001,-75.302842,0.));
#8753 = VECTOR('',#8754,1.);
#8754 = DIRECTION('',(0.,0.,1.));
#8755 = ORIENTED_EDGE('',*,*,#2218,.F.);
#8756 = PLANE('',#8757);
#8757 = AXIS2_PLACEMENT_3D('',#8758,#8759,#8760);
#8758 = CARTESIAN_POINT('',(130.300001,-73.897158,0.));
#8759 = DIRECTION('',(1.,0.,-0.));
#8760 = DIRECTION('',(0.,-1.,0.));
#8761 = ADVANCED_FACE('',(#8762),#8773,.T.);
#8762 = FACE_BOUND('',#8763,.T.);
#8763 = EDGE_LOOP('',(#8764,#8770,#8771,#8772));
#8764 = ORIENTED_EDGE('',*,*,#8765,.T.);
#8765 = EDGE_CURVE('',#2122,#4665,#8766,.T.);
#8766 = LINE('',#8767,#8768);
#8767 = CARTESIAN_POINT('',(133.046711,-73.031702,0.));
#8768 = VECTOR('',#8769,1.);
#8769 = DIRECTION('',(0.,0.,1.));
#8770 = ORIENTED_EDGE('',*,*,#4664,.T.);
#8771 = ORIENTED_EDGE('',*,*,#8731,.F.);
#8772 = ORIENTED_EDGE('',*,*,#2121,.F.);
#8773 = CYLINDRICAL_SURFACE('',#8774,0.500008729288);
#8774 = AXIS2_PLACEMENT_3D('',#8775,#8776,#8777);
#8775 = CARTESIAN_POINT('',(132.79445034312,-72.59999227071,0.));
#8776 = DIRECTION('',(0.,0.,-1.));
#8777 = DIRECTION('',(0.504512505685,-0.863404384751,0.));
#8778 = ADVANCED_FACE('',(#8779),#8790,.T.);
#8779 = FACE_BOUND('',#8780,.T.);
#8780 = EDGE_LOOP('',(#8781,#8782,#8783,#8789));
#8781 = ORIENTED_EDGE('',*,*,#8750,.T.);
#8782 = ORIENTED_EDGE('',*,*,#4752,.T.);
#8783 = ORIENTED_EDGE('',*,*,#8784,.F.);
#8784 = EDGE_CURVE('',#2201,#4744,#8785,.T.);
#8785 = LINE('',#8786,#8787);
#8786 = CARTESIAN_POINT('',(130.250516,-75.51972,0.));
#8787 = VECTOR('',#8788,1.);
#8788 = DIRECTION('',(0.,0.,1.));
#8789 = ORIENTED_EDGE('',*,*,#2209,.F.);
#8790 = CYLINDRICAL_SURFACE('',#8791,0.499989885034);
#8791 = AXIS2_PLACEMENT_3D('',#8792,#8793,#8794);
#8792 = CARTESIAN_POINT('',(129.80001111496,-75.30284392086,0.));
#8793 = DIRECTION('',(0.,0.,-1.));
#8794 = DIRECTION('',(0.999999999993,3.841811363674E-06,0.));
#8795 = ADVANCED_FACE('',(#8796),#8807,.F.);
#8796 = FACE_BOUND('',#8797,.T.);
#8797 = EDGE_LOOP('',(#8798,#8804,#8805,#8806));
#8798 = ORIENTED_EDGE('',*,*,#8799,.T.);
#8799 = EDGE_CURVE('',#2131,#4674,#8800,.T.);
#8800 = LINE('',#8801,#8802);
#8801 = CARTESIAN_POINT('',(133.749484,-73.68028,0.));
#8802 = VECTOR('',#8803,1.);
#8803 = DIRECTION('',(0.,0.,1.));
#8804 = ORIENTED_EDGE('',*,*,#4673,.T.);
#8805 = ORIENTED_EDGE('',*,*,#8765,.F.);
#8806 = ORIENTED_EDGE('',*,*,#2130,.F.);
#8807 = CYLINDRICAL_SURFACE('',#8808,0.4999991191);
#8808 = AXIS2_PLACEMENT_3D('',#8809,#8810,#8811);
#8809 = CARTESIAN_POINT('',(133.29896999978,-73.46340156697,0.));
#8810 = DIRECTION('',(-0.,-0.,-1.));
#8811 = DIRECTION('',(0.901029587867,-0.433757630236,0.));
#8812 = ADVANCED_FACE('',(#8813),#8824,.F.);
#8813 = FACE_BOUND('',#8814,.T.);
#8814 = EDGE_LOOP('',(#8815,#8816,#8817,#8823));
#8815 = ORIENTED_EDGE('',*,*,#8784,.T.);
#8816 = ORIENTED_EDGE('',*,*,#4743,.T.);
#8817 = ORIENTED_EDGE('',*,*,#8818,.F.);
#8818 = EDGE_CURVE('',#2192,#4735,#8819,.T.);
#8819 = LINE('',#8820,#8821);
#8820 = CARTESIAN_POINT('',(130.953289,-76.168297,0.));
#8821 = VECTOR('',#8822,1.);
#8822 = DIRECTION('',(0.,0.,1.));
#8823 = ORIENTED_EDGE('',*,*,#2200,.F.);
#8824 = CYLINDRICAL_SURFACE('',#8825,0.499999092786);
#8825 = AXIS2_PLACEMENT_3D('',#8826,#8827,#8828);
#8826 = CARTESIAN_POINT('',(130.70103060898,-75.73659710777,0.));
#8827 = DIRECTION('',(-0.,-0.,-1.));
#8828 = DIRECTION('',(-0.901030852831,0.43375500256,0.));
#8829 = ADVANCED_FACE('',(#8830),#8841,.T.);
#8830 = FACE_BOUND('',#8831,.T.);
#8831 = EDGE_LOOP('',(#8832,#8838,#8839,#8840));
#8832 = ORIENTED_EDGE('',*,*,#8833,.T.);
#8833 = EDGE_CURVE('',#2140,#4683,#8834,.T.);
#8834 = LINE('',#8835,#8836);
#8835 = CARTESIAN_POINT('',(133.699999,-73.897157,0.));
#8836 = VECTOR('',#8837,1.);
#8837 = DIRECTION('',(0.,0.,1.));
#8838 = ORIENTED_EDGE('',*,*,#4682,.T.);
#8839 = ORIENTED_EDGE('',*,*,#8799,.F.);
#8840 = ORIENTED_EDGE('',*,*,#2139,.F.);
#8841 = CYLINDRICAL_SURFACE('',#8842,0.500027821847);
#8842 = AXIS2_PLACEMENT_3D('',#8843,#8844,#8845);
#8843 = CARTESIAN_POINT('',(134.20002682178,-73.89716473518,0.));
#8844 = DIRECTION('',(0.,0.,-1.));
#8845 = DIRECTION('',(-0.99999999988,1.546951321432E-05,0.));
#8846 = ADVANCED_FACE('',(#8847),#8858,.T.);
#8847 = FACE_BOUND('',#8848,.T.);
#8848 = EDGE_LOOP('',(#8849,#8850,#8851,#8857));
#8849 = ORIENTED_EDGE('',*,*,#8818,.T.);
#8850 = ORIENTED_EDGE('',*,*,#4734,.T.);
#8851 = ORIENTED_EDGE('',*,*,#8852,.F.);
#8852 = EDGE_CURVE('',#2184,#4727,#8853,.T.);
#8853 = LINE('',#8854,#8855);
#8854 = CARTESIAN_POINT('',(131.205548,-76.1,0.));
#8855 = VECTOR('',#8856,1.);
#8856 = DIRECTION('',(0.,0.,1.));
#8857 = ORIENTED_EDGE('',*,*,#2191,.F.);
#8858 = CYLINDRICAL_SURFACE('',#8859,0.500040834725);
#8859 = AXIS2_PLACEMENT_3D('',#8860,#8861,#8862);
#8860 = CARTESIAN_POINT('',(131.20555492637,-76.60004083467,0.));
#8861 = DIRECTION('',(0.,0.,-1.));
#8862 = DIRECTION('',(-0.50449065128,0.86341715455,0.));
#8863 = ADVANCED_FACE('',(#8864),#8875,.T.);
#8864 = FACE_BOUND('',#8865,.T.);
#8865 = EDGE_LOOP('',(#8866,#8872,#8873,#8874));
#8866 = ORIENTED_EDGE('',*,*,#8867,.T.);
#8867 = EDGE_CURVE('',#2149,#4692,#8868,.T.);
#8868 = LINE('',#8869,#8870);
#8869 = CARTESIAN_POINT('',(133.699999,-75.302842,0.));
#8870 = VECTOR('',#8871,1.);
#8871 = DIRECTION('',(0.,0.,1.));
#8872 = ORIENTED_EDGE('',*,*,#4691,.T.);
#8873 = ORIENTED_EDGE('',*,*,#8833,.F.);
#8874 = ORIENTED_EDGE('',*,*,#2148,.F.);
#8875 = PLANE('',#8876);
#8876 = AXIS2_PLACEMENT_3D('',#8877,#8878,#8879);
#8877 = CARTESIAN_POINT('',(133.699999,-75.302842,0.));
#8878 = DIRECTION('',(-1.,0.,0.));
#8879 = DIRECTION('',(0.,1.,0.));
#8880 = ADVANCED_FACE('',(#8881),#8892,.T.);
#8881 = FACE_BOUND('',#8882,.T.);
#8882 = EDGE_LOOP('',(#8883,#8884,#8885,#8891));
#8883 = ORIENTED_EDGE('',*,*,#8852,.T.);
#8884 = ORIENTED_EDGE('',*,*,#4726,.T.);
#8885 = ORIENTED_EDGE('',*,*,#8886,.F.);
#8886 = EDGE_CURVE('',#2175,#4718,#8887,.T.);
#8887 = LINE('',#8888,#8889);
#8888 = CARTESIAN_POINT('',(132.794452,-76.1,0.));
#8889 = VECTOR('',#8890,1.);
#8890 = DIRECTION('',(0.,0.,1.));
#8891 = ORIENTED_EDGE('',*,*,#2183,.F.);
#8892 = PLANE('',#8893);
#8893 = AXIS2_PLACEMENT_3D('',#8894,#8895,#8896);
#8894 = CARTESIAN_POINT('',(131.205548,-76.1,0.));
#8895 = DIRECTION('',(0.,1.,0.));
#8896 = DIRECTION('',(1.,0.,0.));
#8897 = ADVANCED_FACE('',(#8898),#8909,.T.);
#8898 = FACE_BOUND('',#8899,.T.);
#8899 = EDGE_LOOP('',(#8900,#8906,#8907,#8908));
#8900 = ORIENTED_EDGE('',*,*,#8901,.T.);
#8901 = EDGE_CURVE('',#2157,#4700,#8902,.T.);
#8902 = LINE('',#8903,#8904);
#8903 = CARTESIAN_POINT('',(133.749484,-75.519719,0.));
#8904 = VECTOR('',#8905,1.);
#8905 = DIRECTION('',(0.,0.,1.));
#8906 = ORIENTED_EDGE('',*,*,#4699,.T.);
#8907 = ORIENTED_EDGE('',*,*,#8867,.F.);
#8908 = ORIENTED_EDGE('',*,*,#2156,.F.);
#8909 = CYLINDRICAL_SURFACE('',#8910,0.49966931686);
#8910 = AXIS2_PLACEMENT_3D('',#8911,#8912,#8913);
#8911 = CARTESIAN_POINT('',(134.19966831137,-75.30291606642,0.));
#8912 = DIRECTION('',(0.,0.,-1.));
#8913 = DIRECTION('',(-0.900964490274,-0.433892829239,-0.));
#8914 = ADVANCED_FACE('',(#8915),#8926,.T.);
#8915 = FACE_BOUND('',#8916,.T.);
#8916 = EDGE_LOOP('',(#8917,#8918,#8919,#8925));
#8917 = ORIENTED_EDGE('',*,*,#8886,.T.);
#8918 = ORIENTED_EDGE('',*,*,#4717,.T.);
#8919 = ORIENTED_EDGE('',*,*,#8920,.F.);
#8920 = EDGE_CURVE('',#2166,#4709,#8921,.T.);
#8921 = LINE('',#8922,#8923);
#8922 = CARTESIAN_POINT('',(133.046711,-76.168299,0.));
#8923 = VECTOR('',#8924,1.);
#8924 = DIRECTION('',(0.,0.,1.));
#8925 = ORIENTED_EDGE('',*,*,#2174,.F.);
#8926 = CYLINDRICAL_SURFACE('',#8927,0.500008729226);
#8927 = AXIS2_PLACEMENT_3D('',#8928,#8929,#8930);
#8928 = CARTESIAN_POINT('',(132.79445034314,-76.60000872922,0.));
#8929 = DIRECTION('',(0.,0.,-1.));
#8930 = DIRECTION('',(3.313649373872E-06,0.999999999995,0.));
#8931 = ADVANCED_FACE('',(#8932),#8938,.F.);
#8932 = FACE_BOUND('',#8933,.T.);
#8933 = EDGE_LOOP('',(#8934,#8935,#8936,#8937));
#8934 = ORIENTED_EDGE('',*,*,#8920,.T.);
#8935 = ORIENTED_EDGE('',*,*,#4708,.T.);
#8936 = ORIENTED_EDGE('',*,*,#8901,.F.);
#8937 = ORIENTED_EDGE('',*,*,#2165,.F.);
#8938 = CYLINDRICAL_SURFACE('',#8939,0.499999755443);
#8939 = AXIS2_PLACEMENT_3D('',#8940,#8941,#8942);
#8940 = CARTESIAN_POINT('',(133.29896986309,-75.73659861613,0.));
#8941 = DIRECTION('',(-0.,-0.,-1.));
#8942 = DIRECTION('',(-0.504517972959,-0.863401190039,0.));
#8943 = ADVANCED_FACE('',(#8944),#8955,.F.);
#8944 = FACE_BOUND('',#8945,.T.);
#8945 = EDGE_LOOP('',(#8946,#8947,#8953,#8954));
#8946 = ORIENTED_EDGE('',*,*,#2235,.T.);
#8947 = ORIENTED_EDGE('',*,*,#8948,.T.);
#8948 = EDGE_CURVE('',#2236,#4779,#8949,.T.);
#8949 = LINE('',#8950,#8951);
#8950 = CARTESIAN_POINT('',(147.,-89.4,-4.6E-02));
#8951 = VECTOR('',#8952,1.);
#8952 = DIRECTION('',(0.,0.,1.));
#8953 = ORIENTED_EDGE('',*,*,#4778,.F.);
#8954 = ORIENTED_EDGE('',*,*,#8948,.F.);
#8955 = CYLINDRICAL_SURFACE('',#8956,0.4);
#8956 = AXIS2_PLACEMENT_3D('',#8957,#8958,#8959);
#8957 = CARTESIAN_POINT('',(147.,-89.,-4.6E-02));
#8958 = DIRECTION('',(-0.,-0.,-1.));
#8959 = DIRECTION('',(-0.,-1.,0.));
#8960 = ADVANCED_FACE('',(#8961),#8972,.F.);
#8961 = FACE_BOUND('',#8962,.T.);
#8962 = EDGE_LOOP('',(#8963,#8964,#8970,#8971));
#8963 = ORIENTED_EDGE('',*,*,#2246,.T.);
#8964 = ORIENTED_EDGE('',*,*,#8965,.T.);
#8965 = EDGE_CURVE('',#2247,#4790,#8966,.T.);
#8966 = LINE('',#8967,#8968);
#8967 = CARTESIAN_POINT('',(148.5,-85.25,-4.6E-02));
#8968 = VECTOR('',#8969,1.);
#8969 = DIRECTION('',(0.,0.,1.));
#8970 = ORIENTED_EDGE('',*,*,#4789,.F.);
#8971 = ORIENTED_EDGE('',*,*,#8965,.F.);
#8972 = CYLINDRICAL_SURFACE('',#8973,0.75);
#8973 = AXIS2_PLACEMENT_3D('',#8974,#8975,#8976);
#8974 = CARTESIAN_POINT('',(148.5,-84.5,-4.6E-02));
#8975 = DIRECTION('',(-0.,-0.,-1.));
#8976 = DIRECTION('',(-0.,-1.,0.));
#8977 = ADVANCED_FACE('',(#8978),#8989,.F.);
#8978 = FACE_BOUND('',#8979,.T.);
#8979 = EDGE_LOOP('',(#8980,#8981,#8987,#8988));
#8980 = ORIENTED_EDGE('',*,*,#2257,.T.);
#8981 = ORIENTED_EDGE('',*,*,#8982,.T.);
#8982 = EDGE_CURVE('',#2258,#4801,#8983,.T.);
#8983 = LINE('',#8984,#8985);
#8984 = CARTESIAN_POINT('',(154.62,-89.4,-4.6E-02));
#8985 = VECTOR('',#8986,1.);
#8986 = DIRECTION('',(0.,0.,1.));
#8987 = ORIENTED_EDGE('',*,*,#4800,.F.);
#8988 = ORIENTED_EDGE('',*,*,#8982,.F.);
#8989 = CYLINDRICAL_SURFACE('',#8990,0.4);
#8990 = AXIS2_PLACEMENT_3D('',#8991,#8992,#8993);
#8991 = CARTESIAN_POINT('',(154.62,-89.,-4.6E-02));
#8992 = DIRECTION('',(-0.,-0.,-1.));
#8993 = DIRECTION('',(-0.,-1.,0.));
#8994 = ADVANCED_FACE('',(#8995),#9006,.F.);
#8995 = FACE_BOUND('',#8996,.T.);
#8996 = EDGE_LOOP('',(#8997,#8998,#9004,#9005));
#8997 = ORIENTED_EDGE('',*,*,#2268,.T.);
#8998 = ORIENTED_EDGE('',*,*,#8999,.T.);
#8999 = EDGE_CURVE('',#2269,#4812,#9000,.T.);
#9000 = LINE('',#9001,#9002);
#9001 = CARTESIAN_POINT('',(154.85,-82.71,-4.6E-02));
#9002 = VECTOR('',#9003,1.);
#9003 = DIRECTION('',(0.,0.,1.));
#9004 = ORIENTED_EDGE('',*,*,#4811,.F.);
#9005 = ORIENTED_EDGE('',*,*,#8999,.F.);
#9006 = CYLINDRICAL_SURFACE('',#9007,0.75);
#9007 = AXIS2_PLACEMENT_3D('',#9008,#9009,#9010);
#9008 = CARTESIAN_POINT('',(154.85,-81.96,-4.6E-02));
#9009 = DIRECTION('',(-0.,-0.,-1.));
#9010 = DIRECTION('',(-0.,-1.,0.));
#9011 = ADVANCED_FACE('',(#9012),#9023,.F.);
#9012 = FACE_BOUND('',#9013,.T.);
#9013 = EDGE_LOOP('',(#9014,#9015,#9021,#9022));
#9014 = ORIENTED_EDGE('',*,*,#2279,.T.);
#9015 = ORIENTED_EDGE('',*,*,#9016,.T.);
#9016 = EDGE_CURVE('',#2280,#4823,#9017,.T.);
#9017 = LINE('',#9018,#9019);
#9018 = CARTESIAN_POINT('',(145.96,-80.27,-4.6E-02));
#9019 = VECTOR('',#9020,1.);
#9020 = DIRECTION('',(0.,0.,1.));
#9021 = ORIENTED_EDGE('',*,*,#4822,.F.);
#9022 = ORIENTED_EDGE('',*,*,#9016,.F.);
#9023 = CYLINDRICAL_SURFACE('',#9024,0.85);
#9024 = AXIS2_PLACEMENT_3D('',#9025,#9026,#9027);
#9025 = CARTESIAN_POINT('',(145.96,-79.42,-4.6E-02));
#9026 = DIRECTION('',(-0.,-0.,-1.));
#9027 = DIRECTION('',(-0.,-1.,0.));
#9028 = ADVANCED_FACE('',(#9029),#9040,.F.);
#9029 = FACE_BOUND('',#9030,.T.);
#9030 = EDGE_LOOP('',(#9031,#9032,#9038,#9039));
#9031 = ORIENTED_EDGE('',*,*,#2290,.T.);
#9032 = ORIENTED_EDGE('',*,*,#9033,.T.);
#9033 = EDGE_CURVE('',#2291,#4834,#9034,.T.);
#9034 = LINE('',#9035,#9036);
#9035 = CARTESIAN_POINT('',(151.04,-81.42,-4.6E-02));
#9036 = VECTOR('',#9037,1.);
#9037 = DIRECTION('',(0.,0.,1.));
#9038 = ORIENTED_EDGE('',*,*,#4833,.F.);
#9039 = ORIENTED_EDGE('',*,*,#9033,.F.);
#9040 = CYLINDRICAL_SURFACE('',#9041,2.);
#9041 = AXIS2_PLACEMENT_3D('',#9042,#9043,#9044);
#9042 = CARTESIAN_POINT('',(151.04,-79.42,-4.6E-02));
#9043 = DIRECTION('',(-0.,-0.,-1.));
#9044 = DIRECTION('',(-0.,-1.,0.));
#9045 = ADVANCED_FACE('',(#9046),#9062,.F.);
#9046 = FACE_BOUND('',#9047,.T.);
#9047 = EDGE_LOOP('',(#9048,#9054,#9055,#9061));
#9048 = ORIENTED_EDGE('',*,*,#9049,.T.);
#9049 = EDGE_CURVE('',#2302,#4845,#9050,.T.);
#9050 = LINE('',#9051,#9052);
#9051 = CARTESIAN_POINT('',(152.749484,-73.68028,0.));
#9052 = VECTOR('',#9053,1.);
#9053 = DIRECTION('',(0.,0.,1.));
#9054 = ORIENTED_EDGE('',*,*,#4844,.T.);
#9055 = ORIENTED_EDGE('',*,*,#9056,.F.);
#9056 = EDGE_CURVE('',#2304,#4847,#9057,.T.);
#9057 = LINE('',#9058,#9059);
#9058 = CARTESIAN_POINT('',(152.046711,-73.031702,0.));
#9059 = VECTOR('',#9060,1.);
#9060 = DIRECTION('',(0.,0.,1.));
#9061 = ORIENTED_EDGE('',*,*,#2301,.F.);
#9062 = CYLINDRICAL_SURFACE('',#9063,0.4999991191);
#9063 = AXIS2_PLACEMENT_3D('',#9064,#9065,#9066);
#9064 = CARTESIAN_POINT('',(152.29896999978,-73.46340156697,0.));
#9065 = DIRECTION('',(-0.,-0.,-1.));
#9066 = DIRECTION('',(0.901029587867,-0.433757630236,0.));
#9067 = ADVANCED_FACE('',(#9068),#9079,.T.);
#9068 = FACE_BOUND('',#9069,.T.);
#9069 = EDGE_LOOP('',(#9070,#9076,#9077,#9078));
#9070 = ORIENTED_EDGE('',*,*,#9071,.T.);
#9071 = EDGE_CURVE('',#2313,#4856,#9072,.T.);
#9072 = LINE('',#9073,#9074);
#9073 = CARTESIAN_POINT('',(152.699999,-73.897157,0.));
#9074 = VECTOR('',#9075,1.);
#9075 = DIRECTION('',(0.,0.,1.));
#9076 = ORIENTED_EDGE('',*,*,#4855,.T.);
#9077 = ORIENTED_EDGE('',*,*,#9049,.F.);
#9078 = ORIENTED_EDGE('',*,*,#2312,.F.);
#9079 = CYLINDRICAL_SURFACE('',#9080,0.500027821847);
#9080 = AXIS2_PLACEMENT_3D('',#9081,#9082,#9083);
#9081 = CARTESIAN_POINT('',(153.20002682178,-73.89716473518,0.));
#9082 = DIRECTION('',(0.,0.,-1.));
#9083 = DIRECTION('',(-0.99999999988,1.546951321432E-05,0.));
#9084 = ADVANCED_FACE('',(#9085),#9096,.T.);
#9085 = FACE_BOUND('',#9086,.T.);
#9086 = EDGE_LOOP('',(#9087,#9088,#9089,#9095));
#9087 = ORIENTED_EDGE('',*,*,#9056,.T.);
#9088 = ORIENTED_EDGE('',*,*,#4977,.T.);
#9089 = ORIENTED_EDGE('',*,*,#9090,.F.);
#9090 = EDGE_CURVE('',#2427,#4970,#9091,.T.);
#9091 = LINE('',#9092,#9093);
#9092 = CARTESIAN_POINT('',(151.794453,-73.100001,0.));
#9093 = VECTOR('',#9094,1.);
#9094 = DIRECTION('',(0.,0.,1.));
#9095 = ORIENTED_EDGE('',*,*,#2434,.F.);
#9096 = CYLINDRICAL_SURFACE('',#9097,0.500008729288);
#9097 = AXIS2_PLACEMENT_3D('',#9098,#9099,#9100);
#9098 = CARTESIAN_POINT('',(151.79445034312,-72.59999227071,0.));
#9099 = DIRECTION('',(0.,0.,-1.));
#9100 = DIRECTION('',(0.504512505685,-0.863404384751,0.));
#9101 = ADVANCED_FACE('',(#9102),#9113,.T.);
#9102 = FACE_BOUND('',#9103,.T.);
#9103 = EDGE_LOOP('',(#9104,#9110,#9111,#9112));
#9104 = ORIENTED_EDGE('',*,*,#9105,.T.);
#9105 = EDGE_CURVE('',#2322,#4865,#9106,.T.);
#9106 = LINE('',#9107,#9108);
#9107 = CARTESIAN_POINT('',(152.699999,-75.302842,0.));
#9108 = VECTOR('',#9109,1.);
#9109 = DIRECTION('',(0.,0.,1.));
#9110 = ORIENTED_EDGE('',*,*,#4864,.T.);
#9111 = ORIENTED_EDGE('',*,*,#9071,.F.);
#9112 = ORIENTED_EDGE('',*,*,#2321,.F.);
#9113 = PLANE('',#9114);
#9114 = AXIS2_PLACEMENT_3D('',#9115,#9116,#9117);
#9115 = CARTESIAN_POINT('',(152.699999,-75.302842,0.));
#9116 = DIRECTION('',(-1.,0.,0.));
#9117 = DIRECTION('',(0.,1.,0.));
#9118 = ADVANCED_FACE('',(#9119),#9130,.T.);
#9119 = FACE_BOUND('',#9120,.T.);
#9120 = EDGE_LOOP('',(#9121,#9122,#9123,#9129));
#9121 = ORIENTED_EDGE('',*,*,#9090,.T.);
#9122 = ORIENTED_EDGE('',*,*,#4969,.T.);
#9123 = ORIENTED_EDGE('',*,*,#9124,.F.);
#9124 = EDGE_CURVE('',#2418,#4961,#9125,.T.);
#9125 = LINE('',#9126,#9127);
#9126 = CARTESIAN_POINT('',(150.205547,-73.1,0.));
#9127 = VECTOR('',#9128,1.);
#9128 = DIRECTION('',(0.,0.,1.));
#9129 = ORIENTED_EDGE('',*,*,#2426,.F.);
#9130 = PLANE('',#9131);
#9131 = AXIS2_PLACEMENT_3D('',#9132,#9133,#9134);
#9132 = CARTESIAN_POINT('',(151.794453,-73.100001,0.));
#9133 = DIRECTION('',(-6.293638589608E-07,-1.,0.));
#9134 = DIRECTION('',(-1.,6.293638589608E-07,0.));
#9135 = ADVANCED_FACE('',(#9136),#9147,.T.);
#9136 = FACE_BOUND('',#9137,.T.);
#9137 = EDGE_LOOP('',(#9138,#9144,#9145,#9146));
#9138 = ORIENTED_EDGE('',*,*,#9139,.T.);
#9139 = EDGE_CURVE('',#2330,#4873,#9140,.T.);
#9140 = LINE('',#9141,#9142);
#9141 = CARTESIAN_POINT('',(152.749484,-75.51972,0.));
#9142 = VECTOR('',#9143,1.);
#9143 = DIRECTION('',(0.,0.,1.));
#9144 = ORIENTED_EDGE('',*,*,#4872,.T.);
#9145 = ORIENTED_EDGE('',*,*,#9105,.F.);
#9146 = ORIENTED_EDGE('',*,*,#2329,.F.);
#9147 = CYLINDRICAL_SURFACE('',#9148,0.499677963726);
#9148 = AXIS2_PLACEMENT_3D('',#9149,#9150,#9151);
#9149 = CARTESIAN_POINT('',(153.19967695838,-75.30291509309,0.));
#9150 = DIRECTION('',(0.,0.,-1.));
#9151 = DIRECTION('',(-0.900966204359,-0.43388926998,-0.));
#9152 = ADVANCED_FACE('',(#9153),#9164,.T.);
#9153 = FACE_BOUND('',#9154,.T.);
#9154 = EDGE_LOOP('',(#9155,#9156,#9157,#9163));
#9155 = ORIENTED_EDGE('',*,*,#9124,.T.);
#9156 = ORIENTED_EDGE('',*,*,#4960,.T.);
#9157 = ORIENTED_EDGE('',*,*,#9158,.F.);
#9158 = EDGE_CURVE('',#2409,#4952,#9159,.T.);
#9159 = LINE('',#9160,#9161);
#9160 = CARTESIAN_POINT('',(149.953289,-73.031701,0.));
#9161 = VECTOR('',#9162,1.);
#9162 = DIRECTION('',(0.,0.,1.));
#9163 = ORIENTED_EDGE('',*,*,#2417,.F.);
#9164 = CYLINDRICAL_SURFACE('',#9165,0.500008729288);
#9165 = AXIS2_PLACEMENT_3D('',#9166,#9167,#9168);
#9166 = CARTESIAN_POINT('',(150.20554965687,-72.59999127071,0.));
#9167 = DIRECTION('',(0.,0.,-1.));
#9168 = DIRECTION('',(-5.313662654248E-06,-0.999999999986,-0.));
#9169 = ADVANCED_FACE('',(#9170),#9181,.F.);
#9170 = FACE_BOUND('',#9171,.T.);
#9171 = EDGE_LOOP('',(#9172,#9178,#9179,#9180));
#9172 = ORIENTED_EDGE('',*,*,#9173,.T.);
#9173 = EDGE_CURVE('',#2339,#4882,#9174,.T.);
#9174 = LINE('',#9175,#9176);
#9175 = CARTESIAN_POINT('',(152.046711,-76.168299,0.));
#9176 = VECTOR('',#9177,1.);
#9177 = DIRECTION('',(0.,0.,1.));
#9178 = ORIENTED_EDGE('',*,*,#4881,.T.);
#9179 = ORIENTED_EDGE('',*,*,#9139,.F.);
#9180 = ORIENTED_EDGE('',*,*,#2338,.F.);
#9181 = CYLINDRICAL_SURFACE('',#9182,0.499999448976);
#9182 = AXIS2_PLACEMENT_3D('',#9183,#9184,#9185);
#9183 = CARTESIAN_POINT('',(152.29896990428,-75.73659899515,0.));
#9184 = DIRECTION('',(-0.,-0.,-1.));
#9185 = DIRECTION('',(-0.504518364574,-0.863400961204,0.));
#9186 = ADVANCED_FACE('',(#9187),#9198,.F.);
#9187 = FACE_BOUND('',#9188,.T.);
#9188 = EDGE_LOOP('',(#9189,#9190,#9191,#9197));
#9189 = ORIENTED_EDGE('',*,*,#9158,.T.);
#9190 = ORIENTED_EDGE('',*,*,#4951,.T.);
#9191 = ORIENTED_EDGE('',*,*,#9192,.F.);
#9192 = EDGE_CURVE('',#2400,#4943,#9193,.T.);
#9193 = LINE('',#9194,#9195);
#9194 = CARTESIAN_POINT('',(149.250516,-73.68028,0.));
#9195 = VECTOR('',#9196,1.);
#9196 = DIRECTION('',(0.,0.,1.));
#9197 = ORIENTED_EDGE('',*,*,#2408,.F.);
#9198 = CYLINDRICAL_SURFACE('',#9199,0.499999729127);
#9199 = AXIS2_PLACEMENT_3D('',#9200,#9201,#9202);
#9200 = CARTESIAN_POINT('',(149.70103074567,-73.46340170911,0.));
#9201 = DIRECTION('',(-0.,-0.,-1.));
#9202 = DIRECTION('',(0.504516781969,0.863401885979,-0.));
#9203 = ADVANCED_FACE('',(#9204),#9215,.T.);
#9204 = FACE_BOUND('',#9205,.T.);
#9205 = EDGE_LOOP('',(#9206,#9212,#9213,#9214));
#9206 = ORIENTED_EDGE('',*,*,#9207,.T.);
#9207 = EDGE_CURVE('',#2348,#4891,#9208,.T.);
#9208 = LINE('',#9209,#9210);
#9209 = CARTESIAN_POINT('',(151.794452,-76.1,0.));
#9210 = VECTOR('',#9211,1.);
#9211 = DIRECTION('',(0.,0.,1.));
#9212 = ORIENTED_EDGE('',*,*,#4890,.T.);
#9213 = ORIENTED_EDGE('',*,*,#9173,.F.);
#9214 = ORIENTED_EDGE('',*,*,#2347,.F.);
#9215 = CYLINDRICAL_SURFACE('',#9216,0.500008729226);
#9216 = AXIS2_PLACEMENT_3D('',#9217,#9218,#9219);
#9217 = CARTESIAN_POINT('',(151.79445034314,-76.60000872922,0.));
#9218 = DIRECTION('',(0.,0.,-1.));
#9219 = DIRECTION('',(3.313649373872E-06,0.999999999995,0.));
#9220 = ADVANCED_FACE('',(#9221),#9232,.T.);
#9221 = FACE_BOUND('',#9222,.T.);
#9222 = EDGE_LOOP('',(#9223,#9224,#9225,#9231));
#9223 = ORIENTED_EDGE('',*,*,#9192,.T.);
#9224 = ORIENTED_EDGE('',*,*,#4942,.T.);
#9225 = ORIENTED_EDGE('',*,*,#9226,.F.);
#9226 = EDGE_CURVE('',#2392,#4935,#9227,.T.);
#9227 = LINE('',#9228,#9229);
#9228 = CARTESIAN_POINT('',(149.300001,-73.897158,0.));
#9229 = VECTOR('',#9230,1.);
#9230 = DIRECTION('',(0.,0.,1.));
#9231 = ORIENTED_EDGE('',*,*,#2399,.F.);
#9232 = CYLINDRICAL_SURFACE('',#9233,0.499989885034);
#9233 = AXIS2_PLACEMENT_3D('',#9234,#9235,#9236);
#9234 = CARTESIAN_POINT('',(148.80001111496,-73.89715607913,0.));
#9235 = DIRECTION('',(0.,0.,-1.));
#9236 = DIRECTION('',(0.901027997796,0.43376093322,0.));
#9237 = ADVANCED_FACE('',(#9238),#9249,.T.);
#9238 = FACE_BOUND('',#9239,.T.);
#9239 = EDGE_LOOP('',(#9240,#9246,#9247,#9248));
#9240 = ORIENTED_EDGE('',*,*,#9241,.T.);
#9241 = EDGE_CURVE('',#2357,#4900,#9242,.T.);
#9242 = LINE('',#9243,#9244);
#9243 = CARTESIAN_POINT('',(150.205548,-76.1,0.));
#9244 = VECTOR('',#9245,1.);
#9245 = DIRECTION('',(0.,0.,1.));
#9246 = ORIENTED_EDGE('',*,*,#4899,.T.);
#9247 = ORIENTED_EDGE('',*,*,#9207,.F.);
#9248 = ORIENTED_EDGE('',*,*,#2356,.F.);
#9249 = PLANE('',#9250);
#9250 = AXIS2_PLACEMENT_3D('',#9251,#9252,#9253);
#9251 = CARTESIAN_POINT('',(150.205548,-76.1,0.));
#9252 = DIRECTION('',(0.,1.,0.));
#9253 = DIRECTION('',(1.,0.,0.));
#9254 = ADVANCED_FACE('',(#9255),#9266,.T.);
#9255 = FACE_BOUND('',#9256,.T.);
#9256 = EDGE_LOOP('',(#9257,#9258,#9259,#9265));
#9257 = ORIENTED_EDGE('',*,*,#9226,.T.);
#9258 = ORIENTED_EDGE('',*,*,#4934,.T.);
#9259 = ORIENTED_EDGE('',*,*,#9260,.F.);
#9260 = EDGE_CURVE('',#2383,#4926,#9261,.T.);
#9261 = LINE('',#9262,#9263);
#9262 = CARTESIAN_POINT('',(149.300001,-75.302842,0.));
#9263 = VECTOR('',#9264,1.);
#9264 = DIRECTION('',(0.,0.,1.));
#9265 = ORIENTED_EDGE('',*,*,#2391,.F.);
#9266 = PLANE('',#9267);
#9267 = AXIS2_PLACEMENT_3D('',#9268,#9269,#9270);
#9268 = CARTESIAN_POINT('',(149.300001,-73.897158,0.));
#9269 = DIRECTION('',(1.,0.,-0.));
#9270 = DIRECTION('',(0.,-1.,0.));
#9271 = ADVANCED_FACE('',(#9272),#9283,.T.);
#9272 = FACE_BOUND('',#9273,.T.);
#9273 = EDGE_LOOP('',(#9274,#9280,#9281,#9282));
#9274 = ORIENTED_EDGE('',*,*,#9275,.T.);
#9275 = EDGE_CURVE('',#2365,#4908,#9276,.T.);
#9276 = LINE('',#9277,#9278);
#9277 = CARTESIAN_POINT('',(149.95329,-76.168299,0.));
#9278 = VECTOR('',#9279,1.);
#9279 = DIRECTION('',(0.,0.,1.));
#9280 = ORIENTED_EDGE('',*,*,#4907,.T.);
#9281 = ORIENTED_EDGE('',*,*,#9241,.F.);
#9282 = ORIENTED_EDGE('',*,*,#2364,.F.);
#9283 = CYLINDRICAL_SURFACE('',#9284,0.500008729288);
#9284 = AXIS2_PLACEMENT_3D('',#9285,#9286,#9287);
#9285 = CARTESIAN_POINT('',(150.20555065687,-76.60000872928,0.));
#9286 = DIRECTION('',(0.,0.,-1.));
#9287 = DIRECTION('',(-0.504512505685,0.863404384751,0.));
#9288 = ADVANCED_FACE('',(#9289),#9300,.T.);
#9289 = FACE_BOUND('',#9290,.T.);
#9290 = EDGE_LOOP('',(#9291,#9292,#9293,#9299));
#9291 = ORIENTED_EDGE('',*,*,#9260,.T.);
#9292 = ORIENTED_EDGE('',*,*,#4925,.T.);
#9293 = ORIENTED_EDGE('',*,*,#9294,.F.);
#9294 = EDGE_CURVE('',#2374,#4917,#9295,.T.);
#9295 = LINE('',#9296,#9297);
#9296 = CARTESIAN_POINT('',(149.250516,-75.51972,0.));
#9297 = VECTOR('',#9298,1.);
#9298 = DIRECTION('',(0.,0.,1.));
#9299 = ORIENTED_EDGE('',*,*,#2382,.F.);
#9300 = CYLINDRICAL_SURFACE('',#9301,0.499989885034);
#9301 = AXIS2_PLACEMENT_3D('',#9302,#9303,#9304);
#9302 = CARTESIAN_POINT('',(148.80001111496,-75.30284392086,0.));
#9303 = DIRECTION('',(0.,0.,-1.));
#9304 = DIRECTION('',(0.999999999993,3.841811363674E-06,0.));
#9305 = ADVANCED_FACE('',(#9306),#9312,.F.);
#9306 = FACE_BOUND('',#9307,.T.);
#9307 = EDGE_LOOP('',(#9308,#9309,#9310,#9311));
#9308 = ORIENTED_EDGE('',*,*,#9294,.T.);
#9309 = ORIENTED_EDGE('',*,*,#4916,.T.);
#9310 = ORIENTED_EDGE('',*,*,#9275,.F.);
#9311 = ORIENTED_EDGE('',*,*,#2373,.F.);
#9312 = CYLINDRICAL_SURFACE('',#9313,0.500000669307);
#9313 = AXIS2_PLACEMENT_3D('',#9314,#9315,#9316);
#9314 = CARTESIAN_POINT('',(149.7010325355,-75.73659674043,0.));
#9315 = DIRECTION('',(-0.,-0.,-1.));
#9316 = DIRECTION('',(-0.901031864884,0.433752900236,0.));
#9317 = ADVANCED_FACE('',(#9318),#9329,.F.);
#9318 = FACE_BOUND('',#9319,.T.);
#9319 = EDGE_LOOP('',(#9320,#9321,#9327,#9328));
#9320 = ORIENTED_EDGE('',*,*,#2443,.T.);
#9321 = ORIENTED_EDGE('',*,*,#9322,.T.);
#9322 = EDGE_CURVE('',#2444,#4987,#9323,.T.);
#9323 = LINE('',#9324,#9325);
#9324 = CARTESIAN_POINT('',(156.12,-80.27,-4.6E-02));
#9325 = VECTOR('',#9326,1.);
#9326 = DIRECTION('',(0.,0.,1.));
#9327 = ORIENTED_EDGE('',*,*,#4986,.F.);
#9328 = ORIENTED_EDGE('',*,*,#9322,.F.);
#9329 = CYLINDRICAL_SURFACE('',#9330,0.85);
#9330 = AXIS2_PLACEMENT_3D('',#9331,#9332,#9333);
#9331 = CARTESIAN_POINT('',(156.12,-79.42,-4.6E-02));
#9332 = DIRECTION('',(-0.,-0.,-1.));
#9333 = DIRECTION('',(-0.,-1.,0.));
#9334 = ADVANCED_FACE('',(#9335),#9346,.F.);
#9335 = FACE_BOUND('',#9336,.T.);
#9336 = EDGE_LOOP('',(#9337,#9338,#9344,#9345));
#9337 = ORIENTED_EDGE('',*,*,#2454,.T.);
#9338 = ORIENTED_EDGE('',*,*,#9339,.T.);
#9339 = EDGE_CURVE('',#2455,#4998,#9340,.T.);
#9340 = LINE('',#9341,#9342);
#9341 = CARTESIAN_POINT('',(139.625,-67.62,-4.6E-02));
#9342 = VECTOR('',#9343,1.);
#9343 = DIRECTION('',(0.,0.,1.));
#9344 = ORIENTED_EDGE('',*,*,#4997,.F.);
#9345 = ORIENTED_EDGE('',*,*,#9339,.F.);
#9346 = CYLINDRICAL_SURFACE('',#9347,0.5);
#9347 = AXIS2_PLACEMENT_3D('',#9348,#9349,#9350);
#9348 = CARTESIAN_POINT('',(139.625,-67.12,-4.6E-02));
#9349 = DIRECTION('',(-0.,-0.,-1.));
#9350 = DIRECTION('',(-0.,-1.,0.));
#9351 = ADVANCED_FACE('',(#9352),#9363,.F.);
#9352 = FACE_BOUND('',#9353,.T.);
#9353 = EDGE_LOOP('',(#9354,#9355,#9361,#9362));
#9354 = ORIENTED_EDGE('',*,*,#2465,.T.);
#9355 = ORIENTED_EDGE('',*,*,#9356,.T.);
#9356 = EDGE_CURVE('',#2466,#5009,#9357,.T.);
#9357 = LINE('',#9358,#9359);
#9358 = CARTESIAN_POINT('',(139.625,-65.08,-4.6E-02));
#9359 = VECTOR('',#9360,1.);
#9360 = DIRECTION('',(0.,0.,1.));
#9361 = ORIENTED_EDGE('',*,*,#5008,.F.);
#9362 = ORIENTED_EDGE('',*,*,#9356,.F.);
#9363 = CYLINDRICAL_SURFACE('',#9364,0.5);
#9364 = AXIS2_PLACEMENT_3D('',#9365,#9366,#9367);
#9365 = CARTESIAN_POINT('',(139.625,-64.58,-4.6E-02));
#9366 = DIRECTION('',(-0.,-0.,-1.));
#9367 = DIRECTION('',(-0.,-1.,0.));
#9368 = ADVANCED_FACE('',(#9369),#9380,.F.);
#9369 = FACE_BOUND('',#9370,.T.);
#9370 = EDGE_LOOP('',(#9371,#9372,#9378,#9379));
#9371 = ORIENTED_EDGE('',*,*,#2476,.T.);
#9372 = ORIENTED_EDGE('',*,*,#9373,.T.);
#9373 = EDGE_CURVE('',#2477,#5020,#9374,.T.);
#9374 = LINE('',#9375,#9376);
#9375 = CARTESIAN_POINT('',(139.625,-62.54,-4.6E-02));
#9376 = VECTOR('',#9377,1.);
#9377 = DIRECTION('',(0.,0.,1.));
#9378 = ORIENTED_EDGE('',*,*,#5019,.F.);
#9379 = ORIENTED_EDGE('',*,*,#9373,.F.);
#9380 = CYLINDRICAL_SURFACE('',#9381,0.5);
#9381 = AXIS2_PLACEMENT_3D('',#9382,#9383,#9384);
#9382 = CARTESIAN_POINT('',(139.625,-62.04,-4.6E-02));
#9383 = DIRECTION('',(-0.,-0.,-1.));
#9384 = DIRECTION('',(-0.,-1.,0.));
#9385 = ADVANCED_FACE('',(#9386),#9397,.F.);
#9386 = FACE_BOUND('',#9387,.T.);
#9387 = EDGE_LOOP('',(#9388,#9389,#9395,#9396));
#9388 = ORIENTED_EDGE('',*,*,#2487,.T.);
#9389 = ORIENTED_EDGE('',*,*,#9390,.T.);
#9390 = EDGE_CURVE('',#2488,#5031,#9391,.T.);
#9391 = LINE('',#9392,#9393);
#9392 = CARTESIAN_POINT('',(144.5,-62.5,-4.6E-02));
#9393 = VECTOR('',#9394,1.);
#9394 = DIRECTION('',(0.,0.,1.));
#9395 = ORIENTED_EDGE('',*,*,#5030,.F.);
#9396 = ORIENTED_EDGE('',*,*,#9390,.F.);
#9397 = CYLINDRICAL_SURFACE('',#9398,0.5);
#9398 = AXIS2_PLACEMENT_3D('',#9399,#9400,#9401);
#9399 = CARTESIAN_POINT('',(144.5,-62.,-4.6E-02));
#9400 = DIRECTION('',(-0.,-0.,-1.));
#9401 = DIRECTION('',(-0.,-1.,0.));
#9402 = ADVANCED_FACE('',(#9403),#9414,.F.);
#9403 = FACE_BOUND('',#9404,.T.);
#9404 = EDGE_LOOP('',(#9405,#9406,#9412,#9413));
#9405 = ORIENTED_EDGE('',*,*,#2498,.T.);
#9406 = ORIENTED_EDGE('',*,*,#9407,.T.);
#9407 = EDGE_CURVE('',#2499,#5042,#9408,.T.);
#9408 = LINE('',#9409,#9410);
#9409 = CARTESIAN_POINT('',(139.625,-60.,-4.6E-02));
#9410 = VECTOR('',#9411,1.);
#9411 = DIRECTION('',(0.,0.,1.));
#9412 = ORIENTED_EDGE('',*,*,#5041,.F.);
#9413 = ORIENTED_EDGE('',*,*,#9407,.F.);
#9414 = CYLINDRICAL_SURFACE('',#9415,0.5);
#9415 = AXIS2_PLACEMENT_3D('',#9416,#9417,#9418);
#9416 = CARTESIAN_POINT('',(139.625,-59.5,-4.6E-02));
#9417 = DIRECTION('',(-0.,-0.,-1.));
#9418 = DIRECTION('',(-0.,-1.,0.));
#9419 = ADVANCED_FACE('',(#9420),#9431,.F.);
#9420 = FACE_BOUND('',#9421,.T.);
#9421 = EDGE_LOOP('',(#9422,#9423,#9429,#9430));
#9422 = ORIENTED_EDGE('',*,*,#2509,.T.);
#9423 = ORIENTED_EDGE('',*,*,#9424,.T.);
#9424 = EDGE_CURVE('',#2510,#5053,#9425,.T.);
#9425 = LINE('',#9426,#9427);
#9426 = CARTESIAN_POINT('',(139.625,-57.46,-4.6E-02));
#9427 = VECTOR('',#9428,1.);
#9428 = DIRECTION('',(0.,0.,1.));
#9429 = ORIENTED_EDGE('',*,*,#5052,.F.);
#9430 = ORIENTED_EDGE('',*,*,#9424,.F.);
#9431 = CYLINDRICAL_SURFACE('',#9432,0.5);
#9432 = AXIS2_PLACEMENT_3D('',#9433,#9434,#9435);
#9433 = CARTESIAN_POINT('',(139.625,-56.96,-4.6E-02));
#9434 = DIRECTION('',(-0.,-0.,-1.));
#9435 = DIRECTION('',(-0.,-1.,0.));
#9436 = ADVANCED_FACE('',(#9437),#9448,.F.);
#9437 = FACE_BOUND('',#9438,.T.);
#9438 = EDGE_LOOP('',(#9439,#9440,#9446,#9447));
#9439 = ORIENTED_EDGE('',*,*,#2520,.T.);
#9440 = ORIENTED_EDGE('',*,*,#9441,.T.);
#9441 = EDGE_CURVE('',#2521,#5064,#9442,.T.);
#9442 = LINE('',#9443,#9444);
#9443 = CARTESIAN_POINT('',(144.5,-60.,-4.6E-02));
#9444 = VECTOR('',#9445,1.);
#9445 = DIRECTION('',(0.,0.,1.));
#9446 = ORIENTED_EDGE('',*,*,#5063,.F.);
#9447 = ORIENTED_EDGE('',*,*,#9441,.F.);
#9448 = CYLINDRICAL_SURFACE('',#9449,0.5);
#9449 = AXIS2_PLACEMENT_3D('',#9450,#9451,#9452);
#9450 = CARTESIAN_POINT('',(144.5,-59.5,-4.6E-02));
#9451 = DIRECTION('',(-0.,-0.,-1.));
#9452 = DIRECTION('',(-0.,-1.,0.));
#9453 = ADVANCED_FACE('',(#9454),#9465,.F.);
#9454 = FACE_BOUND('',#9455,.T.);
#9455 = EDGE_LOOP('',(#9456,#9457,#9463,#9464));
#9456 = ORIENTED_EDGE('',*,*,#2531,.T.);
#9457 = ORIENTED_EDGE('',*,*,#9458,.T.);
#9458 = EDGE_CURVE('',#2532,#5075,#9459,.T.);
#9459 = LINE('',#9460,#9461);
#9460 = CARTESIAN_POINT('',(144.5,-57.5,-4.6E-02));
#9461 = VECTOR('',#9462,1.);
#9462 = DIRECTION('',(0.,0.,1.));
#9463 = ORIENTED_EDGE('',*,*,#5074,.F.);
#9464 = ORIENTED_EDGE('',*,*,#9458,.F.);
#9465 = CYLINDRICAL_SURFACE('',#9466,0.5);
#9466 = AXIS2_PLACEMENT_3D('',#9467,#9468,#9469);
#9467 = CARTESIAN_POINT('',(144.5,-57.,-4.6E-02));
#9468 = DIRECTION('',(-0.,-0.,-1.));
#9469 = DIRECTION('',(-0.,-1.,0.));
#9470 = ADVANCED_FACE('',(#9471),#9482,.F.);
#9471 = FACE_BOUND('',#9472,.T.);
#9472 = EDGE_LOOP('',(#9473,#9474,#9480,#9481));
#9473 = ORIENTED_EDGE('',*,*,#2542,.T.);
#9474 = ORIENTED_EDGE('',*,*,#9475,.T.);
#9475 = EDGE_CURVE('',#2543,#5086,#9476,.T.);
#9476 = LINE('',#9477,#9478);
#9477 = CARTESIAN_POINT('',(139.625,-54.92,-4.6E-02));
#9478 = VECTOR('',#9479,1.);
#9479 = DIRECTION('',(0.,0.,1.));
#9480 = ORIENTED_EDGE('',*,*,#5085,.F.);
#9481 = ORIENTED_EDGE('',*,*,#9475,.F.);
#9482 = CYLINDRICAL_SURFACE('',#9483,0.5);
#9483 = AXIS2_PLACEMENT_3D('',#9484,#9485,#9486);
#9484 = CARTESIAN_POINT('',(139.625,-54.42,-4.6E-02));
#9485 = DIRECTION('',(-0.,-0.,-1.));
#9486 = DIRECTION('',(-0.,-1.,0.));
#9487 = ADVANCED_FACE('',(#9488),#9499,.F.);
#9488 = FACE_BOUND('',#9489,.T.);
#9489 = EDGE_LOOP('',(#9490,#9491,#9497,#9498));
#9490 = ORIENTED_EDGE('',*,*,#2553,.T.);
#9491 = ORIENTED_EDGE('',*,*,#9492,.T.);
#9492 = EDGE_CURVE('',#2554,#5097,#9493,.T.);
#9493 = LINE('',#9494,#9495);
#9494 = CARTESIAN_POINT('',(139.625,-52.38,-4.6E-02));
#9495 = VECTOR('',#9496,1.);
#9496 = DIRECTION('',(0.,0.,1.));
#9497 = ORIENTED_EDGE('',*,*,#5096,.F.);
#9498 = ORIENTED_EDGE('',*,*,#9492,.F.);
#9499 = CYLINDRICAL_SURFACE('',#9500,0.5);
#9500 = AXIS2_PLACEMENT_3D('',#9501,#9502,#9503);
#9501 = CARTESIAN_POINT('',(139.625,-51.88,-4.6E-02));
#9502 = DIRECTION('',(-0.,-0.,-1.));
#9503 = DIRECTION('',(-0.,-1.,0.));
#9504 = ADVANCED_FACE('',(#9505),#9516,.F.);
#9505 = FACE_BOUND('',#9506,.T.);
#9506 = EDGE_LOOP('',(#9507,#9508,#9514,#9515));
#9507 = ORIENTED_EDGE('',*,*,#2564,.T.);
#9508 = ORIENTED_EDGE('',*,*,#9509,.T.);
#9509 = EDGE_CURVE('',#2565,#5108,#9510,.T.);
#9510 = LINE('',#9511,#9512);
#9511 = CARTESIAN_POINT('',(148.38,-68.4,-4.6E-02));
#9512 = VECTOR('',#9513,1.);
#9513 = DIRECTION('',(0.,0.,1.));
#9514 = ORIENTED_EDGE('',*,*,#5107,.F.);
#9515 = ORIENTED_EDGE('',*,*,#9509,.F.);
#9516 = CYLINDRICAL_SURFACE('',#9517,0.4);
#9517 = AXIS2_PLACEMENT_3D('',#9518,#9519,#9520);
#9518 = CARTESIAN_POINT('',(148.38,-68.,-4.6E-02));
#9519 = DIRECTION('',(-0.,-0.,-1.));
#9520 = DIRECTION('',(-0.,-1.,0.));
#9521 = ADVANCED_FACE('',(#9522),#9538,.F.);
#9522 = FACE_BOUND('',#9523,.T.);
#9523 = EDGE_LOOP('',(#9524,#9525,#9531,#9532));
#9524 = ORIENTED_EDGE('',*,*,#2575,.T.);
#9525 = ORIENTED_EDGE('',*,*,#9526,.T.);
#9526 = EDGE_CURVE('',#2578,#5121,#9527,.T.);
#9527 = LINE('',#9528,#9529);
#9528 = CARTESIAN_POINT('',(152.65,-65.85,-4.6E-02));
#9529 = VECTOR('',#9530,1.);
#9530 = DIRECTION('',(0.,0.,1.));
#9531 = ORIENTED_EDGE('',*,*,#5118,.F.);
#9532 = ORIENTED_EDGE('',*,*,#9533,.F.);
#9533 = EDGE_CURVE('',#2576,#5119,#9534,.T.);
#9534 = LINE('',#9535,#9536);
#9535 = CARTESIAN_POINT('',(152.65,-64.35,-4.6E-02));
#9536 = VECTOR('',#9537,1.);
#9537 = DIRECTION('',(0.,0.,1.));
#9538 = CYLINDRICAL_SURFACE('',#9539,0.75);
#9539 = AXIS2_PLACEMENT_3D('',#9540,#9541,#9542);
#9540 = CARTESIAN_POINT('',(152.65,-65.1,-4.6E-02));
#9541 = DIRECTION('',(-0.,-0.,-1.));
#9542 = DIRECTION('',(-0.,-1.,0.));
#9543 = ADVANCED_FACE('',(#9544),#9555,.T.);
#9544 = FACE_BOUND('',#9545,.T.);
#9545 = EDGE_LOOP('',(#9546,#9547,#9548,#9549));
#9546 = ORIENTED_EDGE('',*,*,#2603,.T.);
#9547 = ORIENTED_EDGE('',*,*,#9533,.T.);
#9548 = ORIENTED_EDGE('',*,*,#5146,.F.);
#9549 = ORIENTED_EDGE('',*,*,#9550,.F.);
#9550 = EDGE_CURVE('',#2595,#5138,#9551,.T.);
#9551 = LINE('',#9552,#9553);
#9552 = CARTESIAN_POINT('',(151.35,-64.35,-4.6E-02));
#9553 = VECTOR('',#9554,1.);
#9554 = DIRECTION('',(0.,0.,1.));
#9555 = PLANE('',#9556);
#9556 = AXIS2_PLACEMENT_3D('',#9557,#9558,#9559);
#9557 = CARTESIAN_POINT('',(152.65,-64.35,-4.6E-02));
#9558 = DIRECTION('',(0.,-1.,0.));
#9559 = DIRECTION('',(-1.,0.,0.));
#9560 = ADVANCED_FACE('',(#9561),#9572,.F.);
#9561 = FACE_BOUND('',#9562,.T.);
#9562 = EDGE_LOOP('',(#9563,#9564,#9565,#9566));
#9563 = ORIENTED_EDGE('',*,*,#2594,.T.);
#9564 = ORIENTED_EDGE('',*,*,#9550,.T.);
#9565 = ORIENTED_EDGE('',*,*,#5137,.F.);
#9566 = ORIENTED_EDGE('',*,*,#9567,.F.);
#9567 = EDGE_CURVE('',#2587,#5130,#9568,.T.);
#9568 = LINE('',#9569,#9570);
#9569 = CARTESIAN_POINT('',(151.35,-65.85,-4.6E-02));
#9570 = VECTOR('',#9571,1.);
#9571 = DIRECTION('',(0.,0.,1.));
#9572 = CYLINDRICAL_SURFACE('',#9573,0.75);
#9573 = AXIS2_PLACEMENT_3D('',#9574,#9575,#9576);
#9574 = CARTESIAN_POINT('',(151.35,-65.1,-4.6E-02));
#9575 = DIRECTION('',(-0.,0.,-1.));
#9576 = DIRECTION('',(0.,1.,0.));
#9577 = ADVANCED_FACE('',(#9578),#9584,.T.);
#9578 = FACE_BOUND('',#9579,.T.);
#9579 = EDGE_LOOP('',(#9580,#9581,#9582,#9583));
#9580 = ORIENTED_EDGE('',*,*,#2586,.T.);
#9581 = ORIENTED_EDGE('',*,*,#9567,.T.);
#9582 = ORIENTED_EDGE('',*,*,#5129,.F.);
#9583 = ORIENTED_EDGE('',*,*,#9526,.F.);
#9584 = PLANE('',#9585);
#9585 = AXIS2_PLACEMENT_3D('',#9586,#9587,#9588);
#9586 = CARTESIAN_POINT('',(151.35,-65.85,-4.6E-02));
#9587 = DIRECTION('',(0.,1.,0.));
#9588 = DIRECTION('',(1.,0.,0.));
#9589 = ADVANCED_FACE('',(#9590),#9601,.F.);
#9590 = FACE_BOUND('',#9591,.T.);
#9591 = EDGE_LOOP('',(#9592,#9593,#9599,#9600));
#9592 = ORIENTED_EDGE('',*,*,#2611,.T.);
#9593 = ORIENTED_EDGE('',*,*,#9594,.T.);
#9594 = EDGE_CURVE('',#2612,#5155,#9595,.T.);
#9595 = LINE('',#9596,#9597);
#9596 = CARTESIAN_POINT('',(156.,-68.4,-4.6E-02));
#9597 = VECTOR('',#9598,1.);
#9598 = DIRECTION('',(0.,0.,1.));
#9599 = ORIENTED_EDGE('',*,*,#5154,.F.);
#9600 = ORIENTED_EDGE('',*,*,#9594,.F.);
#9601 = CYLINDRICAL_SURFACE('',#9602,0.4);
#9602 = AXIS2_PLACEMENT_3D('',#9603,#9604,#9605);
#9603 = CARTESIAN_POINT('',(156.,-68.,-4.6E-02));
#9604 = DIRECTION('',(-0.,-0.,-1.));
#9605 = DIRECTION('',(-0.,-1.,0.));
#9606 = ADVANCED_FACE('',(#9607),#9618,.F.);
#9607 = FACE_BOUND('',#9608,.T.);
#9608 = EDGE_LOOP('',(#9609,#9610,#9616,#9617));
#9609 = ORIENTED_EDGE('',*,*,#2622,.T.);
#9610 = ORIENTED_EDGE('',*,*,#9611,.T.);
#9611 = EDGE_CURVE('',#2623,#5166,#9612,.T.);
#9612 = LINE('',#9613,#9614);
#9613 = CARTESIAN_POINT('',(159.,-62.5,-4.6E-02));
#9614 = VECTOR('',#9615,1.);
#9615 = DIRECTION('',(0.,0.,1.));
#9616 = ORIENTED_EDGE('',*,*,#5165,.F.);
#9617 = ORIENTED_EDGE('',*,*,#9611,.F.);
#9618 = CYLINDRICAL_SURFACE('',#9619,0.5);
#9619 = AXIS2_PLACEMENT_3D('',#9620,#9621,#9622);
#9620 = CARTESIAN_POINT('',(159.,-62.,-4.6E-02));
#9621 = DIRECTION('',(-0.,-0.,-1.));
#9622 = DIRECTION('',(-0.,-1.,0.));
#9623 = ADVANCED_FACE('',(#9624),#9640,.F.);
#9624 = FACE_BOUND('',#9625,.T.);
#9625 = EDGE_LOOP('',(#9626,#9627,#9633,#9634));
#9626 = ORIENTED_EDGE('',*,*,#2633,.T.);
#9627 = ORIENTED_EDGE('',*,*,#9628,.T.);
#9628 = EDGE_CURVE('',#2636,#5179,#9629,.T.);
#9629 = LINE('',#9630,#9631);
#9630 = CARTESIAN_POINT('',(152.65,-54.65,-4.6E-02));
#9631 = VECTOR('',#9632,1.);
#9632 = DIRECTION('',(0.,0.,1.));
#9633 = ORIENTED_EDGE('',*,*,#5176,.F.);
#9634 = ORIENTED_EDGE('',*,*,#9635,.F.);
#9635 = EDGE_CURVE('',#2634,#5177,#9636,.T.);
#9636 = LINE('',#9637,#9638);
#9637 = CARTESIAN_POINT('',(152.65,-53.15,-4.6E-02));
#9638 = VECTOR('',#9639,1.);
#9639 = DIRECTION('',(0.,0.,1.));
#9640 = CYLINDRICAL_SURFACE('',#9641,0.75);
#9641 = AXIS2_PLACEMENT_3D('',#9642,#9643,#9644);
#9642 = CARTESIAN_POINT('',(152.65,-53.9,-4.6E-02));
#9643 = DIRECTION('',(-0.,-0.,-1.));
#9644 = DIRECTION('',(-0.,-1.,0.));
#9645 = ADVANCED_FACE('',(#9646),#9657,.T.);
#9646 = FACE_BOUND('',#9647,.T.);
#9647 = EDGE_LOOP('',(#9648,#9649,#9650,#9651));
#9648 = ORIENTED_EDGE('',*,*,#2661,.T.);
#9649 = ORIENTED_EDGE('',*,*,#9635,.T.);
#9650 = ORIENTED_EDGE('',*,*,#5204,.F.);
#9651 = ORIENTED_EDGE('',*,*,#9652,.F.);
#9652 = EDGE_CURVE('',#2653,#5196,#9653,.T.);
#9653 = LINE('',#9654,#9655);
#9654 = CARTESIAN_POINT('',(151.35,-53.15,-4.6E-02));
#9655 = VECTOR('',#9656,1.);
#9656 = DIRECTION('',(0.,0.,1.));
#9657 = PLANE('',#9658);
#9658 = AXIS2_PLACEMENT_3D('',#9659,#9660,#9661);
#9659 = CARTESIAN_POINT('',(152.65,-53.15,-4.6E-02));
#9660 = DIRECTION('',(0.,-1.,0.));
#9661 = DIRECTION('',(-1.,0.,0.));
#9662 = ADVANCED_FACE('',(#9663),#9674,.F.);
#9663 = FACE_BOUND('',#9664,.T.);
#9664 = EDGE_LOOP('',(#9665,#9666,#9667,#9668));
#9665 = ORIENTED_EDGE('',*,*,#2652,.T.);
#9666 = ORIENTED_EDGE('',*,*,#9652,.T.);
#9667 = ORIENTED_EDGE('',*,*,#5195,.F.);
#9668 = ORIENTED_EDGE('',*,*,#9669,.F.);
#9669 = EDGE_CURVE('',#2645,#5188,#9670,.T.);
#9670 = LINE('',#9671,#9672);
#9671 = CARTESIAN_POINT('',(151.35,-54.65,-4.6E-02));
#9672 = VECTOR('',#9673,1.);
#9673 = DIRECTION('',(0.,0.,1.));
#9674 = CYLINDRICAL_SURFACE('',#9675,0.75);
#9675 = AXIS2_PLACEMENT_3D('',#9676,#9677,#9678);
#9676 = CARTESIAN_POINT('',(151.35,-53.9,-4.6E-02));
#9677 = DIRECTION('',(-0.,0.,-1.));
#9678 = DIRECTION('',(0.,1.,0.));
#9679 = ADVANCED_FACE('',(#9680),#9686,.T.);
#9680 = FACE_BOUND('',#9681,.T.);
#9681 = EDGE_LOOP('',(#9682,#9683,#9684,#9685));
#9682 = ORIENTED_EDGE('',*,*,#2644,.T.);
#9683 = ORIENTED_EDGE('',*,*,#9669,.T.);
#9684 = ORIENTED_EDGE('',*,*,#5187,.F.);
#9685 = ORIENTED_EDGE('',*,*,#9628,.F.);
#9686 = PLANE('',#9687);
#9687 = AXIS2_PLACEMENT_3D('',#9688,#9689,#9690);
#9688 = CARTESIAN_POINT('',(151.35,-54.65,-4.6E-02));
#9689 = DIRECTION('',(0.,1.,0.));
#9690 = DIRECTION('',(1.,0.,0.));
#9691 = ADVANCED_FACE('',(#9692),#9703,.F.);
#9692 = FACE_BOUND('',#9693,.T.);
#9693 = EDGE_LOOP('',(#9694,#9695,#9701,#9702));
#9694 = ORIENTED_EDGE('',*,*,#2669,.T.);
#9695 = ORIENTED_EDGE('',*,*,#9696,.T.);
#9696 = EDGE_CURVE('',#2670,#5213,#9697,.T.);
#9697 = LINE('',#9698,#9699);
#9698 = CARTESIAN_POINT('',(159.,-57.5,-4.6E-02));
#9699 = VECTOR('',#9700,1.);
#9700 = DIRECTION('',(0.,0.,1.));
#9701 = ORIENTED_EDGE('',*,*,#5212,.F.);
#9702 = ORIENTED_EDGE('',*,*,#9696,.F.);
#9703 = CYLINDRICAL_SURFACE('',#9704,0.5);
#9704 = AXIS2_PLACEMENT_3D('',#9705,#9706,#9707);
#9705 = CARTESIAN_POINT('',(159.,-57.,-4.6E-02));
#9706 = DIRECTION('',(-0.,-0.,-1.));
#9707 = DIRECTION('',(-0.,-1.,0.));
#9708 = ( GEOMETRIC_REPRESENTATION_CONTEXT(3) 
GLOBAL_UNCERTAINTY_ASSIGNED_CONTEXT((#9712)) 
GLOBAL_UNIT_ASSIGNED_CONTEXT((#9709,#9710,#9711)) REPRESENTATION_CONTEXT
('Context #1','3D Context with UNIT and UNCERTAINTY') );
#9709 = ( LENGTH_UNIT() NAMED_UNIT(*) SI_UNIT(.MILLI.,.METRE.) );
#9710 = ( NAMED_UNIT(*) PLANE_ANGLE_UNIT() SI_UNIT($,.RADIAN.) );
#9711 = ( NAMED_UNIT(*) SI_UNIT($,.STERADIAN.) SOLID_ANGLE_UNIT() );
#9712 = UNCERTAINTY_MEASURE_WITH_UNIT(LENGTH_MEASURE(1.E-07),#9709,
  'distance_accuracy_value','confusion accuracy');
#9713 = CONTEXT_DEPENDENT_SHAPE_REPRESENTATION(#9714,#9716);
#9714 = ( REPRESENTATION_RELATIONSHIP('','',#32,#10) 
REPRESENTATION_RELATIONSHIP_WITH_TRANSFORMATION(#9715) 
SHAPE_REPRESENTATION_RELATIONSHIP() );
#9715 = ITEM_DEFINED_TRANSFORMATION('','',#11,#15);
#9716 = PRODUCT_DEFINITION_SHAPE('Placement','Placement of an item',
  #9717);
#9717 = NEXT_ASSEMBLY_USAGE_OCCURRENCE('1','=>[0:1:1:2]','',#5,#27,$);
#9718 = PRODUCT_RELATED_PRODUCT_CATEGORY('part',$,(#29));
#9719 = MECHANICAL_DESIGN_GEOMETRIC_PRESENTATION_REPRESENTATION('',(
    #9720),#9708);
#9720 = STYLED_ITEM('color',(#9721),#33);
#9721 = PRESENTATION_STYLE_ASSIGNMENT((#9722));
#9722 = SURFACE_STYLE_USAGE(.BOTH.,#9723);
#9723 = SURFACE_SIDE_STYLE('',(#9724));
#9724 = SURFACE_STYLE_FILL_AREA(#9725);
#9725 = FILL_AREA_STYLE('',(#9726));
#9726 = FILL_AREA_STYLE_COLOUR('',#9727);
#9727 = COLOUR_RGB('',0.313304153717,0.484529207832,0.410020903123);
ENDSEC;
END-ISO-10303-21;
